path,label,class_name,split
D:\skripsi\Dataset\lidc-idri-images-full\Malignant\1.3.6.1.4.1.14519.5.2.1.6279.6001.104577655443617884345707415897.png,1,Lung_CT,test
D:\skripsi\Dataset\lidc-idri-images-full\Normal\1.3.6.1.4.1.14519.5.2.1.6279.6001.106419850406056634877579573537.png,1,Lung_CT,test
D:\skripsi\Dataset\lidc-idri-images-full\Malignant\1.3.6.1.4.1.14519.5.2.1.6279.6001.106630482085576298661469304872.png,1,Lung_CT,test
D:\skripsi\Dataset\lidc-idri-images-full\Benign\1.3.6.1.4.1.14519.5.2.1.6279.6001.108197895896446896160048741492.png,1,Lung_CT,test
D:\skripsi\Dataset\lidc-idri-images-full\Malignant\1.3.6.1.4.1.14519.5.2.1.6279.6001.109473460036609681692304461229.png,1,Lung_CT,test
D:\skripsi\Dataset\lidc-idri-images-full\Normal\1.3.6.1.4.1.14519.5.2.1.6279.6001.110499927630654433643791451680.png,1,Lung_CT,test
D:\skripsi\Dataset\lidc-idri-images-full\Malignant\1.3.6.1.4.1.14519.5.2.1.6279.6001.110835886706944718242055570943.png,1,Lung_CT,test
D:\skripsi\Dataset\lidc-idri-images-full\Malignant\1.3.6.1.4.1.14519.5.2.1.6279.6001.111258527162678142285870245028.png,1,Lung_CT,test
D:\skripsi\Dataset\lidc-idri-images-full\Malignant\1.3.6.1.4.1.14519.5.2.1.6279.6001.113586291551175790743673929831.png,1,Lung_CT,test
D:\skripsi\Dataset\lidc-idri-images-full\Malignant\1.3.6.1.4.1.14519.5.2.1.6279.6001.114218724025049818743426522343.png,1,Lung_CT,test
D:\skripsi\Dataset\lidc-idri-images-full\Normal\1.3.6.1.4.1.14519.5.2.1.6279.6001.115231804715499122501654312443.png,1,Lung_CT,test
D:\skripsi\Dataset\lidc-idri-images-full\Malignant\1.3.6.1.4.1.14519.5.2.1.6279.6001.115689755198961598722158240121.png,1,Lung_CT,test
D:\skripsi\Dataset\lidc-idri-images-full\Normal\1.3.6.1.4.1.14519.5.2.1.6279.6001.116851598584728635491816908135.png,1,Lung_CT,test
D:\skripsi\Dataset\lidc-idri-images-full\Malignant\1.3.6.1.4.1.14519.5.2.1.6279.6001.117040183261056772902616195387.png,1,Lung_CT,test
D:\skripsi\Dataset\lidc-idri-images-full\Normal\1.3.6.1.4.1.14519.5.2.1.6279.6001.120196332569034738680965284519.png,1,Lung_CT,test
D:\skripsi\Dataset\lidc-idri-images-full\Normal\1.3.6.1.4.1.14519.5.2.1.6279.6001.121805476976020513950614465787.png,1,Lung_CT,test
D:\skripsi\Dataset\lidc-idri-images-full\Malignant\1.3.6.1.4.1.14519.5.2.1.6279.6001.123697637451437522065941162930.png,1,Lung_CT,test
D:\skripsi\Dataset\lidc-idri-images-full\Malignant\1.3.6.1.4.1.14519.5.2.1.6279.6001.128881800399702510818644205032.png,1,Lung_CT,test
D:\skripsi\Dataset\lidc-idri-images-full\Benign\1.3.6.1.4.1.14519.5.2.1.6279.6001.129567032250534530765928856531.png,1,Lung_CT,test
D:\skripsi\Dataset\lidc-idri-images-full\Normal\1.3.6.1.4.1.14519.5.2.1.6279.6001.129765089930079023616645242512.png,1,Lung_CT,test
D:\skripsi\Dataset\lidc-idri-images-full\Malignant\1.3.6.1.4.1.14519.5.2.1.6279.6001.135657246677982059395844827629.png,1,Lung_CT,test
D:\skripsi\Dataset\lidc-idri-images-full\Malignant\1.3.6.1.4.1.14519.5.2.1.6279.6001.136797553187127958824073184000.png,1,Lung_CT,test
D:\skripsi\Dataset\lidc-idri-images-full\Malignant\1.3.6.1.4.1.14519.5.2.1.6279.6001.137608928063284971968621855419.png,1,Lung_CT,test
D:\skripsi\Dataset\lidc-idri-images-full\Malignant\1.3.6.1.4.1.14519.5.2.1.6279.6001.138080888843357047811238713686.png,1,Lung_CT,test
D:\skripsi\Dataset\lidc-idri-images-full\Benign\1.3.6.1.4.1.14519.5.2.1.6279.6001.140527383975300992150799777603.png,1,Lung_CT,test
D:\skripsi\Dataset\lidc-idri-images-full\Normal\1.3.6.1.4.1.14519.5.2.1.6279.6001.141129481770767608972887619912.png,1,Lung_CT,test
D:\skripsi\Dataset\lidc-idri-images-full\Malignant\1.3.6.1.4.1.14519.5.2.1.6279.6001.141345499716190654505508410197.png,1,Lung_CT,test
D:\skripsi\Dataset\lidc-idri-images-full\Malignant\1.3.6.1.4.1.14519.5.2.1.6279.6001.145759169833745025756371695397.png,1,Lung_CT,test
D:\skripsi\Dataset\lidc-idri-images-full\Benign\1.3.6.1.4.1.14519.5.2.1.6279.6001.146603910507557786636779705509.png,1,Lung_CT,test
D:\skripsi\Dataset\lidc-idri-images-full\Benign\1.3.6.1.4.1.14519.5.2.1.6279.6001.148229375703208214308676934766.png,1,Lung_CT,test
D:\skripsi\Dataset\lidc-idri-images-full\Malignant\1.3.6.1.4.1.14519.5.2.1.6279.6001.149893110752986700464921264055.png,1,Lung_CT,test
D:\skripsi\Dataset\lidc-idri-images-full\Benign\1.3.6.1.4.1.14519.5.2.1.6279.6001.150097650621090951325113116280.png,1,Lung_CT,test
D:\skripsi\Dataset\lidc-idri-images-full\Normal\1.3.6.1.4.1.14519.5.2.1.6279.6001.152706273988004688708784163325.png,1,Lung_CT,test
D:\skripsi\Dataset\lidc-idri-images-full\Malignant\1.3.6.1.4.1.14519.5.2.1.6279.6001.153536305742006952753134773630.png,1,Lung_CT,test
D:\skripsi\Dataset\lidc-idri-images-full\Malignant\1.3.6.1.4.1.14519.5.2.1.6279.6001.154677396354641150280013275227.png,1,Lung_CT,test
D:\skripsi\Dataset\lidc-idri-images-full\Normal\1.3.6.1.4.1.14519.5.2.1.6279.6001.156821379677057223126714881626.png,1,Lung_CT,test
D:\skripsi\Dataset\lidc-idri-images-full\Malignant\1.3.6.1.4.1.14519.5.2.1.6279.6001.159996104466052855396410079250.png,1,Lung_CT,test
D:\skripsi\Dataset\lidc-idri-images-full\Benign\1.3.6.1.4.1.14519.5.2.1.6279.6001.161633200801003804714818844696.png,1,Lung_CT,test
D:\skripsi\Dataset\lidc-idri-images-full\Normal\1.3.6.1.4.1.14519.5.2.1.6279.6001.161821150841552408667852639317.png,1,Lung_CT,test
D:\skripsi\Dataset\lidc-idri-images-full\Malignant\1.3.6.1.4.1.14519.5.2.1.6279.6001.162351539386551708034407968929.png,1,Lung_CT,test
D:\skripsi\Dataset\lidc-idri-images-full\Benign\1.3.6.1.4.1.14519.5.2.1.6279.6001.162845309248822193437735868939.png,1,Lung_CT,test
D:\skripsi\Dataset\lidc-idri-images-full\Malignant\1.3.6.1.4.1.14519.5.2.1.6279.6001.163901773171373940247829492387.png,1,Lung_CT,test
D:\skripsi\Dataset\lidc-idri-images-full\Normal\1.3.6.1.4.1.14519.5.2.1.6279.6001.167500254299688235071950909530.png,1,Lung_CT,test
D:\skripsi\Dataset\lidc-idri-images-full\Malignant\1.3.6.1.4.1.14519.5.2.1.6279.6001.167661207884826429102690781600.png,1,Lung_CT,test
D:\skripsi\Dataset\lidc-idri-images-full\Malignant\1.3.6.1.4.1.14519.5.2.1.6279.6001.168042389372367513325505818854.png,1,Lung_CT,test
D:\skripsi\Dataset\lidc-idri-images-full\Benign\1.3.6.1.4.1.14519.5.2.1.6279.6001.168985655485163461062675655739.png,1,Lung_CT,test
D:\skripsi\Dataset\lidc-idri-images-full\Normal\1.3.6.1.4.1.14519.5.2.1.6279.6001.170617690240791331933414174407.png,1,Lung_CT,test
D:\skripsi\Dataset\lidc-idri-images-full\Malignant\1.3.6.1.4.1.14519.5.2.1.6279.6001.170921541362033046216100409521.png,1,Lung_CT,test
D:\skripsi\Dataset\lidc-idri-images-full\Benign\1.3.6.1.4.1.14519.5.2.1.6279.6001.171177995014336749670107905732.png,1,Lung_CT,test
D:\skripsi\Dataset\lidc-idri-images-full\Malignant\1.3.6.1.4.1.14519.5.2.1.6279.6001.172573195301625265149778785969.png,1,Lung_CT,test
D:\skripsi\Dataset\lidc-idri-images-full\Malignant\1.3.6.1.4.1.14519.5.2.1.6279.6001.174449669706458092793093760291.png,1,Lung_CT,test
D:\skripsi\Dataset\lidc-idri-images-full\Normal\1.3.6.1.4.1.14519.5.2.1.6279.6001.176338567774624792192771594127.png,1,Lung_CT,test
D:\skripsi\Dataset\lidc-idri-images-full\Benign\1.3.6.1.4.1.14519.5.2.1.6279.6001.179730018513720561213088132029.png,1,Lung_CT,test
D:\skripsi\Dataset\lidc-idri-images-full\Malignant\1.3.6.1.4.1.14519.5.2.1.6279.6001.180720061816899490466115851736.png,1,Lung_CT,test
D:\skripsi\Dataset\lidc-idri-images-full\Malignant\1.3.6.1.4.1.14519.5.2.1.6279.6001.181853805506436271908882614825.png,1,Lung_CT,test
D:\skripsi\Dataset\lidc-idri-images-full\Malignant\1.3.6.1.4.1.14519.5.2.1.6279.6001.183982839679953938397312236359.png,1,Lung_CT,test
D:\skripsi\Dataset\lidc-idri-images-full\Normal\1.3.6.1.4.1.14519.5.2.1.6279.6001.184019785706727365023450012318.png,1,Lung_CT,test
D:\skripsi\Dataset\lidc-idri-images-full\Malignant\1.3.6.1.4.1.14519.5.2.1.6279.6001.184501854685844606619543150859.png,1,Lung_CT,test
D:\skripsi\Dataset\lidc-idri-images-full\Normal\1.3.6.1.4.1.14519.5.2.1.6279.6001.185889648265247197153816875170.png,1,Lung_CT,test
D:\skripsi\Dataset\lidc-idri-images-full\Normal\1.3.6.1.4.1.14519.5.2.1.6279.6001.187709112896708878656939174714.png,1,Lung_CT,test
D:\skripsi\Dataset\lidc-idri-images-full\Malignant\1.3.6.1.4.1.14519.5.2.1.6279.6001.188059920088313909273628445208.png,1,Lung_CT,test
D:\skripsi\Dataset\lidc-idri-images-full\Malignant\1.3.6.1.4.1.14519.5.2.1.6279.6001.188376349804761988217597754952.png,1,Lung_CT,test
D:\skripsi\Dataset\lidc-idri-images-full\Normal\1.3.6.1.4.1.14519.5.2.1.6279.6001.189953990721584107360490360907.png,1,Lung_CT,test
D:\skripsi\Dataset\lidc-idri-images-full\Normal\1.3.6.1.4.1.14519.5.2.1.6279.6001.191301539558980174217770205256.png,1,Lung_CT,test
D:\skripsi\Dataset\lidc-idri-images-full\Malignant\1.3.6.1.4.1.14519.5.2.1.6279.6001.195557219224169985110295082004.png,1,Lung_CT,test
D:\skripsi\Dataset\lidc-idri-images-full\Benign\1.3.6.1.4.1.14519.5.2.1.6279.6001.197063290812663596858124411210.png,1,Lung_CT,test
D:\skripsi\Dataset\lidc-idri-images-full\Malignant\1.3.6.1.4.1.14519.5.2.1.6279.6001.198149078880745206369251646769.png,1,Lung_CT,test
D:\skripsi\Dataset\lidc-idri-images-full\Benign\1.3.6.1.4.1.14519.5.2.1.6279.6001.199171741859530285887752432478.png,1,Lung_CT,test
D:\skripsi\Dataset\lidc-idri-images-full\Normal\1.3.6.1.4.1.14519.5.2.1.6279.6001.199916291608127150948127902598.png,1,Lung_CT,test
D:\skripsi\Dataset\lidc-idri-images-full\Malignant\1.3.6.1.4.1.14519.5.2.1.6279.6001.200725988589959521302320481687.png,1,Lung_CT,test
D:\skripsi\Dataset\lidc-idri-images-full\Normal\1.3.6.1.4.1.14519.5.2.1.6279.6001.203741923654363010377298352671.png,1,Lung_CT,test
D:\skripsi\Dataset\lidc-idri-images-full\Malignant\1.3.6.1.4.1.14519.5.2.1.6279.6001.204566802718283633558802774757.png,1,Lung_CT,test
D:\skripsi\Dataset\lidc-idri-images-full\Malignant\1.3.6.1.4.1.14519.5.2.1.6279.6001.206277602713463607135758618924.png,1,Lung_CT,test
D:\skripsi\Dataset\lidc-idri-images-full\Malignant\1.3.6.1.4.1.14519.5.2.1.6279.6001.208737629504245244513001631764.png,1,Lung_CT,test
D:\skripsi\Dataset\lidc-idri-images-full\Benign\1.3.6.1.4.1.14519.5.2.1.6279.6001.211726530738854368916838461373.png,1,Lung_CT,test
D:\skripsi\Dataset\lidc-idri-images-full\Benign\1.3.6.1.4.1.14519.5.2.1.6279.6001.213022585153512920098588556742.png,1,Lung_CT,test
D:\skripsi\Dataset\lidc-idri-images-full\Normal\1.3.6.1.4.1.14519.5.2.1.6279.6001.215086589927307766627151367533.png,1,Lung_CT,test
D:\skripsi\Dataset\lidc-idri-images-full\Normal\1.3.6.1.4.1.14519.5.2.1.6279.6001.215359817240204199881139923285.png,1,Lung_CT,test
D:\skripsi\Dataset\lidc-idri-images-full\Benign\1.3.6.1.4.1.14519.5.2.1.6279.6001.216652640878960522552873394709.png,1,Lung_CT,test
D:\skripsi\Dataset\lidc-idri-images-full\Malignant\1.3.6.1.4.1.14519.5.2.1.6279.6001.219909753224298157409438012179.png,1,Lung_CT,test
D:\skripsi\Dataset\lidc-idri-images-full\Normal\1.3.6.1.4.1.14519.5.2.1.6279.6001.221945191226273284587353530424.png,1,Lung_CT,test
D:\skripsi\Dataset\lidc-idri-images-full\Malignant\1.3.6.1.4.1.14519.5.2.1.6279.6001.226152078193253087875725735761.png,1,Lung_CT,test
D:\skripsi\Dataset\lidc-idri-images-full\Malignant\1.3.6.1.4.1.14519.5.2.1.6279.6001.232058316950007760548968840196.png,1,Lung_CT,test
D:\skripsi\Dataset\lidc-idri-images-full\Normal\1.3.6.1.4.1.14519.5.2.1.6279.6001.233348411434728358708345136856.png,1,Lung_CT,test
D:\skripsi\Dataset\lidc-idri-images-full\Benign\1.3.6.1.4.1.14519.5.2.1.6279.6001.233652865358649579816568545171.png,1,Lung_CT,test
D:\skripsi\Dataset\lidc-idri-images-full\Malignant\1.3.6.1.4.1.14519.5.2.1.6279.6001.236452051640243530449001532111.png,1,Lung_CT,test
D:\skripsi\Dataset\lidc-idri-images-full\Malignant\1.3.6.1.4.1.14519.5.2.1.6279.6001.238522526736091851696274044574.png,1,Lung_CT,test
D:\skripsi\Dataset\lidc-idri-images-full\Malignant\1.3.6.1.4.1.14519.5.2.1.6279.6001.238855414831158993232534884296.png,1,Lung_CT,test
D:\skripsi\Dataset\lidc-idri-images-full\Benign\1.3.6.1.4.1.14519.5.2.1.6279.6001.238987641228384263774231039058.png,1,Lung_CT,test
D:\skripsi\Dataset\lidc-idri-images-full\Malignant\1.3.6.1.4.1.14519.5.2.1.6279.6001.239451150743822952667769822351.png,1,Lung_CT,test
D:\skripsi\Dataset\lidc-idri-images-full\Normal\1.3.6.1.4.1.14519.5.2.1.6279.6001.239674109849255565060219893281.png,1,Lung_CT,test
D:\skripsi\Dataset\lidc-idri-images-full\Benign\1.3.6.1.4.1.14519.5.2.1.6279.6001.240282537530757534746798814586.png,1,Lung_CT,test
D:\skripsi\Dataset\lidc-idri-images-full\Malignant\1.3.6.1.4.1.14519.5.2.1.6279.6001.240969450540588211676803094518.png,1,Lung_CT,test
D:\skripsi\Dataset\lidc-idri-images-full\Normal\1.3.6.1.4.1.14519.5.2.1.6279.6001.244438805420641221879751406199.png,1,Lung_CT,test
D:\skripsi\Dataset\lidc-idri-images-full\Benign\1.3.6.1.4.1.14519.5.2.1.6279.6001.250481236093201801255751845296.png,1,Lung_CT,test
D:\skripsi\Dataset\lidc-idri-images-full\Normal\1.3.6.1.4.1.14519.5.2.1.6279.6001.253283426904813468115158375647.png,1,Lung_CT,test
D:\skripsi\Dataset\lidc-idri-images-full\Benign\1.3.6.1.4.1.14519.5.2.1.6279.6001.253414946533085777828778973420.png,1,Lung_CT,test
D:\skripsi\Dataset\lidc-idri-images-full\Malignant\1.3.6.1.4.1.14519.5.2.1.6279.6001.254138388912084634057282064266.png,1,Lung_CT,test
D:\skripsi\Dataset\lidc-idri-images-full\Malignant\1.3.6.1.4.1.14519.5.2.1.6279.6001.258063830035095530590787548770.png,1,Lung_CT,test
D:\skripsi\Dataset\lidc-idri-images-full\Benign\1.3.6.1.4.1.14519.5.2.1.6279.6001.266485463235825902797310439568.png,1,Lung_CT,test
D:\skripsi\Dataset\lidc-idri-images-full\Benign\1.3.6.1.4.1.14519.5.2.1.6279.6001.267061212967701129351912629940.png,1,Lung_CT,test
D:\skripsi\Dataset\lidc-idri-images-full\Malignant\1.3.6.1.4.1.14519.5.2.1.6279.6001.270152671889301412052226973069.png,1,Lung_CT,test
D:\skripsi\Dataset\lidc-idri-images-full\Malignant\1.3.6.1.4.1.14519.5.2.1.6279.6001.271181474656996637903928248007.png,1,Lung_CT,test
D:\skripsi\Dataset\lidc-idri-images-full\Malignant\1.3.6.1.4.1.14519.5.2.1.6279.6001.272343160521796269119503632549.png,1,Lung_CT,test
D:\skripsi\Dataset\lidc-idri-images-full\Malignant\1.3.6.1.4.1.14519.5.2.1.6279.6001.273509906901630724765262021367.png,1,Lung_CT,test
D:\skripsi\Dataset\lidc-idri-images-full\Normal\1.3.6.1.4.1.14519.5.2.1.6279.6001.274231544628870369798516818358.png,1,Lung_CT,test
D:\skripsi\Dataset\lidc-idri-images-full\Benign\1.3.6.1.4.1.14519.5.2.1.6279.6001.275766318636944297772360944907.png,1,Lung_CT,test
D:\skripsi\Dataset\lidc-idri-images-full\Malignant\1.3.6.1.4.1.14519.5.2.1.6279.6001.276739961603946441116057858952.png,1,Lung_CT,test
D:\skripsi\Dataset\lidc-idri-images-full\Benign\1.3.6.1.4.1.14519.5.2.1.6279.6001.279953669991076107785464313394.png,1,Lung_CT,test
D:\skripsi\Dataset\lidc-idri-images-full\Malignant\1.3.6.1.4.1.14519.5.2.1.6279.6001.280125803152924778388346920341.png,1,Lung_CT,test
D:\skripsi\Dataset\lidc-idri-images-full\Normal\1.3.6.1.4.1.14519.5.2.1.6279.6001.280972147860943609388015648430.png,1,Lung_CT,test
D:\skripsi\Dataset\lidc-idri-images-full\Malignant\1.3.6.1.4.1.14519.5.2.1.6279.6001.282512043257574309474415322775.png,1,Lung_CT,test
D:\skripsi\Dataset\lidc-idri-images-full\Normal\1.3.6.1.4.1.14519.5.2.1.6279.6001.283642242112058214238811253260.png,1,Lung_CT,test
D:\skripsi\Dataset\lidc-idri-images-full\Normal\1.3.6.1.4.1.14519.5.2.1.6279.6001.283878926524838648426928238498.png,1,Lung_CT,test
D:\skripsi\Dataset\lidc-idri-images-full\Benign\1.3.6.1.4.1.14519.5.2.1.6279.6001.285926554490515269336267972830.png,1,Lung_CT,test
D:\skripsi\Dataset\lidc-idri-images-full\Malignant\1.3.6.1.4.1.14519.5.2.1.6279.6001.286941372064072472857736534849.png,1,Lung_CT,test
D:\skripsi\Dataset\lidc-idri-images-full\Malignant\1.3.6.1.4.1.14519.5.2.1.6279.6001.287560874054243719452635194040.png,1,Lung_CT,test
D:\skripsi\Dataset\lidc-idri-images-full\Malignant\1.3.6.1.4.1.14519.5.2.1.6279.6001.287966244644280690737019247886.png,1,Lung_CT,test
D:\skripsi\Dataset\lidc-idri-images-full\Normal\1.3.6.1.4.1.14519.5.2.1.6279.6001.289978760565733558032215304395.png,1,Lung_CT,test
D:\skripsi\Dataset\lidc-idri-images-full\Malignant\1.3.6.1.4.1.14519.5.2.1.6279.6001.292057261351416339496913597985.png,1,Lung_CT,test
D:\skripsi\Dataset\lidc-idri-images-full\Malignant\1.3.6.1.4.1.14519.5.2.1.6279.6001.292858817456820442575368728516.png,1,Lung_CT,test
D:\skripsi\Dataset\lidc-idri-images-full\Normal\1.3.6.1.4.1.14519.5.2.1.6279.6001.293748108418182005187634428044.png,1,Lung_CT,test
D:\skripsi\Dataset\lidc-idri-images-full\Malignant\1.3.6.1.4.1.14519.5.2.1.6279.6001.294188507421106424248264912111.png,1,Lung_CT,test
D:\skripsi\Dataset\lidc-idri-images-full\Malignant\1.3.6.1.4.1.14519.5.2.1.6279.6001.295420274214095686326263147663.png,1,Lung_CT,test
D:\skripsi\Dataset\lidc-idri-images-full\Benign\1.3.6.1.4.1.14519.5.2.1.6279.6001.299767339686526858593516834230.png,1,Lung_CT,test
D:\skripsi\Dataset\lidc-idri-images-full\Malignant\1.3.6.1.4.1.14519.5.2.1.6279.6001.302403227435841351528721627052.png,1,Lung_CT,test
D:\skripsi\Dataset\lidc-idri-images-full\Normal\1.3.6.1.4.1.14519.5.2.1.6279.6001.304628278278948764276855604043.png,1,Lung_CT,test
D:\skripsi\Dataset\lidc-idri-images-full\Normal\1.3.6.1.4.1.14519.5.2.1.6279.6001.306112617218006614029386065035.png,1,Lung_CT,test
D:\skripsi\Dataset\lidc-idri-images-full\Malignant\1.3.6.1.4.1.14519.5.2.1.6279.6001.306545063519250076944974644547.png,1,Lung_CT,test
D:\skripsi\Dataset\lidc-idri-images-full\Malignant\1.3.6.1.4.1.14519.5.2.1.6279.6001.309901913847714156367981722205.png,1,Lung_CT,test
D:\skripsi\Dataset\lidc-idri-images-full\Malignant\1.3.6.1.4.1.14519.5.2.1.6279.6001.310395752124284049604069960014.png,1,Lung_CT,test
D:\skripsi\Dataset\lidc-idri-images-full\Malignant\1.3.6.1.4.1.14519.5.2.1.6279.6001.311102747717834916358933873912.png,1,Lung_CT,test
D:\skripsi\Dataset\lidc-idri-images-full\Malignant\1.3.6.1.4.1.14519.5.2.1.6279.6001.311981398931043315779172047718.png,1,Lung_CT,test
D:\skripsi\Dataset\lidc-idri-images-full\Malignant\1.3.6.1.4.1.14519.5.2.1.6279.6001.313283554967554803238484128406.png,1,Lung_CT,test
D:\skripsi\Dataset\lidc-idri-images-full\Benign\1.3.6.1.4.1.14519.5.2.1.6279.6001.313605260055394498989743099991.png,1,Lung_CT,test
D:\skripsi\Dataset\lidc-idri-images-full\Benign\1.3.6.1.4.1.14519.5.2.1.6279.6001.313683718840700224414223339444.png,1,Lung_CT,test
D:\skripsi\Dataset\lidc-idri-images-full\Malignant\1.3.6.1.4.1.14519.5.2.1.6279.6001.314117425218552937497323639565.png,1,Lung_CT,test
D:\skripsi\Dataset\lidc-idri-images-full\Normal\1.3.6.1.4.1.14519.5.2.1.6279.6001.314519596680450457855054746285.png,1,Lung_CT,test
D:\skripsi\Dataset\lidc-idri-images-full\Benign\1.3.6.1.4.1.14519.5.2.1.6279.6001.314917368146772872954571551463.png,1,Lung_CT,test
D:\skripsi\Dataset\lidc-idri-images-full\Benign\1.3.6.1.4.1.14519.5.2.1.6279.6001.315187221221054114974341475212.png,1,Lung_CT,test
D:\skripsi\Dataset\lidc-idri-images-full\Benign\1.3.6.1.4.1.14519.5.2.1.6279.6001.316393351033132458296975008261.png,1,Lung_CT,test
D:\skripsi\Dataset\lidc-idri-images-full\Malignant\1.3.6.1.4.1.14519.5.2.1.6279.6001.316900421002460665752357657094.png,1,Lung_CT,test
D:\skripsi\Dataset\lidc-idri-images-full\Malignant\1.3.6.1.4.1.14519.5.2.1.6279.6001.316911475886263032009840828684.png,1,Lung_CT,test
D:\skripsi\Dataset\lidc-idri-images-full\Malignant\1.3.6.1.4.1.14519.5.2.1.6279.6001.319066480138812986026181758474.png,1,Lung_CT,test
D:\skripsi\Dataset\lidc-idri-images-full\Malignant\1.3.6.1.4.1.14519.5.2.1.6279.6001.323753921818102744511069914832.png,1,Lung_CT,test
D:\skripsi\Dataset\lidc-idri-images-full\Benign\1.3.6.1.4.1.14519.5.2.1.6279.6001.326458819737931581200925000717.png,1,Lung_CT,test
D:\skripsi\Dataset\lidc-idri-images-full\Normal\1.3.6.1.4.1.14519.5.2.1.6279.6001.326499817672333170159414276030.png,1,Lung_CT,test
D:\skripsi\Dataset\lidc-idri-images-full\Normal\1.3.6.1.4.1.14519.5.2.1.6279.6001.326853837126361167310734933887.png,1,Lung_CT,test
D:\skripsi\Dataset\lidc-idri-images-full\Normal\1.3.6.1.4.1.14519.5.2.1.6279.6001.328911821208757318767256607933.png,1,Lung_CT,test
D:\skripsi\Dataset\lidc-idri-images-full\Malignant\1.3.6.1.4.1.14519.5.2.1.6279.6001.329404588567903628160652715124.png,1,Lung_CT,test
D:\skripsi\Dataset\lidc-idri-images-full\Normal\1.3.6.1.4.1.14519.5.2.1.6279.6001.330361562313025994674404156967.png,1,Lung_CT,test
D:\skripsi\Dataset\lidc-idri-images-full\Normal\1.3.6.1.4.1.14519.5.2.1.6279.6001.339484970190920330170416228517.png,1,Lung_CT,test
D:\skripsi\Dataset\lidc-idri-images-full\Benign\1.3.6.1.4.1.14519.5.2.1.6279.6001.362762275895885013176610377950.png,1,Lung_CT,test
D:\skripsi\Dataset\lidc-idri-images-full\Normal\1.3.6.1.4.1.14519.5.2.1.6279.6001.373433682859788429397781158572.png,1,Lung_CT,test
D:\skripsi\Dataset\lidc-idri-images-full\Normal\1.3.6.1.4.1.14519.5.2.1.6279.6001.382981348891573094702726085023.png,1,Lung_CT,test
D:\skripsi\Dataset\lidc-idri-images-full\Benign\1.3.6.1.4.1.14519.5.2.1.6279.6001.400871509992541458184881866614.png,1,Lung_CT,test
D:\skripsi\Dataset\lidc-idri-images-full\Benign\1.3.6.1.4.1.14519.5.2.1.6279.6001.404457313935200882843898832756.png,1,Lung_CT,test
D:\skripsi\Dataset\lidc-idri-images-full\Malignant\1.3.6.1.4.1.14519.5.2.1.6279.6001.438308540025607517017949816111.png,1,Lung_CT,test
D:\skripsi\Dataset\lidc-idri-images-full\Normal\1.3.6.1.4.1.14519.5.2.1.6279.6001.439691798964142131112451608863.png,1,Lung_CT,test
D:\skripsi\Dataset\lidc-idri-images-full\Benign\1.3.6.1.4.1.14519.5.2.1.6279.6001.450501966058662668272378865145.png,1,Lung_CT,test
D:\skripsi\Dataset\lidc-idri-images-full\Normal\1.3.6.1.4.1.14519.5.2.1.6279.6001.458981936748868490430251855516.png,1,Lung_CT,test
D:\skripsi\Dataset\lidc-idri-images-full\Normal\1.3.6.1.4.1.14519.5.2.1.6279.6001.470292730336794047533639542076.png,1,Lung_CT,test
D:\skripsi\Dataset\lidc-idri-images-full\Malignant\1.3.6.1.4.1.14519.5.2.1.6279.6001.478062284228419671253422844986.png,1,Lung_CT,test
D:\skripsi\Dataset\lidc-idri-images-full\Malignant\1.3.6.1.4.1.14519.5.2.1.6279.6001.481278873893653517789960724156.png,1,Lung_CT,test
D:\skripsi\Dataset\lidc-idri-images-full\Normal\1.3.6.1.4.1.14519.5.2.1.6279.6001.490902761515721886660494273864.png,1,Lung_CT,test
D:\skripsi\Dataset\lidc-idri-images-full\Normal\1.3.6.1.4.1.14519.5.2.1.6279.6001.503106584587572008934827316250.png,1,Lung_CT,test
D:\skripsi\Dataset\lidc-idri-images-full\Malignant\1.3.6.1.4.1.14519.5.2.1.6279.6001.534083630500464995109143618896.png,1,Lung_CT,test
D:\skripsi\Dataset\lidc-idri-images-full\Normal\1.3.6.1.4.1.14519.5.2.1.6279.6001.544645010875588840814748352505.png,1,Lung_CT,test
D:\skripsi\Dataset\lidc-idri-images-full\Malignant\1.3.6.1.4.1.14519.5.2.1.6279.6001.622243923620914676263059698181.png,1,Lung_CT,test
D:\skripsi\Dataset\lidc-idri-images-full\Benign\1.3.6.1.4.1.14519.5.2.1.6279.6001.631047517458234322522264161877.png,1,Lung_CT,test
D:\skripsi\Dataset\lidc-idri-images-full\Benign\1.3.6.1.4.1.14519.5.2.1.6279.6001.640729228179368154416184318668.png,1,Lung_CT,test
D:\skripsi\Dataset\lidc-idri-images-full\Benign\1.3.6.1.4.1.14519.5.2.1.6279.6001.657576366889817287631254521882.png,1,Lung_CT,test
D:\skripsi\Dataset\lidc-idri-images-full\Malignant\1.3.6.1.4.1.14519.5.2.1.6279.6001.658611160253017715059194304729.png,1,Lung_CT,test
D:\skripsi\Dataset\lidc-idri-images-full\Benign\1.3.6.1.4.1.14519.5.2.1.6279.6001.669518152156802508672627785405.png,1,Lung_CT,test
D:\skripsi\Dataset\lidc-idri-images-full\Normal\1.3.6.1.4.1.14519.5.2.1.6279.6001.707218743153927597786179232739.png,1,Lung_CT,test
D:\skripsi\Dataset\lidc-idri-images-full\Malignant\1.3.6.1.4.1.14519.5.2.1.6279.6001.725023183844147505748475581290.png,1,Lung_CT,test
D:\skripsi\Dataset\lidc-idri-images-full\Malignant\1.3.6.1.4.1.14519.5.2.1.6279.6001.756684168227383088294595834066.png,1,Lung_CT,test
D:\skripsi\Dataset\lidc-idri-images-full\Normal\1.3.6.1.4.1.14519.5.2.1.6279.6001.765751307221453066333254188013.png,1,Lung_CT,test
D:\skripsi\Dataset\lidc-idri-images-full\Benign\1.3.6.1.4.1.14519.5.2.1.6279.6001.766881513533845439335142582269.png,1,Lung_CT,test
D:\skripsi\Dataset\lidc-idri-images-full\Benign\1.3.6.1.4.1.14519.5.2.1.6279.6001.837810280808122125183730411210.png,1,Lung_CT,test
D:\skripsi\Dataset\lidc-idri-images-full\Normal\1.3.6.1.4.1.14519.5.2.1.6279.6001.885292267869246639232975687131.png,1,Lung_CT,test
D:\skripsi\Dataset\lidc-idri-images-full\Normal\1.3.6.1.4.1.14519.5.2.1.6279.6001.897161587681142256575045076919.png,1,Lung_CT,test
D:\skripsi\Dataset\lidc-idri-images-full\Malignant\1.3.6.1.4.1.14519.5.2.1.6279.6001.897684031374557757145405000951.png,1,Lung_CT,test
D:\skripsi\Dataset\lidc-idri-images-full\Normal\1.3.6.1.4.1.14519.5.2.1.6279.6001.910757789941076242457816491305.png,1,Lung_CT,test
D:\skripsi\Dataset\lidc-idri-images-full\Normal\1.3.6.1.4.1.14519.5.2.1.6279.6001.920930696356287056377683209311.png,1,Lung_CT,test
D:\skripsi\Dataset\lidc-idri-images-full\Malignant\1.3.6.1.4.1.14519.5.2.1.6279.6001.922852847124879997825997808179.png,1,Lung_CT,test
D:\skripsi\Dataset\lidc-idri-images-full\Malignant\1.3.6.1.4.1.14519.5.2.1.6279.6001.935683764293840351008008793409.png,1,Lung_CT,test
D:\skripsi\Dataset\lidc-idri-images-full\Malignant\1.3.6.1.4.1.14519.5.2.1.6279.6001.997611074084993415992563148335.png,1,Lung_CT,test
D:\skripsi\Dataset\lidc-idri-images-full\Normal\1.3.6.1.4.1.14519.5.2.1.6279.6001.186489439482736342984904886237.png,1,Lung_CT,train
D:\skripsi\Dataset\lidc-idri-images-full\Normal\1.3.6.1.4.1.14519.5.2.1.6279.6001.154145395981214039394434950814.png,1,Lung_CT,train
D:\skripsi\Dataset\lidc-idri-images-full\Benign\1.3.6.1.4.1.14519.5.2.1.6279.6001.286061375572911414226912429210.png,1,Lung_CT,train
D:\skripsi\Dataset\lidc-idri-images-full\Normal\1.3.6.1.4.1.14519.5.2.1.6279.6001.311236942972970815890902714604.png,1,Lung_CT,train
D:\skripsi\Dataset\lidc-idri-images-full\Normal\1.3.6.1.4.1.14519.5.2.1.6279.6001.229664630348267553620068691756.png,1,Lung_CT,train
D:\skripsi\Dataset\lidc-idri-images-full\Normal\1.3.6.1.4.1.14519.5.2.1.6279.6001.128670737257572624231987463200.png,1,Lung_CT,train
D:\skripsi\Dataset\lidc-idri-images-full\Normal\1.3.6.1.4.1.14519.5.2.1.6279.6001.197354026599897236611380976729.png,1,Lung_CT,train
D:\skripsi\Dataset\lidc-idri-images-full\Malignant\1.3.6.1.4.1.14519.5.2.1.6279.6001.314836406260772370397541392345.png,1,Lung_CT,train
D:\skripsi\Dataset\lidc-idri-images-full\Benign\1.3.6.1.4.1.14519.5.2.1.6279.6001.212346425055214308006918165305.png,1,Lung_CT,train
D:\skripsi\Dataset\lidc-idri-images-full\Normal\1.3.6.1.4.1.14519.5.2.1.6279.6001.210158546488731399296247515744.png,1,Lung_CT,train
D:\skripsi\Dataset\lidc-idri-images-full\Malignant\1.3.6.1.4.1.14519.5.2.1.6279.6001.207544473852086582434957174616.png,1,Lung_CT,train
D:\skripsi\Dataset\lidc-idri-images-full\Malignant\1.3.6.1.4.1.14519.5.2.1.6279.6001.826829446346820089862659555750.png,1,Lung_CT,train
D:\skripsi\Dataset\lidc-idri-images-full\Malignant\1.3.6.1.4.1.14519.5.2.1.6279.6001.303494235102183795724852353824.png,1,Lung_CT,train
D:\skripsi\Dataset\lidc-idri-images-full\Benign\1.3.6.1.4.1.14519.5.2.1.6279.6001.200513183558872708878454294671.png,1,Lung_CT,train
D:\skripsi\Dataset\lidc-idri-images-full\Malignant\1.3.6.1.4.1.14519.5.2.1.6279.6001.955688628308192728558382581802.png,1,Lung_CT,train
D:\skripsi\Dataset\lidc-idri-images-full\Malignant\1.3.6.1.4.1.14519.5.2.1.6279.6001.299476369290630280560355838785.png,1,Lung_CT,train
D:\skripsi\Dataset\lidc-idri-images-full\Malignant\1.3.6.1.4.1.14519.5.2.1.6279.6001.269075535958871753309238331179.png,1,Lung_CT,train
D:\skripsi\Dataset\lidc-idri-images-full\Malignant\1.3.6.1.4.1.14519.5.2.1.6279.6001.317613170669207528926259976488.png,1,Lung_CT,train
D:\skripsi\Dataset\lidc-idri-images-full\Benign\1.3.6.1.4.1.14519.5.2.1.6279.6001.334105754605642100456249422350.png,1,Lung_CT,train
D:\skripsi\Dataset\lidc-idri-images-full\Normal\1.3.6.1.4.1.14519.5.2.1.6279.6001.199132715934307638233573266716.png,1,Lung_CT,train
D:\skripsi\Dataset\lidc-idri-images-full\Normal\1.3.6.1.4.1.14519.5.2.1.6279.6001.171746662789400475948511322868.png,1,Lung_CT,train
D:\skripsi\Dataset\lidc-idri-images-full\Normal\1.3.6.1.4.1.14519.5.2.1.6279.6001.833873398719850718465533013937.png,1,Lung_CT,train
D:\skripsi\Dataset\lidc-idri-images-full\Malignant\1.3.6.1.4.1.14519.5.2.1.6279.6001.177086402277715068525592995222.png,1,Lung_CT,train
D:\skripsi\Dataset\lidc-idri-images-full\Benign\1.3.6.1.4.1.14519.5.2.1.6279.6001.277445975068759205899107114231.png,1,Lung_CT,train
D:\skripsi\Dataset\lidc-idri-images-full\Malignant\1.3.6.1.4.1.14519.5.2.1.6279.6001.272344603176687884771013620823.png,1,Lung_CT,train
D:\skripsi\Dataset\lidc-idri-images-full\Benign\1.3.6.1.4.1.14519.5.2.1.6279.6001.261700367741314729940340271960.png,1,Lung_CT,train
D:\skripsi\Dataset\lidc-idri-images-full\Malignant\1.3.6.1.4.1.14519.5.2.1.6279.6001.946129570505893110165820050204.png,1,Lung_CT,train
D:\skripsi\Dataset\lidc-idri-images-full\Normal\1.3.6.1.4.1.14519.5.2.1.6279.6001.134638281277099121660656324702.png,1,Lung_CT,train
D:\skripsi\Dataset\lidc-idri-images-full\Normal\1.3.6.1.4.1.14519.5.2.1.6279.6001.200516963999933079507233991923.png,1,Lung_CT,train
D:\skripsi\Dataset\lidc-idri-images-full\Malignant\1.3.6.1.4.1.14519.5.2.1.6279.6001.208511362832825683639135205368.png,1,Lung_CT,train
D:\skripsi\Dataset\lidc-idri-images-full\Malignant\1.3.6.1.4.1.14519.5.2.1.6279.6001.675543413149938600000570588203.png,1,Lung_CT,train
D:\skripsi\Dataset\lidc-idri-images-full\Normal\1.3.6.1.4.1.14519.5.2.1.6279.6001.277903334736533158779494855081.png,1,Lung_CT,train
D:\skripsi\Dataset\lidc-idri-images-full\Benign\1.3.6.1.4.1.14519.5.2.1.6279.6001.174168737938619557573021395302.png,1,Lung_CT,train
D:\skripsi\Dataset\lidc-idri-images-full\Malignant\1.3.6.1.4.1.14519.5.2.1.6279.6001.194632613233275988184244485809.png,1,Lung_CT,train
D:\skripsi\Dataset\lidc-idri-images-full\Benign\1.3.6.1.4.1.14519.5.2.1.6279.6001.129007566048223160327836686225.png,1,Lung_CT,train
D:\skripsi\Dataset\lidc-idri-images-full\Benign\1.3.6.1.4.1.14519.5.2.1.6279.6001.664989286137882319237192185951.png,1,Lung_CT,train
D:\skripsi\Dataset\lidc-idri-images-full\Normal\1.3.6.1.4.1.14519.5.2.1.6279.6001.309844049964231639433168700227.png,1,Lung_CT,train
D:\skripsi\Dataset\lidc-idri-images-full\Malignant\1.3.6.1.4.1.14519.5.2.1.6279.6001.458525794434429386945463560826.png,1,Lung_CT,train
D:\skripsi\Dataset\lidc-idri-images-full\Benign\1.3.6.1.4.1.14519.5.2.1.6279.6001.145580766024236783540879444879.png,1,Lung_CT,train
D:\skripsi\Dataset\lidc-idri-images-full\Benign\1.3.6.1.4.1.14519.5.2.1.6279.6001.614147706162329660656328811671.png,1,Lung_CT,train
D:\skripsi\Dataset\lidc-idri-images-full\Normal\1.3.6.1.4.1.14519.5.2.1.6279.6001.657775098760536289051744981056.png,1,Lung_CT,train
D:\skripsi\Dataset\lidc-idri-images-full\Normal\1.3.6.1.4.1.14519.5.2.1.6279.6001.220205300714852483483213840572.png,1,Lung_CT,train
D:\skripsi\Dataset\lidc-idri-images-full\Normal\1.3.6.1.4.1.14519.5.2.1.6279.6001.125641282114031333921855664282.png,1,Lung_CT,train
D:\skripsi\Dataset\lidc-idri-images-full\Normal\1.3.6.1.4.1.14519.5.2.1.6279.6001.263985023391845566896306128325.png,1,Lung_CT,train
D:\skripsi\Dataset\lidc-idri-images-full\Malignant\1.3.6.1.4.1.14519.5.2.1.6279.6001.625270601160880745954773142570.png,1,Lung_CT,train
D:\skripsi\Dataset\lidc-idri-images-full\Malignant\1.3.6.1.4.1.14519.5.2.1.6279.6001.793644252453691436883431768064.png,1,Lung_CT,train
D:\skripsi\Dataset\lidc-idri-images-full\Malignant\1.3.6.1.4.1.14519.5.2.1.6279.6001.792381786708289670758399079830.png,1,Lung_CT,train
D:\skripsi\Dataset\lidc-idri-images-full\Benign\1.3.6.1.4.1.14519.5.2.1.6279.6001.204287915902811325371247860532.png,1,Lung_CT,train
D:\skripsi\Dataset\lidc-idri-images-full\Benign\1.3.6.1.4.1.14519.5.2.1.6279.6001.177785764461425908755977367558.png,1,Lung_CT,train
D:\skripsi\Dataset\lidc-idri-images-full\Malignant\1.3.6.1.4.1.14519.5.2.1.6279.6001.333145094436144085379032922488.png,1,Lung_CT,train
D:\skripsi\Dataset\lidc-idri-images-full\Malignant\1.3.6.1.4.1.14519.5.2.1.6279.6001.120301525825493211649827266081.png,1,Lung_CT,train
D:\skripsi\Dataset\lidc-idri-images-full\Malignant\1.3.6.1.4.1.14519.5.2.1.6279.6001.716498695101447665580610403574.png,1,Lung_CT,train
D:\skripsi\Dataset\lidc-idri-images-full\Malignant\1.3.6.1.4.1.14519.5.2.1.6279.6001.750792629100457382099842515038.png,1,Lung_CT,train
D:\skripsi\Dataset\lidc-idri-images-full\Malignant\1.3.6.1.4.1.14519.5.2.1.6279.6001.213262690132344539993794081003.png,1,Lung_CT,train
D:\skripsi\Dataset\lidc-idri-images-full\Normal\1.3.6.1.4.1.14519.5.2.1.6279.6001.306140003699110313373771452136.png,1,Lung_CT,train
D:\skripsi\Dataset\lidc-idri-images-full\Malignant\1.3.6.1.4.1.14519.5.2.1.6279.6001.975254950136384517744116790879.png,1,Lung_CT,train
D:\skripsi\Dataset\lidc-idri-images-full\Malignant\1.3.6.1.4.1.14519.5.2.1.6279.6001.241083615484551649610616348856.png,1,Lung_CT,train
D:\skripsi\Dataset\lidc-idri-images-full\Malignant\1.3.6.1.4.1.14519.5.2.1.6279.6001.172825520248158858306095280579.png,1,Lung_CT,train
D:\skripsi\Dataset\lidc-idri-images-full\Malignant\1.3.6.1.4.1.14519.5.2.1.6279.6001.112740418331256326754121315800.png,1,Lung_CT,train
D:\skripsi\Dataset\lidc-idri-images-full\Benign\1.3.6.1.4.1.14519.5.2.1.6279.6001.111780708132595903430640048766.png,1,Lung_CT,train
D:\skripsi\Dataset\lidc-idri-images-full\Normal\1.3.6.1.4.1.14519.5.2.1.6279.6001.334422875695728375365180725669.png,1,Lung_CT,train
D:\skripsi\Dataset\lidc-idri-images-full\Malignant\1.3.6.1.4.1.14519.5.2.1.6279.6001.301462380687644451483231621986.png,1,Lung_CT,train
D:\skripsi\Dataset\lidc-idri-images-full\Benign\1.3.6.1.4.1.14519.5.2.1.6279.6001.295958572786158575287945391206.png,1,Lung_CT,train
D:\skripsi\Dataset\lidc-idri-images-full\Benign\1.3.6.1.4.1.14519.5.2.1.6279.6001.472487466001405705666001578363.png,1,Lung_CT,train
D:\skripsi\Dataset\lidc-idri-images-full\Normal\1.3.6.1.4.1.14519.5.2.1.6279.6001.139378031841982785812043919427.png,1,Lung_CT,train
D:\skripsi\Dataset\lidc-idri-images-full\Normal\1.3.6.1.4.1.14519.5.2.1.6279.6001.128731087742538941794000760852.png,1,Lung_CT,train
D:\skripsi\Dataset\lidc-idri-images-full\Malignant\1.3.6.1.4.1.14519.5.2.1.6279.6001.335799017122466251265955525941.png,1,Lung_CT,train
D:\skripsi\Dataset\lidc-idri-images-full\Malignant\1.3.6.1.4.1.14519.5.2.1.6279.6001.416701701108520592702405866796.png,1,Lung_CT,train
D:\skripsi\Dataset\lidc-idri-images-full\Normal\1.3.6.1.4.1.14519.5.2.1.6279.6001.129466644298158473520902418919.png,1,Lung_CT,train
D:\skripsi\Dataset\lidc-idri-images-full\Malignant\1.3.6.1.4.1.14519.5.2.1.6279.6001.338875090785618956575597613546.png,1,Lung_CT,train
D:\skripsi\Dataset\lidc-idri-images-full\Benign\1.3.6.1.4.1.14519.5.2.1.6279.6001.331079701650130000691651987949.png,1,Lung_CT,train
D:\skripsi\Dataset\lidc-idri-images-full\Normal\1.3.6.1.4.1.14519.5.2.1.6279.6001.201456106349537316145214209907.png,1,Lung_CT,train
D:\skripsi\Dataset\lidc-idri-images-full\Malignant\1.3.6.1.4.1.14519.5.2.1.6279.6001.765930210026773090100532964804.png,1,Lung_CT,train
D:\skripsi\Dataset\lidc-idri-images-full\Normal\1.3.6.1.4.1.14519.5.2.1.6279.6001.263795186040046940648210967511.png,1,Lung_CT,train
D:\skripsi\Dataset\lidc-idri-images-full\Benign\1.3.6.1.4.1.14519.5.2.1.6279.6001.226813447046845316215094488309.png,1,Lung_CT,train
D:\skripsi\Dataset\lidc-idri-images-full\Malignant\1.3.6.1.4.1.14519.5.2.1.6279.6001.100953483028192176989979435275.png,1,Lung_CT,train
D:\skripsi\Dataset\lidc-idri-images-full\Benign\1.3.6.1.4.1.14519.5.2.1.6279.6001.121824995088859376862458155637.png,1,Lung_CT,train
D:\skripsi\Dataset\lidc-idri-images-full\Benign\1.3.6.1.4.1.14519.5.2.1.6279.6001.232229956850151024631272429725.png,1,Lung_CT,train
D:\skripsi\Dataset\lidc-idri-images-full\Malignant\1.3.6.1.4.1.14519.5.2.1.6279.6001.948414623428298219623354433437.png,1,Lung_CT,train
D:\skripsi\Dataset\lidc-idri-images-full\Malignant\1.3.6.1.4.1.14519.5.2.1.6279.6001.276462101160434440578779047738.png,1,Lung_CT,train
D:\skripsi\Dataset\lidc-idri-images-full\Malignant\1.3.6.1.4.1.14519.5.2.1.6279.6001.222052723822248889877676736332.png,1,Lung_CT,train
D:\skripsi\Dataset\lidc-idri-images-full\Malignant\1.3.6.1.4.1.14519.5.2.1.6279.6001.135512138260421166189966386929.png,1,Lung_CT,train
D:\skripsi\Dataset\lidc-idri-images-full\Benign\1.3.6.1.4.1.14519.5.2.1.6279.6001.241570579760883349458693655367.png,1,Lung_CT,train
D:\skripsi\Dataset\lidc-idri-images-full\Benign\1.3.6.1.4.1.14519.5.2.1.6279.6001.419601611032172899567156073142.png,1,Lung_CT,train
D:\skripsi\Dataset\lidc-idri-images-full\Benign\1.3.6.1.4.1.14519.5.2.1.6279.6001.855232435861303786204450738044.png,1,Lung_CT,train
D:\skripsi\Dataset\lidc-idri-images-full\Malignant\1.3.6.1.4.1.14519.5.2.1.6279.6001.245248446973732759194067808002.png,1,Lung_CT,train
D:\skripsi\Dataset\lidc-idri-images-full\Malignant\1.3.6.1.4.1.14519.5.2.1.6279.6001.765459236550358748053283544075.png,1,Lung_CT,train
D:\skripsi\Dataset\lidc-idri-images-full\Normal\1.3.6.1.4.1.14519.5.2.1.6279.6001.109882169963817627559804568094.png,1,Lung_CT,train
D:\skripsi\Dataset\lidc-idri-images-full\Malignant\1.3.6.1.4.1.14519.5.2.1.6279.6001.129982010889624423230394257528.png,1,Lung_CT,train
D:\skripsi\Dataset\lidc-idri-images-full\Normal\1.3.6.1.4.1.14519.5.2.1.6279.6001.102900524780876269300786279905.png,1,Lung_CT,train
D:\skripsi\Dataset\lidc-idri-images-full\Normal\1.3.6.1.4.1.14519.5.2.1.6279.6001.210744692899786048714244525186.png,1,Lung_CT,train
D:\skripsi\Dataset\lidc-idri-images-full\Normal\1.3.6.1.4.1.14519.5.2.1.6279.6001.465712338305822672735695513309.png,1,Lung_CT,train
D:\skripsi\Dataset\lidc-idri-images-full\Malignant\1.3.6.1.4.1.14519.5.2.1.6279.6001.228049788831266512062175089637.png,1,Lung_CT,train
D:\skripsi\Dataset\lidc-idri-images-full\Normal\1.3.6.1.4.1.14519.5.2.1.6279.6001.398955972049286139436103068984.png,1,Lung_CT,train
D:\skripsi\Dataset\lidc-idri-images-full\Malignant\1.3.6.1.4.1.14519.5.2.1.6279.6001.747803439040091794717626507402.png,1,Lung_CT,train
D:\skripsi\Dataset\lidc-idri-images-full\Malignant\1.3.6.1.4.1.14519.5.2.1.6279.6001.140253591510022414496468423138.png,1,Lung_CT,train
D:\skripsi\Dataset\lidc-idri-images-full\Normal\1.3.6.1.4.1.14519.5.2.1.6279.6001.282726011940418352745905838713.png,1,Lung_CT,train
D:\skripsi\Dataset\lidc-idri-images-full\Malignant\1.3.6.1.4.1.14519.5.2.1.6279.6001.220747560179730541133819705549.png,1,Lung_CT,train
D:\skripsi\Dataset\lidc-idri-images-full\Normal\1.3.6.1.4.1.14519.5.2.1.6279.6001.111017101339429664883879536171.png,1,Lung_CT,train
D:\skripsi\Dataset\lidc-idri-images-full\Malignant\1.3.6.1.4.1.14519.5.2.1.6279.6001.121993590721161347818774929286.png,1,Lung_CT,train
D:\skripsi\Dataset\lidc-idri-images-full\Malignant\1.3.6.1.4.1.14519.5.2.1.6279.6001.908250781706513856628130123235.png,1,Lung_CT,train
D:\skripsi\Dataset\lidc-idri-images-full\Malignant\1.3.6.1.4.1.14519.5.2.1.6279.6001.306948744223170422945185006551.png,1,Lung_CT,train
D:\skripsi\Dataset\lidc-idri-images-full\Malignant\1.3.6.1.4.1.14519.5.2.1.6279.6001.182192086929819295877506541021.png,1,Lung_CT,train
D:\skripsi\Dataset\lidc-idri-images-full\Benign\1.3.6.1.4.1.14519.5.2.1.6279.6001.281382817714201615159877953485.png,1,Lung_CT,train
D:\skripsi\Dataset\lidc-idri-images-full\Normal\1.3.6.1.4.1.14519.5.2.1.6279.6001.129430203478599312080559930443.png,1,Lung_CT,train
D:\skripsi\Dataset\lidc-idri-images-full\Normal\1.3.6.1.4.1.14519.5.2.1.6279.6001.188446475105780139686282243354.png,1,Lung_CT,train
D:\skripsi\Dataset\lidc-idri-images-full\Malignant\1.3.6.1.4.1.14519.5.2.1.6279.6001.265453131727473342790950829556.png,1,Lung_CT,train
D:\skripsi\Dataset\lidc-idri-images-full\Normal\1.3.6.1.4.1.14519.5.2.1.6279.6001.291617519784637372280604577539.png,1,Lung_CT,train
D:\skripsi\Dataset\lidc-idri-images-full\Normal\1.3.6.1.4.1.14519.5.2.1.6279.6001.710230379712156460199858995644.png,1,Lung_CT,train
D:\skripsi\Dataset\lidc-idri-images-full\Malignant\1.3.6.1.4.1.14519.5.2.1.6279.6001.652347820272212119124022644822.png,1,Lung_CT,train
D:\skripsi\Dataset\lidc-idri-images-full\Benign\1.3.6.1.4.1.14519.5.2.1.6279.6001.286217539434358186648717203667.png,1,Lung_CT,train
D:\skripsi\Dataset\lidc-idri-images-full\Normal\1.3.6.1.4.1.14519.5.2.1.6279.6001.210102868760281756294235082201.png,1,Lung_CT,train
D:\skripsi\Dataset\lidc-idri-images-full\Malignant\1.3.6.1.4.1.14519.5.2.1.6279.6001.503980049263254396021509831276.png,1,Lung_CT,train
D:\skripsi\Dataset\lidc-idri-images-full\Normal\1.3.6.1.4.1.14519.5.2.1.6279.6001.281967919138248195763602360723.png,1,Lung_CT,train
D:\skripsi\Dataset\lidc-idri-images-full\Normal\1.3.6.1.4.1.14519.5.2.1.6279.6001.463588161905537526756964393219.png,1,Lung_CT,train
D:\skripsi\Dataset\lidc-idri-images-full\Malignant\1.3.6.1.4.1.14519.5.2.1.6279.6001.584871944187559733312703328980.png,1,Lung_CT,train
D:\skripsi\Dataset\lidc-idri-images-full\Malignant\1.3.6.1.4.1.14519.5.2.1.6279.6001.280072876841890439628529365478.png,1,Lung_CT,train
D:\skripsi\Dataset\lidc-idri-images-full\Normal\1.3.6.1.4.1.14519.5.2.1.6279.6001.414288023902112119945238126594.png,1,Lung_CT,train
D:\skripsi\Dataset\lidc-idri-images-full\Normal\1.3.6.1.4.1.14519.5.2.1.6279.6001.230078008964732806419498631442.png,1,Lung_CT,train
D:\skripsi\Dataset\lidc-idri-images-full\Malignant\1.3.6.1.4.1.14519.5.2.1.6279.6001.321935195060268166151738328001.png,1,Lung_CT,train
D:\skripsi\Dataset\lidc-idri-images-full\Malignant\1.3.6.1.4.1.14519.5.2.1.6279.6001.264090899378396711987322794314.png,1,Lung_CT,train
D:\skripsi\Dataset\lidc-idri-images-full\Normal\1.3.6.1.4.1.14519.5.2.1.6279.6001.227175413450808955880893100766.png,1,Lung_CT,train
D:\skripsi\Dataset\lidc-idri-images-full\Malignant\1.3.6.1.4.1.14519.5.2.1.6279.6001.223098610241551815995595311693.png,1,Lung_CT,train
D:\skripsi\Dataset\lidc-idri-images-full\Malignant\1.3.6.1.4.1.14519.5.2.1.6279.6001.239358021703233250639913775427.png,1,Lung_CT,train
D:\skripsi\Dataset\lidc-idri-images-full\Normal\1.3.6.1.4.1.14519.5.2.1.6279.6001.300693623747082239407271583452.png,1,Lung_CT,train
D:\skripsi\Dataset\lidc-idri-images-full\Malignant\1.3.6.1.4.1.14519.5.2.1.6279.6001.237855417502750555158013448483.png,1,Lung_CT,train
D:\skripsi\Dataset\lidc-idri-images-full\Malignant\1.3.6.1.4.1.14519.5.2.1.6279.6001.101619518506864197452353163175.png,1,Lung_CT,train
D:\skripsi\Dataset\lidc-idri-images-full\Normal\1.3.6.1.4.1.14519.5.2.1.6279.6001.300271604576987336866436407488.png,1,Lung_CT,train
D:\skripsi\Dataset\lidc-idri-images-full\Malignant\1.3.6.1.4.1.14519.5.2.1.6279.6001.150064723270402568379909455144.png,1,Lung_CT,train
D:\skripsi\Dataset\lidc-idri-images-full\Benign\1.3.6.1.4.1.14519.5.2.1.6279.6001.246589849815292078281051154201.png,1,Lung_CT,train
D:\skripsi\Dataset\lidc-idri-images-full\Normal\1.3.6.1.4.1.14519.5.2.1.6279.6001.243321146461194382301784462296.png,1,Lung_CT,train
D:\skripsi\Dataset\lidc-idri-images-full\Malignant\1.3.6.1.4.1.14519.5.2.1.6279.6001.137009552031052971596477963106.png,1,Lung_CT,train
D:\skripsi\Dataset\lidc-idri-images-full\Malignant\1.3.6.1.4.1.14519.5.2.1.6279.6001.169128136262002764211589185953.png,1,Lung_CT,train
D:\skripsi\Dataset\lidc-idri-images-full\Malignant\1.3.6.1.4.1.14519.5.2.1.6279.6001.243094273518213382155770295147.png,1,Lung_CT,train
D:\skripsi\Dataset\lidc-idri-images-full\Benign\1.3.6.1.4.1.14519.5.2.1.6279.6001.201890795870532056891161597218.png,1,Lung_CT,train
D:\skripsi\Dataset\lidc-idri-images-full\Malignant\1.3.6.1.4.1.14519.5.2.1.6279.6001.728908883562598265509095692182.png,1,Lung_CT,train
D:\skripsi\Dataset\lidc-idri-images-full\Benign\1.3.6.1.4.1.14519.5.2.1.6279.6001.185154482385982570363528682299.png,1,Lung_CT,train
D:\skripsi\Dataset\lidc-idri-images-full\Malignant\1.3.6.1.4.1.14519.5.2.1.6279.6001.322682676064999314374885526223.png,1,Lung_CT,train
D:\skripsi\Dataset\lidc-idri-images-full\Benign\1.3.6.1.4.1.14519.5.2.1.6279.6001.203425588524695836343069893813.png,1,Lung_CT,train
D:\skripsi\Dataset\lidc-idri-images-full\Malignant\1.3.6.1.4.1.14519.5.2.1.6279.6001.206097113343059612247503064658.png,1,Lung_CT,train
D:\skripsi\Dataset\lidc-idri-images-full\Malignant\1.3.6.1.4.1.14519.5.2.1.6279.6001.100621383016233746780170740405.png,1,Lung_CT,train
D:\skripsi\Dataset\lidc-idri-images-full\Malignant\1.3.6.1.4.1.14519.5.2.1.6279.6001.235364978775280910367690540811.png,1,Lung_CT,train
D:\skripsi\Dataset\lidc-idri-images-full\Benign\1.3.6.1.4.1.14519.5.2.1.6279.6001.303066851236267189733420290986.png,1,Lung_CT,train
D:\skripsi\Dataset\lidc-idri-images-full\Normal\1.3.6.1.4.1.14519.5.2.1.6279.6001.188484197846284733942365679565.png,1,Lung_CT,train
D:\skripsi\Dataset\lidc-idri-images-full\Normal\1.3.6.1.4.1.14519.5.2.1.6279.6001.224197113120748559330883305167.png,1,Lung_CT,train
D:\skripsi\Dataset\lidc-idri-images-full\Malignant\1.3.6.1.4.1.14519.5.2.1.6279.6001.151647338241909635299641922057.png,1,Lung_CT,train
D:\skripsi\Dataset\lidc-idri-images-full\Malignant\1.3.6.1.4.1.14519.5.2.1.6279.6001.274052674198758621258447180130.png,1,Lung_CT,train
D:\skripsi\Dataset\lidc-idri-images-full\Benign\1.3.6.1.4.1.14519.5.2.1.6279.6001.822128649427327893802314908658.png,1,Lung_CT,train
D:\skripsi\Dataset\lidc-idri-images-full\Normal\1.3.6.1.4.1.14519.5.2.1.6279.6001.778504284378789172971189645726.png,1,Lung_CT,train
D:\skripsi\Dataset\lidc-idri-images-full\Malignant\1.3.6.1.4.1.14519.5.2.1.6279.6001.227962600322799211676960828223.png,1,Lung_CT,train
D:\skripsi\Dataset\lidc-idri-images-full\Normal\1.3.6.1.4.1.14519.5.2.1.6279.6001.319009811633846643966578282371.png,1,Lung_CT,train
D:\skripsi\Dataset\lidc-idri-images-full\Malignant\1.3.6.1.4.1.14519.5.2.1.6279.6001.202811684116768680758082619196.png,1,Lung_CT,train
D:\skripsi\Dataset\lidc-idri-images-full\Malignant\1.3.6.1.4.1.14519.5.2.1.6279.6001.245181799370098278918756923992.png,1,Lung_CT,train
D:\skripsi\Dataset\lidc-idri-images-full\Malignant\1.3.6.1.4.1.14519.5.2.1.6279.6001.276556509002726404418399209377.png,1,Lung_CT,train
D:\skripsi\Dataset\lidc-idri-images-full\Normal\1.3.6.1.4.1.14519.5.2.1.6279.6001.235217371152464582553341729176.png,1,Lung_CT,train
D:\skripsi\Dataset\lidc-idri-images-full\Malignant\1.3.6.1.4.1.14519.5.2.1.6279.6001.273525289046256012743471155680.png,1,Lung_CT,train
D:\skripsi\Dataset\lidc-idri-images-full\Malignant\1.3.6.1.4.1.14519.5.2.1.6279.6001.219428004988664846407984058588.png,1,Lung_CT,train
D:\skripsi\Dataset\lidc-idri-images-full\Benign\1.3.6.1.4.1.14519.5.2.1.6279.6001.255409701134762680010928250229.png,1,Lung_CT,train
D:\skripsi\Dataset\lidc-idri-images-full\Normal\1.3.6.1.4.1.14519.5.2.1.6279.6001.330043769832606379655473292782.png,1,Lung_CT,train
D:\skripsi\Dataset\lidc-idri-images-full\Malignant\1.3.6.1.4.1.14519.5.2.1.6279.6001.172685512107407315502302178525.png,1,Lung_CT,train
D:\skripsi\Dataset\lidc-idri-images-full\Malignant\1.3.6.1.4.1.14519.5.2.1.6279.6001.251204142823446211001577555181.png,1,Lung_CT,train
D:\skripsi\Dataset\lidc-idri-images-full\Malignant\1.3.6.1.4.1.14519.5.2.1.6279.6001.129055977637338639741695800950.png,1,Lung_CT,train
D:\skripsi\Dataset\lidc-idri-images-full\Normal\1.3.6.1.4.1.14519.5.2.1.6279.6001.147787540192875407131699077826.png,1,Lung_CT,train
D:\skripsi\Dataset\lidc-idri-images-full\Malignant\1.3.6.1.4.1.14519.5.2.1.6279.6001.244447966386688625240438849169.png,1,Lung_CT,train
D:\skripsi\Dataset\lidc-idri-images-full\Malignant\1.3.6.1.4.1.14519.5.2.1.6279.6001.124663713663969377020085460568.png,1,Lung_CT,train
D:\skripsi\Dataset\lidc-idri-images-full\Benign\1.3.6.1.4.1.14519.5.2.1.6279.6001.404942010843748926074697579763.png,1,Lung_CT,train
D:\skripsi\Dataset\lidc-idri-images-full\Malignant\1.3.6.1.4.1.14519.5.2.1.6279.6001.463214953282361219537913355115.png,1,Lung_CT,train
D:\skripsi\Dataset\lidc-idri-images-full\Benign\1.3.6.1.4.1.14519.5.2.1.6279.6001.811825890493256320617655474043.png,1,Lung_CT,train
D:\skripsi\Dataset\lidc-idri-images-full\Malignant\1.3.6.1.4.1.14519.5.2.1.6279.6001.603126300703296693942875967838.png,1,Lung_CT,train
D:\skripsi\Dataset\lidc-idri-images-full\Malignant\1.3.6.1.4.1.14519.5.2.1.6279.6001.190298296009658115773239776160.png,1,Lung_CT,train
D:\skripsi\Dataset\lidc-idri-images-full\Malignant\1.3.6.1.4.1.14519.5.2.1.6279.6001.144883090372691745980459537053.png,1,Lung_CT,train
D:\skripsi\Dataset\lidc-idri-images-full\Benign\1.3.6.1.4.1.14519.5.2.1.6279.6001.255233548387770235844350895151.png,1,Lung_CT,train
D:\skripsi\Dataset\lidc-idri-images-full\Malignant\1.3.6.1.4.1.14519.5.2.1.6279.6001.286422846896797433168187085942.png,1,Lung_CT,train
D:\skripsi\Dataset\lidc-idri-images-full\Malignant\1.3.6.1.4.1.14519.5.2.1.6279.6001.214800939017429618305208626314.png,1,Lung_CT,train
D:\skripsi\Dataset\lidc-idri-images-full\Normal\1.3.6.1.4.1.14519.5.2.1.6279.6001.380430467810547350511296354409.png,1,Lung_CT,train
D:\skripsi\Dataset\lidc-idri-images-full\Benign\1.3.6.1.4.1.14519.5.2.1.6279.6001.323302986710576400812869264321.png,1,Lung_CT,train
D:\skripsi\Dataset\lidc-idri-images-full\Normal\1.3.6.1.4.1.14519.5.2.1.6279.6001.252988052061080251748760161842.png,1,Lung_CT,train
D:\skripsi\Dataset\lidc-idri-images-full\Malignant\1.3.6.1.4.1.14519.5.2.1.6279.6001.249404938669582150398726875826.png,1,Lung_CT,train
D:\skripsi\Dataset\lidc-idri-images-full\Malignant\1.3.6.1.4.1.14519.5.2.1.6279.6001.244681063194071446501270815660.png,1,Lung_CT,train
D:\skripsi\Dataset\lidc-idri-images-full\Benign\1.3.6.1.4.1.14519.5.2.1.6279.6001.249898650286269800406814965089.png,1,Lung_CT,train
D:\skripsi\Dataset\lidc-idri-images-full\Malignant\1.3.6.1.4.1.14519.5.2.1.6279.6001.329326052298830421573852261436.png,1,Lung_CT,train
D:\skripsi\Dataset\lidc-idri-images-full\Normal\1.3.6.1.4.1.14519.5.2.1.6279.6001.156997871894045256277431018213.png,1,Lung_CT,train
D:\skripsi\Dataset\lidc-idri-images-full\Malignant\1.3.6.1.4.1.14519.5.2.1.6279.6001.251215764736737018371915284679.png,1,Lung_CT,train
D:\skripsi\Dataset\lidc-idri-images-full\Malignant\1.3.6.1.4.1.14519.5.2.1.6279.6001.205993750485568250373835565680.png,1,Lung_CT,train
D:\skripsi\Dataset\lidc-idri-images-full\Normal\1.3.6.1.4.1.14519.5.2.1.6279.6001.210837812047373739447725050963.png,1,Lung_CT,train
D:\skripsi\Dataset\lidc-idri-images-full\Normal\1.3.6.1.4.1.14519.5.2.1.6279.6001.710845873679853791427022019413.png,1,Lung_CT,train
D:\skripsi\Dataset\lidc-idri-images-full\Normal\1.3.6.1.4.1.14519.5.2.1.6279.6001.133627125705000862622611101933.png,1,Lung_CT,train
D:\skripsi\Dataset\lidc-idri-images-full\Normal\1.3.6.1.4.1.14519.5.2.1.6279.6001.802595762867498341201607992711.png,1,Lung_CT,train
D:\skripsi\Dataset\lidc-idri-images-full\Benign\1.3.6.1.4.1.14519.5.2.1.6279.6001.160124400349792614505500125883.png,1,Lung_CT,train
D:\skripsi\Dataset\lidc-idri-images-full\Malignant\1.3.6.1.4.1.14519.5.2.1.6279.6001.275007193025729362844652516689.png,1,Lung_CT,train
D:\skripsi\Dataset\lidc-idri-images-full\Normal\1.3.6.1.4.1.14519.5.2.1.6279.6001.688308378110454070826773336973.png,1,Lung_CT,train
D:\skripsi\Dataset\lidc-idri-images-full\Malignant\1.3.6.1.4.1.14519.5.2.1.6279.6001.126704785377921920210612476953.png,1,Lung_CT,train
D:\skripsi\Dataset\lidc-idri-images-full\Benign\1.3.6.1.4.1.14519.5.2.1.6279.6001.143782059748737055784173697516.png,1,Lung_CT,train
D:\skripsi\Dataset\lidc-idri-images-full\Benign\1.3.6.1.4.1.14519.5.2.1.6279.6001.211071908915618528829547301883.png,1,Lung_CT,train
D:\skripsi\Dataset\lidc-idri-images-full\Malignant\1.3.6.1.4.1.14519.5.2.1.6279.6001.259227883564429312164962953756.png,1,Lung_CT,train
D:\skripsi\Dataset\lidc-idri-images-full\Normal\1.3.6.1.4.1.14519.5.2.1.6279.6001.145283812746259413053188838096.png,1,Lung_CT,train
D:\skripsi\Dataset\lidc-idri-images-full\Malignant\1.3.6.1.4.1.14519.5.2.1.6279.6001.153985109349433321657655488650.png,1,Lung_CT,train
D:\skripsi\Dataset\lidc-idri-images-full\Benign\1.3.6.1.4.1.14519.5.2.1.6279.6001.110865600371875561929545769809.png,1,Lung_CT,train
D:\skripsi\Dataset\lidc-idri-images-full\Malignant\1.3.6.1.4.1.14519.5.2.1.6279.6001.266388441216131548624286835700.png,1,Lung_CT,train
D:\skripsi\Dataset\lidc-idri-images-full\Malignant\1.3.6.1.4.1.14519.5.2.1.6279.6001.166112018536246672777968137997.png,1,Lung_CT,train
D:\skripsi\Dataset\lidc-idri-images-full\Malignant\1.3.6.1.4.1.14519.5.2.1.6279.6001.927394449308471452920270961822.png,1,Lung_CT,train
D:\skripsi\Dataset\lidc-idri-images-full\Benign\1.3.6.1.4.1.14519.5.2.1.6279.6001.466284753932369813717081722101.png,1,Lung_CT,train
D:\skripsi\Dataset\lidc-idri-images-full\Malignant\1.3.6.1.4.1.14519.5.2.1.6279.6001.270951128717816232360812849541.png,1,Lung_CT,train
D:\skripsi\Dataset\lidc-idri-images-full\Malignant\1.3.6.1.4.1.14519.5.2.1.6279.6001.227968442353440630355230778531.png,1,Lung_CT,train
D:\skripsi\Dataset\lidc-idri-images-full\Malignant\1.3.6.1.4.1.14519.5.2.1.6279.6001.145600217263993824806929968211.png,1,Lung_CT,train
D:\skripsi\Dataset\lidc-idri-images-full\Normal\1.3.6.1.4.1.14519.5.2.1.6279.6001.157028077372844506586785318356.png,1,Lung_CT,train
D:\skripsi\Dataset\lidc-idri-images-full\Malignant\1.3.6.1.4.1.14519.5.2.1.6279.6001.101504633665754372732167574218.png,1,Lung_CT,train
D:\skripsi\Dataset\lidc-idri-images-full\Malignant\1.3.6.1.4.1.14519.5.2.1.6279.6001.300136985030081433029390459071.png,1,Lung_CT,train
D:\skripsi\Dataset\lidc-idri-images-full\Malignant\1.3.6.1.4.1.14519.5.2.1.6279.6001.339063854210318997673643535996.png,1,Lung_CT,train
D:\skripsi\Dataset\lidc-idri-images-full\Malignant\1.3.6.1.4.1.14519.5.2.1.6279.6001.127965161564033605177803085629.png,1,Lung_CT,train
D:\skripsi\Dataset\lidc-idri-images-full\Malignant\1.3.6.1.4.1.14519.5.2.1.6279.6001.313334055029671473836954456733.png,1,Lung_CT,train
D:\skripsi\Dataset\lidc-idri-images-full\Malignant\1.3.6.1.4.1.14519.5.2.1.6279.6001.210353683590129128335470610043.png,1,Lung_CT,train
D:\skripsi\Dataset\lidc-idri-images-full\Malignant\1.3.6.1.4.1.14519.5.2.1.6279.6001.771831598853841017505646275338.png,1,Lung_CT,train
D:\skripsi\Dataset\lidc-idri-images-full\Malignant\1.3.6.1.4.1.14519.5.2.1.6279.6001.147250707071097813243473865421.png,1,Lung_CT,train
D:\skripsi\Dataset\lidc-idri-images-full\Malignant\1.3.6.1.4.1.14519.5.2.1.6279.6001.179049373636438705059720603192.png,1,Lung_CT,train
D:\skripsi\Dataset\lidc-idri-images-full\Malignant\1.3.6.1.4.1.14519.5.2.1.6279.6001.174907798609768549012640380786.png,1,Lung_CT,train
D:\skripsi\Dataset\lidc-idri-images-full\Malignant\1.3.6.1.4.1.14519.5.2.1.6279.6001.225227615446398900698431118292.png,1,Lung_CT,train
D:\skripsi\Dataset\lidc-idri-images-full\Normal\1.3.6.1.4.1.14519.5.2.1.6279.6001.741922214364594450039167164545.png,1,Lung_CT,train
D:\skripsi\Dataset\lidc-idri-images-full\Normal\1.3.6.1.4.1.14519.5.2.1.6279.6001.144438612068946916340281098509.png,1,Lung_CT,train
D:\skripsi\Dataset\lidc-idri-images-full\Malignant\1.3.6.1.4.1.14519.5.2.1.6279.6001.252814707117018427472206147014.png,1,Lung_CT,train
D:\skripsi\Dataset\lidc-idri-images-full\Benign\1.3.6.1.4.1.14519.5.2.1.6279.6001.724562063158320418413995627171.png,1,Lung_CT,train
D:\skripsi\Dataset\lidc-idri-images-full\Malignant\1.3.6.1.4.1.14519.5.2.1.6279.6001.161067514225109999586362698069.png,1,Lung_CT,train
D:\skripsi\Dataset\lidc-idri-images-full\Benign\1.3.6.1.4.1.14519.5.2.1.6279.6001.116492508532884962903000261147.png,1,Lung_CT,train
D:\skripsi\Dataset\lidc-idri-images-full\Normal\1.3.6.1.4.1.14519.5.2.1.6279.6001.286647622786041008124419915089.png,1,Lung_CT,train
D:\skripsi\Dataset\lidc-idri-images-full\Benign\1.3.6.1.4.1.14519.5.2.1.6279.6001.139258777898746693365877042411.png,1,Lung_CT,train
D:\skripsi\Dataset\lidc-idri-images-full\Malignant\1.3.6.1.4.1.14519.5.2.1.6279.6001.309707676674808510671394142910.png,1,Lung_CT,train
D:\skripsi\Dataset\lidc-idri-images-full\Normal\1.3.6.1.4.1.14519.5.2.1.6279.6001.122285196754238323810344887171.png,1,Lung_CT,train
D:\skripsi\Dataset\lidc-idri-images-full\Benign\1.3.6.1.4.1.14519.5.2.1.6279.6001.231002159523969307155990628066.png,1,Lung_CT,train
D:\skripsi\Dataset\lidc-idri-images-full\Benign\1.3.6.1.4.1.14519.5.2.1.6279.6001.404303213662391867606219459686.png,1,Lung_CT,train
D:\skripsi\Dataset\lidc-idri-images-full\Malignant\1.3.6.1.4.1.14519.5.2.1.6279.6001.267957701183569638795986183786.png,1,Lung_CT,train
D:\skripsi\Dataset\lidc-idri-images-full\Benign\1.3.6.1.4.1.14519.5.2.1.6279.6001.109203031650348694844047454215.png,1,Lung_CT,train
D:\skripsi\Dataset\lidc-idri-images-full\Benign\1.3.6.1.4.1.14519.5.2.1.6279.6001.218476624578721885561483687176.png,1,Lung_CT,train
D:\skripsi\Dataset\lidc-idri-images-full\Benign\1.3.6.1.4.1.14519.5.2.1.6279.6001.244590453955380448651329424024.png,1,Lung_CT,train
D:\skripsi\Dataset\lidc-idri-images-full\Normal\1.3.6.1.4.1.14519.5.2.1.6279.6001.987704869630002217034260811649.png,1,Lung_CT,train
D:\skripsi\Dataset\lidc-idri-images-full\Malignant\1.3.6.1.4.1.14519.5.2.1.6279.6001.121108220866971173712229588402.png,1,Lung_CT,train
D:\skripsi\Dataset\lidc-idri-images-full\Normal\1.3.6.1.4.1.14519.5.2.1.6279.6001.277008819284134153270739862838.png,1,Lung_CT,train
D:\skripsi\Dataset\lidc-idri-images-full\Normal\1.3.6.1.4.1.14519.5.2.1.6279.6001.803852637239868705784740814469.png,1,Lung_CT,train
D:\skripsi\Dataset\lidc-idri-images-full\Benign\1.3.6.1.4.1.14519.5.2.1.6279.6001.296863826932699509516219450076.png,1,Lung_CT,train
D:\skripsi\Dataset\lidc-idri-images-full\Normal\1.3.6.1.4.1.14519.5.2.1.6279.6001.190144948425835566841437565646.png,1,Lung_CT,train
D:\skripsi\Dataset\lidc-idri-images-full\Malignant\1.3.6.1.4.1.14519.5.2.1.6279.6001.299261157447612001901163107818.png,1,Lung_CT,train
D:\skripsi\Dataset\lidc-idri-images-full\Malignant\1.3.6.1.4.1.14519.5.2.1.6279.6001.961063442349005937536597225349.png,1,Lung_CT,train
D:\skripsi\Dataset\lidc-idri-images-full\Malignant\1.3.6.1.4.1.14519.5.2.1.6279.6001.368537501176212924664995407115.png,1,Lung_CT,train
D:\skripsi\Dataset\lidc-idri-images-full\Malignant\1.3.6.1.4.1.14519.5.2.1.6279.6001.219087313261026510628926082729.png,1,Lung_CT,train
D:\skripsi\Dataset\lidc-idri-images-full\Malignant\1.3.6.1.4.1.14519.5.2.1.6279.6001.107109359065300889765026303943.png,1,Lung_CT,train
D:\skripsi\Dataset\lidc-idri-images-full\Normal\1.3.6.1.4.1.14519.5.2.1.6279.6001.324128691814047196935730936409.png,1,Lung_CT,train
D:\skripsi\Dataset\lidc-idri-images-full\Malignant\1.3.6.1.4.1.14519.5.2.1.6279.6001.518487185634324801733841260431.png,1,Lung_CT,train
D:\skripsi\Dataset\lidc-idri-images-full\Benign\1.3.6.1.4.1.14519.5.2.1.6279.6001.129650136453746261130135157590.png,1,Lung_CT,train
D:\skripsi\Dataset\lidc-idri-images-full\Normal\1.3.6.1.4.1.14519.5.2.1.6279.6001.124782472062810116028985724001.png,1,Lung_CT,train
D:\skripsi\Dataset\lidc-idri-images-full\Malignant\1.3.6.1.4.1.14519.5.2.1.6279.6001.194440094986948071643661798326.png,1,Lung_CT,train
D:\skripsi\Dataset\lidc-idri-images-full\Normal\1.3.6.1.4.1.14519.5.2.1.6279.6001.199069398344356765037879821616.png,1,Lung_CT,train
D:\skripsi\Dataset\lidc-idri-images-full\Benign\1.3.6.1.4.1.14519.5.2.1.6279.6001.387954549120924524005910602207.png,1,Lung_CT,train
D:\skripsi\Dataset\lidc-idri-images-full\Benign\1.3.6.1.4.1.14519.5.2.1.6279.6001.254921765503801141457177972447.png,1,Lung_CT,train
D:\skripsi\Dataset\lidc-idri-images-full\Benign\1.3.6.1.4.1.14519.5.2.1.6279.6001.103115201714075993579787468219.png,1,Lung_CT,train
D:\skripsi\Dataset\lidc-idri-images-full\Normal\1.3.6.1.4.1.14519.5.2.1.6279.6001.160216916075817913953530562493.png,1,Lung_CT,train
D:\skripsi\Dataset\lidc-idri-images-full\Malignant\1.3.6.1.4.1.14519.5.2.1.6279.6001.249530219848512542668813996730.png,1,Lung_CT,train
D:\skripsi\Dataset\lidc-idri-images-full\Benign\1.3.6.1.4.1.14519.5.2.1.6279.6001.483655032093002252444764787700.png,1,Lung_CT,train
D:\skripsi\Dataset\lidc-idri-images-full\Malignant\1.3.6.1.4.1.14519.5.2.1.6279.6001.175773779529863791864938329989.png,1,Lung_CT,train
D:\skripsi\Dataset\lidc-idri-images-full\Malignant\1.3.6.1.4.1.14519.5.2.1.6279.6001.272348349298439120568330857680.png,1,Lung_CT,train
D:\skripsi\Dataset\lidc-idri-images-full\Normal\1.3.6.1.4.1.14519.5.2.1.6279.6001.321277722572948252262254762795.png,1,Lung_CT,train
D:\skripsi\Dataset\lidc-idri-images-full\Benign\1.3.6.1.4.1.14519.5.2.1.6279.6001.302946859870541121207409670214.png,1,Lung_CT,train
D:\skripsi\Dataset\lidc-idri-images-full\Normal\1.3.6.1.4.1.14519.5.2.1.6279.6001.848166234461869260408773278955.png,1,Lung_CT,train
D:\skripsi\Dataset\lidc-idri-images-full\Malignant\1.3.6.1.4.1.14519.5.2.1.6279.6001.276831325040358815613434606380.png,1,Lung_CT,train
D:\skripsi\Dataset\lidc-idri-images-full\Normal\1.3.6.1.4.1.14519.5.2.1.6279.6001.286627485198831346082954437212.png,1,Lung_CT,train
D:\skripsi\Dataset\lidc-idri-images-full\Malignant\1.3.6.1.4.1.14519.5.2.1.6279.6001.159026300526162106155638433321.png,1,Lung_CT,train
D:\skripsi\Dataset\lidc-idri-images-full\Malignant\1.3.6.1.4.1.14519.5.2.1.6279.6001.309483256945153562730089381779.png,1,Lung_CT,train
D:\skripsi\Dataset\lidc-idri-images-full\Benign\1.3.6.1.4.1.14519.5.2.1.6279.6001.248360766706804179966476685510.png,1,Lung_CT,train
D:\skripsi\Dataset\lidc-idri-images-full\Benign\1.3.6.1.4.1.14519.5.2.1.6279.6001.153732973534937692357111055819.png,1,Lung_CT,train
D:\skripsi\Dataset\lidc-idri-images-full\Malignant\1.3.6.1.4.1.14519.5.2.1.6279.6001.185226274332527104841463955058.png,1,Lung_CT,train
D:\skripsi\Dataset\lidc-idri-images-full\Malignant\1.3.6.1.4.1.14519.5.2.1.6279.6001.315770913282450940389971401304.png,1,Lung_CT,train
D:\skripsi\Dataset\lidc-idri-images-full\Normal\1.3.6.1.4.1.14519.5.2.1.6279.6001.670007319415406991866816327183.png,1,Lung_CT,train
D:\skripsi\Dataset\lidc-idri-images-full\Malignant\1.3.6.1.4.1.14519.5.2.1.6279.6001.128023902651233986592378348912.png,1,Lung_CT,train
D:\skripsi\Dataset\lidc-idri-images-full\Normal\1.3.6.1.4.1.14519.5.2.1.6279.6001.139713436241461669335487719526.png,1,Lung_CT,train
D:\skripsi\Dataset\lidc-idri-images-full\Malignant\1.3.6.1.4.1.14519.5.2.1.6279.6001.276351267409869539593937734609.png,1,Lung_CT,train
D:\skripsi\Dataset\lidc-idri-images-full\Benign\1.3.6.1.4.1.14519.5.2.1.6279.6001.267519732763035023633235877753.png,1,Lung_CT,train
D:\skripsi\Dataset\lidc-idri-images-full\Malignant\1.3.6.1.4.1.14519.5.2.1.6279.6001.137773550852881583165286615668.png,1,Lung_CT,train
D:\skripsi\Dataset\lidc-idri-images-full\Benign\1.3.6.1.4.1.14519.5.2.1.6279.6001.139889514693390832525232698200.png,1,Lung_CT,train
D:\skripsi\Dataset\lidc-idri-images-full\Malignant\1.3.6.1.4.1.14519.5.2.1.6279.6001.224465398054769500989828256685.png,1,Lung_CT,train
D:\skripsi\Dataset\lidc-idri-images-full\Malignant\1.3.6.1.4.1.14519.5.2.1.6279.6001.134370886216012873213579659366.png,1,Lung_CT,train
D:\skripsi\Dataset\lidc-idri-images-full\Malignant\1.3.6.1.4.1.14519.5.2.1.6279.6001.616033753016904899083676284739.png,1,Lung_CT,train
D:\skripsi\Dataset\lidc-idri-images-full\Malignant\1.3.6.1.4.1.14519.5.2.1.6279.6001.133132722052053001903031735878.png,1,Lung_CT,train
D:\skripsi\Dataset\lidc-idri-images-full\Malignant\1.3.6.1.4.1.14519.5.2.1.6279.6001.211956804948320236390242845468.png,1,Lung_CT,train
D:\skripsi\Dataset\lidc-idri-images-full\Benign\1.3.6.1.4.1.14519.5.2.1.6279.6001.952265563663939823135367733681.png,1,Lung_CT,train
D:\skripsi\Dataset\lidc-idri-images-full\Malignant\1.3.6.1.4.1.14519.5.2.1.6279.6001.762989635154095750732267242621.png,1,Lung_CT,train
D:\skripsi\Dataset\lidc-idri-images-full\Malignant\1.3.6.1.4.1.14519.5.2.1.6279.6001.790013313334466425295235589574.png,1,Lung_CT,train
D:\skripsi\Dataset\lidc-idri-images-full\Normal\1.3.6.1.4.1.14519.5.2.1.6279.6001.286359704222993185355649430232.png,1,Lung_CT,train
D:\skripsi\Dataset\lidc-idri-images-full\Normal\1.3.6.1.4.1.14519.5.2.1.6279.6001.286769706315602904461487778787.png,1,Lung_CT,train
D:\skripsi\Dataset\lidc-idri-images-full\Normal\1.3.6.1.4.1.14519.5.2.1.6279.6001.134431713337414332708539217972.png,1,Lung_CT,train
D:\skripsi\Dataset\lidc-idri-images-full\Malignant\1.3.6.1.4.1.14519.5.2.1.6279.6001.102962801900681595502684962582.png,1,Lung_CT,train
D:\skripsi\Dataset\lidc-idri-images-full\Malignant\1.3.6.1.4.1.14519.5.2.1.6279.6001.244995725416880806339898556632.png,1,Lung_CT,train
D:\skripsi\Dataset\lidc-idri-images-full\Malignant\1.3.6.1.4.1.14519.5.2.1.6279.6001.118140393257625250121502185026.png,1,Lung_CT,train
D:\skripsi\Dataset\lidc-idri-images-full\Normal\1.3.6.1.4.1.14519.5.2.1.6279.6001.116798263639724314842490465662.png,1,Lung_CT,train
D:\skripsi\Dataset\lidc-idri-images-full\Normal\1.3.6.1.4.1.14519.5.2.1.6279.6001.210426531621179400035178209430.png,1,Lung_CT,train
D:\skripsi\Dataset\lidc-idri-images-full\Benign\1.3.6.1.4.1.14519.5.2.1.6279.6001.154703816225841204080664115280.png,1,Lung_CT,train
D:\skripsi\Dataset\lidc-idri-images-full\Normal\1.3.6.1.4.1.14519.5.2.1.6279.6001.644726997798389867750012734671.png,1,Lung_CT,train
D:\skripsi\Dataset\lidc-idri-images-full\Benign\1.3.6.1.4.1.14519.5.2.1.6279.6001.282779922503707013097174625409.png,1,Lung_CT,train
D:\skripsi\Dataset\lidc-idri-images-full\Benign\1.3.6.1.4.1.14519.5.2.1.6279.6001.336894364358709782463716339027.png,1,Lung_CT,train
D:\skripsi\Dataset\lidc-idri-images-full\Malignant\1.3.6.1.4.1.14519.5.2.1.6279.6001.268838889380981659524993261082.png,1,Lung_CT,train
D:\skripsi\Dataset\lidc-idri-images-full\Malignant\1.3.6.1.4.1.14519.5.2.1.6279.6001.159487863629600617733659914437.png,1,Lung_CT,train
D:\skripsi\Dataset\lidc-idri-images-full\Benign\1.3.6.1.4.1.14519.5.2.1.6279.6001.300967045069639864835893744907.png,1,Lung_CT,train
D:\skripsi\Dataset\lidc-idri-images-full\Malignant\1.3.6.1.4.1.14519.5.2.1.6279.6001.663019255629770796363333877035.png,1,Lung_CT,train
D:\skripsi\Dataset\lidc-idri-images-full\Malignant\1.3.6.1.4.1.14519.5.2.1.6279.6001.305858704835252413616501469037.png,1,Lung_CT,train
D:\skripsi\Dataset\lidc-idri-images-full\Normal\1.3.6.1.4.1.14519.5.2.1.6279.6001.159265166937401777756248496632.png,1,Lung_CT,train
D:\skripsi\Dataset\lidc-idri-images-full\Normal\1.3.6.1.4.1.14519.5.2.1.6279.6001.328966172046407489713246745434.png,1,Lung_CT,train
D:\skripsi\Dataset\lidc-idri-images-full\Malignant\1.3.6.1.4.1.14519.5.2.1.6279.6001.410251741986998833890312367579.png,1,Lung_CT,train
D:\skripsi\Dataset\lidc-idri-images-full\Normal\1.3.6.1.4.1.14519.5.2.1.6279.6001.313409765889802928878750491956.png,1,Lung_CT,train
D:\skripsi\Dataset\lidc-idri-images-full\Malignant\1.3.6.1.4.1.14519.5.2.1.6279.6001.228511122591230092662900221600.png,1,Lung_CT,train
D:\skripsi\Dataset\lidc-idri-images-full\Benign\1.3.6.1.4.1.14519.5.2.1.6279.6001.187966156856911682643615997798.png,1,Lung_CT,train
D:\skripsi\Dataset\lidc-idri-images-full\Normal\1.3.6.1.4.1.14519.5.2.1.6279.6001.256542095129414948017808425649.png,1,Lung_CT,train
D:\skripsi\Dataset\lidc-idri-images-full\Normal\1.3.6.1.4.1.14519.5.2.1.6279.6001.211317669233467214881380477830.png,1,Lung_CT,train
D:\skripsi\Dataset\lidc-idri-images-full\Malignant\1.3.6.1.4.1.14519.5.2.1.6279.6001.290135156874098366424871975734.png,1,Lung_CT,train
D:\skripsi\Dataset\lidc-idri-images-full\Malignant\1.3.6.1.4.1.14519.5.2.1.6279.6001.105495028985881418176186711228.png,1,Lung_CT,train
D:\skripsi\Dataset\lidc-idri-images-full\Malignant\1.3.6.1.4.1.14519.5.2.1.6279.6001.100678017805946348616192905152.png,1,Lung_CT,train
D:\skripsi\Dataset\lidc-idri-images-full\Malignant\1.3.6.1.4.1.14519.5.2.1.6279.6001.238863705761552554567603436775.png,1,Lung_CT,train
D:\skripsi\Dataset\lidc-idri-images-full\Normal\1.3.6.1.4.1.14519.5.2.1.6279.6001.187803155574314810830688534991.png,1,Lung_CT,train
D:\skripsi\Dataset\lidc-idri-images-full\Normal\1.3.6.1.4.1.14519.5.2.1.6279.6001.296066944953051278419805374238.png,1,Lung_CT,train
D:\skripsi\Dataset\lidc-idri-images-full\Benign\1.3.6.1.4.1.14519.5.2.1.6279.6001.861997885565255340442123234170.png,1,Lung_CT,train
D:\skripsi\Dataset\lidc-idri-images-full\Benign\1.3.6.1.4.1.14519.5.2.1.6279.6001.320111824803959660037459294083.png,1,Lung_CT,train
D:\skripsi\Dataset\lidc-idri-images-full\Normal\1.3.6.1.4.1.14519.5.2.1.6279.6001.230965082640497617949993084836.png,1,Lung_CT,train
D:\skripsi\Dataset\lidc-idri-images-full\Normal\1.3.6.1.4.1.14519.5.2.1.6279.6001.175318131822744218104175746898.png,1,Lung_CT,train
D:\skripsi\Dataset\lidc-idri-images-full\Normal\1.3.6.1.4.1.14519.5.2.1.6279.6001.271033598344002470239441936565.png,1,Lung_CT,train
D:\skripsi\Dataset\lidc-idri-images-full\Malignant\1.3.6.1.4.1.14519.5.2.1.6279.6001.252634638822000832774167856951.png,1,Lung_CT,train
D:\skripsi\Dataset\lidc-idri-images-full\Normal\1.3.6.1.4.1.14519.5.2.1.6279.6001.241981176885873121060876030928.png,1,Lung_CT,train
D:\skripsi\Dataset\lidc-idri-images-full\Normal\1.3.6.1.4.1.14519.5.2.1.6279.6001.208799435275324703237064065912.png,1,Lung_CT,train
D:\skripsi\Dataset\lidc-idri-images-full\Malignant\1.3.6.1.4.1.14519.5.2.1.6279.6001.278010349511857248000260557753.png,1,Lung_CT,train
D:\skripsi\Dataset\lidc-idri-images-full\Benign\1.3.6.1.4.1.14519.5.2.1.6279.6001.102681962408431413578140925249.png,1,Lung_CT,train
D:\skripsi\Dataset\lidc-idri-images-full\Normal\1.3.6.1.4.1.14519.5.2.1.6279.6001.186021279664749879526003668137.png,1,Lung_CT,train
D:\skripsi\Dataset\lidc-idri-images-full\Malignant\1.3.6.1.4.1.14519.5.2.1.6279.6001.109002525524522225658609808059.png,1,Lung_CT,train
D:\skripsi\Dataset\lidc-idri-images-full\Malignant\1.3.6.1.4.1.14519.5.2.1.6279.6001.219868234028570087207178877058.png,1,Lung_CT,train
D:\skripsi\Dataset\lidc-idri-images-full\Benign\1.3.6.1.4.1.14519.5.2.1.6279.6001.174935793360491516757154875981.png,1,Lung_CT,train
D:\skripsi\Dataset\lidc-idri-images-full\Benign\1.3.6.1.4.1.14519.5.2.1.6279.6001.309672797925724868457151381131.png,1,Lung_CT,train
D:\skripsi\Dataset\lidc-idri-images-full\Malignant\1.3.6.1.4.1.14519.5.2.1.6279.6001.603166427542096384265514998412.png,1,Lung_CT,train
D:\skripsi\Dataset\lidc-idri-images-full\Malignant\1.3.6.1.4.1.14519.5.2.1.6279.6001.943403138251347598519939390311.png,1,Lung_CT,train
D:\skripsi\Dataset\lidc-idri-images-full\Benign\1.3.6.1.4.1.14519.5.2.1.6279.6001.277452631455527999380186898011.png,1,Lung_CT,train
D:\skripsi\Dataset\lidc-idri-images-full\Malignant\1.3.6.1.4.1.14519.5.2.1.6279.6001.213140617640021803112060161074.png,1,Lung_CT,train
D:\skripsi\Dataset\lidc-idri-images-full\Normal\1.3.6.1.4.1.14519.5.2.1.6279.6001.504324996863016748259361352296.png,1,Lung_CT,train
D:\skripsi\Dataset\lidc-idri-images-full\Malignant\1.3.6.1.4.1.14519.5.2.1.6279.6001.627998298349675613581885874395.png,1,Lung_CT,train
D:\skripsi\Dataset\lidc-idri-images-full\Malignant\1.3.6.1.4.1.14519.5.2.1.6279.6001.170706757615202213033480003264.png,1,Lung_CT,train
D:\skripsi\Dataset\lidc-idri-images-full\Benign\1.3.6.1.4.1.14519.5.2.1.6279.6001.179683407589764683292800449011.png,1,Lung_CT,train
D:\skripsi\Dataset\lidc-idri-images-full\Malignant\1.3.6.1.4.1.14519.5.2.1.6279.6001.134431569579259979556425158178.png,1,Lung_CT,train
D:\skripsi\Dataset\lidc-idri-images-full\Malignant\1.3.6.1.4.1.14519.5.2.1.6279.6001.264251211689085893915477907261.png,1,Lung_CT,train
D:\skripsi\Dataset\lidc-idri-images-full\Malignant\1.3.6.1.4.1.14519.5.2.1.6279.6001.337845202462615014431060697507.png,1,Lung_CT,train
D:\skripsi\Dataset\lidc-idri-images-full\Benign\1.3.6.1.4.1.14519.5.2.1.6279.6001.872298293574787924842447249863.png,1,Lung_CT,train
D:\skripsi\Dataset\lidc-idri-images-full\Malignant\1.3.6.1.4.1.14519.5.2.1.6279.6001.198698492013538481395497694975.png,1,Lung_CT,train
D:\skripsi\Dataset\lidc-idri-images-full\Malignant\1.3.6.1.4.1.14519.5.2.1.6279.6001.160855290323404581151359396193.png,1,Lung_CT,train
D:\skripsi\Dataset\lidc-idri-images-full\Malignant\1.3.6.1.4.1.14519.5.2.1.6279.6001.440226700369921575481834344455.png,1,Lung_CT,train
D:\skripsi\Dataset\lidc-idri-images-full\Benign\1.3.6.1.4.1.14519.5.2.1.6279.6001.245349763807614756148761326488.png,1,Lung_CT,train
D:\skripsi\Dataset\lidc-idri-images-full\Normal\1.3.6.1.4.1.14519.5.2.1.6279.6001.268589491017129166376960414534.png,1,Lung_CT,train
D:\skripsi\Dataset\lidc-idri-images-full\Malignant\1.3.6.1.4.1.14519.5.2.1.6279.6001.149594025507110912206042203576.png,1,Lung_CT,train
D:\skripsi\Dataset\lidc-idri-images-full\Benign\1.3.6.1.4.1.14519.5.2.1.6279.6001.128059192202504367870633619224.png,1,Lung_CT,train
D:\skripsi\Dataset\lidc-idri-images-full\Benign\1.3.6.1.4.1.14519.5.2.1.6279.6001.330643702676971528301859647742.png,1,Lung_CT,train
D:\skripsi\Dataset\lidc-idri-images-full\Normal\1.3.6.1.4.1.14519.5.2.1.6279.6001.290078466983681447758193147990.png,1,Lung_CT,train
D:\skripsi\Dataset\lidc-idri-images-full\Malignant\1.3.6.1.4.1.14519.5.2.1.6279.6001.195674076148062852502601112560.png,1,Lung_CT,train
D:\skripsi\Dataset\lidc-idri-images-full\Malignant\1.3.6.1.4.1.14519.5.2.1.6279.6001.126631670596873065041988320084.png,1,Lung_CT,train
D:\skripsi\Dataset\lidc-idri-images-full\Normal\1.3.6.1.4.1.14519.5.2.1.6279.6001.333319057944372470283038483725.png,1,Lung_CT,train
D:\skripsi\Dataset\lidc-idri-images-full\Normal\1.3.6.1.4.1.14519.5.2.1.6279.6001.162207236104936931957809623059.png,1,Lung_CT,train
D:\skripsi\Dataset\lidc-idri-images-full\Malignant\1.3.6.1.4.1.14519.5.2.1.6279.6001.193964947698259739624715468431.png,1,Lung_CT,train
D:\skripsi\Dataset\lidc-idri-images-full\Benign\1.3.6.1.4.1.14519.5.2.1.6279.6001.332829333783605240302521201463.png,1,Lung_CT,train
D:\skripsi\Dataset\lidc-idri-images-full\Malignant\1.3.6.1.4.1.14519.5.2.1.6279.6001.430109407146633213496148200410.png,1,Lung_CT,train
D:\skripsi\Dataset\lidc-idri-images-full\Malignant\1.3.6.1.4.1.14519.5.2.1.6279.6001.179209990684978588019929720099.png,1,Lung_CT,train
D:\skripsi\Dataset\lidc-idri-images-full\Malignant\1.3.6.1.4.1.14519.5.2.1.6279.6001.132435134414676494105851714351.png,1,Lung_CT,train
D:\skripsi\Dataset\lidc-idri-images-full\Malignant\1.3.6.1.4.1.14519.5.2.1.6279.6001.558286136379689377915919180358.png,1,Lung_CT,train
D:\skripsi\Dataset\lidc-idri-images-full\Malignant\1.3.6.1.4.1.14519.5.2.1.6279.6001.140239815496047437552471323962.png,1,Lung_CT,train
D:\skripsi\Dataset\lidc-idri-images-full\Malignant\1.3.6.1.4.1.14519.5.2.1.6279.6001.141511313712034597336182402384.png,1,Lung_CT,train
D:\skripsi\Dataset\lidc-idri-images-full\Benign\1.3.6.1.4.1.14519.5.2.1.6279.6001.465032801496479029639448332481.png,1,Lung_CT,train
D:\skripsi\Dataset\lidc-idri-images-full\Malignant\1.3.6.1.4.1.14519.5.2.1.6279.6001.199975006921901879512837687266.png,1,Lung_CT,train
D:\skripsi\Dataset\lidc-idri-images-full\Malignant\1.3.6.1.4.1.14519.5.2.1.6279.6001.180670358170522899990057853746.png,1,Lung_CT,train
D:\skripsi\Dataset\lidc-idri-images-full\Normal\1.3.6.1.4.1.14519.5.2.1.6279.6001.100530488926682752765845212286.png,1,Lung_CT,train
D:\skripsi\Dataset\lidc-idri-images-full\Normal\1.3.6.1.4.1.14519.5.2.1.6279.6001.960327114371877102455429188945.png,1,Lung_CT,train
D:\skripsi\Dataset\lidc-idri-images-full\Malignant\1.3.6.1.4.1.14519.5.2.1.6279.6001.257383535269991165447822992959.png,1,Lung_CT,train
D:\skripsi\Dataset\lidc-idri-images-full\Malignant\1.3.6.1.4.1.14519.5.2.1.6279.6001.624425075947752229712087113746.png,1,Lung_CT,train
D:\skripsi\Dataset\lidc-idri-images-full\Malignant\1.3.6.1.4.1.14519.5.2.1.6279.6001.231834776365874788440767645596.png,1,Lung_CT,train
D:\skripsi\Dataset\lidc-idri-images-full\Malignant\1.3.6.1.4.1.14519.5.2.1.6279.6001.278660284797073139172446973682.png,1,Lung_CT,train
D:\skripsi\Dataset\lidc-idri-images-full\Normal\1.3.6.1.4.1.14519.5.2.1.6279.6001.142026812390984321013050559882.png,1,Lung_CT,train
D:\skripsi\Dataset\lidc-idri-images-full\Malignant\1.3.6.1.4.1.14519.5.2.1.6279.6001.195913706607582347421429908613.png,1,Lung_CT,train
D:\skripsi\Dataset\lidc-idri-images-full\Normal\1.3.6.1.4.1.14519.5.2.1.6279.6001.359143350815328767049489480026.png,1,Lung_CT,train
D:\skripsi\Dataset\lidc-idri-images-full\Normal\1.3.6.1.4.1.14519.5.2.1.6279.6001.140111454550080978718222319268.png,1,Lung_CT,train
D:\skripsi\Dataset\lidc-idri-images-full\Benign\1.3.6.1.4.1.14519.5.2.1.6279.6001.177207860318316149928777631671.png,1,Lung_CT,train
D:\skripsi\Dataset\lidc-idri-images-full\Normal\1.3.6.1.4.1.14519.5.2.1.6279.6001.334789205089865223056093221412.png,1,Lung_CT,train
D:\skripsi\Dataset\lidc-idri-images-full\Malignant\1.3.6.1.4.1.14519.5.2.1.6279.6001.330544495001617450666819906758.png,1,Lung_CT,train
D:\skripsi\Dataset\lidc-idri-images-full\Benign\1.3.6.1.4.1.14519.5.2.1.6279.6001.332453873575389860371315979768.png,1,Lung_CT,train
D:\skripsi\Dataset\lidc-idri-images-full\Benign\1.3.6.1.4.1.14519.5.2.1.6279.6001.410365840592575460083574159166.png,1,Lung_CT,train
D:\skripsi\Dataset\lidc-idri-images-full\Benign\1.3.6.1.4.1.14519.5.2.1.6279.6001.194488534645348916700259325236.png,1,Lung_CT,train
D:\skripsi\Dataset\lidc-idri-images-full\Malignant\1.3.6.1.4.1.14519.5.2.1.6279.6001.206539885154775002929031534291.png,1,Lung_CT,train
D:\skripsi\Dataset\lidc-idri-images-full\Normal\1.3.6.1.4.1.14519.5.2.1.6279.6001.338996946077590511450623068993.png,1,Lung_CT,train
D:\skripsi\Dataset\lidc-idri-images-full\Normal\1.3.6.1.4.1.14519.5.2.1.6279.6001.147159006010754977490852730189.png,1,Lung_CT,train
D:\skripsi\Dataset\lidc-idri-images-full\Malignant\1.3.6.1.4.1.14519.5.2.1.6279.6001.323408652979949774528873200770.png,1,Lung_CT,train
D:\skripsi\Dataset\lidc-idri-images-full\Malignant\1.3.6.1.4.1.14519.5.2.1.6279.6001.292194861362266467652267941663.png,1,Lung_CT,train
D:\skripsi\Dataset\lidc-idri-images-full\Normal\1.3.6.1.4.1.14519.5.2.1.6279.6001.741173887596751104298730976972.png,1,Lung_CT,train
D:\skripsi\Dataset\lidc-idri-images-full\Malignant\1.3.6.1.4.1.14519.5.2.1.6279.6001.324567010179873305471925391582.png,1,Lung_CT,train
D:\skripsi\Dataset\lidc-idri-images-full\Normal\1.3.6.1.4.1.14519.5.2.1.6279.6001.224845111941302943990256315343.png,1,Lung_CT,train
D:\skripsi\Dataset\lidc-idri-images-full\Malignant\1.3.6.1.4.1.14519.5.2.1.6279.6001.192419869605596446455526220766.png,1,Lung_CT,train
D:\skripsi\Dataset\lidc-idri-images-full\Malignant\1.3.6.1.4.1.14519.5.2.1.6279.6001.317087518531899043292346860596.png,1,Lung_CT,train
D:\skripsi\Dataset\lidc-idri-images-full\Malignant\1.3.6.1.4.1.14519.5.2.1.6279.6001.204303454658845815034433453512.png,1,Lung_CT,train
D:\skripsi\Dataset\lidc-idri-images-full\Malignant\1.3.6.1.4.1.14519.5.2.1.6279.6001.242761658169703141430370511586.png,1,Lung_CT,train
D:\skripsi\Dataset\lidc-idri-images-full\Malignant\1.3.6.1.4.1.14519.5.2.1.6279.6001.205174485766424333452131788504.png,1,Lung_CT,train
D:\skripsi\Dataset\lidc-idri-images-full\Malignant\1.3.6.1.4.1.14519.5.2.1.6279.6001.219349715895470349269596532320.png,1,Lung_CT,train
D:\skripsi\Dataset\lidc-idri-images-full\Benign\1.3.6.1.4.1.14519.5.2.1.6279.6001.119304665257760307862874140576.png,1,Lung_CT,train
D:\skripsi\Dataset\lidc-idri-images-full\Malignant\1.3.6.1.4.1.14519.5.2.1.6279.6001.217955041973656886482758642958.png,1,Lung_CT,train
D:\skripsi\Dataset\lidc-idri-images-full\Malignant\1.3.6.1.4.1.14519.5.2.1.6279.6001.225515255547637437801620523312.png,1,Lung_CT,train
D:\skripsi\Dataset\lidc-idri-images-full\Benign\1.3.6.1.4.1.14519.5.2.1.6279.6001.262736997975960398949912434623.png,1,Lung_CT,train
D:\skripsi\Dataset\lidc-idri-images-full\Benign\1.3.6.1.4.1.14519.5.2.1.6279.6001.439153572396640163898529626096.png,1,Lung_CT,train
D:\skripsi\Dataset\lidc-idri-images-full\Malignant\1.3.6.1.4.1.14519.5.2.1.6279.6001.188619674701053082195613114069.png,1,Lung_CT,train
D:\skripsi\Dataset\lidc-idri-images-full\Malignant\1.3.6.1.4.1.14519.5.2.1.6279.6001.167237290696350215427953159586.png,1,Lung_CT,train
D:\skripsi\Dataset\lidc-idri-images-full\Benign\1.3.6.1.4.1.14519.5.2.1.6279.6001.994459772950022352718462251777.png,1,Lung_CT,train
D:\skripsi\Dataset\lidc-idri-images-full\Normal\1.3.6.1.4.1.14519.5.2.1.6279.6001.504674791539860887163753998534.png,1,Lung_CT,train
D:\skripsi\Dataset\lidc-idri-images-full\Normal\1.3.6.1.4.1.14519.5.2.1.6279.6001.139220092088925176183531326119.png,1,Lung_CT,train
D:\skripsi\Dataset\lidc-idri-images-full\Malignant\1.3.6.1.4.1.14519.5.2.1.6279.6001.910435939545691201820711078950.png,1,Lung_CT,train
D:\skripsi\Dataset\lidc-idri-images-full\Normal\1.3.6.1.4.1.14519.5.2.1.6279.6001.124656777236468248920498636247.png,1,Lung_CT,train
D:\skripsi\Dataset\lidc-idri-images-full\Malignant\1.3.6.1.4.1.14519.5.2.1.6279.6001.331136451298749863730308327406.png,1,Lung_CT,train
D:\skripsi\Dataset\lidc-idri-images-full\Benign\1.3.6.1.4.1.14519.5.2.1.6279.6001.188810583335835232643319245598.png,1,Lung_CT,train
D:\skripsi\Dataset\lidc-idri-images-full\Malignant\1.3.6.1.4.1.14519.5.2.1.6279.6001.296738183013079390785739615169.png,1,Lung_CT,train
D:\skripsi\Dataset\lidc-idri-images-full\Benign\1.3.6.1.4.1.14519.5.2.1.6279.6001.136830368929967292376608088362.png,1,Lung_CT,train
D:\skripsi\Dataset\lidc-idri-images-full\Malignant\1.3.6.1.4.1.14519.5.2.1.6279.6001.249314567767437206995861966896.png,1,Lung_CT,train
D:\skripsi\Dataset\lidc-idri-images-full\Malignant\1.3.6.1.4.1.14519.5.2.1.6279.6001.265780642925621389994857727416.png,1,Lung_CT,train
D:\skripsi\Dataset\lidc-idri-images-full\Normal\1.3.6.1.4.1.14519.5.2.1.6279.6001.803808126682275425758092691689.png,1,Lung_CT,train
D:\skripsi\Dataset\lidc-idri-images-full\Normal\1.3.6.1.4.1.14519.5.2.1.6279.6001.701514276942509393419164159551.png,1,Lung_CT,train
D:\skripsi\Dataset\lidc-idri-images-full\Malignant\1.3.6.1.4.1.14519.5.2.1.6279.6001.877026508860018521147620598474.png,1,Lung_CT,train
D:\skripsi\Dataset\lidc-idri-images-full\Malignant\1.3.6.1.4.1.14519.5.2.1.6279.6001.156190670724166928373489555815.png,1,Lung_CT,train
D:\skripsi\Dataset\lidc-idri-images-full\Normal\1.3.6.1.4.1.14519.5.2.1.6279.6001.159521777966998275980367008904.png,1,Lung_CT,train
D:\skripsi\Dataset\lidc-idri-images-full\Normal\1.3.6.1.4.1.14519.5.2.1.6279.6001.203179378754043776171267611064.png,1,Lung_CT,train
D:\skripsi\Dataset\lidc-idri-images-full\Benign\1.3.6.1.4.1.14519.5.2.1.6279.6001.213233719488315954975724605159.png,1,Lung_CT,train
D:\skripsi\Dataset\lidc-idri-images-full\Benign\1.3.6.1.4.1.14519.5.2.1.6279.6001.122763913896761494371822656720.png,1,Lung_CT,train
D:\skripsi\Dataset\lidc-idri-images-full\Malignant\1.3.6.1.4.1.14519.5.2.1.6279.6001.882070241245008756731854510592.png,1,Lung_CT,train
D:\skripsi\Dataset\lidc-idri-images-full\Malignant\1.3.6.1.4.1.14519.5.2.1.6279.6001.147979688121667984912633630926.png,1,Lung_CT,train
D:\skripsi\Dataset\lidc-idri-images-full\Malignant\1.3.6.1.4.1.14519.5.2.1.6279.6001.141430002307216644912805017227.png,1,Lung_CT,train
D:\skripsi\Dataset\lidc-idri-images-full\Malignant\1.3.6.1.4.1.14519.5.2.1.6279.6001.397522780537301776672854630421.png,1,Lung_CT,train
D:\skripsi\Dataset\lidc-idri-images-full\Malignant\1.3.6.1.4.1.14519.5.2.1.6279.6001.120842785645314664964010792308.png,1,Lung_CT,train
D:\skripsi\Dataset\lidc-idri-images-full\Benign\1.3.6.1.4.1.14519.5.2.1.6279.6001.219281726101239572270900838145.png,1,Lung_CT,train
D:\skripsi\Dataset\lidc-idri-images-full\Benign\1.3.6.1.4.1.14519.5.2.1.6279.6001.776429308535398795601496131524.png,1,Lung_CT,train
D:\skripsi\Dataset\lidc-idri-images-full\Normal\1.3.6.1.4.1.14519.5.2.1.6279.6001.146550750837219764744267805943.png,1,Lung_CT,train
D:\skripsi\Dataset\lidc-idri-images-full\Benign\1.3.6.1.4.1.14519.5.2.1.6279.6001.257840703452266097926250569223.png,1,Lung_CT,train
D:\skripsi\Dataset\lidc-idri-images-full\Normal\1.3.6.1.4.1.14519.5.2.1.6279.6001.232601316377404457746560486789.png,1,Lung_CT,train
D:\skripsi\Dataset\lidc-idri-images-full\Malignant\1.3.6.1.4.1.14519.5.2.1.6279.6001.337300646935809920301334388435.png,1,Lung_CT,train
D:\skripsi\Dataset\lidc-idri-images-full\Benign\1.3.6.1.4.1.14519.5.2.1.6279.6001.207341668080525761926965850679.png,1,Lung_CT,train
D:\skripsi\Dataset\lidc-idri-images-full\Malignant\1.3.6.1.4.1.14519.5.2.1.6279.6001.107351566259572521472765997306.png,1,Lung_CT,train
D:\skripsi\Dataset\lidc-idri-images-full\Malignant\1.3.6.1.4.1.14519.5.2.1.6279.6001.690929968028676628605553365896.png,1,Lung_CT,train
D:\skripsi\Dataset\lidc-idri-images-full\Malignant\1.3.6.1.4.1.14519.5.2.1.6279.6001.404768898286087278137462774930.png,1,Lung_CT,train
D:\skripsi\Dataset\lidc-idri-images-full\Normal\1.3.6.1.4.1.14519.5.2.1.6279.6001.525084244168015381779362827315.png,1,Lung_CT,train
D:\skripsi\Dataset\lidc-idri-images-full\Malignant\1.3.6.1.4.1.14519.5.2.1.6279.6001.236698827306171960683086245994.png,1,Lung_CT,train
D:\skripsi\Dataset\lidc-idri-images-full\Benign\1.3.6.1.4.1.14519.5.2.1.6279.6001.292049618819567427252971059233.png,1,Lung_CT,train
D:\skripsi\Dataset\lidc-idri-images-full\Malignant\1.3.6.1.4.1.14519.5.2.1.6279.6001.114914167428485563471327801935.png,1,Lung_CT,train
D:\skripsi\Dataset\lidc-idri-images-full\Normal\1.3.6.1.4.1.14519.5.2.1.6279.6001.158331375701437747232061396731.png,1,Lung_CT,train
D:\skripsi\Dataset\lidc-idri-images-full\Malignant\1.3.6.1.4.1.14519.5.2.1.6279.6001.183924380327950237519832859527.png,1,Lung_CT,train
D:\skripsi\Dataset\lidc-idri-images-full\Malignant\1.3.6.1.4.1.14519.5.2.1.6279.6001.487745546557477250336016826588.png,1,Lung_CT,train
D:\skripsi\Dataset\lidc-idri-images-full\Malignant\1.3.6.1.4.1.14519.5.2.1.6279.6001.309688315297714049405581648903.png,1,Lung_CT,train
D:\skripsi\Dataset\lidc-idri-images-full\Malignant\1.3.6.1.4.1.14519.5.2.1.6279.6001.346115813056769250958550383763.png,1,Lung_CT,train
D:\skripsi\Dataset\lidc-idri-images-full\Normal\1.3.6.1.4.1.14519.5.2.1.6279.6001.596908385953413160131451426904.png,1,Lung_CT,train
D:\skripsi\Dataset\lidc-idri-images-full\Normal\1.3.6.1.4.1.14519.5.2.1.6279.6001.149970002859913430732239217531.png,1,Lung_CT,train
D:\skripsi\Dataset\lidc-idri-images-full\Malignant\1.3.6.1.4.1.14519.5.2.1.6279.6001.199261544234308780356714831537.png,1,Lung_CT,train
D:\skripsi\Dataset\lidc-idri-images-full\Malignant\1.3.6.1.4.1.14519.5.2.1.6279.6001.283733738239331719775105586296.png,1,Lung_CT,train
D:\skripsi\Dataset\lidc-idri-images-full\Malignant\1.3.6.1.4.1.14519.5.2.1.6279.6001.106719103982792863757268101375.png,1,Lung_CT,train
D:\skripsi\Dataset\lidc-idri-images-full\Malignant\1.3.6.1.4.1.14519.5.2.1.6279.6001.142154819868944114554521645782.png,1,Lung_CT,train
D:\skripsi\Dataset\lidc-idri-images-full\Benign\1.3.6.1.4.1.14519.5.2.1.6279.6001.208232614464329269402379517327.png,1,Lung_CT,train
D:\skripsi\Dataset\lidc-idri-images-full\Malignant\1.3.6.1.4.1.14519.5.2.1.6279.6001.187694838527128312070807533473.png,1,Lung_CT,train
D:\skripsi\Dataset\lidc-idri-images-full\Benign\1.3.6.1.4.1.14519.5.2.1.6279.6001.304700823314998198591652152637.png,1,Lung_CT,train
D:\skripsi\Dataset\lidc-idri-images-full\Normal\1.3.6.1.4.1.14519.5.2.1.6279.6001.878278599615176577933791423896.png,1,Lung_CT,train
D:\skripsi\Dataset\lidc-idri-images-full\Normal\1.3.6.1.4.1.14519.5.2.1.6279.6001.162832490847512063349669512025.png,1,Lung_CT,train
D:\skripsi\Dataset\lidc-idri-images-full\Normal\1.3.6.1.4.1.14519.5.2.1.6279.6001.140043141379853172857758609667.png,1,Lung_CT,train
D:\skripsi\Dataset\lidc-idri-images-full\Malignant\1.3.6.1.4.1.14519.5.2.1.6279.6001.290410217650314119074833254861.png,1,Lung_CT,train
D:\skripsi\Dataset\lidc-idri-images-full\Normal\1.3.6.1.4.1.14519.5.2.1.6279.6001.159665703190517688573100822213.png,1,Lung_CT,train
D:\skripsi\Dataset\lidc-idri-images-full\Malignant\1.3.6.1.4.1.14519.5.2.1.6279.6001.202643836890896697853521610450.png,1,Lung_CT,train
D:\skripsi\Dataset\lidc-idri-images-full\Normal\1.3.6.1.4.1.14519.5.2.1.6279.6001.676620044795098555169898504281.png,1,Lung_CT,train
D:\skripsi\Dataset\lidc-idri-images-full\Normal\1.3.6.1.4.1.14519.5.2.1.6279.6001.323550906502966539088062396689.png,1,Lung_CT,train
D:\skripsi\Dataset\lidc-idri-images-full\Normal\1.3.6.1.4.1.14519.5.2.1.6279.6001.329316376883917723107946185098.png,1,Lung_CT,train
D:\skripsi\Dataset\lidc-idri-images-full\Malignant\1.3.6.1.4.1.14519.5.2.1.6279.6001.313835996725364342034830119490.png,1,Lung_CT,train
D:\skripsi\Dataset\lidc-idri-images-full\Normal\1.3.6.1.4.1.14519.5.2.1.6279.6001.307921770358136677021532761235.png,1,Lung_CT,train
D:\skripsi\Dataset\lidc-idri-images-full\Normal\1.3.6.1.4.1.14519.5.2.1.6279.6001.273831933125344438720753919980.png,1,Lung_CT,train
D:\skripsi\Dataset\lidc-idri-images-full\Benign\1.3.6.1.4.1.14519.5.2.1.6279.6001.944888107209008719031293531091.png,1,Lung_CT,train
D:\skripsi\Dataset\lidc-idri-images-full\Benign\1.3.6.1.4.1.14519.5.2.1.6279.6001.118924792893665851774878880764.png,1,Lung_CT,train
D:\skripsi\Dataset\lidc-idri-images-full\Malignant\1.3.6.1.4.1.14519.5.2.1.6279.6001.729393032160994201323913769062.png,1,Lung_CT,train
D:\skripsi\Dataset\lidc-idri-images-full\Normal\1.3.6.1.4.1.14519.5.2.1.6279.6001.150973567609484061404182550091.png,1,Lung_CT,train
D:\skripsi\Dataset\lidc-idri-images-full\Benign\1.3.6.1.4.1.14519.5.2.1.6279.6001.334022941831199910030220864961.png,1,Lung_CT,train
D:\skripsi\Dataset\lidc-idri-images-full\Benign\1.3.6.1.4.1.14519.5.2.1.6279.6001.156990013635454707781600846659.png,1,Lung_CT,train
D:\skripsi\Dataset\lidc-idri-images-full\Normal\1.3.6.1.4.1.14519.5.2.1.6279.6001.105870892833212721054592824621.png,1,Lung_CT,train
D:\skripsi\Dataset\lidc-idri-images-full\Malignant\1.3.6.1.4.1.14519.5.2.1.6279.6001.272190966764020277652079081128.png,1,Lung_CT,train
D:\skripsi\Dataset\lidc-idri-images-full\Benign\1.3.6.1.4.1.14519.5.2.1.6279.6001.119806527488108718706404165837.png,1,Lung_CT,train
D:\skripsi\Dataset\lidc-idri-images-full\Malignant\1.3.6.1.4.1.14519.5.2.1.6279.6001.892375496445736188832556446335.png,1,Lung_CT,train
D:\skripsi\Dataset\lidc-idri-images-full\Malignant\1.3.6.1.4.1.14519.5.2.1.6279.6001.521769369571221401762293248597.png,1,Lung_CT,train
D:\skripsi\Dataset\lidc-idri-images-full\Benign\1.3.6.1.4.1.14519.5.2.1.6279.6001.273114237565908267693578699977.png,1,Lung_CT,train
D:\skripsi\Dataset\lidc-idri-images-full\Malignant\1.3.6.1.4.1.14519.5.2.1.6279.6001.314622489630148068477223733595.png,1,Lung_CT,train
D:\skripsi\Dataset\lidc-idri-images-full\Malignant\1.3.6.1.4.1.14519.5.2.1.6279.6001.262873069163227096134627700599.png,1,Lung_CT,train
D:\skripsi\Dataset\lidc-idri-images-full\Normal\1.3.6.1.4.1.14519.5.2.1.6279.6001.197987940182806628828566429132.png,1,Lung_CT,train
D:\skripsi\Dataset\lidc-idri-images-full\Benign\1.3.6.1.4.1.14519.5.2.1.6279.6001.303421828981831854739626597495.png,1,Lung_CT,train
D:\skripsi\Dataset\lidc-idri-images-full\Benign\1.3.6.1.4.1.14519.5.2.1.6279.6001.176362912420491262783064585333.png,1,Lung_CT,train
D:\skripsi\Dataset\lidc-idri-images-full\Malignant\1.3.6.1.4.1.14519.5.2.1.6279.6001.110399334711437930497698442208.png,1,Lung_CT,train
D:\skripsi\Dataset\lidc-idri-images-full\Malignant\1.3.6.1.4.1.14519.5.2.1.6279.6001.686768766518862600747989429768.png,1,Lung_CT,train
D:\skripsi\Dataset\lidc-idri-images-full\Normal\1.3.6.1.4.1.14519.5.2.1.6279.6001.246178337114401749164850220976.png,1,Lung_CT,train
D:\skripsi\Dataset\lidc-idri-images-full\Normal\1.3.6.1.4.1.14519.5.2.1.6279.6001.829933155161469771998787361943.png,1,Lung_CT,train
D:\skripsi\Dataset\lidc-idri-images-full\Benign\1.3.6.1.4.1.14519.5.2.1.6279.6001.222087811960706096424718056430.png,1,Lung_CT,train
D:\skripsi\Dataset\lidc-idri-images-full\Malignant\1.3.6.1.4.1.14519.5.2.1.6279.6001.177252583002664900748714851615.png,1,Lung_CT,train
D:\skripsi\Dataset\lidc-idri-images-full\Malignant\1.3.6.1.4.1.14519.5.2.1.6279.6001.114643134991547510142488707241.png,1,Lung_CT,train
D:\skripsi\Dataset\lidc-idri-images-full\Normal\1.3.6.1.4.1.14519.5.2.1.6279.6001.980970915982642197314267631398.png,1,Lung_CT,train
D:\skripsi\Dataset\lidc-idri-images-full\Malignant\1.3.6.1.4.1.14519.5.2.1.6279.6001.226456162308124493341905600418.png,1,Lung_CT,train
D:\skripsi\Dataset\lidc-idri-images-full\Malignant\1.3.6.1.4.1.14519.5.2.1.6279.6001.257515388956260258681136624817.png,1,Lung_CT,train
D:\skripsi\Dataset\lidc-idri-images-full\Normal\1.3.6.1.4.1.14519.5.2.1.6279.6001.885168397833922082085837240429.png,1,Lung_CT,train
D:\skripsi\Dataset\lidc-idri-images-full\Malignant\1.3.6.1.4.1.14519.5.2.1.6279.6001.561423049201987049884663740668.png,1,Lung_CT,train
D:\skripsi\Dataset\lidc-idri-images-full\Benign\1.3.6.1.4.1.14519.5.2.1.6279.6001.329334252028672866365623335798.png,1,Lung_CT,train
D:\skripsi\Dataset\lidc-idri-images-full\Malignant\1.3.6.1.4.1.14519.5.2.1.6279.6001.166662353777397833477082464008.png,1,Lung_CT,train
D:\skripsi\Dataset\lidc-idri-images-full\Benign\1.3.6.1.4.1.14519.5.2.1.6279.6001.566816709786169715745131047975.png,1,Lung_CT,train
D:\skripsi\Dataset\lidc-idri-images-full\Malignant\1.3.6.1.4.1.14519.5.2.1.6279.6001.733642690503782454656013446707.png,1,Lung_CT,train
D:\skripsi\Dataset\lidc-idri-images-full\Normal\1.3.6.1.4.1.14519.5.2.1.6279.6001.270306633918898619338449637639.png,1,Lung_CT,train
D:\skripsi\Dataset\lidc-idri-images-full\Normal\1.3.6.1.4.1.14519.5.2.1.6279.6001.888615810685807330497715730842.png,1,Lung_CT,train
D:\skripsi\Dataset\lidc-idri-images-full\Normal\1.3.6.1.4.1.14519.5.2.1.6279.6001.493562949900213760403901722902.png,1,Lung_CT,train
D:\skripsi\Dataset\lidc-idri-images-full\Malignant\1.3.6.1.4.1.14519.5.2.1.6279.6001.300146276266881736689307479986.png,1,Lung_CT,train
D:\skripsi\Dataset\lidc-idri-images-full\Normal\1.3.6.1.4.1.14519.5.2.1.6279.6001.885323163998350511687073524643.png,1,Lung_CT,train
D:\skripsi\Dataset\lidc-idri-images-full\Benign\1.3.6.1.4.1.14519.5.2.1.6279.6001.153646219551578201092527860224.png,1,Lung_CT,train
D:\skripsi\Dataset\lidc-idri-images-full\Malignant\1.3.6.1.4.1.14519.5.2.1.6279.6001.970428941353693253759289796610.png,1,Lung_CT,train
D:\skripsi\Dataset\lidc-idri-images-full\Normal\1.3.6.1.4.1.14519.5.2.1.6279.6001.149484561117305919058718221926.png,1,Lung_CT,train
D:\skripsi\Dataset\lidc-idri-images-full\Malignant\1.3.6.1.4.1.14519.5.2.1.6279.6001.311476128731958142981941696518.png,1,Lung_CT,train
D:\skripsi\Dataset\lidc-idri-images-full\Malignant\1.3.6.1.4.1.14519.5.2.1.6279.6001.321465552859463184018938648244.png,1,Lung_CT,train
D:\skripsi\Dataset\lidc-idri-images-full\Normal\1.3.6.1.4.1.14519.5.2.1.6279.6001.336635739793228992205608339049.png,1,Lung_CT,train
D:\skripsi\Dataset\lidc-idri-images-full\Benign\1.3.6.1.4.1.14519.5.2.1.6279.6001.139577698050713461261415990027.png,1,Lung_CT,train
D:\skripsi\Dataset\lidc-idri-images-full\Malignant\1.3.6.1.4.1.14519.5.2.1.6279.6001.176869045992276345870480098568.png,1,Lung_CT,train
D:\skripsi\Dataset\lidc-idri-images-full\Malignant\1.3.6.1.4.1.14519.5.2.1.6279.6001.413896555982844732694353377538.png,1,Lung_CT,train
D:\skripsi\Dataset\lidc-idri-images-full\Malignant\1.3.6.1.4.1.14519.5.2.1.6279.6001.137763212752154081977261297097.png,1,Lung_CT,train
D:\skripsi\Dataset\lidc-idri-images-full\Normal\1.3.6.1.4.1.14519.5.2.1.6279.6001.242008481133355578039985255654.png,1,Lung_CT,train
D:\skripsi\Dataset\lidc-idri-images-full\Malignant\1.3.6.1.4.1.14519.5.2.1.6279.6001.241717018262666382493757419144.png,1,Lung_CT,train
D:\skripsi\Dataset\lidc-idri-images-full\Malignant\1.3.6.1.4.1.14519.5.2.1.6279.6001.301582691063019848479942618641.png,1,Lung_CT,train
D:\skripsi\Dataset\lidc-idri-images-full\Normal\1.3.6.1.4.1.14519.5.2.1.6279.6001.140614242738455943374226148817.png,1,Lung_CT,train
D:\skripsi\Dataset\lidc-idri-images-full\Malignant\1.3.6.1.4.1.14519.5.2.1.6279.6001.121391737347333465796214915391.png,1,Lung_CT,train
D:\skripsi\Dataset\lidc-idri-images-full\Malignant\1.3.6.1.4.1.14519.5.2.1.6279.6001.149041668385192796520281592139.png,1,Lung_CT,train
D:\skripsi\Dataset\lidc-idri-images-full\Malignant\1.3.6.1.4.1.14519.5.2.1.6279.6001.234596906942464365886790139804.png,1,Lung_CT,train
D:\skripsi\Dataset\lidc-idri-images-full\Malignant\1.3.6.1.4.1.14519.5.2.1.6279.6001.805925269324902055566754756843.png,1,Lung_CT,train
D:\skripsi\Dataset\lidc-idri-images-full\Benign\1.3.6.1.4.1.14519.5.2.1.6279.6001.171667800241622018839592854574.png,1,Lung_CT,train
D:\skripsi\Dataset\lidc-idri-images-full\Normal\1.3.6.1.4.1.14519.5.2.1.6279.6001.526570782606728516388531252230.png,1,Lung_CT,train
D:\skripsi\Dataset\lidc-idri-images-full\Malignant\1.3.6.1.4.1.14519.5.2.1.6279.6001.340012777775661021262977442176.png,1,Lung_CT,train
D:\skripsi\Dataset\lidc-idri-images-full\Benign\1.3.6.1.4.1.14519.5.2.1.6279.6001.102133688497886810253331438797.png,1,Lung_CT,train
D:\skripsi\Dataset\lidc-idri-images-full\Malignant\1.3.6.1.4.1.14519.5.2.1.6279.6001.680646133733282426972238649816.png,1,Lung_CT,train
D:\skripsi\Dataset\lidc-idri-images-full\Malignant\1.3.6.1.4.1.14519.5.2.1.6279.6001.114195693932194925962391697338.png,1,Lung_CT,train
D:\skripsi\Dataset\lidc-idri-images-full\Normal\1.3.6.1.4.1.14519.5.2.1.6279.6001.252133514742798966494450091999.png,1,Lung_CT,train
D:\skripsi\Dataset\lidc-idri-images-full\Normal\1.3.6.1.4.1.14519.5.2.1.6279.6001.187315748963327646100167691452.png,1,Lung_CT,train
D:\skripsi\Dataset\lidc-idri-images-full\Normal\1.3.6.1.4.1.14519.5.2.1.6279.6001.202943208413928063516044802880.png,1,Lung_CT,train
D:\skripsi\Dataset\lidc-idri-images-full\Normal\1.3.6.1.4.1.14519.5.2.1.6279.6001.334184846571549530235084187602.png,1,Lung_CT,train
D:\skripsi\Dataset\lidc-idri-images-full\Normal\1.3.6.1.4.1.14519.5.2.1.6279.6001.297807634790625642724184557301.png,1,Lung_CT,train
D:\skripsi\Dataset\lidc-idri-images-full\Benign\1.3.6.1.4.1.14519.5.2.1.6279.6001.315918264676377418120578391325.png,1,Lung_CT,train
D:\skripsi\Dataset\lidc-idri-images-full\Malignant\1.3.6.1.4.1.14519.5.2.1.6279.6001.323535944958374186208096541480.png,1,Lung_CT,train
D:\skripsi\Dataset\lidc-idri-images-full\Malignant\1.3.6.1.4.1.14519.5.2.1.6279.6001.621916089407825046337959219998.png,1,Lung_CT,train
D:\skripsi\Dataset\lidc-idri-images-full\Normal\1.3.6.1.4.1.14519.5.2.1.6279.6001.188744668142367349818410044874.png,1,Lung_CT,train
D:\skripsi\Dataset\lidc-idri-images-full\Normal\1.3.6.1.4.1.14519.5.2.1.6279.6001.310776267506244356102545943489.png,1,Lung_CT,train
D:\skripsi\Dataset\lidc-idri-images-full\Normal\1.3.6.1.4.1.14519.5.2.1.6279.6001.201497689881527038974435337316.png,1,Lung_CT,train
D:\skripsi\Dataset\lidc-idri-images-full\Malignant\1.3.6.1.4.1.14519.5.2.1.6279.6001.239389342402193071820830903329.png,1,Lung_CT,train
D:\skripsi\Dataset\lidc-idri-images-full\Malignant\1.3.6.1.4.1.14519.5.2.1.6279.6001.148447286464082095534651426689.png,1,Lung_CT,train
D:\skripsi\Dataset\lidc-idri-images-full\Benign\1.3.6.1.4.1.14519.5.2.1.6279.6001.401389720232123950202941034290.png,1,Lung_CT,train
D:\skripsi\Dataset\lidc-idri-images-full\Benign\1.3.6.1.4.1.14519.5.2.1.6279.6001.674809958213117379592437424616.png,1,Lung_CT,train
D:\skripsi\Dataset\lidc-idri-images-full\Normal\1.3.6.1.4.1.14519.5.2.1.6279.6001.289673114728957557138191879489.png,1,Lung_CT,train
D:\skripsi\Dataset\lidc-idri-images-full\Normal\1.3.6.1.4.1.14519.5.2.1.6279.6001.265570697208310960298668720669.png,1,Lung_CT,train
D:\skripsi\Dataset\lidc-idri-images-full\Malignant\1.3.6.1.4.1.14519.5.2.1.6279.6001.147655093163318843042274577903.png,1,Lung_CT,train
D:\skripsi\Dataset\lidc-idri-images-full\Malignant\1.3.6.1.4.1.14519.5.2.1.6279.6001.147362147874526540734083859066.png,1,Lung_CT,train
D:\skripsi\Dataset\lidc-idri-images-full\Normal\1.3.6.1.4.1.14519.5.2.1.6279.6001.361395239388119938661705167868.png,1,Lung_CT,train
D:\skripsi\Dataset\lidc-idri-images-full\Malignant\1.3.6.1.4.1.14519.5.2.1.6279.6001.779493719385047675154892222907.png,1,Lung_CT,train
D:\skripsi\Dataset\lidc-idri-images-full\Malignant\1.3.6.1.4.1.14519.5.2.1.6279.6001.339546614783708685476232944897.png,1,Lung_CT,train
D:\skripsi\Dataset\lidc-idri-images-full\Malignant\1.3.6.1.4.1.14519.5.2.1.6279.6001.215871171950559139794948002203.png,1,Lung_CT,train
D:\skripsi\Dataset\lidc-idri-images-full\Benign\1.3.6.1.4.1.14519.5.2.1.6279.6001.254957696184671649675053562027.png,1,Lung_CT,train
D:\skripsi\Dataset\lidc-idri-images-full\Normal\1.3.6.1.4.1.14519.5.2.1.6279.6001.209269973797560820442292189762.png,1,Lung_CT,train
D:\skripsi\Dataset\lidc-idri-images-full\Benign\1.3.6.1.4.1.14519.5.2.1.6279.6001.161073793312426102774780216551.png,1,Lung_CT,train
D:\skripsi\Dataset\lidc-idri-images-full\Normal\1.3.6.1.4.1.14519.5.2.1.6279.6001.141365756818074696859567662357.png,1,Lung_CT,train
D:\skripsi\Dataset\lidc-idri-images-full\Benign\1.3.6.1.4.1.14519.5.2.1.6279.6001.564534197011295112247542153557.png,1,Lung_CT,train
D:\skripsi\Dataset\lidc-idri-images-full\Malignant\1.3.6.1.4.1.14519.5.2.1.6279.6001.310548927038333190233889983845.png,1,Lung_CT,train
D:\skripsi\Dataset\lidc-idri-images-full\Malignant\1.3.6.1.4.1.14519.5.2.1.6279.6001.146987333806092287055399155268.png,1,Lung_CT,train
D:\skripsi\Dataset\lidc-idri-images-full\Malignant\1.3.6.1.4.1.14519.5.2.1.6279.6001.850739282072340578344345230132.png,1,Lung_CT,train
D:\skripsi\Dataset\lidc-idri-images-full\Malignant\1.3.6.1.4.1.14519.5.2.1.6279.6001.168737928729363683423228050295.png,1,Lung_CT,train
D:\skripsi\Dataset\lidc-idri-images-full\Normal\1.3.6.1.4.1.14519.5.2.1.6279.6001.310626494937915759224334597176.png,1,Lung_CT,train
D:\skripsi\Dataset\lidc-idri-images-full\Malignant\1.3.6.1.4.1.14519.5.2.1.6279.6001.196251645377731223510086726530.png,1,Lung_CT,train
D:\skripsi\Dataset\lidc-idri-images-full\Benign\1.3.6.1.4.1.14519.5.2.1.6279.6001.200558451375970945040979397866.png,1,Lung_CT,train
D:\skripsi\Dataset\lidc-idri-images-full\Normal\1.3.6.1.4.1.14519.5.2.1.6279.6001.232786588606464808026607934320.png,1,Lung_CT,train
D:\skripsi\Dataset\lidc-idri-images-full\Benign\1.3.6.1.4.1.14519.5.2.1.6279.6001.141174904898798023569427533813.png,1,Lung_CT,train
D:\skripsi\Dataset\lidc-idri-images-full\Malignant\1.3.6.1.4.1.14519.5.2.1.6279.6001.160586340600816116143631200450.png,1,Lung_CT,train
D:\skripsi\Dataset\lidc-idri-images-full\Malignant\1.3.6.1.4.1.14519.5.2.1.6279.6001.170344311940983984999167745197.png,1,Lung_CT,train
D:\skripsi\Dataset\lidc-idri-images-full\Normal\1.3.6.1.4.1.14519.5.2.1.6279.6001.246445082715406922548314595791.png,1,Lung_CT,train
D:\skripsi\Dataset\lidc-idri-images-full\Benign\1.3.6.1.4.1.14519.5.2.1.6279.6001.184412674007117333405073397832.png,1,Lung_CT,train
D:\skripsi\Dataset\lidc-idri-images-full\Benign\1.3.6.1.4.1.14519.5.2.1.6279.6001.240630002689062442926543993263.png,1,Lung_CT,train
D:\skripsi\Dataset\lidc-idri-images-full\Malignant\1.3.6.1.4.1.14519.5.2.1.6279.6001.670107649586205629860363487713.png,1,Lung_CT,train
D:\skripsi\Dataset\lidc-idri-images-full\Benign\1.3.6.1.4.1.14519.5.2.1.6279.6001.143410010885830403003179808334.png,1,Lung_CT,train
D:\skripsi\Dataset\lidc-idri-images-full\Benign\1.3.6.1.4.1.14519.5.2.1.6279.6001.323426705628838942177546503237.png,1,Lung_CT,train
D:\skripsi\Dataset\lidc-idri-images-full\Malignant\1.3.6.1.4.1.14519.5.2.1.6279.6001.233001470265230594739708503198.png,1,Lung_CT,train
D:\skripsi\Dataset\lidc-idri-images-full\Malignant\1.3.6.1.4.1.14519.5.2.1.6279.6001.397062004302272014259317520874.png,1,Lung_CT,train
D:\skripsi\Dataset\lidc-idri-images-full\Malignant\1.3.6.1.4.1.14519.5.2.1.6279.6001.341557859428950960906150406596.png,1,Lung_CT,train
D:\skripsi\Dataset\lidc-idri-images-full\Malignant\1.3.6.1.4.1.14519.5.2.1.6279.6001.741709061958490690246385302477.png,1,Lung_CT,train
D:\skripsi\Dataset\lidc-idri-images-full\Malignant\1.3.6.1.4.1.14519.5.2.1.6279.6001.174692377730646477496286081479.png,1,Lung_CT,train
D:\skripsi\Dataset\lidc-idri-images-full\Malignant\1.3.6.1.4.1.14519.5.2.1.6279.6001.323646598927268841433920119813.png,1,Lung_CT,train
D:\skripsi\Dataset\lidc-idri-images-full\Malignant\1.3.6.1.4.1.14519.5.2.1.6279.6001.743969234977916254223533321294.png,1,Lung_CT,train
D:\skripsi\Dataset\lidc-idri-images-full\Normal\1.3.6.1.4.1.14519.5.2.1.6279.6001.610552861714864514744852217640.png,1,Lung_CT,train
D:\skripsi\Dataset\lidc-idri-images-full\Normal\1.3.6.1.4.1.14519.5.2.1.6279.6001.751575780761403927528673045356.png,1,Lung_CT,train
D:\skripsi\Dataset\lidc-idri-images-full\Normal\1.3.6.1.4.1.14519.5.2.1.6279.6001.316239505662510081371960581239.png,1,Lung_CT,train
D:\skripsi\Dataset\lidc-idri-images-full\Normal\1.3.6.1.4.1.14519.5.2.1.6279.6001.516669228793026922308964259577.png,1,Lung_CT,train
D:\skripsi\Dataset\lidc-idri-images-full\Malignant\1.3.6.1.4.1.14519.5.2.1.6279.6001.338114620394879648539943280992.png,1,Lung_CT,train
D:\skripsi\Dataset\lidc-idri-images-full\Normal\1.3.6.1.4.1.14519.5.2.1.6279.6001.229171189693734694696158152904.png,1,Lung_CT,train
D:\skripsi\Dataset\lidc-idri-images-full\Benign\1.3.6.1.4.1.14519.5.2.1.6279.6001.898642529028521482602829374444.png,1,Lung_CT,train
D:\skripsi\Dataset\lidc-idri-images-full\Benign\1.3.6.1.4.1.14519.5.2.1.6279.6001.272042302501586336192628818865.png,1,Lung_CT,train
D:\skripsi\Dataset\lidc-idri-images-full\Normal\1.3.6.1.4.1.14519.5.2.1.6279.6001.191617711875409989053242965150.png,1,Lung_CT,train
D:\skripsi\Dataset\lidc-idri-images-full\Normal\1.3.6.1.4.1.14519.5.2.1.6279.6001.465203542815096670421396392391.png,1,Lung_CT,train
D:\skripsi\Dataset\lidc-idri-images-full\Malignant\1.3.6.1.4.1.14519.5.2.1.6279.6001.248357157975955379661896491341.png,1,Lung_CT,train
D:\skripsi\Dataset\lidc-idri-images-full\Benign\1.3.6.1.4.1.14519.5.2.1.6279.6001.267548381386991759527388880837.png,1,Lung_CT,train
D:\skripsi\Dataset\lidc-idri-images-full\Malignant\1.3.6.1.4.1.14519.5.2.1.6279.6001.139595277234735528205899724196.png,1,Lung_CT,train
D:\skripsi\Dataset\lidc-idri-images-full\Normal\1.3.6.1.4.1.14519.5.2.1.6279.6001.177888806135892723698313903329.png,1,Lung_CT,train
D:\skripsi\Dataset\lidc-idri-images-full\Benign\1.3.6.1.4.1.14519.5.2.1.6279.6001.780558315515979171413904604168.png,1,Lung_CT,train
D:\skripsi\Dataset\lidc-idri-images-full\Malignant\1.3.6.1.4.1.14519.5.2.1.6279.6001.309955999522338651429118207446.png,1,Lung_CT,train
D:\skripsi\Dataset\lidc-idri-images-full\Malignant\1.3.6.1.4.1.14519.5.2.1.6279.6001.334517907433161353885866806005.png,1,Lung_CT,train
D:\skripsi\Dataset\lidc-idri-images-full\Normal\1.3.6.1.4.1.14519.5.2.1.6279.6001.226429490432313810930218926094.png,1,Lung_CT,train
D:\skripsi\Dataset\lidc-idri-images-full\Benign\1.3.6.1.4.1.14519.5.2.1.6279.6001.939216568327879462530496768794.png,1,Lung_CT,train
D:\skripsi\Dataset\lidc-idri-images-full\Malignant\1.3.6.1.4.1.14519.5.2.1.6279.6001.525937963993475482158828421281.png,1,Lung_CT,train
D:\skripsi\Dataset\lidc-idri-images-full\Benign\1.3.6.1.4.1.14519.5.2.1.6279.6001.178391668569567816549737454720.png,1,Lung_CT,train
D:\skripsi\Dataset\lidc-idri-images-full\Malignant\1.3.6.1.4.1.14519.5.2.1.6279.6001.397202838387416555106806022938.png,1,Lung_CT,train
D:\skripsi\Dataset\lidc-idri-images-full\Normal\1.3.6.1.4.1.14519.5.2.1.6279.6001.336163423555823377991330718547.png,1,Lung_CT,train
D:\skripsi\Dataset\lidc-idri-images-full\Malignant\1.3.6.1.4.1.14519.5.2.1.6279.6001.206200456333833579428083808192.png,1,Lung_CT,train
D:\skripsi\Dataset\lidc-idri-images-full\Malignant\1.3.6.1.4.1.14519.5.2.1.6279.6001.328695385904874796172316226975.png,1,Lung_CT,train
D:\skripsi\Dataset\lidc-idri-images-full\Benign\1.3.6.1.4.1.14519.5.2.1.6279.6001.238019241099704094018548301753.png,1,Lung_CT,train
D:\skripsi\Dataset\lidc-idri-images-full\Malignant\1.3.6.1.4.1.14519.5.2.1.6279.6001.699408489230474820984000839814.png,1,Lung_CT,train
D:\skripsi\Dataset\lidc-idri-images-full\Normal\1.3.6.1.4.1.14519.5.2.1.6279.6001.220041426531925632952954881401.png,1,Lung_CT,train
D:\skripsi\Dataset\lidc-idri-images-full\Benign\1.3.6.1.4.1.14519.5.2.1.6279.6001.188265424231150847356515802868.png,1,Lung_CT,train
D:\skripsi\Dataset\lidc-idri-images-full\Benign\1.3.6.1.4.1.14519.5.2.1.6279.6001.318165737094336595335967914048.png,1,Lung_CT,train
D:\skripsi\Dataset\lidc-idri-images-full\Malignant\1.3.6.1.4.1.14519.5.2.1.6279.6001.321592580403367978777549154870.png,1,Lung_CT,train
D:\skripsi\Dataset\lidc-idri-images-full\Normal\1.3.6.1.4.1.14519.5.2.1.6279.6001.197571418213646233014868925501.png,1,Lung_CT,train
D:\skripsi\Dataset\lidc-idri-images-full\Benign\1.3.6.1.4.1.14519.5.2.1.6279.6001.226889213794065160713547677129.png,1,Lung_CT,train
D:\skripsi\Dataset\lidc-idri-images-full\Normal\1.3.6.1.4.1.14519.5.2.1.6279.6001.228943689401023098076976443097.png,1,Lung_CT,train
D:\skripsi\Dataset\lidc-idri-images-full\Malignant\1.3.6.1.4.1.14519.5.2.1.6279.6001.176030616406569931557298712518.png,1,Lung_CT,train
D:\skripsi\Dataset\lidc-idri-images-full\Malignant\1.3.6.1.4.1.14519.5.2.1.6279.6001.834524741180852916411312150212.png,1,Lung_CT,train
D:\skripsi\Dataset\lidc-idri-images-full\Normal\1.3.6.1.4.1.14519.5.2.1.6279.6001.461746091282302068924103463997.png,1,Lung_CT,train
D:\skripsi\Dataset\lidc-idri-images-full\Benign\1.3.6.1.4.1.14519.5.2.1.6279.6001.259124675432205040899951626253.png,1,Lung_CT,train
D:\skripsi\Dataset\lidc-idri-images-full\Malignant\1.3.6.1.4.1.14519.5.2.1.6279.6001.215640837032688688030770057224.png,1,Lung_CT,train
D:\skripsi\Dataset\lidc-idri-images-full\Normal\1.3.6.1.4.1.14519.5.2.1.6279.6001.270595341434264431819455140983.png,1,Lung_CT,train
D:\skripsi\Dataset\lidc-idri-images-full\Benign\1.3.6.1.4.1.14519.5.2.1.6279.6001.323541312620128092852212458228.png,1,Lung_CT,train
D:\skripsi\Dataset\lidc-idri-images-full\Benign\1.3.6.1.4.1.14519.5.2.1.6279.6001.948571344159440282864365970915.png,1,Lung_CT,train
D:\skripsi\Dataset\lidc-idri-images-full\Benign\1.3.6.1.4.1.14519.5.2.1.6279.6001.776800177074349870648765614630.png,1,Lung_CT,train
D:\skripsi\Dataset\lidc-idri-images-full\Malignant\1.3.6.1.4.1.14519.5.2.1.6279.6001.905371958588660410240398317235.png,1,Lung_CT,train
D:\skripsi\Dataset\lidc-idri-images-full\Malignant\1.3.6.1.4.1.14519.5.2.1.6279.6001.314789075871001236641548593165.png,1,Lung_CT,train
D:\skripsi\Dataset\lidc-idri-images-full\Malignant\1.3.6.1.4.1.14519.5.2.1.6279.6001.669435869708883155232318480131.png,1,Lung_CT,train
D:\skripsi\Dataset\lidc-idri-images-full\Normal\1.3.6.1.4.1.14519.5.2.1.6279.6001.324649110927013926557500550446.png,1,Lung_CT,train
D:\skripsi\Dataset\lidc-idri-images-full\Normal\1.3.6.1.4.1.14519.5.2.1.6279.6001.541650212189696551261299172506.png,1,Lung_CT,train
D:\skripsi\Dataset\lidc-idri-images-full\Benign\1.3.6.1.4.1.14519.5.2.1.6279.6001.291539125579672469833850180824.png,1,Lung_CT,train
D:\skripsi\Dataset\lidc-idri-images-full\Normal\1.3.6.1.4.1.14519.5.2.1.6279.6001.850400065999974190169503174211.png,1,Lung_CT,train
D:\skripsi\Dataset\lidc-idri-images-full\Normal\1.3.6.1.4.1.14519.5.2.1.6279.6001.299480094258213201778610004898.png,1,Lung_CT,train
D:\skripsi\Dataset\lidc-idri-images-full\Malignant\1.3.6.1.4.1.14519.5.2.1.6279.6001.130474485904575556140474094227.png,1,Lung_CT,train
D:\skripsi\Dataset\lidc-idri-images-full\Normal\1.3.6.1.4.1.14519.5.2.1.6279.6001.183623208419076366525827719595.png,1,Lung_CT,train
D:\skripsi\Dataset\lidc-idri-images-full\Normal\1.3.6.1.4.1.14519.5.2.1.6279.6001.390009458146468860187238398197.png,1,Lung_CT,train
D:\skripsi\Dataset\lidc-idri-images-full\Normal\1.3.6.1.4.1.14519.5.2.1.6279.6001.151669338315069779994664893123.png,1,Lung_CT,train
D:\skripsi\Dataset\lidc-idri-images-full\Malignant\1.3.6.1.4.1.14519.5.2.1.6279.6001.276608396053469154601144314145.png,1,Lung_CT,train
D:\skripsi\Dataset\lidc-idri-images-full\Normal\1.3.6.1.4.1.14519.5.2.1.6279.6001.114054218667317930927862227810.png,1,Lung_CT,train
D:\skripsi\Dataset\lidc-idri-images-full\Benign\1.3.6.1.4.1.14519.5.2.1.6279.6001.283669633727910557834111970312.png,1,Lung_CT,train
D:\skripsi\Dataset\lidc-idri-images-full\Malignant\1.3.6.1.4.1.14519.5.2.1.6279.6001.156579001330474859527530187095.png,1,Lung_CT,train
D:\skripsi\Dataset\lidc-idri-images-full\Benign\1.3.6.1.4.1.14519.5.2.1.6279.6001.329624439086643515259182406526.png,1,Lung_CT,train
D:\skripsi\Dataset\lidc-idri-images-full\Malignant\1.3.6.1.4.1.14519.5.2.1.6279.6001.592821488053137951302246128864.png,1,Lung_CT,train
D:\skripsi\Dataset\lidc-idri-images-full\Benign\1.3.6.1.4.1.14519.5.2.1.6279.6001.550599855064600241623943717588.png,1,Lung_CT,train
D:\skripsi\Dataset\lidc-idri-images-full\Malignant\1.3.6.1.4.1.14519.5.2.1.6279.6001.803987517543436570820681016103.png,1,Lung_CT,train
D:\skripsi\Dataset\lidc-idri-images-full\Benign\1.3.6.1.4.1.14519.5.2.1.6279.6001.134519406153127654901640638633.png,1,Lung_CT,train
D:\skripsi\Dataset\lidc-idri-images-full\Malignant\1.3.6.1.4.1.14519.5.2.1.6279.6001.293593766328917170359373773080.png,1,Lung_CT,train
D:\skripsi\Dataset\lidc-idri-images-full\Normal\1.3.6.1.4.1.14519.5.2.1.6279.6001.182798854785392200340436516930.png,1,Lung_CT,train
D:\skripsi\Dataset\lidc-idri-images-full\Normal\1.3.6.1.4.1.14519.5.2.1.6279.6001.298718327861275033002179186448.png,1,Lung_CT,train
D:\skripsi\Dataset\lidc-idri-images-full\Malignant\1.3.6.1.4.1.14519.5.2.1.6279.6001.340202188094259402036602717327.png,1,Lung_CT,train
D:\skripsi\Dataset\lidc-idri-images-full\Malignant\1.3.6.1.4.1.14519.5.2.1.6279.6001.254473943359963613733707320244.png,1,Lung_CT,train
D:\skripsi\Dataset\lidc-idri-images-full\Benign\1.3.6.1.4.1.14519.5.2.1.6279.6001.290389044112819325042112228399.png,1,Lung_CT,train
D:\skripsi\Dataset\lidc-idri-images-full\Benign\1.3.6.1.4.1.14519.5.2.1.6279.6001.842980983137518332429408284002.png,1,Lung_CT,train
D:\skripsi\Dataset\lidc-idri-images-full\Benign\1.3.6.1.4.1.14519.5.2.1.6279.6001.171354297808382414036496646219.png,1,Lung_CT,train
D:\skripsi\Dataset\lidc-idri-images-full\Malignant\1.3.6.1.4.1.14519.5.2.1.6279.6001.230491296081537726468075344411.png,1,Lung_CT,train
D:\skripsi\Dataset\lidc-idri-images-full\Normal\1.3.6.1.4.1.14519.5.2.1.6279.6001.232212629809419501635995259957.png,1,Lung_CT,train
D:\skripsi\Dataset\lidc-idri-images-full\Normal\1.3.6.1.4.1.14519.5.2.1.6279.6001.553241901808946577644850294647.png,1,Lung_CT,train
D:\skripsi\Dataset\lidc-idri-images-full\Malignant\1.3.6.1.4.1.14519.5.2.1.6279.6001.173931884906244951746140865701.png,1,Lung_CT,train
D:\skripsi\Dataset\lidc-idri-images-full\Normal\1.3.6.1.4.1.14519.5.2.1.6279.6001.100684836163890911914061745866.png,1,Lung_CT,train
D:\skripsi\Dataset\lidc-idri-images-full\Malignant\1.3.6.1.4.1.14519.5.2.1.6279.6001.323859712968543712594665815359.png,1,Lung_CT,train
D:\skripsi\Dataset\lidc-idri-images-full\Malignant\1.3.6.1.4.1.14519.5.2.1.6279.6001.692598144815688523679745963696.png,1,Lung_CT,train
D:\skripsi\Dataset\lidc-idri-images-full\Malignant\1.3.6.1.4.1.14519.5.2.1.6279.6001.311466493695476565814719253413.png,1,Lung_CT,train
D:\skripsi\Dataset\lidc-idri-images-full\Normal\1.3.6.1.4.1.14519.5.2.1.6279.6001.475325201787910087416720919680.png,1,Lung_CT,train
D:\skripsi\Dataset\lidc-idri-images-full\Malignant\1.3.6.1.4.1.14519.5.2.1.6279.6001.286524966129599998397777745271.png,1,Lung_CT,train
D:\skripsi\Dataset\lidc-idri-images-full\Malignant\1.3.6.1.4.1.14519.5.2.1.6279.6001.449780571702869645673186059985.png,1,Lung_CT,train
D:\skripsi\Dataset\lidc-idri-images-full\Benign\1.3.6.1.4.1.14519.5.2.1.6279.6001.338447145504282422142824032832.png,1,Lung_CT,train
D:\skripsi\Dataset\lidc-idri-images-full\Normal\1.3.6.1.4.1.14519.5.2.1.6279.6001.136051101671715516914883139074.png,1,Lung_CT,train
D:\skripsi\Dataset\lidc-idri-images-full\Benign\1.3.6.1.4.1.14519.5.2.1.6279.6001.454273545863197752384437758130.png,1,Lung_CT,train
D:\skripsi\Dataset\lidc-idri-images-full\Malignant\1.3.6.1.4.1.14519.5.2.1.6279.6001.297988578825170426663869669862.png,1,Lung_CT,train
D:\skripsi\Dataset\lidc-idri-images-full\Benign\1.3.6.1.4.1.14519.5.2.1.6279.6001.235381170872316280538332229850.png,1,Lung_CT,train
D:\skripsi\Dataset\lidc-idri-images-full\Normal\1.3.6.1.4.1.14519.5.2.1.6279.6001.269689294231892620436462818860.png,1,Lung_CT,train
D:\skripsi\Dataset\lidc-idri-images-full\Malignant\1.3.6.1.4.1.14519.5.2.1.6279.6001.119515474430718803379832249911.png,1,Lung_CT,train
D:\skripsi\Dataset\lidc-idri-images-full\Benign\1.3.6.1.4.1.14519.5.2.1.6279.6001.112455586574320606087557135585.png,1,Lung_CT,train
D:\skripsi\Dataset\lidc-idri-images-full\Malignant\1.3.6.1.4.1.14519.5.2.1.6279.6001.170052181746004939527661217512.png,1,Lung_CT,train
D:\skripsi\Dataset\lidc-idri-images-full\Benign\1.3.6.1.4.1.14519.5.2.1.6279.6001.144943344795414353192059796098.png,1,Lung_CT,train
D:\skripsi\Dataset\lidc-idri-images-full\Malignant\1.3.6.1.4.1.14519.5.2.1.6279.6001.110678335949765929063942738609.png,1,Lung_CT,train
D:\skripsi\Dataset\lidc-idri-images-full\Malignant\1.3.6.1.4.1.14519.5.2.1.6279.6001.655242448149322898770987310561.png,1,Lung_CT,train
D:\skripsi\Dataset\lidc-idri-images-full\Malignant\1.3.6.1.4.1.14519.5.2.1.6279.6001.177685820605315926524514718990.png,1,Lung_CT,train
D:\skripsi\Dataset\lidc-idri-images-full\Malignant\1.3.6.1.4.1.14519.5.2.1.6279.6001.265775376735520890308424143898.png,1,Lung_CT,train
D:\skripsi\Dataset\lidc-idri-images-full\Malignant\1.3.6.1.4.1.14519.5.2.1.6279.6001.227707494413800460340110762069.png,1,Lung_CT,train
D:\skripsi\Dataset\lidc-idri-images-full\Malignant\1.3.6.1.4.1.14519.5.2.1.6279.6001.199670099218798685977406484591.png,1,Lung_CT,train
D:\skripsi\Dataset\lidc-idri-images-full\Normal\1.3.6.1.4.1.14519.5.2.1.6279.6001.241671809067336049550270815293.png,1,Lung_CT,train
D:\skripsi\Dataset\lidc-idri-images-full\Benign\1.3.6.1.4.1.14519.5.2.1.6279.6001.335866409407244673864352309754.png,1,Lung_CT,train
D:\skripsi\Dataset\lidc-idri-images-full\Malignant\1.3.6.1.4.1.14519.5.2.1.6279.6001.230180665627287711381156820813.png,1,Lung_CT,train
D:\skripsi\Dataset\lidc-idri-images-full\Normal\1.3.6.1.4.1.14519.5.2.1.6279.6001.304676828064484590312919543151.png,1,Lung_CT,train
D:\skripsi\Dataset\lidc-idri-images-full\Malignant\1.3.6.1.4.1.14519.5.2.1.6279.6001.268030488196493755113553009785.png,1,Lung_CT,train
D:\skripsi\Dataset\lidc-idri-images-full\Normal\1.3.6.1.4.1.14519.5.2.1.6279.6001.145510611155363050427743946446.png,1,Lung_CT,train
D:\skripsi\Dataset\lidc-idri-images-full\Benign\1.3.6.1.4.1.14519.5.2.1.6279.6001.125067060506283419853742462394.png,1,Lung_CT,train
D:\skripsi\Dataset\lidc-idri-images-full\Malignant\1.3.6.1.4.1.14519.5.2.1.6279.6001.259123825760999546551970425757.png,1,Lung_CT,train
D:\skripsi\Dataset\lidc-idri-images-full\Malignant\1.3.6.1.4.1.14519.5.2.1.6279.6001.326084450802794941185111945926.png,1,Lung_CT,train
D:\skripsi\Dataset\lidc-idri-images-full\Benign\1.3.6.1.4.1.14519.5.2.1.6279.6001.143369235214449752599496464205.png,1,Lung_CT,train
D:\skripsi\Dataset\lidc-idri-images-full\Benign\1.3.6.1.4.1.14519.5.2.1.6279.6001.910607280658963002048724648683.png,1,Lung_CT,train
D:\skripsi\Dataset\lidc-idri-images-full\Normal\1.3.6.1.4.1.14519.5.2.1.6279.6001.275961575587124130752978997571.png,1,Lung_CT,train
D:\skripsi\Dataset\lidc-idri-images-full\Normal\1.3.6.1.4.1.14519.5.2.1.6279.6001.125481956446228056153445932229.png,1,Lung_CT,train
D:\skripsi\Dataset\lidc-idri-images-full\Malignant\1.3.6.1.4.1.14519.5.2.1.6279.6001.104780906131535625872840889059.png,1,Lung_CT,train
D:\skripsi\Dataset\lidc-idri-images-full\Normal\1.3.6.1.4.1.14519.5.2.1.6279.6001.150778462295506655366671531510.png,1,Lung_CT,train
D:\skripsi\Dataset\lidc-idri-images-full\Normal\1.3.6.1.4.1.14519.5.2.1.6279.6001.116097642684124305074876564522.png,1,Lung_CT,train
D:\skripsi\Dataset\lidc-idri-images-full\Malignant\1.3.6.1.4.1.14519.5.2.1.6279.6001.266009527139315622265711325223.png,1,Lung_CT,train
D:\skripsi\Dataset\lidc-idri-images-full\Benign\1.3.6.1.4.1.14519.5.2.1.6279.6001.227885601428639043345478571594.png,1,Lung_CT,train
D:\skripsi\Dataset\lidc-idri-images-full\Normal\1.3.6.1.4.1.14519.5.2.1.6279.6001.161287230272771649563308759915.png,1,Lung_CT,train
D:\skripsi\Dataset\lidc-idri-images-full\Malignant\1.3.6.1.4.1.14519.5.2.1.6279.6001.569096986145782511000054443951.png,1,Lung_CT,train
D:\skripsi\Dataset\lidc-idri-images-full\Malignant\1.3.6.1.4.1.14519.5.2.1.6279.6001.173106154739244262091404659845.png,1,Lung_CT,train
D:\skripsi\Dataset\lidc-idri-images-full\Normal\1.3.6.1.4.1.14519.5.2.1.6279.6001.121119483290150275420058430382.png,1,Lung_CT,train
D:\skripsi\Dataset\lidc-idri-images-full\Benign\1.3.6.1.4.1.14519.5.2.1.6279.6001.212163494187464282715232736988.png,1,Lung_CT,train
D:\skripsi\Dataset\lidc-idri-images-full\Normal\1.3.6.1.4.1.14519.5.2.1.6279.6001.513114548408601984123939083099.png,1,Lung_CT,train
D:\skripsi\Dataset\lidc-idri-images-full\Benign\1.3.6.1.4.1.14519.5.2.1.6279.6001.436403998650924660479049012235.png,1,Lung_CT,train
D:\skripsi\Dataset\lidc-idri-images-full\Normal\1.3.6.1.4.1.14519.5.2.1.6279.6001.449254134266555649028108149727.png,1,Lung_CT,train
D:\skripsi\Dataset\lidc-idri-images-full\Benign\1.3.6.1.4.1.14519.5.2.1.6279.6001.200841000324240313648595016964.png,1,Lung_CT,train
D:\skripsi\Dataset\lidc-idri-images-full\Malignant\1.3.6.1.4.1.14519.5.2.1.6279.6001.394470743585708729682444806008.png,1,Lung_CT,train
D:\skripsi\Dataset\lidc-idri-images-full\Malignant\1.3.6.1.4.1.14519.5.2.1.6279.6001.186809786614942675852829709376.png,1,Lung_CT,train
D:\skripsi\Dataset\lidc-idri-images-full\Malignant\1.3.6.1.4.1.14519.5.2.1.6279.6001.453946099750629491201946672998.png,1,Lung_CT,train
D:\skripsi\Dataset\lidc-idri-images-full\Normal\1.3.6.1.4.1.14519.5.2.1.6279.6001.254732746200956375214300973281.png,1,Lung_CT,train
D:\skripsi\Dataset\lidc-idri-images-full\Normal\1.3.6.1.4.1.14519.5.2.1.6279.6001.252709517998555732486024866345.png,1,Lung_CT,train
D:\skripsi\Dataset\lidc-idri-images-full\Benign\1.3.6.1.4.1.14519.5.2.1.6279.6001.980362852713685276785310240144.png,1,Lung_CT,train
D:\skripsi\Dataset\lidc-idri-images-full\Normal\1.3.6.1.4.1.14519.5.2.1.6279.6001.193721075067404532739943086458.png,1,Lung_CT,train
D:\skripsi\Dataset\lidc-idri-images-full\Malignant\1.3.6.1.4.1.14519.5.2.1.6279.6001.170135352376311821460213875884.png,1,Lung_CT,train
D:\skripsi\Dataset\lidc-idri-images-full\Normal\1.3.6.1.4.1.14519.5.2.1.6279.6001.153181766344026020914478182395.png,1,Lung_CT,train
D:\skripsi\Dataset\lidc-idri-images-full\Normal\1.3.6.1.4.1.14519.5.2.1.6279.6001.291156498203266896953765649282.png,1,Lung_CT,train
D:\skripsi\Dataset\lidc-idri-images-full\Benign\1.3.6.1.4.1.14519.5.2.1.6279.6001.461155505515403114280165935891.png,1,Lung_CT,train
D:\skripsi\Dataset\lidc-idri-images-full\Normal\1.3.6.1.4.1.14519.5.2.1.6279.6001.232841681445928680425330987749.png,1,Lung_CT,train
D:\skripsi\Dataset\lidc-idri-images-full\Benign\1.3.6.1.4.1.14519.5.2.1.6279.6001.395623571499047043765181005112.png,1,Lung_CT,train
D:\skripsi\Dataset\lidc-idri-images-full\Malignant\1.3.6.1.4.1.14519.5.2.1.6279.6001.261678072503577216586082745513.png,1,Lung_CT,train
D:\skripsi\Dataset\lidc-idri-images-full\Malignant\1.3.6.1.4.1.14519.5.2.1.6279.6001.613212850444255764524630781782.png,1,Lung_CT,train
D:\skripsi\Dataset\lidc-idri-images-full\Malignant\1.3.6.1.4.1.14519.5.2.1.6279.6001.138813197521718693188313387015.png,1,Lung_CT,train
D:\skripsi\Dataset\lidc-idri-images-full\Malignant\1.3.6.1.4.1.14519.5.2.1.6279.6001.294120933998772507043263238704.png,1,Lung_CT,train
D:\skripsi\Dataset\lidc-idri-images-full\Normal\1.3.6.1.4.1.14519.5.2.1.6279.6001.229960820686439513664996214638.png,1,Lung_CT,train
D:\skripsi\Dataset\lidc-idri-images-full\Normal\1.3.6.1.4.1.14519.5.2.1.6279.6001.100620385482151095585000946543.png,1,Lung_CT,train
D:\skripsi\Dataset\lidc-idri-images-full\Benign\1.3.6.1.4.1.14519.5.2.1.6279.6001.799582546798528864710752164515.png,1,Lung_CT,train
D:\skripsi\Dataset\lidc-idri-images-full\Benign\1.3.6.1.4.1.14519.5.2.1.6279.6001.292868422368935585625620199750.png,1,Lung_CT,train
D:\skripsi\Dataset\lidc-idri-images-full\Normal\1.3.6.1.4.1.14519.5.2.1.6279.6001.129122303598171087450038048388.png,1,Lung_CT,train
D:\skripsi\Dataset\lidc-idri-images-full\Benign\1.3.6.1.4.1.14519.5.2.1.6279.6001.170825539570536865106681134236.png,1,Lung_CT,train
D:\skripsi\Dataset\lidc-idri-images-full\Normal\1.3.6.1.4.1.14519.5.2.1.6279.6001.113204308168622795344443518239.png,1,Lung_CT,train
D:\skripsi\Dataset\lidc-idri-images-full\Benign\1.3.6.1.4.1.14519.5.2.1.6279.6001.618434772073433276874225174904.png,1,Lung_CT,train
D:\skripsi\Dataset\lidc-idri-images-full\Malignant\1.3.6.1.4.1.14519.5.2.1.6279.6001.271307051432838466826189754230.png,1,Lung_CT,train
D:\skripsi\Dataset\lidc-idri-images-full\Malignant\1.3.6.1.4.1.14519.5.2.1.6279.6001.243821191223104395348332677845.png,1,Lung_CT,train
D:\skripsi\Dataset\lidc-idri-images-full\Normal\1.3.6.1.4.1.14519.5.2.1.6279.6001.252673587357556716971184694630.png,1,Lung_CT,train
D:\skripsi\Dataset\lidc-idri-images-full\Normal\1.3.6.1.4.1.14519.5.2.1.6279.6001.223650122819238796121876338881.png,1,Lung_CT,train
D:\skripsi\Dataset\lidc-idri-images-full\Normal\1.3.6.1.4.1.14519.5.2.1.6279.6001.133773380223834033859531225884.png,1,Lung_CT,train
D:\skripsi\Dataset\lidc-idri-images-full\Normal\1.3.6.1.4.1.14519.5.2.1.6279.6001.212971480103404437607456750417.png,1,Lung_CT,train
D:\skripsi\Dataset\lidc-idri-images-full\Malignant\1.3.6.1.4.1.14519.5.2.1.6279.6001.293757615532132808762625441831.png,1,Lung_CT,train
D:\skripsi\Dataset\lidc-idri-images-full\Malignant\1.3.6.1.4.1.14519.5.2.1.6279.6001.214252223927572015414741039150.png,1,Lung_CT,train
D:\skripsi\Dataset\lidc-idri-images-full\Malignant\1.3.6.1.4.1.14519.5.2.1.6279.6001.619372068417051974713149104919.png,1,Lung_CT,train
D:\skripsi\Dataset\lidc-idri-images-full\Normal\1.3.6.1.4.1.14519.5.2.1.6279.6001.183056151780567460322586876100.png,1,Lung_CT,train
D:\skripsi\Dataset\lidc-idri-images-full\Normal\1.3.6.1.4.1.14519.5.2.1.6279.6001.103692120477332787990764243647.png,1,Lung_CT,train
D:\skripsi\Dataset\lidc-idri-images-full\Malignant\1.3.6.1.4.1.14519.5.2.1.6279.6001.206028343897359374907954580114.png,1,Lung_CT,train
D:\skripsi\Dataset\lidc-idri-images-full\Malignant\1.3.6.1.4.1.14519.5.2.1.6279.6001.308655308958459380153492314021.png,1,Lung_CT,train
D:\skripsi\Dataset\lidc-idri-images-full\Benign\1.3.6.1.4.1.14519.5.2.1.6279.6001.229343399861261429237689489892.png,1,Lung_CT,train
D:\skripsi\Dataset\lidc-idri-images-full\Normal\1.3.6.1.4.1.14519.5.2.1.6279.6001.194465340552956447447896167830.png,1,Lung_CT,train
D:\skripsi\Dataset\lidc-idri-images-full\Normal\1.3.6.1.4.1.14519.5.2.1.6279.6001.154696925868609324891304485946.png,1,Lung_CT,train
D:\skripsi\Dataset\lidc-idri-images-full\Malignant\1.3.6.1.4.1.14519.5.2.1.6279.6001.964952370561266624992539111877.png,1,Lung_CT,train
D:\skripsi\Dataset\lidc-idri-images-full\Malignant\1.3.6.1.4.1.14519.5.2.1.6279.6001.325164338773720548739146851679.png,1,Lung_CT,train
D:\skripsi\Dataset\lidc-idri-images-full\Malignant\1.3.6.1.4.1.14519.5.2.1.6279.6001.752756872840730509471096155114.png,1,Lung_CT,train
D:\skripsi\Dataset\lidc-idri-images-full\Normal\1.3.6.1.4.1.14519.5.2.1.6279.6001.264160982957319189455421228575.png,1,Lung_CT,train
D:\skripsi\Dataset\lidc-idri-images-full\Normal\1.3.6.1.4.1.14519.5.2.1.6279.6001.935486179338862584391625697780.png,1,Lung_CT,train
D:\skripsi\Dataset\lidc-idri-images-full\Malignant\1.3.6.1.4.1.14519.5.2.1.6279.6001.270390050141765094612147226290.png,1,Lung_CT,train
D:\skripsi\Dataset\lidc-idri-images-full\Normal\1.3.6.1.4.1.14519.5.2.1.6279.6001.792074630193473039262761860587.png,1,Lung_CT,train
D:\skripsi\Dataset\lidc-idri-images-full\Normal\1.3.6.1.4.1.14519.5.2.1.6279.6001.183792477767310422201520794020.png,1,Lung_CT,train
D:\skripsi\Dataset\lidc-idri-images-full\Malignant\1.3.6.1.4.1.14519.5.2.1.6279.6001.295462530340364058116953738925.png,1,Lung_CT,train
D:\skripsi\Dataset\lidc-idri-images-full\Malignant\1.3.6.1.4.1.14519.5.2.1.6279.6001.293042942258944468818728122049.png,1,Lung_CT,train
D:\skripsi\Dataset\lidc-idri-images-full\Benign\1.3.6.1.4.1.14519.5.2.1.6279.6001.339039410276356623209709113755.png,1,Lung_CT,train
D:\skripsi\Dataset\lidc-idri-images-full\Benign\1.3.6.1.4.1.14519.5.2.1.6279.6001.162718361851587451505896742103.png,1,Lung_CT,train
D:\skripsi\Dataset\lidc-idri-images-full\Malignant\1.3.6.1.4.1.14519.5.2.1.6279.6001.650493030701702338780428147035.png,1,Lung_CT,train
D:\skripsi\Dataset\lidc-idri-images-full\Malignant\1.3.6.1.4.1.14519.5.2.1.6279.6001.390513733720659266816639651938.png,1,Lung_CT,train
D:\skripsi\Dataset\lidc-idri-images-full\Malignant\1.3.6.1.4.1.14519.5.2.1.6279.6001.259737874318594997287940213435.png,1,Lung_CT,train
D:\skripsi\Dataset\lidc-idri-images-full\Benign\1.3.6.1.4.1.14519.5.2.1.6279.6001.338104567770715523699587505022.png,1,Lung_CT,train
D:\skripsi\Dataset\lidc-idri-images-full\Malignant\1.3.6.1.4.1.14519.5.2.1.6279.6001.272123398257168239653655006815.png,1,Lung_CT,train
D:\skripsi\Dataset\lidc-idri-images-full\Benign\1.3.6.1.4.1.14519.5.2.1.6279.6001.124154461048929153767743874565.png,1,Lung_CT,train
D:\skripsi\Dataset\lidc-idri-images-full\Benign\1.3.6.1.4.1.14519.5.2.1.6279.6001.259453428008507791234730686014.png,1,Lung_CT,train
D:\skripsi\Dataset\lidc-idri-images-full\Benign\1.3.6.1.4.1.14519.5.2.1.6279.6001.292287048883545067541391539652.png,1,Lung_CT,train
D:\skripsi\Dataset\lidc-idri-images-full\Malignant\1.3.6.1.4.1.14519.5.2.1.6279.6001.868211851413924881662621747734.png,1,Lung_CT,train
D:\skripsi\Dataset\lidc-idri-images-full\Malignant\1.3.6.1.4.1.14519.5.2.1.6279.6001.511347030803753100045216493273.png,1,Lung_CT,train
D:\skripsi\Dataset\lidc-idri-images-full\Malignant\1.3.6.1.4.1.14519.5.2.1.6279.6001.187108608022306504546286626125.png,1,Lung_CT,train
D:\skripsi\Dataset\lidc-idri-images-full\Benign\1.3.6.1.4.1.14519.5.2.1.6279.6001.108231420525711026834210228428.png,1,Lung_CT,train
D:\skripsi\Dataset\lidc-idri-images-full\Benign\1.3.6.1.4.1.14519.5.2.1.6279.6001.205615524269596458818376243313.png,1,Lung_CT,train
D:\skripsi\Dataset\lidc-idri-images-full\Malignant\1.3.6.1.4.1.14519.5.2.1.6279.6001.254254303842550572473665729969.png,1,Lung_CT,train
D:\skripsi\Dataset\lidc-idri-images-full\Normal\1.3.6.1.4.1.14519.5.2.1.6279.6001.151706669339536324934926416602.png,1,Lung_CT,train
D:\skripsi\Dataset\lidc-idri-images-full\Malignant\1.3.6.1.4.1.14519.5.2.1.6279.6001.194766721609772924944646251928.png,1,Lung_CT,train
D:\skripsi\Dataset\lidc-idri-images-full\Malignant\1.3.6.1.4.1.14519.5.2.1.6279.6001.163427332971478593213840739002.png,1,Lung_CT,train
D:\skripsi\Dataset\lidc-idri-images-full\Malignant\1.3.6.1.4.1.14519.5.2.1.6279.6001.229096941293122177107846044795.png,1,Lung_CT,train
D:\skripsi\Dataset\lidc-idri-images-full\Normal\1.3.6.1.4.1.14519.5.2.1.6279.6001.712814947440131946638352966982.png,1,Lung_CT,train
D:\skripsi\Dataset\lidc-idri-images-full\Normal\1.3.6.1.4.1.14519.5.2.1.6279.6001.239368516910061467349404750170.png,1,Lung_CT,train
D:\skripsi\Dataset\lidc-idri-images-full\Benign\1.3.6.1.4.1.14519.5.2.1.6279.6001.265960756233787099041040311282.png,1,Lung_CT,train
D:\skripsi\Dataset\lidc-idri-images-full\Benign\1.3.6.1.4.1.14519.5.2.1.6279.6001.213854687290736562463866711534.png,1,Lung_CT,train
D:\skripsi\Dataset\lidc-idri-images-full\Malignant\1.3.6.1.4.1.14519.5.2.1.6279.6001.608029415915051219877530734559.png,1,Lung_CT,train
D:\skripsi\Dataset\lidc-idri-images-full\Malignant\1.3.6.1.4.1.14519.5.2.1.6279.6001.204802250386343794613980417281.png,1,Lung_CT,train
D:\skripsi\Dataset\lidc-idri-images-full\Normal\1.3.6.1.4.1.14519.5.2.1.6279.6001.331211682377519763144559212009.png,1,Lung_CT,train
D:\skripsi\Dataset\lidc-idri-images-full\Malignant\1.3.6.1.4.1.14519.5.2.1.6279.6001.143622857676008763729469324839.png,1,Lung_CT,train
D:\skripsi\Dataset\lidc-idri-images-full\Benign\1.3.6.1.4.1.14519.5.2.1.6279.6001.332510758903897288735539953182.png,1,Lung_CT,train
D:\skripsi\Dataset\lidc-idri-images-full\Normal\1.3.6.1.4.1.14519.5.2.1.6279.6001.917305310947020542241945657562.png,1,Lung_CT,train
D:\skripsi\Dataset\lidc-idri-images-full\Malignant\1.3.6.1.4.1.14519.5.2.1.6279.6001.136756942516460150151065708673.png,1,Lung_CT,train
D:\skripsi\Dataset\lidc-idri-images-full\Benign\1.3.6.1.4.1.14519.5.2.1.6279.6001.226383054119800793308721198594.png,1,Lung_CT,train
D:\skripsi\Dataset\lidc-idri-images-full\Malignant\1.3.6.1.4.1.14519.5.2.1.6279.6001.131939324905446238286154504249.png,1,Lung_CT,train
D:\skripsi\Dataset\lidc-idri-images-full\Malignant\1.3.6.1.4.1.14519.5.2.1.6279.6001.254176853278710432756285662989.png,1,Lung_CT,train
D:\skripsi\Dataset\lidc-idri-images-full\Normal\1.3.6.1.4.1.14519.5.2.1.6279.6001.210618824080932755350370549788.png,1,Lung_CT,train
D:\skripsi\Dataset\lidc-idri-images-full\Normal\1.3.6.1.4.1.14519.5.2.1.6279.6001.172845185165807139298420209778.png,1,Lung_CT,train
D:\skripsi\Dataset\lidc-idri-images-full\Malignant\1.3.6.1.4.1.14519.5.2.1.6279.6001.255999614855292116767517149228.png,1,Lung_CT,train
D:\skripsi\Dataset\lidc-idri-images-full\Malignant\1.3.6.1.4.1.14519.5.2.1.6279.6001.141069661700670042960678408762.png,1,Lung_CT,train
D:\skripsi\Dataset\lidc-idri-images-full\Malignant\1.3.6.1.4.1.14519.5.2.1.6279.6001.312127933722985204808706697221.png,1,Lung_CT,train
D:\skripsi\Dataset\lidc-idri-images-full\Normal\1.3.6.1.4.1.14519.5.2.1.6279.6001.108193664222196923321844991231.png,1,Lung_CT,train
D:\skripsi\Dataset\lidc-idri-images-full\Malignant\1.3.6.1.4.1.14519.5.2.1.6279.6001.392861216720727557882279374324.png,1,Lung_CT,train
D:\skripsi\Dataset\lidc-idri-images-full\Normal\1.3.6.1.4.1.14519.5.2.1.6279.6001.126797645619189548095014105796.png,1,Lung_CT,train
D:\skripsi\Dataset\lidc-idri-images-full\Malignant\1.3.6.1.4.1.14519.5.2.1.6279.6001.139030456172925758598108159491.png,1,Lung_CT,train
D:\skripsi\Dataset\lidc-idri-images-full\Malignant\1.3.6.1.4.1.14519.5.2.1.6279.6001.193808128386712859512130599234.png,1,Lung_CT,train
D:\skripsi\Dataset\lidc-idri-images-full\Malignant\1.3.6.1.4.1.14519.5.2.1.6279.6001.881807066375601978080868510714.png,1,Lung_CT,train
D:\skripsi\Dataset\lidc-idri-images-full\Malignant\1.3.6.1.4.1.14519.5.2.1.6279.6001.245498477813346982220830173368.png,1,Lung_CT,train
D:\skripsi\Dataset\lidc-idri-images-full\Benign\1.3.6.1.4.1.14519.5.2.1.6279.6001.137375498893536422914241295628.png,1,Lung_CT,train
D:\skripsi\Dataset\lidc-idri-images-full\Malignant\1.3.6.1.4.1.14519.5.2.1.6279.6001.406508755509460310384282367044.png,1,Lung_CT,val
D:\skripsi\Dataset\lidc-idri-images-full\Malignant\1.3.6.1.4.1.14519.5.2.1.6279.6001.247816269490470394602288565775.png,1,Lung_CT,val
D:\skripsi\Dataset\lidc-idri-images-full\Malignant\1.3.6.1.4.1.14519.5.2.1.6279.6001.276710697414087561012670296643.png,1,Lung_CT,val
D:\skripsi\Dataset\lidc-idri-images-full\Benign\1.3.6.1.4.1.14519.5.2.1.6279.6001.441681523497855658141461160243.png,1,Lung_CT,val
D:\skripsi\Dataset\lidc-idri-images-full\Normal\1.3.6.1.4.1.14519.5.2.1.6279.6001.115592101049879272523756584162.png,1,Lung_CT,val
D:\skripsi\Dataset\lidc-idri-images-full\Malignant\1.3.6.1.4.1.14519.5.2.1.6279.6001.200212622715054236587460736018.png,1,Lung_CT,val
D:\skripsi\Dataset\lidc-idri-images-full\Benign\1.3.6.1.4.1.14519.5.2.1.6279.6001.202464973819273687476049035824.png,1,Lung_CT,val
D:\skripsi\Dataset\lidc-idri-images-full\Malignant\1.3.6.1.4.1.14519.5.2.1.6279.6001.211051626197585058967163339846.png,1,Lung_CT,val
D:\skripsi\Dataset\lidc-idri-images-full\Normal\1.3.6.1.4.1.14519.5.2.1.6279.6001.171682845383273105440297561095.png,1,Lung_CT,val
D:\skripsi\Dataset\lidc-idri-images-full\Malignant\1.3.6.1.4.1.14519.5.2.1.6279.6001.145307753896164386773181782028.png,1,Lung_CT,val
D:\skripsi\Dataset\lidc-idri-images-full\Benign\1.3.6.1.4.1.14519.5.2.1.6279.6001.145474881373882284343459153872.png,1,Lung_CT,val
D:\skripsi\Dataset\lidc-idri-images-full\Benign\1.3.6.1.4.1.14519.5.2.1.6279.6001.443400977949406454649939526179.png,1,Lung_CT,val
D:\skripsi\Dataset\lidc-idri-images-full\Malignant\1.3.6.1.4.1.14519.5.2.1.6279.6001.265133389948279331857097127422.png,1,Lung_CT,val
D:\skripsi\Dataset\lidc-idri-images-full\Normal\1.3.6.1.4.1.14519.5.2.1.6279.6001.183844250620142399426112799260.png,1,Lung_CT,val
D:\skripsi\Dataset\lidc-idri-images-full\Normal\1.3.6.1.4.1.14519.5.2.1.6279.6001.214019625569855801882360612294.png,1,Lung_CT,val
D:\skripsi\Dataset\lidc-idri-images-full\Malignant\1.3.6.1.4.1.14519.5.2.1.6279.6001.849055435546135376228232912205.png,1,Lung_CT,val
D:\skripsi\Dataset\lidc-idri-images-full\Malignant\1.3.6.1.4.1.14519.5.2.1.6279.6001.297964221542942838344351735414.png,1,Lung_CT,val
D:\skripsi\Dataset\lidc-idri-images-full\Normal\1.3.6.1.4.1.14519.5.2.1.6279.6001.329655067900465507671177346403.png,1,Lung_CT,val
D:\skripsi\Dataset\lidc-idri-images-full\Malignant\1.3.6.1.4.1.14519.5.2.1.6279.6001.975426625618184773401026809852.png,1,Lung_CT,val
D:\skripsi\Dataset\lidc-idri-images-full\Benign\1.3.6.1.4.1.14519.5.2.1.6279.6001.139444426690868429919252698606.png,1,Lung_CT,val
D:\skripsi\Dataset\lidc-idri-images-full\Benign\1.3.6.1.4.1.14519.5.2.1.6279.6001.200837896655745926888305239398.png,1,Lung_CT,val
D:\skripsi\Dataset\lidc-idri-images-full\Normal\1.3.6.1.4.1.14519.5.2.1.6279.6001.250438451287314206124484591986.png,1,Lung_CT,val
D:\skripsi\Dataset\lidc-idri-images-full\Normal\1.3.6.1.4.1.14519.5.2.1.6279.6001.164790817284381538042494285101.png,1,Lung_CT,val
D:\skripsi\Dataset\lidc-idri-images-full\Malignant\1.3.6.1.4.1.14519.5.2.1.6279.6001.307946352302138765071461362398.png,1,Lung_CT,val
D:\skripsi\Dataset\lidc-idri-images-full\Benign\1.3.6.1.4.1.14519.5.2.1.6279.6001.283569726884265181140892667131.png,1,Lung_CT,val
D:\skripsi\Dataset\lidc-idri-images-full\Normal\1.3.6.1.4.1.14519.5.2.1.6279.6001.308357812479652379702250054749.png,1,Lung_CT,val
D:\skripsi\Dataset\lidc-idri-images-full\Malignant\1.3.6.1.4.1.14519.5.2.1.6279.6001.111288636468631776997138987173.png,1,Lung_CT,val
D:\skripsi\Dataset\lidc-idri-images-full\Normal\1.3.6.1.4.1.14519.5.2.1.6279.6001.336120393326492446884182831774.png,1,Lung_CT,val
D:\skripsi\Dataset\lidc-idri-images-full\Malignant\1.3.6.1.4.1.14519.5.2.1.6279.6001.125124219978170516876304987559.png,1,Lung_CT,val
D:\skripsi\Dataset\lidc-idri-images-full\Malignant\1.3.6.1.4.1.14519.5.2.1.6279.6001.232071262560365924176679652948.png,1,Lung_CT,val
D:\skripsi\Dataset\lidc-idri-images-full\Malignant\1.3.6.1.4.1.14519.5.2.1.6279.6001.300724599751226863091983308838.png,1,Lung_CT,val
D:\skripsi\Dataset\lidc-idri-images-full\Benign\1.3.6.1.4.1.14519.5.2.1.6279.6001.146429221666426688999739595820.png,1,Lung_CT,val
D:\skripsi\Dataset\lidc-idri-images-full\Normal\1.3.6.1.4.1.14519.5.2.1.6279.6001.686193079844756926365065559979.png,1,Lung_CT,val
D:\skripsi\Dataset\lidc-idri-images-full\Malignant\1.3.6.1.4.1.14519.5.2.1.6279.6001.179162671133894061547290922949.png,1,Lung_CT,val
D:\skripsi\Dataset\lidc-idri-images-full\Benign\1.3.6.1.4.1.14519.5.2.1.6279.6001.170765551637157813497344006818.png,1,Lung_CT,val
D:\skripsi\Dataset\lidc-idri-images-full\Malignant\1.3.6.1.4.1.14519.5.2.1.6279.6001.315214756157389122376518747372.png,1,Lung_CT,val
D:\skripsi\Dataset\lidc-idri-images-full\Benign\1.3.6.1.4.1.14519.5.2.1.6279.6001.109033518984608282787487932849.png,1,Lung_CT,val
D:\skripsi\Dataset\lidc-idri-images-full\Benign\1.3.6.1.4.1.14519.5.2.1.6279.6001.168833925301530155818375859047.png,1,Lung_CT,val
D:\skripsi\Dataset\lidc-idri-images-full\Malignant\1.3.6.1.4.1.14519.5.2.1.6279.6001.826812708000318290301835871780.png,1,Lung_CT,val
D:\skripsi\Dataset\lidc-idri-images-full\Malignant\1.3.6.1.4.1.14519.5.2.1.6279.6001.487268565754493433372433148666.png,1,Lung_CT,val
D:\skripsi\Dataset\lidc-idri-images-full\Benign\1.3.6.1.4.1.14519.5.2.1.6279.6001.140642535005388188316143069436.png,1,Lung_CT,val
D:\skripsi\Dataset\lidc-idri-images-full\Malignant\1.3.6.1.4.1.14519.5.2.1.6279.6001.262623906028586574380750694758.png,1,Lung_CT,val
D:\skripsi\Dataset\lidc-idri-images-full\Malignant\1.3.6.1.4.1.14519.5.2.1.6279.6001.328789598898469177563438457842.png,1,Lung_CT,val
D:\skripsi\Dataset\lidc-idri-images-full\Malignant\1.3.6.1.4.1.14519.5.2.1.6279.6001.486999111981013268988489262668.png,1,Lung_CT,val
D:\skripsi\Dataset\lidc-idri-images-full\Malignant\1.3.6.1.4.1.14519.5.2.1.6279.6001.221793050351477226698403656547.png,1,Lung_CT,val
D:\skripsi\Dataset\lidc-idri-images-full\Malignant\1.3.6.1.4.1.14519.5.2.1.6279.6001.130794651720796841292503408531.png,1,Lung_CT,val
D:\skripsi\Dataset\lidc-idri-images-full\Benign\1.3.6.1.4.1.14519.5.2.1.6279.6001.126264578931778258890371755354.png,1,Lung_CT,val
D:\skripsi\Dataset\lidc-idri-images-full\Normal\1.3.6.1.4.1.14519.5.2.1.6279.6001.218358813528665770411419604383.png,1,Lung_CT,val
D:\skripsi\Dataset\lidc-idri-images-full\Benign\1.3.6.1.4.1.14519.5.2.1.6279.6001.171919524048654494439256263785.png,1,Lung_CT,val
D:\skripsi\Dataset\lidc-idri-images-full\Malignant\1.3.6.1.4.1.14519.5.2.1.6279.6001.931383239747372227838946053237.png,1,Lung_CT,val
D:\skripsi\Dataset\lidc-idri-images-full\Malignant\1.3.6.1.4.1.14519.5.2.1.6279.6001.250863365157630276148828903732.png,1,Lung_CT,val
D:\skripsi\Dataset\lidc-idri-images-full\Malignant\1.3.6.1.4.1.14519.5.2.1.6279.6001.768856069922657732839929586657.png,1,Lung_CT,val
D:\skripsi\Dataset\lidc-idri-images-full\Malignant\1.3.6.1.4.1.14519.5.2.1.6279.6001.220596530836092324070084384692.png,1,Lung_CT,val
D:\skripsi\Dataset\lidc-idri-images-full\Malignant\1.3.6.1.4.1.14519.5.2.1.6279.6001.712472578497712558367294720243.png,1,Lung_CT,val
D:\skripsi\Dataset\lidc-idri-images-full\Normal\1.3.6.1.4.1.14519.5.2.1.6279.6001.196619392240146451912217585346.png,1,Lung_CT,val
D:\skripsi\Dataset\lidc-idri-images-full\Normal\1.3.6.1.4.1.14519.5.2.1.6279.6001.309955814083231537823157605135.png,1,Lung_CT,val
D:\skripsi\Dataset\lidc-idri-images-full\Normal\1.3.6.1.4.1.14519.5.2.1.6279.6001.126739648830679105206897886262.png,1,Lung_CT,val
D:\skripsi\Dataset\lidc-idri-images-full\Malignant\1.3.6.1.4.1.14519.5.2.1.6279.6001.202283133206014258077705539227.png,1,Lung_CT,val
D:\skripsi\Dataset\lidc-idri-images-full\Malignant\1.3.6.1.4.1.14519.5.2.1.6279.6001.172243743899615313644757844726.png,1,Lung_CT,val
D:\skripsi\Dataset\lidc-idri-images-full\Normal\1.3.6.1.4.1.14519.5.2.1.6279.6001.118581656938136776132397300978.png,1,Lung_CT,val
D:\skripsi\Dataset\lidc-idri-images-full\Benign\1.3.6.1.4.1.14519.5.2.1.6279.6001.237428977311365557972720635401.png,1,Lung_CT,val
D:\skripsi\Dataset\lidc-idri-images-full\Malignant\1.3.6.1.4.1.14519.5.2.1.6279.6001.250397690690072950000431855143.png,1,Lung_CT,val
D:\skripsi\Dataset\lidc-idri-images-full\Benign\1.3.6.1.4.1.14519.5.2.1.6279.6001.243485863133235775415355259899.png,1,Lung_CT,val
D:\skripsi\Dataset\lidc-idri-images-full\Benign\1.3.6.1.4.1.14519.5.2.1.6279.6001.156181515927698299507377083373.png,1,Lung_CT,val
D:\skripsi\Dataset\lidc-idri-images-full\Malignant\1.3.6.1.4.1.14519.5.2.1.6279.6001.168605638657404145360275453085.png,1,Lung_CT,val
D:\skripsi\Dataset\lidc-idri-images-full\Normal\1.3.6.1.4.1.14519.5.2.1.6279.6001.616592530217021649315885775345.png,1,Lung_CT,val
D:\skripsi\Dataset\lidc-idri-images-full\Normal\1.3.6.1.4.1.14519.5.2.1.6279.6001.127704200987696583405112255999.png,1,Lung_CT,val
D:\skripsi\Dataset\lidc-idri-images-full\Malignant\1.3.6.1.4.1.14519.5.2.1.6279.6001.242624386080831911167122628616.png,1,Lung_CT,val
D:\skripsi\Dataset\lidc-idri-images-full\Malignant\1.3.6.1.4.1.14519.5.2.1.6279.6001.279300249795483097365868125932.png,1,Lung_CT,val
D:\skripsi\Dataset\lidc-idri-images-full\Benign\1.3.6.1.4.1.14519.5.2.1.6279.6001.300246184547502297539521283806.png,1,Lung_CT,val
D:\skripsi\Dataset\lidc-idri-images-full\Normal\1.3.6.1.4.1.14519.5.2.1.6279.6001.205550812074465829503406596652.png,1,Lung_CT,val
D:\skripsi\Dataset\lidc-idri-images-full\Normal\1.3.6.1.4.1.14519.5.2.1.6279.6001.205206562583963020078910246975.png,1,Lung_CT,val
D:\skripsi\Dataset\lidc-idri-images-full\Benign\1.3.6.1.4.1.14519.5.2.1.6279.6001.245546033414728092794968890929.png,1,Lung_CT,val
D:\skripsi\Dataset\lidc-idri-images-full\Malignant\1.3.6.1.4.1.14519.5.2.1.6279.6001.802846969823720586279982179144.png,1,Lung_CT,val
D:\skripsi\Dataset\lidc-idri-images-full\Malignant\1.3.6.1.4.1.14519.5.2.1.6279.6001.801945620899034889998809817499.png,1,Lung_CT,val
D:\skripsi\Dataset\lidc-idri-images-full\Benign\1.3.6.1.4.1.14519.5.2.1.6279.6001.302876782304722412779805665588.png,1,Lung_CT,val
D:\skripsi\Dataset\lidc-idri-images-full\Malignant\1.3.6.1.4.1.14519.5.2.1.6279.6001.940378712984091490666801179631.png,1,Lung_CT,val
D:\skripsi\Dataset\lidc-idri-images-full\Malignant\1.3.6.1.4.1.14519.5.2.1.6279.6001.534006575256943390479252771547.png,1,Lung_CT,val
D:\skripsi\Dataset\lidc-idri-images-full\Normal\1.3.6.1.4.1.14519.5.2.1.6279.6001.219947541573426999189048184905.png,1,Lung_CT,val
D:\skripsi\Dataset\lidc-idri-images-full\Malignant\1.3.6.1.4.1.14519.5.2.1.6279.6001.187451715205085403623595258748.png,1,Lung_CT,val
D:\skripsi\Dataset\lidc-idri-images-full\Benign\1.3.6.1.4.1.14519.5.2.1.6279.6001.190937805243443708408459490152.png,1,Lung_CT,val
D:\skripsi\Dataset\lidc-idri-images-full\Benign\1.3.6.1.4.1.14519.5.2.1.6279.6001.126121460017257137098781143514.png,1,Lung_CT,val
D:\skripsi\Dataset\lidc-idri-images-full\Malignant\1.3.6.1.4.1.14519.5.2.1.6279.6001.206691631889489003629571343410.png,1,Lung_CT,val
D:\skripsi\Dataset\lidc-idri-images-full\Normal\1.3.6.1.4.1.14519.5.2.1.6279.6001.272259794130271010519952623746.png,1,Lung_CT,val
D:\skripsi\Dataset\lidc-idri-images-full\Benign\1.3.6.1.4.1.14519.5.2.1.6279.6001.157537616155071783765339942952.png,1,Lung_CT,val
D:\skripsi\Dataset\lidc-idri-images-full\Malignant\1.3.6.1.4.1.14519.5.2.1.6279.6001.266462563888243192390432002410.png,1,Lung_CT,val
D:\skripsi\Dataset\lidc-idri-images-full\Malignant\1.3.6.1.4.1.14519.5.2.1.6279.6001.173101104804533997398137418032.png,1,Lung_CT,val
D:\skripsi\Dataset\lidc-idri-images-full\Malignant\1.3.6.1.4.1.14519.5.2.1.6279.6001.205113715251629496479289015582.png,1,Lung_CT,val
D:\skripsi\Dataset\lidc-idri-images-full\Benign\1.3.6.1.4.1.14519.5.2.1.6279.6001.774060103415303828812229821954.png,1,Lung_CT,val
D:\skripsi\Dataset\Dataset COCO\val2017\000000161978.jpg,0,Bukan_Lung_CT,test
D:\skripsi\Dataset\Dataset COCO\val2017\000000216296.jpg,0,Bukan_Lung_CT,test
D:\skripsi\Dataset\Dataset COCO\val2017\000000570456.jpg,0,Bukan_Lung_CT,test
D:\skripsi\Dataset\Dataset COCO\val2017\000000176701.jpg,0,Bukan_Lung_CT,test
D:\skripsi\Dataset\Dataset COCO\val2017\000000541291.jpg,0,Bukan_Lung_CT,test
D:\skripsi\Dataset\Dataset COCO\val2017\000000113720.jpg,0,Bukan_Lung_CT,test
D:\skripsi\Dataset\Dataset COCO\val2017\000000049091.jpg,0,Bukan_Lung_CT,test
D:\skripsi\Dataset\Dataset COCO\val2017\000000042070.jpg,0,Bukan_Lung_CT,test
D:\skripsi\Dataset\Dataset COCO\val2017\000000032081.jpg,0,Bukan_Lung_CT,test
D:\skripsi\Dataset\Dataset COCO\val2017\000000084241.jpg,0,Bukan_Lung_CT,test
D:\skripsi\Dataset\Dataset COCO\val2017\000000461405.jpg,0,Bukan_Lung_CT,test
D:\skripsi\Dataset\Dataset COCO\val2017\000000156924.jpg,0,Bukan_Lung_CT,test
D:\skripsi\Dataset\Dataset COCO\val2017\000000138241.jpg,0,Bukan_Lung_CT,test
D:\skripsi\Dataset\Dataset COCO\val2017\000000213593.jpg,0,Bukan_Lung_CT,test
D:\skripsi\Dataset\Dataset COCO\val2017\000000482100.jpg,0,Bukan_Lung_CT,test
D:\skripsi\Dataset\Dataset COCO\val2017\000000482719.jpg,0,Bukan_Lung_CT,test
D:\skripsi\Dataset\Dataset COCO\val2017\000000147729.jpg,0,Bukan_Lung_CT,test
D:\skripsi\Dataset\Dataset COCO\val2017\000000365642.jpg,0,Bukan_Lung_CT,test
D:\skripsi\Dataset\Dataset COCO\val2017\000000203864.jpg,0,Bukan_Lung_CT,test
D:\skripsi\Dataset\Dataset COCO\val2017\000000565563.jpg,0,Bukan_Lung_CT,test
D:\skripsi\Dataset\Dataset COCO\val2017\000000257478.jpg,0,Bukan_Lung_CT,test
D:\skripsi\Dataset\Dataset COCO\val2017\000000568814.jpg,0,Bukan_Lung_CT,test
D:\skripsi\Dataset\Dataset COCO\val2017\000000016958.jpg,0,Bukan_Lung_CT,test
D:\skripsi\Dataset\Dataset COCO\val2017\000000345356.jpg,0,Bukan_Lung_CT,test
D:\skripsi\Dataset\Dataset COCO\val2017\000000525286.jpg,0,Bukan_Lung_CT,test
D:\skripsi\Dataset\Dataset COCO\val2017\000000128699.jpg,0,Bukan_Lung_CT,test
D:\skripsi\Dataset\Dataset COCO\val2017\000000527427.jpg,0,Bukan_Lung_CT,test
D:\skripsi\Dataset\Dataset COCO\val2017\000000313454.jpg,0,Bukan_Lung_CT,test
D:\skripsi\Dataset\Dataset COCO\val2017\000000094852.jpg,0,Bukan_Lung_CT,test
D:\skripsi\Dataset\Dataset COCO\val2017\000000097994.jpg,0,Bukan_Lung_CT,test
D:\skripsi\Dataset\Dataset COCO\val2017\000000189806.jpg,0,Bukan_Lung_CT,test
D:\skripsi\Dataset\Dataset COCO\val2017\000000523194.jpg,0,Bukan_Lung_CT,test
D:\skripsi\Dataset\Dataset COCO\val2017\000000270122.jpg,0,Bukan_Lung_CT,test
D:\skripsi\Dataset\Dataset COCO\val2017\000000167540.jpg,0,Bukan_Lung_CT,test
D:\skripsi\Dataset\Dataset COCO\val2017\000000451144.jpg,0,Bukan_Lung_CT,test
D:\skripsi\Dataset\Dataset COCO\val2017\000000370270.jpg,0,Bukan_Lung_CT,test
D:\skripsi\Dataset\Dataset COCO\val2017\000000119088.jpg,0,Bukan_Lung_CT,test
D:\skripsi\Dataset\Dataset COCO\val2017\000000041633.jpg,0,Bukan_Lung_CT,test
D:\skripsi\Dataset\Dataset COCO\val2017\000000001503.jpg,0,Bukan_Lung_CT,test
D:\skripsi\Dataset\Dataset COCO\val2017\000000127987.jpg,0,Bukan_Lung_CT,test
D:\skripsi\Dataset\Dataset COCO\val2017\000000286908.jpg,0,Bukan_Lung_CT,test
D:\skripsi\Dataset\Dataset COCO\val2017\000000321214.jpg,0,Bukan_Lung_CT,test
D:\skripsi\Dataset\Dataset COCO\val2017\000000508312.jpg,0,Bukan_Lung_CT,test
D:\skripsi\Dataset\Dataset COCO\val2017\000000453302.jpg,0,Bukan_Lung_CT,test
D:\skripsi\Dataset\Dataset COCO\val2017\000000157847.jpg,0,Bukan_Lung_CT,test
D:\skripsi\Dataset\Dataset COCO\val2017\000000081594.jpg,0,Bukan_Lung_CT,test
D:\skripsi\Dataset\Dataset COCO\val2017\000000221281.jpg,0,Bukan_Lung_CT,test
D:\skripsi\Dataset\Dataset COCO\val2017\000000474028.jpg,0,Bukan_Lung_CT,test
D:\skripsi\Dataset\Dataset COCO\val2017\000000267670.jpg,0,Bukan_Lung_CT,test
D:\skripsi\Dataset\Dataset COCO\val2017\000000110282.jpg,0,Bukan_Lung_CT,test
D:\skripsi\Dataset\Dataset COCO\val2017\000000073326.jpg,0,Bukan_Lung_CT,test
D:\skripsi\Dataset\Dataset COCO\val2017\000000462576.jpg,0,Bukan_Lung_CT,test
D:\skripsi\Dataset\Dataset COCO\val2017\000000213033.jpg,0,Bukan_Lung_CT,test
D:\skripsi\Dataset\Dataset COCO\val2017\000000015746.jpg,0,Bukan_Lung_CT,test
D:\skripsi\Dataset\Dataset COCO\val2017\000000334417.jpg,0,Bukan_Lung_CT,test
D:\skripsi\Dataset\Dataset COCO\val2017\000000190307.jpg,0,Bukan_Lung_CT,test
D:\skripsi\Dataset\Dataset COCO\val2017\000000055299.jpg,0,Bukan_Lung_CT,test
D:\skripsi\Dataset\Dataset COCO\val2017\000000553731.jpg,0,Bukan_Lung_CT,test
D:\skripsi\Dataset\Dataset COCO\val2017\000000302990.jpg,0,Bukan_Lung_CT,test
D:\skripsi\Dataset\Dataset COCO\val2017\000000140556.jpg,0,Bukan_Lung_CT,test
D:\skripsi\Dataset\Dataset COCO\val2017\000000139077.jpg,0,Bukan_Lung_CT,test
D:\skripsi\Dataset\Dataset COCO\val2017\000000568290.jpg,0,Bukan_Lung_CT,test
D:\skripsi\Dataset\Dataset COCO\val2017\000000547886.jpg,0,Bukan_Lung_CT,test
D:\skripsi\Dataset\Dataset COCO\val2017\000000412887.jpg,0,Bukan_Lung_CT,test
D:\skripsi\Dataset\Dataset COCO\val2017\000000532493.jpg,0,Bukan_Lung_CT,test
D:\skripsi\Dataset\Dataset COCO\val2017\000000201418.jpg,0,Bukan_Lung_CT,test
D:\skripsi\Dataset\Dataset COCO\val2017\000000446574.jpg,0,Bukan_Lung_CT,test
D:\skripsi\Dataset\Dataset COCO\val2017\000000520531.jpg,0,Bukan_Lung_CT,test
D:\skripsi\Dataset\Dataset COCO\val2017\000000001675.jpg,0,Bukan_Lung_CT,test
D:\skripsi\Dataset\Dataset COCO\val2017\000000246968.jpg,0,Bukan_Lung_CT,test
D:\skripsi\Dataset\Dataset COCO\val2017\000000302760.jpg,0,Bukan_Lung_CT,test
D:\skripsi\Dataset\Dataset COCO\val2017\000000297396.jpg,0,Bukan_Lung_CT,test
D:\skripsi\Dataset\Dataset COCO\val2017\000000545407.jpg,0,Bukan_Lung_CT,test
D:\skripsi\Dataset\Dataset COCO\val2017\000000199055.jpg,0,Bukan_Lung_CT,test
D:\skripsi\Dataset\Dataset COCO\val2017\000000168593.jpg,0,Bukan_Lung_CT,test
D:\skripsi\Dataset\Dataset COCO\val2017\000000490515.jpg,0,Bukan_Lung_CT,test
D:\skripsi\Dataset\Dataset COCO\val2017\000000515266.jpg,0,Bukan_Lung_CT,test
D:\skripsi\Dataset\Dataset COCO\val2017\000000554595.jpg,0,Bukan_Lung_CT,test
D:\skripsi\Dataset\Dataset COCO\val2017\000000438226.jpg,0,Bukan_Lung_CT,test
D:\skripsi\Dataset\Dataset COCO\val2017\000000140929.jpg,0,Bukan_Lung_CT,test
D:\skripsi\Dataset\Dataset COCO\val2017\000000185599.jpg,0,Bukan_Lung_CT,test
D:\skripsi\Dataset\Dataset COCO\val2017\000000024610.jpg,0,Bukan_Lung_CT,test
D:\skripsi\Dataset\Dataset COCO\val2017\000000283070.jpg,0,Bukan_Lung_CT,test
D:\skripsi\Dataset\Dataset COCO\val2017\000000564091.jpg,0,Bukan_Lung_CT,test
D:\skripsi\Dataset\Dataset COCO\val2017\000000361142.jpg,0,Bukan_Lung_CT,test
D:\skripsi\Dataset\Dataset COCO\val2017\000000184324.jpg,0,Bukan_Lung_CT,test
D:\skripsi\Dataset\Dataset COCO\val2017\000000336309.jpg,0,Bukan_Lung_CT,test
D:\skripsi\Dataset\Dataset COCO\val2017\000000242060.jpg,0,Bukan_Lung_CT,test
D:\skripsi\Dataset\Dataset COCO\val2017\000000555012.jpg,0,Bukan_Lung_CT,test
D:\skripsi\Dataset\Dataset COCO\val2017\000000096960.jpg,0,Bukan_Lung_CT,test
D:\skripsi\Dataset\Dataset COCO\val2017\000000147205.jpg,0,Bukan_Lung_CT,test
D:\skripsi\Dataset\Dataset COCO\val2017\000000100489.jpg,0,Bukan_Lung_CT,test
D:\skripsi\Dataset\Dataset COCO\val2017\000000327617.jpg,0,Bukan_Lung_CT,test
D:\skripsi\Dataset\Dataset COCO\val2017\000000092416.jpg,0,Bukan_Lung_CT,test
D:\skripsi\Dataset\Dataset COCO\val2017\000000129062.jpg,0,Bukan_Lung_CT,test
D:\skripsi\Dataset\Dataset COCO\val2017\000000289960.jpg,0,Bukan_Lung_CT,test
D:\skripsi\Dataset\Dataset COCO\val2017\000000323895.jpg,0,Bukan_Lung_CT,test
D:\skripsi\Dataset\Dataset COCO\val2017\000000132544.jpg,0,Bukan_Lung_CT,test
D:\skripsi\Dataset\Dataset COCO\val2017\000000229747.jpg,0,Bukan_Lung_CT,test
D:\skripsi\Dataset\Dataset COCO\val2017\000000237316.jpg,0,Bukan_Lung_CT,test
D:\skripsi\Dataset\Dataset COCO\val2017\000000133567.jpg,0,Bukan_Lung_CT,test
D:\skripsi\Dataset\Dataset COCO\val2017\000000468954.jpg,0,Bukan_Lung_CT,test
D:\skripsi\Dataset\Dataset COCO\val2017\000000344816.jpg,0,Bukan_Lung_CT,test
D:\skripsi\Dataset\Dataset COCO\val2017\000000442463.jpg,0,Bukan_Lung_CT,test
D:\skripsi\Dataset\Dataset COCO\val2017\000000035682.jpg,0,Bukan_Lung_CT,test
D:\skripsi\Dataset\Dataset COCO\val2017\000000245513.jpg,0,Bukan_Lung_CT,test
D:\skripsi\Dataset\Dataset COCO\val2017\000000062554.jpg,0,Bukan_Lung_CT,test
D:\skripsi\Dataset\Dataset COCO\val2017\000000492077.jpg,0,Bukan_Lung_CT,test
D:\skripsi\Dataset\Dataset COCO\val2017\000000415716.jpg,0,Bukan_Lung_CT,test
D:\skripsi\Dataset\Dataset COCO\val2017\000000568439.jpg,0,Bukan_Lung_CT,test
D:\skripsi\Dataset\Dataset COCO\val2017\000000534394.jpg,0,Bukan_Lung_CT,test
D:\skripsi\Dataset\Dataset COCO\val2017\000000031749.jpg,0,Bukan_Lung_CT,test
D:\skripsi\Dataset\Dataset COCO\val2017\000000257896.jpg,0,Bukan_Lung_CT,test
D:\skripsi\Dataset\Dataset COCO\val2017\000000287527.jpg,0,Bukan_Lung_CT,test
D:\skripsi\Dataset\Dataset COCO\val2017\000000330554.jpg,0,Bukan_Lung_CT,test
D:\skripsi\Dataset\Dataset COCO\val2017\000000134882.jpg,0,Bukan_Lung_CT,test
D:\skripsi\Dataset\Dataset COCO\val2017\000000347174.jpg,0,Bukan_Lung_CT,test
D:\skripsi\Dataset\Dataset COCO\val2017\000000335954.jpg,0,Bukan_Lung_CT,test
D:\skripsi\Dataset\Dataset COCO\val2017\000000168458.jpg,0,Bukan_Lung_CT,test
D:\skripsi\Dataset\Dataset COCO\val2017\000000476810.jpg,0,Bukan_Lung_CT,test
D:\skripsi\Dataset\Dataset COCO\val2017\000000457559.jpg,0,Bukan_Lung_CT,test
D:\skripsi\Dataset\Dataset COCO\val2017\000000417608.jpg,0,Bukan_Lung_CT,test
D:\skripsi\Dataset\Dataset COCO\val2017\000000189475.jpg,0,Bukan_Lung_CT,test
D:\skripsi\Dataset\Dataset COCO\val2017\000000008690.jpg,0,Bukan_Lung_CT,test
D:\skripsi\Dataset\Dataset COCO\val2017\000000249129.jpg,0,Bukan_Lung_CT,test
D:\skripsi\Dataset\Dataset COCO\val2017\000000455267.jpg,0,Bukan_Lung_CT,test
D:\skripsi\Dataset\Dataset COCO\val2017\000000158227.jpg,0,Bukan_Lung_CT,test
D:\skripsi\Dataset\Dataset COCO\val2017\000000102644.jpg,0,Bukan_Lung_CT,test
D:\skripsi\Dataset\Dataset COCO\val2017\000000108026.jpg,0,Bukan_Lung_CT,test
D:\skripsi\Dataset\Dataset COCO\val2017\000000529568.jpg,0,Bukan_Lung_CT,test
D:\skripsi\Dataset\Dataset COCO\val2017\000000090062.jpg,0,Bukan_Lung_CT,test
D:\skripsi\Dataset\Dataset COCO\val2017\000000125952.jpg,0,Bukan_Lung_CT,test
D:\skripsi\Dataset\Dataset COCO\val2017\000000226883.jpg,0,Bukan_Lung_CT,test
D:\skripsi\Dataset\Dataset COCO\val2017\000000370813.jpg,0,Bukan_Lung_CT,test
D:\skripsi\Dataset\Dataset COCO\val2017\000000122166.jpg,0,Bukan_Lung_CT,test
D:\skripsi\Dataset\Dataset COCO\val2017\000000172877.jpg,0,Bukan_Lung_CT,test
D:\skripsi\Dataset\Dataset COCO\val2017\000000262587.jpg,0,Bukan_Lung_CT,test
D:\skripsi\Dataset\Dataset COCO\val2017\000000577932.jpg,0,Bukan_Lung_CT,test
D:\skripsi\Dataset\Dataset COCO\val2017\000000120777.jpg,0,Bukan_Lung_CT,test
D:\skripsi\Dataset\Dataset COCO\val2017\000000426297.jpg,0,Bukan_Lung_CT,test
D:\skripsi\Dataset\Dataset COCO\val2017\000000240023.jpg,0,Bukan_Lung_CT,test
D:\skripsi\Dataset\Dataset COCO\val2017\000000352491.jpg,0,Bukan_Lung_CT,test
D:\skripsi\Dataset\Dataset COCO\val2017\000000304545.jpg,0,Bukan_Lung_CT,test
D:\skripsi\Dataset\Dataset COCO\val2017\000000105014.jpg,0,Bukan_Lung_CT,test
D:\skripsi\Dataset\Dataset COCO\val2017\000000565469.jpg,0,Bukan_Lung_CT,test
D:\skripsi\Dataset\Dataset COCO\val2017\000000100274.jpg,0,Bukan_Lung_CT,test
D:\skripsi\Dataset\Dataset COCO\val2017\000000018193.jpg,0,Bukan_Lung_CT,test
D:\skripsi\Dataset\Dataset COCO\val2017\000000509014.jpg,0,Bukan_Lung_CT,test
D:\skripsi\Dataset\Dataset COCO\val2017\000000163746.jpg,0,Bukan_Lung_CT,test
D:\skripsi\Dataset\Dataset COCO\val2017\000000215072.jpg,0,Bukan_Lung_CT,test
D:\skripsi\Dataset\Dataset COCO\val2017\000000286507.jpg,0,Bukan_Lung_CT,test
D:\skripsi\Dataset\Dataset COCO\val2017\000000226408.jpg,0,Bukan_Lung_CT,test
D:\skripsi\Dataset\Dataset COCO\val2017\000000341973.jpg,0,Bukan_Lung_CT,test
D:\skripsi\Dataset\Dataset COCO\val2017\000000163314.jpg,0,Bukan_Lung_CT,test
D:\skripsi\Dataset\Dataset COCO\val2017\000000044260.jpg,0,Bukan_Lung_CT,test
D:\skripsi\Dataset\Dataset COCO\val2017\000000128051.jpg,0,Bukan_Lung_CT,test
D:\skripsi\Dataset\Dataset COCO\val2017\000000157046.jpg,0,Bukan_Lung_CT,test
D:\skripsi\Dataset\Dataset COCO\val2017\000000261706.jpg,0,Bukan_Lung_CT,test
D:\skripsi\Dataset\Dataset COCO\val2017\000000173183.jpg,0,Bukan_Lung_CT,test
D:\skripsi\Dataset\Dataset COCO\val2017\000000410650.jpg,0,Bukan_Lung_CT,test
D:\skripsi\Dataset\Dataset COCO\val2017\000000281693.jpg,0,Bukan_Lung_CT,test
D:\skripsi\Dataset\Dataset COCO\val2017\000000177213.jpg,0,Bukan_Lung_CT,test
D:\skripsi\Dataset\Dataset COCO\val2017\000000316404.jpg,0,Bukan_Lung_CT,test
D:\skripsi\Dataset\Dataset COCO\val2017\000000239857.jpg,0,Bukan_Lung_CT,test
D:\skripsi\Dataset\Dataset COCO\val2017\000000380711.jpg,0,Bukan_Lung_CT,test
D:\skripsi\Dataset\Dataset COCO\val2017\000000136600.jpg,0,Bukan_Lung_CT,test
D:\skripsi\Dataset\Dataset COCO\val2017\000000082180.jpg,0,Bukan_Lung_CT,test
D:\skripsi\Dataset\Dataset COCO\val2017\000000026690.jpg,0,Bukan_Lung_CT,test
D:\skripsi\Dataset\Dataset COCO\val2017\000000424721.jpg,0,Bukan_Lung_CT,test
D:\skripsi\Dataset\Dataset COCO\val2017\000000049259.jpg,0,Bukan_Lung_CT,test
D:\skripsi\Dataset\Dataset COCO\val2017\000000290843.jpg,0,Bukan_Lung_CT,test
D:\skripsi\Dataset\Dataset COCO\val2017\000000476215.jpg,0,Bukan_Lung_CT,test
D:\skripsi\Dataset\Dataset COCO\val2017\000000079144.jpg,0,Bukan_Lung_CT,test
D:\skripsi\Dataset\Dataset COCO\val2017\000000323709.jpg,0,Bukan_Lung_CT,test
D:\skripsi\Dataset\Dataset COCO\val2017\000000335427.jpg,0,Bukan_Lung_CT,test
D:\skripsi\Dataset\Dataset COCO\val2017\000000083172.jpg,0,Bukan_Lung_CT,test
D:\skripsi\Dataset\Dataset COCO\val2017\000000525083.jpg,0,Bukan_Lung_CT,test
D:\skripsi\Dataset\Dataset COCO\val2017\000000357978.jpg,0,Bukan_Lung_CT,test
D:\skripsi\Dataset\Dataset COCO\val2017\000000127955.jpg,0,Bukan_Lung_CT,test
D:\skripsi\Dataset\Dataset COCO\val2017\000000441491.jpg,0,Bukan_Lung_CT,test
D:\skripsi\Dataset\Dataset COCO\val2017\000000376322.jpg,0,Bukan_Lung_CT,test
D:\skripsi\Dataset\Dataset COCO\val2017\000000080949.jpg,0,Bukan_Lung_CT,test
D:\skripsi\Dataset\Dataset COCO\val2017\000000189775.jpg,0,Bukan_Lung_CT,test
D:\skripsi\Dataset\Dataset COCO\val2017\000000417285.jpg,0,Bukan_Lung_CT,test
D:\skripsi\Dataset\Dataset COCO\val2017\000000483667.jpg,0,Bukan_Lung_CT,test
D:\skripsi\Dataset\Dataset COCO\val2017\000000475572.jpg,0,Bukan_Lung_CT,test
D:\skripsi\Dataset\Dataset COCO\val2017\000000055072.jpg,0,Bukan_Lung_CT,test
D:\skripsi\Dataset\Dataset COCO\val2017\000000492968.jpg,0,Bukan_Lung_CT,test
D:\skripsi\Dataset\Dataset COCO\val2017\000000378515.jpg,0,Bukan_Lung_CT,val
D:\skripsi\Dataset\Dataset COCO\val2017\000000191761.jpg,0,Bukan_Lung_CT,val
D:\skripsi\Dataset\Dataset COCO\val2017\000000451150.jpg,0,Bukan_Lung_CT,val
D:\skripsi\Dataset\Dataset COCO\val2017\000000505169.jpg,0,Bukan_Lung_CT,val
D:\skripsi\Dataset\Dataset COCO\val2017\000000179487.jpg,0,Bukan_Lung_CT,val
D:\skripsi\Dataset\Dataset COCO\val2017\000000482436.jpg,0,Bukan_Lung_CT,val
D:\skripsi\Dataset\Dataset COCO\val2017\000000235241.jpg,0,Bukan_Lung_CT,val
D:\skripsi\Dataset\Dataset COCO\val2017\000000426166.jpg,0,Bukan_Lung_CT,val
D:\skripsi\Dataset\Dataset COCO\val2017\000000039785.jpg,0,Bukan_Lung_CT,val
D:\skripsi\Dataset\Dataset COCO\val2017\000000556873.jpg,0,Bukan_Lung_CT,val
D:\skripsi\Dataset\Dataset COCO\val2017\000000460229.jpg,0,Bukan_Lung_CT,val
D:\skripsi\Dataset\Dataset COCO\val2017\000000045229.jpg,0,Bukan_Lung_CT,val
D:\skripsi\Dataset\Dataset COCO\val2017\000000460147.jpg,0,Bukan_Lung_CT,val
D:\skripsi\Dataset\Dataset COCO\val2017\000000016502.jpg,0,Bukan_Lung_CT,val
D:\skripsi\Dataset\Dataset COCO\val2017\000000509824.jpg,0,Bukan_Lung_CT,val
D:\skripsi\Dataset\Dataset COCO\val2017\000000121417.jpg,0,Bukan_Lung_CT,val
D:\skripsi\Dataset\Dataset COCO\val2017\000000020571.jpg,0,Bukan_Lung_CT,val
D:\skripsi\Dataset\Dataset COCO\val2017\000000366225.jpg,0,Bukan_Lung_CT,val
D:\skripsi\Dataset\Dataset COCO\val2017\000000000139.jpg,0,Bukan_Lung_CT,val
D:\skripsi\Dataset\Dataset COCO\val2017\000000340894.jpg,0,Bukan_Lung_CT,val
D:\skripsi\Dataset\Dataset COCO\val2017\000000338624.jpg,0,Bukan_Lung_CT,val
D:\skripsi\Dataset\Dataset COCO\val2017\000000553669.jpg,0,Bukan_Lung_CT,val
D:\skripsi\Dataset\Dataset COCO\val2017\000000445658.jpg,0,Bukan_Lung_CT,val
D:\skripsi\Dataset\Dataset COCO\val2017\000000312278.jpg,0,Bukan_Lung_CT,val
D:\skripsi\Dataset\Dataset COCO\val2017\000000392481.jpg,0,Bukan_Lung_CT,val
D:\skripsi\Dataset\Dataset COCO\val2017\000000145591.jpg,0,Bukan_Lung_CT,val
D:\skripsi\Dataset\Dataset COCO\val2017\000000445792.jpg,0,Bukan_Lung_CT,val
D:\skripsi\Dataset\Dataset COCO\val2017\000000349678.jpg,0,Bukan_Lung_CT,val
D:\skripsi\Dataset\Dataset COCO\val2017\000000512929.jpg,0,Bukan_Lung_CT,val
D:\skripsi\Dataset\Dataset COCO\val2017\000000233825.jpg,0,Bukan_Lung_CT,val
D:\skripsi\Dataset\Dataset COCO\val2017\000000108440.jpg,0,Bukan_Lung_CT,val
D:\skripsi\Dataset\Dataset COCO\val2017\000000067406.jpg,0,Bukan_Lung_CT,val
D:\skripsi\Dataset\Dataset COCO\val2017\000000366199.jpg,0,Bukan_Lung_CT,val
D:\skripsi\Dataset\Dataset COCO\val2017\000000575970.jpg,0,Bukan_Lung_CT,val
D:\skripsi\Dataset\Dataset COCO\val2017\000000002006.jpg,0,Bukan_Lung_CT,val
D:\skripsi\Dataset\Dataset COCO\val2017\000000173057.jpg,0,Bukan_Lung_CT,val
D:\skripsi\Dataset\Dataset COCO\val2017\000000015272.jpg,0,Bukan_Lung_CT,val
D:\skripsi\Dataset\Dataset COCO\val2017\000000032038.jpg,0,Bukan_Lung_CT,val
D:\skripsi\Dataset\Dataset COCO\val2017\000000177383.jpg,0,Bukan_Lung_CT,val
D:\skripsi\Dataset\Dataset COCO\val2017\000000012062.jpg,0,Bukan_Lung_CT,val
D:\skripsi\Dataset\Dataset COCO\val2017\000000351530.jpg,0,Bukan_Lung_CT,val
D:\skripsi\Dataset\Dataset COCO\val2017\000000067180.jpg,0,Bukan_Lung_CT,val
D:\skripsi\Dataset\Dataset COCO\val2017\000000571943.jpg,0,Bukan_Lung_CT,val
D:\skripsi\Dataset\Dataset COCO\val2017\000000038070.jpg,0,Bukan_Lung_CT,val
D:\skripsi\Dataset\Dataset COCO\val2017\000000127624.jpg,0,Bukan_Lung_CT,val
D:\skripsi\Dataset\Dataset COCO\val2017\000000152686.jpg,0,Bukan_Lung_CT,val
D:\skripsi\Dataset\Dataset COCO\val2017\000000130613.jpg,0,Bukan_Lung_CT,val
D:\skripsi\Dataset\Dataset COCO\val2017\000000561256.jpg,0,Bukan_Lung_CT,val
D:\skripsi\Dataset\Dataset COCO\val2017\000000025603.jpg,0,Bukan_Lung_CT,val
D:\skripsi\Dataset\Dataset COCO\val2017\000000496597.jpg,0,Bukan_Lung_CT,val
D:\skripsi\Dataset\Dataset COCO\val2017\000000007278.jpg,0,Bukan_Lung_CT,val
D:\skripsi\Dataset\Dataset COCO\val2017\000000479126.jpg,0,Bukan_Lung_CT,val
D:\skripsi\Dataset\Dataset COCO\val2017\000000006471.jpg,0,Bukan_Lung_CT,val
D:\skripsi\Dataset\Dataset COCO\val2017\000000411817.jpg,0,Bukan_Lung_CT,val
D:\skripsi\Dataset\Dataset COCO\val2017\000000405306.jpg,0,Bukan_Lung_CT,val
D:\skripsi\Dataset\Dataset COCO\val2017\000000544444.jpg,0,Bukan_Lung_CT,val
D:\skripsi\Dataset\Dataset COCO\val2017\000000089697.jpg,0,Bukan_Lung_CT,val
D:\skripsi\Dataset\Dataset COCO\val2017\000000004134.jpg,0,Bukan_Lung_CT,val
D:\skripsi\Dataset\Dataset COCO\val2017\000000332901.jpg,0,Bukan_Lung_CT,val
D:\skripsi\Dataset\Dataset COCO\val2017\000000403584.jpg,0,Bukan_Lung_CT,val
D:\skripsi\Dataset\Dataset COCO\val2017\000000102805.jpg,0,Bukan_Lung_CT,val
D:\skripsi\Dataset\Dataset COCO\val2017\000000036678.jpg,0,Bukan_Lung_CT,val
D:\skripsi\Dataset\Dataset COCO\val2017\000000579655.jpg,0,Bukan_Lung_CT,val
D:\skripsi\Dataset\Dataset COCO\val2017\000000581482.jpg,0,Bukan_Lung_CT,val
D:\skripsi\Dataset\Dataset COCO\val2017\000000140840.jpg,0,Bukan_Lung_CT,val
D:\skripsi\Dataset\Dataset COCO\val2017\000000438955.jpg,0,Bukan_Lung_CT,val
D:\skripsi\Dataset\Dataset COCO\val2017\000000335177.jpg,0,Bukan_Lung_CT,val
D:\skripsi\Dataset\Dataset COCO\val2017\000000172617.jpg,0,Bukan_Lung_CT,val
D:\skripsi\Dataset\Dataset COCO\val2017\000000248616.jpg,0,Bukan_Lung_CT,val
D:\skripsi\Dataset\Dataset COCO\val2017\000000509008.jpg,0,Bukan_Lung_CT,val
D:\skripsi\Dataset\Dataset COCO\val2017\000000492758.jpg,0,Bukan_Lung_CT,val
D:\skripsi\Dataset\Dataset COCO\val2017\000000314251.jpg,0,Bukan_Lung_CT,val
D:\skripsi\Dataset\Dataset COCO\val2017\000000165518.jpg,0,Bukan_Lung_CT,val
D:\skripsi\Dataset\Dataset COCO\val2017\000000213422.jpg,0,Bukan_Lung_CT,val
D:\skripsi\Dataset\Dataset COCO\val2017\000000022969.jpg,0,Bukan_Lung_CT,val
D:\skripsi\Dataset\Dataset COCO\val2017\000000508482.jpg,0,Bukan_Lung_CT,val
D:\skripsi\Dataset\Dataset COCO\val2017\000000312586.jpg,0,Bukan_Lung_CT,val
D:\skripsi\Dataset\Dataset COCO\val2017\000000047571.jpg,0,Bukan_Lung_CT,val
D:\skripsi\Dataset\Dataset COCO\val2017\000000154947.jpg,0,Bukan_Lung_CT,val
D:\skripsi\Dataset\Dataset COCO\val2017\000000531036.jpg,0,Bukan_Lung_CT,val
D:\skripsi\Dataset\Dataset COCO\val2017\000000013729.jpg,0,Bukan_Lung_CT,val
D:\skripsi\Dataset\Dataset COCO\val2017\000000002592.jpg,0,Bukan_Lung_CT,val
D:\skripsi\Dataset\Dataset COCO\val2017\000000407083.jpg,0,Bukan_Lung_CT,val
D:\skripsi\Dataset\Dataset COCO\val2017\000000023230.jpg,0,Bukan_Lung_CT,val
D:\skripsi\Dataset\Dataset COCO\val2017\000000197528.jpg,0,Bukan_Lung_CT,val
D:\skripsi\Dataset\Dataset COCO\val2017\000000243075.jpg,0,Bukan_Lung_CT,val
D:\skripsi\Dataset\Dataset COCO\val2017\000000342006.jpg,0,Bukan_Lung_CT,val
D:\skripsi\Dataset\Dataset COCO\val2017\000000520264.jpg,0,Bukan_Lung_CT,val
D:\skripsi\Dataset\Dataset COCO\val2017\000000330369.jpg,0,Bukan_Lung_CT,val
D:\skripsi\Dataset\Dataset COCO\val2017\000000269942.jpg,0,Bukan_Lung_CT,train
D:\skripsi\Dataset\Dataset COCO\val2017\000000158945.jpg,0,Bukan_Lung_CT,train
D:\skripsi\Dataset\Dataset COCO\val2017\000000140987.jpg,0,Bukan_Lung_CT,train
D:\skripsi\Dataset\Dataset COCO\val2017\000000180878.jpg,0,Bukan_Lung_CT,train
D:\skripsi\Dataset\Dataset COCO\val2017\000000146498.jpg,0,Bukan_Lung_CT,train
D:\skripsi\Dataset\Dataset COCO\val2017\000000326542.jpg,0,Bukan_Lung_CT,train
D:\skripsi\Dataset\Dataset COCO\val2017\000000533958.jpg,0,Bukan_Lung_CT,train
D:\skripsi\Dataset\Dataset COCO\val2017\000000541055.jpg,0,Bukan_Lung_CT,train
D:\skripsi\Dataset\Dataset COCO\val2017\000000348012.jpg,0,Bukan_Lung_CT,train
D:\skripsi\Dataset\Dataset COCO\val2017\000000002532.jpg,0,Bukan_Lung_CT,train
D:\skripsi\Dataset\Dataset COCO\val2017\000000135902.jpg,0,Bukan_Lung_CT,train
D:\skripsi\Dataset\Dataset COCO\val2017\000000324818.jpg,0,Bukan_Lung_CT,train
D:\skripsi\Dataset\Dataset COCO\val2017\000000423229.jpg,0,Bukan_Lung_CT,train
D:\skripsi\Dataset\Dataset COCO\val2017\000000516871.jpg,0,Bukan_Lung_CT,train
D:\skripsi\Dataset\Dataset COCO\val2017\000000462728.jpg,0,Bukan_Lung_CT,train
D:\skripsi\Dataset\Dataset COCO\val2017\000000265108.jpg,0,Bukan_Lung_CT,train
D:\skripsi\Dataset\Dataset COCO\val2017\000000124636.jpg,0,Bukan_Lung_CT,train
D:\skripsi\Dataset\Dataset COCO\val2017\000000314264.jpg,0,Bukan_Lung_CT,train
D:\skripsi\Dataset\Dataset COCO\val2017\000000097924.jpg,0,Bukan_Lung_CT,train
D:\skripsi\Dataset\Dataset COCO\val2017\000000212559.jpg,0,Bukan_Lung_CT,train
D:\skripsi\Dataset\Dataset COCO\val2017\000000406417.jpg,0,Bukan_Lung_CT,train
D:\skripsi\Dataset\Dataset COCO\val2017\000000271728.jpg,0,Bukan_Lung_CT,train
D:\skripsi\Dataset\Dataset COCO\val2017\000000048555.jpg,0,Bukan_Lung_CT,train
D:\skripsi\Dataset\Dataset COCO\val2017\000000579070.jpg,0,Bukan_Lung_CT,train
D:\skripsi\Dataset\Dataset COCO\val2017\000000005001.jpg,0,Bukan_Lung_CT,train
D:\skripsi\Dataset\Dataset COCO\val2017\000000507235.jpg,0,Bukan_Lung_CT,train
D:\skripsi\Dataset\Dataset COCO\val2017\000000399462.jpg,0,Bukan_Lung_CT,train
D:\skripsi\Dataset\Dataset COCO\val2017\000000231508.jpg,0,Bukan_Lung_CT,train
D:\skripsi\Dataset\Dataset COCO\val2017\000000433515.jpg,0,Bukan_Lung_CT,train
D:\skripsi\Dataset\Dataset COCO\val2017\000000317024.jpg,0,Bukan_Lung_CT,train
D:\skripsi\Dataset\Dataset COCO\val2017\000000416343.jpg,0,Bukan_Lung_CT,train
D:\skripsi\Dataset\Dataset COCO\val2017\000000133969.jpg,0,Bukan_Lung_CT,train
D:\skripsi\Dataset\Dataset COCO\val2017\000000183391.jpg,0,Bukan_Lung_CT,train
D:\skripsi\Dataset\Dataset COCO\val2017\000000463618.jpg,0,Bukan_Lung_CT,train
D:\skripsi\Dataset\Dataset COCO\val2017\000000043581.jpg,0,Bukan_Lung_CT,train
D:\skripsi\Dataset\Dataset COCO\val2017\000000360943.jpg,0,Bukan_Lung_CT,train
D:\skripsi\Dataset\Dataset COCO\val2017\000000206027.jpg,0,Bukan_Lung_CT,train
D:\skripsi\Dataset\Dataset COCO\val2017\000000124277.jpg,0,Bukan_Lung_CT,train
D:\skripsi\Dataset\Dataset COCO\val2017\000000098497.jpg,0,Bukan_Lung_CT,train
D:\skripsi\Dataset\Dataset COCO\val2017\000000275198.jpg,0,Bukan_Lung_CT,train
D:\skripsi\Dataset\Dataset COCO\val2017\000000368212.jpg,0,Bukan_Lung_CT,train
D:\skripsi\Dataset\Dataset COCO\val2017\000000295809.jpg,0,Bukan_Lung_CT,train
D:\skripsi\Dataset\Dataset COCO\val2017\000000411938.jpg,0,Bukan_Lung_CT,train
D:\skripsi\Dataset\Dataset COCO\val2017\000000156076.jpg,0,Bukan_Lung_CT,train
D:\skripsi\Dataset\Dataset COCO\val2017\000000163258.jpg,0,Bukan_Lung_CT,train
D:\skripsi\Dataset\Dataset COCO\val2017\000000363875.jpg,0,Bukan_Lung_CT,train
D:\skripsi\Dataset\Dataset COCO\val2017\000000482970.jpg,0,Bukan_Lung_CT,train
D:\skripsi\Dataset\Dataset COCO\val2017\000000458790.jpg,0,Bukan_Lung_CT,train
D:\skripsi\Dataset\Dataset COCO\val2017\000000061471.jpg,0,Bukan_Lung_CT,train
D:\skripsi\Dataset\Dataset COCO\val2017\000000464476.jpg,0,Bukan_Lung_CT,train
D:\skripsi\Dataset\Dataset COCO\val2017\000000399655.jpg,0,Bukan_Lung_CT,train
D:\skripsi\Dataset\Dataset COCO\val2017\000000448810.jpg,0,Bukan_Lung_CT,train
D:\skripsi\Dataset\Dataset COCO\val2017\000000365095.jpg,0,Bukan_Lung_CT,train
D:\skripsi\Dataset\Dataset COCO\val2017\000000262631.jpg,0,Bukan_Lung_CT,train
D:\skripsi\Dataset\Dataset COCO\val2017\000000170545.jpg,0,Bukan_Lung_CT,train
D:\skripsi\Dataset\Dataset COCO\val2017\000000031735.jpg,0,Bukan_Lung_CT,train
D:\skripsi\Dataset\Dataset COCO\val2017\000000005992.jpg,0,Bukan_Lung_CT,train
D:\skripsi\Dataset\Dataset COCO\val2017\000000519338.jpg,0,Bukan_Lung_CT,train
D:\skripsi\Dataset\Dataset COCO\val2017\000000354072.jpg,0,Bukan_Lung_CT,train
D:\skripsi\Dataset\Dataset COCO\val2017\000000186282.jpg,0,Bukan_Lung_CT,train
D:\skripsi\Dataset\Dataset COCO\val2017\000000255824.jpg,0,Bukan_Lung_CT,train
D:\skripsi\Dataset\Dataset COCO\val2017\000000479099.jpg,0,Bukan_Lung_CT,train
D:\skripsi\Dataset\Dataset COCO\val2017\000000533493.jpg,0,Bukan_Lung_CT,train
D:\skripsi\Dataset\Dataset COCO\val2017\000000290768.jpg,0,Bukan_Lung_CT,train
D:\skripsi\Dataset\Dataset COCO\val2017\000000193348.jpg,0,Bukan_Lung_CT,train
D:\skripsi\Dataset\Dataset COCO\val2017\000000572555.jpg,0,Bukan_Lung_CT,train
D:\skripsi\Dataset\Dataset COCO\val2017\000000572956.jpg,0,Bukan_Lung_CT,train
D:\skripsi\Dataset\Dataset COCO\val2017\000000197658.jpg,0,Bukan_Lung_CT,train
D:\skripsi\Dataset\Dataset COCO\val2017\000000084650.jpg,0,Bukan_Lung_CT,train
D:\skripsi\Dataset\Dataset COCO\val2017\000000224119.jpg,0,Bukan_Lung_CT,train
D:\skripsi\Dataset\Dataset COCO\val2017\000000137106.jpg,0,Bukan_Lung_CT,train
D:\skripsi\Dataset\Dataset COCO\val2017\000000084170.jpg,0,Bukan_Lung_CT,train
D:\skripsi\Dataset\Dataset COCO\val2017\000000344614.jpg,0,Bukan_Lung_CT,train
D:\skripsi\Dataset\Dataset COCO\val2017\000000315187.jpg,0,Bukan_Lung_CT,train
D:\skripsi\Dataset\Dataset COCO\val2017\000000314182.jpg,0,Bukan_Lung_CT,train
D:\skripsi\Dataset\Dataset COCO\val2017\000000578500.jpg,0,Bukan_Lung_CT,train
D:\skripsi\Dataset\Dataset COCO\val2017\000000010092.jpg,0,Bukan_Lung_CT,train
D:\skripsi\Dataset\Dataset COCO\val2017\000000506656.jpg,0,Bukan_Lung_CT,train
D:\skripsi\Dataset\Dataset COCO\val2017\000000516804.jpg,0,Bukan_Lung_CT,train
D:\skripsi\Dataset\Dataset COCO\val2017\000000355677.jpg,0,Bukan_Lung_CT,train
D:\skripsi\Dataset\Dataset COCO\val2017\000000540502.jpg,0,Bukan_Lung_CT,train
D:\skripsi\Dataset\Dataset COCO\val2017\000000530457.jpg,0,Bukan_Lung_CT,train
D:\skripsi\Dataset\Dataset COCO\val2017\000000369675.jpg,0,Bukan_Lung_CT,train
D:\skripsi\Dataset\Dataset COCO\val2017\000000454798.jpg,0,Bukan_Lung_CT,train
D:\skripsi\Dataset\Dataset COCO\val2017\000000295478.jpg,0,Bukan_Lung_CT,train
D:\skripsi\Dataset\Dataset COCO\val2017\000000109992.jpg,0,Bukan_Lung_CT,train
D:\skripsi\Dataset\Dataset COCO\val2017\000000137294.jpg,0,Bukan_Lung_CT,train
D:\skripsi\Dataset\Dataset COCO\val2017\000000443303.jpg,0,Bukan_Lung_CT,train
D:\skripsi\Dataset\Dataset COCO\val2017\000000500464.jpg,0,Bukan_Lung_CT,train
D:\skripsi\Dataset\Dataset COCO\val2017\000000365521.jpg,0,Bukan_Lung_CT,train
D:\skripsi\Dataset\Dataset COCO\val2017\000000363207.jpg,0,Bukan_Lung_CT,train
D:\skripsi\Dataset\Dataset COCO\val2017\000000400161.jpg,0,Bukan_Lung_CT,train
D:\skripsi\Dataset\Dataset COCO\val2017\000000241668.jpg,0,Bukan_Lung_CT,train
D:\skripsi\Dataset\Dataset COCO\val2017\000000139883.jpg,0,Bukan_Lung_CT,train
D:\skripsi\Dataset\Dataset COCO\val2017\000000281929.jpg,0,Bukan_Lung_CT,train
D:\skripsi\Dataset\Dataset COCO\val2017\000000408830.jpg,0,Bukan_Lung_CT,train
D:\skripsi\Dataset\Dataset COCO\val2017\000000421757.jpg,0,Bukan_Lung_CT,train
D:\skripsi\Dataset\Dataset COCO\val2017\000000565012.jpg,0,Bukan_Lung_CT,train
D:\skripsi\Dataset\Dataset COCO\val2017\000000443844.jpg,0,Bukan_Lung_CT,train
D:\skripsi\Dataset\Dataset COCO\val2017\000000252507.jpg,0,Bukan_Lung_CT,train
D:\skripsi\Dataset\Dataset COCO\val2017\000000102331.jpg,0,Bukan_Lung_CT,train
D:\skripsi\Dataset\Dataset COCO\val2017\000000428218.jpg,0,Bukan_Lung_CT,train
D:\skripsi\Dataset\Dataset COCO\val2017\000000007816.jpg,0,Bukan_Lung_CT,train
D:\skripsi\Dataset\Dataset COCO\val2017\000000410878.jpg,0,Bukan_Lung_CT,train
D:\skripsi\Dataset\Dataset COCO\val2017\000000461009.jpg,0,Bukan_Lung_CT,train
D:\skripsi\Dataset\Dataset COCO\val2017\000000551350.jpg,0,Bukan_Lung_CT,train
D:\skripsi\Dataset\Dataset COCO\val2017\000000189213.jpg,0,Bukan_Lung_CT,train
D:\skripsi\Dataset\Dataset COCO\val2017\000000255912.jpg,0,Bukan_Lung_CT,train
D:\skripsi\Dataset\Dataset COCO\val2017\000000364557.jpg,0,Bukan_Lung_CT,train
D:\skripsi\Dataset\Dataset COCO\val2017\000000121506.jpg,0,Bukan_Lung_CT,train
D:\skripsi\Dataset\Dataset COCO\val2017\000000363666.jpg,0,Bukan_Lung_CT,train
D:\skripsi\Dataset\Dataset COCO\val2017\000000076417.jpg,0,Bukan_Lung_CT,train
D:\skripsi\Dataset\Dataset COCO\val2017\000000130599.jpg,0,Bukan_Lung_CT,train
D:\skripsi\Dataset\Dataset COCO\val2017\000000559543.jpg,0,Bukan_Lung_CT,train
D:\skripsi\Dataset\Dataset COCO\val2017\000000001268.jpg,0,Bukan_Lung_CT,train
D:\skripsi\Dataset\Dataset COCO\val2017\000000360097.jpg,0,Bukan_Lung_CT,train
D:\skripsi\Dataset\Dataset COCO\val2017\000000074457.jpg,0,Bukan_Lung_CT,train
D:\skripsi\Dataset\Dataset COCO\val2017\000000429011.jpg,0,Bukan_Lung_CT,train
D:\skripsi\Dataset\Dataset COCO\val2017\000000063740.jpg,0,Bukan_Lung_CT,train
D:\skripsi\Dataset\Dataset COCO\val2017\000000367082.jpg,0,Bukan_Lung_CT,train
D:\skripsi\Dataset\Dataset COCO\val2017\000000449996.jpg,0,Bukan_Lung_CT,train
D:\skripsi\Dataset\Dataset COCO\val2017\000000278353.jpg,0,Bukan_Lung_CT,train
D:\skripsi\Dataset\Dataset COCO\val2017\000000067616.jpg,0,Bukan_Lung_CT,train
D:\skripsi\Dataset\Dataset COCO\val2017\000000262682.jpg,0,Bukan_Lung_CT,train
D:\skripsi\Dataset\Dataset COCO\val2017\000000356432.jpg,0,Bukan_Lung_CT,train
D:\skripsi\Dataset\Dataset COCO\val2017\000000345469.jpg,0,Bukan_Lung_CT,train
D:\skripsi\Dataset\Dataset COCO\val2017\000000128748.jpg,0,Bukan_Lung_CT,train
D:\skripsi\Dataset\Dataset COCO\val2017\000000476491.jpg,0,Bukan_Lung_CT,train
D:\skripsi\Dataset\Dataset COCO\val2017\000000342128.jpg,0,Bukan_Lung_CT,train
D:\skripsi\Dataset\Dataset COCO\val2017\000000039951.jpg,0,Bukan_Lung_CT,train
D:\skripsi\Dataset\Dataset COCO\val2017\000000450075.jpg,0,Bukan_Lung_CT,train
D:\skripsi\Dataset\Dataset COCO\val2017\000000203095.jpg,0,Bukan_Lung_CT,train
D:\skripsi\Dataset\Dataset COCO\val2017\000000280891.jpg,0,Bukan_Lung_CT,train
D:\skripsi\Dataset\Dataset COCO\val2017\000000546826.jpg,0,Bukan_Lung_CT,train
D:\skripsi\Dataset\Dataset COCO\val2017\000000273642.jpg,0,Bukan_Lung_CT,train
D:\skripsi\Dataset\Dataset COCO\val2017\000000301376.jpg,0,Bukan_Lung_CT,train
D:\skripsi\Dataset\Dataset COCO\val2017\000000133244.jpg,0,Bukan_Lung_CT,train
D:\skripsi\Dataset\Dataset COCO\val2017\000000085376.jpg,0,Bukan_Lung_CT,train
D:\skripsi\Dataset\Dataset COCO\val2017\000000517832.jpg,0,Bukan_Lung_CT,train
D:\skripsi\Dataset\Dataset COCO\val2017\000000049761.jpg,0,Bukan_Lung_CT,train
D:\skripsi\Dataset\Dataset COCO\val2017\000000125936.jpg,0,Bukan_Lung_CT,train
D:\skripsi\Dataset\Dataset COCO\val2017\000000459396.jpg,0,Bukan_Lung_CT,train
D:\skripsi\Dataset\Dataset COCO\val2017\000000088485.jpg,0,Bukan_Lung_CT,train
D:\skripsi\Dataset\Dataset COCO\val2017\000000471893.jpg,0,Bukan_Lung_CT,train
D:\skripsi\Dataset\Dataset COCO\val2017\000000224807.jpg,0,Bukan_Lung_CT,train
D:\skripsi\Dataset\Dataset COCO\val2017\000000008211.jpg,0,Bukan_Lung_CT,train
D:\skripsi\Dataset\Dataset COCO\val2017\000000009590.jpg,0,Bukan_Lung_CT,train
D:\skripsi\Dataset\Dataset COCO\val2017\000000402118.jpg,0,Bukan_Lung_CT,train
D:\skripsi\Dataset\Dataset COCO\val2017\000000289222.jpg,0,Bukan_Lung_CT,train
D:\skripsi\Dataset\Dataset COCO\val2017\000000566923.jpg,0,Bukan_Lung_CT,train
D:\skripsi\Dataset\Dataset COCO\val2017\000000341719.jpg,0,Bukan_Lung_CT,train
D:\skripsi\Dataset\Dataset COCO\val2017\000000086755.jpg,0,Bukan_Lung_CT,train
D:\skripsi\Dataset\Dataset COCO\val2017\000000255965.jpg,0,Bukan_Lung_CT,train
D:\skripsi\Dataset\Dataset COCO\val2017\000000288430.jpg,0,Bukan_Lung_CT,train
D:\skripsi\Dataset\Dataset COCO\val2017\000000134034.jpg,0,Bukan_Lung_CT,train
D:\skripsi\Dataset\Dataset COCO\val2017\000000028452.jpg,0,Bukan_Lung_CT,train
D:\skripsi\Dataset\Dataset COCO\val2017\000000332318.jpg,0,Bukan_Lung_CT,train
D:\skripsi\Dataset\Dataset COCO\val2017\000000328683.jpg,0,Bukan_Lung_CT,train
D:\skripsi\Dataset\Dataset COCO\val2017\000000276018.jpg,0,Bukan_Lung_CT,train
D:\skripsi\Dataset\Dataset COCO\val2017\000000228144.jpg,0,Bukan_Lung_CT,train
D:\skripsi\Dataset\Dataset COCO\val2017\000000288685.jpg,0,Bukan_Lung_CT,train
D:\skripsi\Dataset\Dataset COCO\val2017\000000177893.jpg,0,Bukan_Lung_CT,train
D:\skripsi\Dataset\Dataset COCO\val2017\000000422706.jpg,0,Bukan_Lung_CT,train
D:\skripsi\Dataset\Dataset COCO\val2017\000000227511.jpg,0,Bukan_Lung_CT,train
D:\skripsi\Dataset\Dataset COCO\val2017\000000537991.jpg,0,Bukan_Lung_CT,train
D:\skripsi\Dataset\Dataset COCO\val2017\000000187236.jpg,0,Bukan_Lung_CT,train
D:\skripsi\Dataset\Dataset COCO\val2017\000000576052.jpg,0,Bukan_Lung_CT,train
D:\skripsi\Dataset\Dataset COCO\val2017\000000266892.jpg,0,Bukan_Lung_CT,train
D:\skripsi\Dataset\Dataset COCO\val2017\000000356125.jpg,0,Bukan_Lung_CT,train
D:\skripsi\Dataset\Dataset COCO\val2017\000000053529.jpg,0,Bukan_Lung_CT,train
D:\skripsi\Dataset\Dataset COCO\val2017\000000005503.jpg,0,Bukan_Lung_CT,train
D:\skripsi\Dataset\Dataset COCO\val2017\000000122606.jpg,0,Bukan_Lung_CT,train
D:\skripsi\Dataset\Dataset COCO\val2017\000000229311.jpg,0,Bukan_Lung_CT,train
D:\skripsi\Dataset\Dataset COCO\val2017\000000206831.jpg,0,Bukan_Lung_CT,train
D:\skripsi\Dataset\Dataset COCO\val2017\000000385029.jpg,0,Bukan_Lung_CT,train
D:\skripsi\Dataset\Dataset COCO\val2017\000000133778.jpg,0,Bukan_Lung_CT,train
D:\skripsi\Dataset\Dataset COCO\val2017\000000110884.jpg,0,Bukan_Lung_CT,train
D:\skripsi\Dataset\Dataset COCO\val2017\000000448076.jpg,0,Bukan_Lung_CT,train
D:\skripsi\Dataset\Dataset COCO\val2017\000000410428.jpg,0,Bukan_Lung_CT,train
D:\skripsi\Dataset\Dataset COCO\val2017\000000034139.jpg,0,Bukan_Lung_CT,train
D:\skripsi\Dataset\Dataset COCO\val2017\000000053505.jpg,0,Bukan_Lung_CT,train
D:\skripsi\Dataset\Dataset COCO\val2017\000000369370.jpg,0,Bukan_Lung_CT,train
D:\skripsi\Dataset\Dataset COCO\val2017\000000421923.jpg,0,Bukan_Lung_CT,train
D:\skripsi\Dataset\Dataset COCO\val2017\000000009769.jpg,0,Bukan_Lung_CT,train
D:\skripsi\Dataset\Dataset COCO\val2017\000000375015.jpg,0,Bukan_Lung_CT,train
D:\skripsi\Dataset\Dataset COCO\val2017\000000542089.jpg,0,Bukan_Lung_CT,train
D:\skripsi\Dataset\Dataset COCO\val2017\000000210855.jpg,0,Bukan_Lung_CT,train
D:\skripsi\Dataset\Dataset COCO\val2017\000000485480.jpg,0,Bukan_Lung_CT,train
D:\skripsi\Dataset\Dataset COCO\val2017\000000285788.jpg,0,Bukan_Lung_CT,train
D:\skripsi\Dataset\Dataset COCO\val2017\000000066886.jpg,0,Bukan_Lung_CT,train
D:\skripsi\Dataset\Dataset COCO\val2017\000000556498.jpg,0,Bukan_Lung_CT,train
D:\skripsi\Dataset\Dataset COCO\val2017\000000348216.jpg,0,Bukan_Lung_CT,train
D:\skripsi\Dataset\Dataset COCO\val2017\000000482319.jpg,0,Bukan_Lung_CT,train
D:\skripsi\Dataset\Dataset COCO\val2017\000000140658.jpg,0,Bukan_Lung_CT,train
D:\skripsi\Dataset\Dataset COCO\val2017\000000232563.jpg,0,Bukan_Lung_CT,train
D:\skripsi\Dataset\Dataset COCO\val2017\000000106266.jpg,0,Bukan_Lung_CT,train
D:\skripsi\Dataset\Dataset COCO\val2017\000000019924.jpg,0,Bukan_Lung_CT,train
D:\skripsi\Dataset\Dataset COCO\val2017\000000148739.jpg,0,Bukan_Lung_CT,train
D:\skripsi\Dataset\Dataset COCO\val2017\000000182923.jpg,0,Bukan_Lung_CT,train
D:\skripsi\Dataset\Dataset COCO\val2017\000000514508.jpg,0,Bukan_Lung_CT,train
D:\skripsi\Dataset\Dataset COCO\val2017\000000226662.jpg,0,Bukan_Lung_CT,train
D:\skripsi\Dataset\Dataset COCO\val2017\000000118594.jpg,0,Bukan_Lung_CT,train
D:\skripsi\Dataset\Dataset COCO\val2017\000000512776.jpg,0,Bukan_Lung_CT,train
D:\skripsi\Dataset\Dataset COCO\val2017\000000347664.jpg,0,Bukan_Lung_CT,train
D:\skripsi\Dataset\Dataset COCO\val2017\000000491216.jpg,0,Bukan_Lung_CT,train
D:\skripsi\Dataset\Dataset COCO\val2017\000000319721.jpg,0,Bukan_Lung_CT,train
D:\skripsi\Dataset\Dataset COCO\val2017\000000327890.jpg,0,Bukan_Lung_CT,train
D:\skripsi\Dataset\Dataset COCO\val2017\000000568213.jpg,0,Bukan_Lung_CT,train
D:\skripsi\Dataset\Dataset COCO\val2017\000000099053.jpg,0,Bukan_Lung_CT,train
D:\skripsi\Dataset\Dataset COCO\val2017\000000449312.jpg,0,Bukan_Lung_CT,train
D:\skripsi\Dataset\Dataset COCO\val2017\000000160772.jpg,0,Bukan_Lung_CT,train
D:\skripsi\Dataset\Dataset COCO\val2017\000000044068.jpg,0,Bukan_Lung_CT,train
D:\skripsi\Dataset\Dataset COCO\val2017\000000396274.jpg,0,Bukan_Lung_CT,train
D:\skripsi\Dataset\Dataset COCO\val2017\000000008532.jpg,0,Bukan_Lung_CT,train
D:\skripsi\Dataset\Dataset COCO\val2017\000000259640.jpg,0,Bukan_Lung_CT,train
D:\skripsi\Dataset\Dataset COCO\val2017\000000416534.jpg,0,Bukan_Lung_CT,train
D:\skripsi\Dataset\Dataset COCO\val2017\000000104619.jpg,0,Bukan_Lung_CT,train
D:\skripsi\Dataset\Dataset COCO\val2017\000000475223.jpg,0,Bukan_Lung_CT,train
D:\skripsi\Dataset\Dataset COCO\val2017\000000093353.jpg,0,Bukan_Lung_CT,train
D:\skripsi\Dataset\Dataset COCO\val2017\000000486438.jpg,0,Bukan_Lung_CT,train
D:\skripsi\Dataset\Dataset COCO\val2017\000000097230.jpg,0,Bukan_Lung_CT,train
D:\skripsi\Dataset\Dataset COCO\val2017\000000309495.jpg,0,Bukan_Lung_CT,train
D:\skripsi\Dataset\Dataset COCO\val2017\000000243148.jpg,0,Bukan_Lung_CT,train
D:\skripsi\Dataset\Dataset COCO\val2017\000000175251.jpg,0,Bukan_Lung_CT,train
D:\skripsi\Dataset\Dataset COCO\val2017\000000307598.jpg,0,Bukan_Lung_CT,train
D:\skripsi\Dataset\Dataset COCO\val2017\000000108244.jpg,0,Bukan_Lung_CT,train
D:\skripsi\Dataset\Dataset COCO\val2017\000000263594.jpg,0,Bukan_Lung_CT,train
D:\skripsi\Dataset\Dataset COCO\val2017\000000003934.jpg,0,Bukan_Lung_CT,train
D:\skripsi\Dataset\Dataset COCO\val2017\000000440171.jpg,0,Bukan_Lung_CT,train
D:\skripsi\Dataset\Dataset COCO\val2017\000000146489.jpg,0,Bukan_Lung_CT,train
D:\skripsi\Dataset\Dataset COCO\val2017\000000150638.jpg,0,Bukan_Lung_CT,train
D:\skripsi\Dataset\Dataset COCO\val2017\000000448365.jpg,0,Bukan_Lung_CT,train
D:\skripsi\Dataset\Dataset COCO\val2017\000000282298.jpg,0,Bukan_Lung_CT,train
D:\skripsi\Dataset\Dataset COCO\val2017\000000007386.jpg,0,Bukan_Lung_CT,train
D:\skripsi\Dataset\Dataset COCO\val2017\000000169169.jpg,0,Bukan_Lung_CT,train
D:\skripsi\Dataset\Dataset COCO\val2017\000000526256.jpg,0,Bukan_Lung_CT,train
D:\skripsi\Dataset\Dataset COCO\val2017\000000434996.jpg,0,Bukan_Lung_CT,train
D:\skripsi\Dataset\Dataset COCO\val2017\000000569700.jpg,0,Bukan_Lung_CT,train
D:\skripsi\Dataset\Dataset COCO\val2017\000000430286.jpg,0,Bukan_Lung_CT,train
D:\skripsi\Dataset\Dataset COCO\val2017\000000244496.jpg,0,Bukan_Lung_CT,train
D:\skripsi\Dataset\Dataset COCO\val2017\000000337987.jpg,0,Bukan_Lung_CT,train
D:\skripsi\Dataset\Dataset COCO\val2017\000000179214.jpg,0,Bukan_Lung_CT,train
D:\skripsi\Dataset\Dataset COCO\val2017\000000193674.jpg,0,Bukan_Lung_CT,train
D:\skripsi\Dataset\Dataset COCO\val2017\000000206271.jpg,0,Bukan_Lung_CT,train
D:\skripsi\Dataset\Dataset COCO\val2017\000000398905.jpg,0,Bukan_Lung_CT,train
D:\skripsi\Dataset\Dataset COCO\val2017\000000267300.jpg,0,Bukan_Lung_CT,train
D:\skripsi\Dataset\Dataset COCO\val2017\000000422998.jpg,0,Bukan_Lung_CT,train
D:\skripsi\Dataset\Dataset COCO\val2017\000000054628.jpg,0,Bukan_Lung_CT,train
D:\skripsi\Dataset\Dataset COCO\val2017\000000383337.jpg,0,Bukan_Lung_CT,train
D:\skripsi\Dataset\Dataset COCO\val2017\000000565853.jpg,0,Bukan_Lung_CT,train
D:\skripsi\Dataset\Dataset COCO\val2017\000000054593.jpg,0,Bukan_Lung_CT,train
D:\skripsi\Dataset\Dataset COCO\val2017\000000553788.jpg,0,Bukan_Lung_CT,train
D:\skripsi\Dataset\Dataset COCO\val2017\000000142238.jpg,0,Bukan_Lung_CT,train
D:\skripsi\Dataset\Dataset COCO\val2017\000000098287.jpg,0,Bukan_Lung_CT,train
D:\skripsi\Dataset\Dataset COCO\val2017\000000028285.jpg,0,Bukan_Lung_CT,train
D:\skripsi\Dataset\Dataset COCO\val2017\000000279769.jpg,0,Bukan_Lung_CT,train
D:\skripsi\Dataset\Dataset COCO\val2017\000000564336.jpg,0,Bukan_Lung_CT,train
D:\skripsi\Dataset\Dataset COCO\val2017\000000049060.jpg,0,Bukan_Lung_CT,train
D:\skripsi\Dataset\Dataset COCO\val2017\000000116439.jpg,0,Bukan_Lung_CT,train
D:\skripsi\Dataset\Dataset COCO\val2017\000000498286.jpg,0,Bukan_Lung_CT,train
D:\skripsi\Dataset\Dataset COCO\val2017\000000376900.jpg,0,Bukan_Lung_CT,train
D:\skripsi\Dataset\Dataset COCO\val2017\000000332351.jpg,0,Bukan_Lung_CT,train
D:\skripsi\Dataset\Dataset COCO\val2017\000000135890.jpg,0,Bukan_Lung_CT,train
D:\skripsi\Dataset\Dataset COCO\val2017\000000302165.jpg,0,Bukan_Lung_CT,train
D:\skripsi\Dataset\Dataset COCO\val2017\000000254516.jpg,0,Bukan_Lung_CT,train
D:\skripsi\Dataset\Dataset COCO\val2017\000000122745.jpg,0,Bukan_Lung_CT,train
D:\skripsi\Dataset\Dataset COCO\val2017\000000267946.jpg,0,Bukan_Lung_CT,train
D:\skripsi\Dataset\Dataset COCO\val2017\000000105264.jpg,0,Bukan_Lung_CT,train
D:\skripsi\Dataset\Dataset COCO\val2017\000000284991.jpg,0,Bukan_Lung_CT,train
D:\skripsi\Dataset\Dataset COCO\val2017\000000481159.jpg,0,Bukan_Lung_CT,train
D:\skripsi\Dataset\Dataset COCO\val2017\000000152740.jpg,0,Bukan_Lung_CT,train
D:\skripsi\Dataset\Dataset COCO\val2017\000000292082.jpg,0,Bukan_Lung_CT,train
D:\skripsi\Dataset\Dataset COCO\val2017\000000120584.jpg,0,Bukan_Lung_CT,train
D:\skripsi\Dataset\Dataset COCO\val2017\000000496409.jpg,0,Bukan_Lung_CT,train
D:\skripsi\Dataset\Dataset COCO\val2017\000000326627.jpg,0,Bukan_Lung_CT,train
D:\skripsi\Dataset\Dataset COCO\val2017\000000459500.jpg,0,Bukan_Lung_CT,train
D:\skripsi\Dataset\Dataset COCO\val2017\000000376478.jpg,0,Bukan_Lung_CT,train
D:\skripsi\Dataset\Dataset COCO\val2017\000000475365.jpg,0,Bukan_Lung_CT,train
D:\skripsi\Dataset\Dataset COCO\val2017\000000237071.jpg,0,Bukan_Lung_CT,train
D:\skripsi\Dataset\Dataset COCO\val2017\000000100624.jpg,0,Bukan_Lung_CT,train
D:\skripsi\Dataset\Dataset COCO\val2017\000000003255.jpg,0,Bukan_Lung_CT,train
D:\skripsi\Dataset\Dataset COCO\val2017\000000194724.jpg,0,Bukan_Lung_CT,train
D:\skripsi\Dataset\Dataset COCO\val2017\000000225670.jpg,0,Bukan_Lung_CT,train
D:\skripsi\Dataset\Dataset COCO\val2017\000000227765.jpg,0,Bukan_Lung_CT,train
D:\skripsi\Dataset\Dataset COCO\val2017\000000456292.jpg,0,Bukan_Lung_CT,train
D:\skripsi\Dataset\Dataset COCO\val2017\000000211120.jpg,0,Bukan_Lung_CT,train
D:\skripsi\Dataset\Dataset COCO\val2017\000000357060.jpg,0,Bukan_Lung_CT,train
D:\skripsi\Dataset\Dataset COCO\val2017\000000519522.jpg,0,Bukan_Lung_CT,train
D:\skripsi\Dataset\Dataset COCO\val2017\000000014888.jpg,0,Bukan_Lung_CT,train
D:\skripsi\Dataset\Dataset COCO\val2017\000000086956.jpg,0,Bukan_Lung_CT,train
D:\skripsi\Dataset\Dataset COCO\val2017\000000095155.jpg,0,Bukan_Lung_CT,train
D:\skripsi\Dataset\Dataset COCO\val2017\000000560371.jpg,0,Bukan_Lung_CT,train
D:\skripsi\Dataset\Dataset COCO\val2017\000000449661.jpg,0,Bukan_Lung_CT,train
D:\skripsi\Dataset\Dataset COCO\val2017\000000364166.jpg,0,Bukan_Lung_CT,train
D:\skripsi\Dataset\Dataset COCO\val2017\000000084664.jpg,0,Bukan_Lung_CT,train
D:\skripsi\Dataset\Dataset COCO\val2017\000000082846.jpg,0,Bukan_Lung_CT,train
D:\skripsi\Dataset\Dataset COCO\val2017\000000366141.jpg,0,Bukan_Lung_CT,train
D:\skripsi\Dataset\Dataset COCO\val2017\000000512564.jpg,0,Bukan_Lung_CT,train
D:\skripsi\Dataset\Dataset COCO\val2017\000000308793.jpg,0,Bukan_Lung_CT,train
D:\skripsi\Dataset\Dataset COCO\val2017\000000321557.jpg,0,Bukan_Lung_CT,train
D:\skripsi\Dataset\Dataset COCO\val2017\000000030828.jpg,0,Bukan_Lung_CT,train
D:\skripsi\Dataset\Dataset COCO\val2017\000000203317.jpg,0,Bukan_Lung_CT,train
D:\skripsi\Dataset\Dataset COCO\val2017\000000006771.jpg,0,Bukan_Lung_CT,train
D:\skripsi\Dataset\Dataset COCO\val2017\000000154431.jpg,0,Bukan_Lung_CT,train
D:\skripsi\Dataset\Dataset COCO\val2017\000000481413.jpg,0,Bukan_Lung_CT,train
D:\skripsi\Dataset\Dataset COCO\val2017\000000032861.jpg,0,Bukan_Lung_CT,train
D:\skripsi\Dataset\Dataset COCO\val2017\000000570736.jpg,0,Bukan_Lung_CT,train
D:\skripsi\Dataset\Dataset COCO\val2017\000000502347.jpg,0,Bukan_Lung_CT,train
D:\skripsi\Dataset\Dataset COCO\val2017\000000130566.jpg,0,Bukan_Lung_CT,train
D:\skripsi\Dataset\Dataset COCO\val2017\000000372203.jpg,0,Bukan_Lung_CT,train
D:\skripsi\Dataset\Dataset COCO\val2017\000000000872.jpg,0,Bukan_Lung_CT,train
D:\skripsi\Dataset\Dataset COCO\val2017\000000010707.jpg,0,Bukan_Lung_CT,train
D:\skripsi\Dataset\Dataset COCO\val2017\000000085329.jpg,0,Bukan_Lung_CT,train
D:\skripsi\Dataset\Dataset COCO\val2017\000000060835.jpg,0,Bukan_Lung_CT,train
D:\skripsi\Dataset\Dataset COCO\val2017\000000252716.jpg,0,Bukan_Lung_CT,train
D:\skripsi\Dataset\Dataset COCO\val2017\000000339870.jpg,0,Bukan_Lung_CT,train
D:\skripsi\Dataset\Dataset COCO\val2017\000000261097.jpg,0,Bukan_Lung_CT,train
D:\skripsi\Dataset\Dataset COCO\val2017\000000135604.jpg,0,Bukan_Lung_CT,train
D:\skripsi\Dataset\Dataset COCO\val2017\000000410456.jpg,0,Bukan_Lung_CT,train
D:\skripsi\Dataset\Dataset COCO\val2017\000000377670.jpg,0,Bukan_Lung_CT,train
D:\skripsi\Dataset\Dataset COCO\val2017\000000213255.jpg,0,Bukan_Lung_CT,train
D:\skripsi\Dataset\Dataset COCO\val2017\000000356612.jpg,0,Bukan_Lung_CT,train
D:\skripsi\Dataset\Dataset COCO\val2017\000000301061.jpg,0,Bukan_Lung_CT,train
D:\skripsi\Dataset\Dataset COCO\val2017\000000260261.jpg,0,Bukan_Lung_CT,train
D:\skripsi\Dataset\Dataset COCO\val2017\000000347930.jpg,0,Bukan_Lung_CT,train
D:\skripsi\Dataset\Dataset COCO\val2017\000000324158.jpg,0,Bukan_Lung_CT,train
D:\skripsi\Dataset\Dataset COCO\val2017\000000000885.jpg,0,Bukan_Lung_CT,train
D:\skripsi\Dataset\Dataset COCO\val2017\000000390555.jpg,0,Bukan_Lung_CT,train
D:\skripsi\Dataset\Dataset COCO\val2017\000000221872.jpg,0,Bukan_Lung_CT,train
D:\skripsi\Dataset\Dataset COCO\val2017\000000445365.jpg,0,Bukan_Lung_CT,train
D:\skripsi\Dataset\Dataset COCO\val2017\000000312213.jpg,0,Bukan_Lung_CT,train
D:\skripsi\Dataset\Dataset COCO\val2017\000000538236.jpg,0,Bukan_Lung_CT,train
D:\skripsi\Dataset\Dataset COCO\val2017\000000326462.jpg,0,Bukan_Lung_CT,train
D:\skripsi\Dataset\Dataset COCO\val2017\000000537827.jpg,0,Bukan_Lung_CT,train
D:\skripsi\Dataset\Dataset COCO\val2017\000000079408.jpg,0,Bukan_Lung_CT,train
D:\skripsi\Dataset\Dataset COCO\val2017\000000365745.jpg,0,Bukan_Lung_CT,train
D:\skripsi\Dataset\Dataset COCO\val2017\000000499266.jpg,0,Bukan_Lung_CT,train
D:\skripsi\Dataset\Dataset COCO\val2017\000000113235.jpg,0,Bukan_Lung_CT,train
D:\skripsi\Dataset\Dataset COCO\val2017\000000370042.jpg,0,Bukan_Lung_CT,train
D:\skripsi\Dataset\Dataset COCO\val2017\000000277005.jpg,0,Bukan_Lung_CT,train
D:\skripsi\Dataset\Dataset COCO\val2017\000000105912.jpg,0,Bukan_Lung_CT,train
D:\skripsi\Dataset\Dataset COCO\val2017\000000176778.jpg,0,Bukan_Lung_CT,train
D:\skripsi\Dataset\Dataset COCO\val2017\000000348488.jpg,0,Bukan_Lung_CT,train
D:\skripsi\Dataset\Dataset COCO\val2017\000000376307.jpg,0,Bukan_Lung_CT,train
D:\skripsi\Dataset\Dataset COCO\val2017\000000180296.jpg,0,Bukan_Lung_CT,train
D:\skripsi\Dataset\Dataset COCO\val2017\000000009378.jpg,0,Bukan_Lung_CT,train
D:\skripsi\Dataset\Dataset COCO\val2017\000000512648.jpg,0,Bukan_Lung_CT,train
D:\skripsi\Dataset\Dataset COCO\val2017\000000017031.jpg,0,Bukan_Lung_CT,train
D:\skripsi\Dataset\Dataset COCO\val2017\000000453001.jpg,0,Bukan_Lung_CT,train
D:\skripsi\Dataset\Dataset COCO\val2017\000000213086.jpg,0,Bukan_Lung_CT,train
D:\skripsi\Dataset\Dataset COCO\val2017\000000506178.jpg,0,Bukan_Lung_CT,train
D:\skripsi\Dataset\Dataset COCO\val2017\000000231097.jpg,0,Bukan_Lung_CT,train
D:\skripsi\Dataset\Dataset COCO\val2017\000000185472.jpg,0,Bukan_Lung_CT,train
D:\skripsi\Dataset\Dataset COCO\val2017\000000366611.jpg,0,Bukan_Lung_CT,train
D:\skripsi\Dataset\Dataset COCO\val2017\000000290771.jpg,0,Bukan_Lung_CT,train
D:\skripsi\Dataset\Dataset COCO\val2017\000000102820.jpg,0,Bukan_Lung_CT,train
D:\skripsi\Dataset\Dataset COCO\val2017\000000347265.jpg,0,Bukan_Lung_CT,train
D:\skripsi\Dataset\Dataset COCO\val2017\000000448410.jpg,0,Bukan_Lung_CT,train
D:\skripsi\Dataset\Dataset COCO\val2017\000000453981.jpg,0,Bukan_Lung_CT,train
D:\skripsi\Dataset\Dataset COCO\val2017\000000127092.jpg,0,Bukan_Lung_CT,train
D:\skripsi\Dataset\Dataset COCO\val2017\000000435208.jpg,0,Bukan_Lung_CT,train
D:\skripsi\Dataset\Dataset COCO\val2017\000000109118.jpg,0,Bukan_Lung_CT,train
D:\skripsi\Dataset\Dataset COCO\val2017\000000220764.jpg,0,Bukan_Lung_CT,train
D:\skripsi\Dataset\Dataset COCO\val2017\000000440184.jpg,0,Bukan_Lung_CT,train
D:\skripsi\Dataset\Dataset COCO\val2017\000000204871.jpg,0,Bukan_Lung_CT,train
D:\skripsi\Dataset\Dataset COCO\val2017\000000222559.jpg,0,Bukan_Lung_CT,train
D:\skripsi\Dataset\Dataset COCO\val2017\000000404601.jpg,0,Bukan_Lung_CT,train
D:\skripsi\Dataset\Dataset COCO\val2017\000000431876.jpg,0,Bukan_Lung_CT,train
D:\skripsi\Dataset\Dataset COCO\val2017\000000005477.jpg,0,Bukan_Lung_CT,train
D:\skripsi\Dataset\Dataset COCO\val2017\000000151820.jpg,0,Bukan_Lung_CT,train
D:\skripsi\Dataset\Dataset COCO\val2017\000000114770.jpg,0,Bukan_Lung_CT,train
D:\skripsi\Dataset\Dataset COCO\val2017\000000477227.jpg,0,Bukan_Lung_CT,train
D:\skripsi\Dataset\Dataset COCO\val2017\000000203629.jpg,0,Bukan_Lung_CT,train
D:\skripsi\Dataset\Dataset COCO\val2017\000000126137.jpg,0,Bukan_Lung_CT,train
D:\skripsi\Dataset\Dataset COCO\val2017\000000384666.jpg,0,Bukan_Lung_CT,train
D:\skripsi\Dataset\Dataset COCO\val2017\000000088462.jpg,0,Bukan_Lung_CT,train
D:\skripsi\Dataset\Dataset COCO\val2017\000000540962.jpg,0,Bukan_Lung_CT,train
D:\skripsi\Dataset\Dataset COCO\val2017\000000066635.jpg,0,Bukan_Lung_CT,train
D:\skripsi\Dataset\Dataset COCO\val2017\000000161008.jpg,0,Bukan_Lung_CT,train
D:\skripsi\Dataset\Dataset COCO\val2017\000000161044.jpg,0,Bukan_Lung_CT,train
D:\skripsi\Dataset\Dataset COCO\val2017\000000274460.jpg,0,Bukan_Lung_CT,train
D:\skripsi\Dataset\Dataset COCO\val2017\000000058705.jpg,0,Bukan_Lung_CT,train
D:\skripsi\Dataset\Dataset COCO\val2017\000000387098.jpg,0,Bukan_Lung_CT,train
D:\skripsi\Dataset\Dataset COCO\val2017\000000355610.jpg,0,Bukan_Lung_CT,train
D:\skripsi\Dataset\Dataset COCO\val2017\000000016451.jpg,0,Bukan_Lung_CT,train
D:\skripsi\Dataset\Dataset COCO\val2017\000000335450.jpg,0,Bukan_Lung_CT,train
D:\skripsi\Dataset\Dataset COCO\val2017\000000357459.jpg,0,Bukan_Lung_CT,train
D:\skripsi\Dataset\Dataset COCO\val2017\000000188465.jpg,0,Bukan_Lung_CT,train
D:\skripsi\Dataset\Dataset COCO\val2017\000000325991.jpg,0,Bukan_Lung_CT,train
D:\skripsi\Dataset\Dataset COCO\val2017\000000577976.jpg,0,Bukan_Lung_CT,train
D:\skripsi\Dataset\Dataset COCO\val2017\000000203931.jpg,0,Bukan_Lung_CT,train
D:\skripsi\Dataset\Dataset COCO\val2017\000000407960.jpg,0,Bukan_Lung_CT,train
D:\skripsi\Dataset\Dataset COCO\val2017\000000491366.jpg,0,Bukan_Lung_CT,train
D:\skripsi\Dataset\Dataset COCO\val2017\000000574425.jpg,0,Bukan_Lung_CT,train
D:\skripsi\Dataset\Dataset COCO\val2017\000000207728.jpg,0,Bukan_Lung_CT,train
D:\skripsi\Dataset\Dataset COCO\val2017\000000377368.jpg,0,Bukan_Lung_CT,train
D:\skripsi\Dataset\Dataset COCO\val2017\000000071451.jpg,0,Bukan_Lung_CT,train
D:\skripsi\Dataset\Dataset COCO\val2017\000000546475.jpg,0,Bukan_Lung_CT,train
D:\skripsi\Dataset\Dataset COCO\val2017\000000498032.jpg,0,Bukan_Lung_CT,train
D:\skripsi\Dataset\Dataset COCO\val2017\000000456559.jpg,0,Bukan_Lung_CT,train
D:\skripsi\Dataset\Dataset COCO\val2017\000000051314.jpg,0,Bukan_Lung_CT,train
D:\skripsi\Dataset\Dataset COCO\val2017\000000281179.jpg,0,Bukan_Lung_CT,train
D:\skripsi\Dataset\Dataset COCO\val2017\000000428280.jpg,0,Bukan_Lung_CT,train
D:\skripsi\Dataset\Dataset COCO\val2017\000000187734.jpg,0,Bukan_Lung_CT,train
D:\skripsi\Dataset\Dataset COCO\val2017\000000284725.jpg,0,Bukan_Lung_CT,train
D:\skripsi\Dataset\Dataset COCO\val2017\000000129492.jpg,0,Bukan_Lung_CT,train
D:\skripsi\Dataset\Dataset COCO\val2017\000000304291.jpg,0,Bukan_Lung_CT,train
D:\skripsi\Dataset\Dataset COCO\val2017\000000289586.jpg,0,Bukan_Lung_CT,train
D:\skripsi\Dataset\Dataset COCO\val2017\000000166563.jpg,0,Bukan_Lung_CT,train
D:\skripsi\Dataset\Dataset COCO\val2017\000000378139.jpg,0,Bukan_Lung_CT,train
D:\skripsi\Dataset\Dataset COCO\val2017\000000157213.jpg,0,Bukan_Lung_CT,train
D:\skripsi\Dataset\Dataset COCO\val2017\000000517069.jpg,0,Bukan_Lung_CT,train
D:\skripsi\Dataset\Dataset COCO\val2017\000000093261.jpg,0,Bukan_Lung_CT,train
D:\skripsi\Dataset\Dataset COCO\val2017\000000090155.jpg,0,Bukan_Lung_CT,train
D:\skripsi\Dataset\Dataset COCO\val2017\000000491497.jpg,0,Bukan_Lung_CT,train
D:\skripsi\Dataset\Dataset COCO\val2017\000000308391.jpg,0,Bukan_Lung_CT,train
D:\skripsi\Dataset\Dataset COCO\val2017\000000230362.jpg,0,Bukan_Lung_CT,train
D:\skripsi\Dataset\Dataset COCO\val2017\000000356428.jpg,0,Bukan_Lung_CT,train
D:\skripsi\Dataset\Dataset COCO\val2017\000000295713.jpg,0,Bukan_Lung_CT,train
D:\skripsi\Dataset\Dataset COCO\val2017\000000489842.jpg,0,Bukan_Lung_CT,train
D:\skripsi\Dataset\Dataset COCO\val2017\000000463730.jpg,0,Bukan_Lung_CT,train
D:\skripsi\Dataset\Dataset COCO\val2017\000000575187.jpg,0,Bukan_Lung_CT,train
D:\skripsi\Dataset\Dataset COCO\val2017\000000482487.jpg,0,Bukan_Lung_CT,train
D:\skripsi\Dataset\Dataset COCO\val2017\000000122962.jpg,0,Bukan_Lung_CT,train
D:\skripsi\Dataset\Dataset COCO\val2017\000000125245.jpg,0,Bukan_Lung_CT,train
D:\skripsi\Dataset\Dataset COCO\val2017\000000520301.jpg,0,Bukan_Lung_CT,train
D:\skripsi\Dataset\Dataset COCO\val2017\000000330818.jpg,0,Bukan_Lung_CT,train
D:\skripsi\Dataset\Dataset COCO\val2017\000000240754.jpg,0,Bukan_Lung_CT,train
D:\skripsi\Dataset\Dataset COCO\val2017\000000189078.jpg,0,Bukan_Lung_CT,train
D:\skripsi\Dataset\Dataset COCO\val2017\000000549930.jpg,0,Bukan_Lung_CT,train
D:\skripsi\Dataset\Dataset COCO\val2017\000000231831.jpg,0,Bukan_Lung_CT,train
D:\skripsi\Dataset\Dataset COCO\val2017\000000147498.jpg,0,Bukan_Lung_CT,train
D:\skripsi\Dataset\Dataset COCO\val2017\000000044195.jpg,0,Bukan_Lung_CT,train
D:\skripsi\Dataset\Dataset COCO\val2017\000000252559.jpg,0,Bukan_Lung_CT,train
D:\skripsi\Dataset\Dataset COCO\val2017\000000572303.jpg,0,Bukan_Lung_CT,train
D:\skripsi\Dataset\Dataset COCO\val2017\000000255749.jpg,0,Bukan_Lung_CT,train
D:\skripsi\Dataset\Dataset COCO\val2017\000000489046.jpg,0,Bukan_Lung_CT,train
D:\skripsi\Dataset\Dataset COCO\val2017\000000561889.jpg,0,Bukan_Lung_CT,train
D:\skripsi\Dataset\Dataset COCO\val2017\000000320696.jpg,0,Bukan_Lung_CT,train
D:\skripsi\Dataset\Dataset COCO\val2017\000000447314.jpg,0,Bukan_Lung_CT,train
D:\skripsi\Dataset\Dataset COCO\val2017\000000011051.jpg,0,Bukan_Lung_CT,train
D:\skripsi\Dataset\Dataset COCO\val2017\000000442836.jpg,0,Bukan_Lung_CT,train
D:\skripsi\Dataset\Dataset COCO\val2017\000000549167.jpg,0,Bukan_Lung_CT,train
D:\skripsi\Dataset\Dataset COCO\val2017\000000068628.jpg,0,Bukan_Lung_CT,train
D:\skripsi\Dataset\Dataset COCO\val2017\000000414673.jpg,0,Bukan_Lung_CT,train
D:\skripsi\Dataset\Dataset COCO\val2017\000000150930.jpg,0,Bukan_Lung_CT,train
D:\skripsi\Dataset\Dataset COCO\val2017\000000506454.jpg,0,Bukan_Lung_CT,train
D:\skripsi\Dataset\Dataset COCO\val2017\000000508370.jpg,0,Bukan_Lung_CT,train
D:\skripsi\Dataset\Dataset COCO\val2017\000000350607.jpg,0,Bukan_Lung_CT,train
D:\skripsi\Dataset\Dataset COCO\val2017\000000539143.jpg,0,Bukan_Lung_CT,train
D:\skripsi\Dataset\Dataset COCO\val2017\000000231527.jpg,0,Bukan_Lung_CT,train
D:\skripsi\Dataset\Dataset COCO\val2017\000000068409.jpg,0,Bukan_Lung_CT,train
D:\skripsi\Dataset\Dataset COCO\val2017\000000210099.jpg,0,Bukan_Lung_CT,train
D:\skripsi\Dataset\Dataset COCO\val2017\000000554735.jpg,0,Bukan_Lung_CT,train
D:\skripsi\Dataset\Dataset COCO\val2017\000000485844.jpg,0,Bukan_Lung_CT,train
D:\skripsi\Dataset\Dataset COCO\val2017\000000052591.jpg,0,Bukan_Lung_CT,train
D:\skripsi\Dataset\Dataset COCO\val2017\000000464824.jpg,0,Bukan_Lung_CT,train
D:\skripsi\Dataset\Dataset COCO\val2017\000000194506.jpg,0,Bukan_Lung_CT,train
D:\skripsi\Dataset\Dataset COCO\val2017\000000380706.jpg,0,Bukan_Lung_CT,train
D:\skripsi\Dataset\Dataset COCO\val2017\000000423123.jpg,0,Bukan_Lung_CT,train
D:\skripsi\Dataset\Dataset COCO\val2017\000000442746.jpg,0,Bukan_Lung_CT,train
D:\skripsi\Dataset\Dataset COCO\val2017\000000179265.jpg,0,Bukan_Lung_CT,train
D:\skripsi\Dataset\Dataset COCO\val2017\000000451879.jpg,0,Bukan_Lung_CT,train
D:\skripsi\Dataset\Dataset COCO\val2017\000000190853.jpg,0,Bukan_Lung_CT,train
D:\skripsi\Dataset\Dataset COCO\val2017\000000369081.jpg,0,Bukan_Lung_CT,train
D:\skripsi\Dataset\Dataset COCO\val2017\000000297353.jpg,0,Bukan_Lung_CT,train
D:\skripsi\Dataset\Dataset COCO\val2017\000000027972.jpg,0,Bukan_Lung_CT,train
D:\skripsi\Dataset\Dataset COCO\val2017\000000306437.jpg,0,Bukan_Lung_CT,train
D:\skripsi\Dataset\Dataset COCO\val2017\000000219283.jpg,0,Bukan_Lung_CT,train
D:\skripsi\Dataset\Dataset COCO\val2017\000000074860.jpg,0,Bukan_Lung_CT,train
D:\skripsi\Dataset\Dataset COCO\val2017\000000021503.jpg,0,Bukan_Lung_CT,train
D:\skripsi\Dataset\Dataset COCO\val2017\000000050679.jpg,0,Bukan_Lung_CT,train
D:\skripsi\Dataset\Dataset COCO\val2017\000000082085.jpg,0,Bukan_Lung_CT,train
D:\skripsi\Dataset\Dataset COCO\val2017\000000344611.jpg,0,Bukan_Lung_CT,train
D:\skripsi\Dataset\Dataset COCO\val2017\000000499313.jpg,0,Bukan_Lung_CT,train
D:\skripsi\Dataset\Dataset COCO\val2017\000000004395.jpg,0,Bukan_Lung_CT,train
D:\skripsi\Dataset\Dataset COCO\val2017\000000179285.jpg,0,Bukan_Lung_CT,train
D:\skripsi\Dataset\Dataset COCO\val2017\000000020059.jpg,0,Bukan_Lung_CT,train
D:\skripsi\Dataset\Dataset COCO\val2017\000000306893.jpg,0,Bukan_Lung_CT,train
D:\skripsi\Dataset\Dataset COCO\val2017\000000402774.jpg,0,Bukan_Lung_CT,train
D:\skripsi\Dataset\Dataset COCO\val2017\000000166287.jpg,0,Bukan_Lung_CT,train
D:\skripsi\Dataset\Dataset COCO\val2017\000000192670.jpg,0,Bukan_Lung_CT,train
D:\skripsi\Dataset\Dataset COCO\val2017\000000432898.jpg,0,Bukan_Lung_CT,train
D:\skripsi\Dataset\Dataset COCO\val2017\000000015440.jpg,0,Bukan_Lung_CT,train
D:\skripsi\Dataset\Dataset COCO\val2017\000000239041.jpg,0,Bukan_Lung_CT,train
D:\skripsi\Dataset\Dataset COCO\val2017\000000466085.jpg,0,Bukan_Lung_CT,train
D:\skripsi\Dataset\Dataset COCO\val2017\000000185250.jpg,0,Bukan_Lung_CT,train
D:\skripsi\Dataset\Dataset COCO\val2017\000000396518.jpg,0,Bukan_Lung_CT,train
D:\skripsi\Dataset\Dataset COCO\val2017\000000338905.jpg,0,Bukan_Lung_CT,train
D:\skripsi\Dataset\Dataset COCO\val2017\000000058393.jpg,0,Bukan_Lung_CT,train
D:\skripsi\Dataset\Dataset COCO\val2017\000000003156.jpg,0,Bukan_Lung_CT,train
D:\skripsi\Dataset\Dataset COCO\val2017\000000353096.jpg,0,Bukan_Lung_CT,train
D:\skripsi\Dataset\Dataset COCO\val2017\000000132408.jpg,0,Bukan_Lung_CT,train
D:\skripsi\Dataset\Dataset COCO\val2017\000000007888.jpg,0,Bukan_Lung_CT,train
D:\skripsi\Dataset\Dataset COCO\val2017\000000468505.jpg,0,Bukan_Lung_CT,train
D:\skripsi\Dataset\Dataset COCO\val2017\000000143556.jpg,0,Bukan_Lung_CT,train
D:\skripsi\Dataset\Dataset COCO\val2017\000000199442.jpg,0,Bukan_Lung_CT,train
D:\skripsi\Dataset\Dataset COCO\val2017\000000115245.jpg,0,Bukan_Lung_CT,train
D:\skripsi\Dataset\Dataset COCO\val2017\000000467315.jpg,0,Bukan_Lung_CT,train
D:\skripsi\Dataset\Dataset COCO\val2017\000000568690.jpg,0,Bukan_Lung_CT,train
D:\skripsi\Dataset\Dataset COCO\val2017\000000187585.jpg,0,Bukan_Lung_CT,train
D:\skripsi\Dataset\Dataset COCO\val2017\000000048564.jpg,0,Bukan_Lung_CT,train
D:\skripsi\Dataset\Dataset COCO\val2017\000000396526.jpg,0,Bukan_Lung_CT,train
D:\skripsi\Dataset\Dataset COCO\val2017\000000468965.jpg,0,Bukan_Lung_CT,train
D:\skripsi\Dataset\Dataset COCO\val2017\000000257865.jpg,0,Bukan_Lung_CT,train
D:\skripsi\Dataset\Dataset COCO\val2017\000000398742.jpg,0,Bukan_Lung_CT,train
D:\skripsi\Dataset\Dataset COCO\val2017\000000023937.jpg,0,Bukan_Lung_CT,train
D:\skripsi\Dataset\Dataset COCO\val2017\000000569565.jpg,0,Bukan_Lung_CT,train
D:\skripsi\Dataset\Dataset COCO\val2017\000000090108.jpg,0,Bukan_Lung_CT,train
D:\skripsi\Dataset\Dataset COCO\val2017\000000559513.jpg,0,Bukan_Lung_CT,train
D:\skripsi\Dataset\Dataset COCO\val2017\000000272049.jpg,0,Bukan_Lung_CT,train
D:\skripsi\Dataset\Dataset COCO\val2017\000000038678.jpg,0,Bukan_Lung_CT,train
D:\skripsi\Dataset\Dataset COCO\val2017\000000080273.jpg,0,Bukan_Lung_CT,train
D:\skripsi\Dataset\Dataset COCO\val2017\000000131444.jpg,0,Bukan_Lung_CT,train
D:\skripsi\Dataset\Dataset COCO\val2017\000000097679.jpg,0,Bukan_Lung_CT,train
D:\skripsi\Dataset\Dataset COCO\val2017\000000080153.jpg,0,Bukan_Lung_CT,train
D:\skripsi\Dataset\Dataset COCO\val2017\000000202339.jpg,0,Bukan_Lung_CT,train
D:\skripsi\Dataset\Dataset COCO\val2017\000000294695.jpg,0,Bukan_Lung_CT,train
D:\skripsi\Dataset\Dataset COCO\val2017\000000299609.jpg,0,Bukan_Lung_CT,train
D:\skripsi\Dataset\Dataset COCO\val2017\000000134689.jpg,0,Bukan_Lung_CT,train
D:\skripsi\Dataset\Dataset COCO\val2017\000000416269.jpg,0,Bukan_Lung_CT,train
D:\skripsi\Dataset\Dataset COCO\val2017\000000420840.jpg,0,Bukan_Lung_CT,train
D:\skripsi\Dataset\Dataset COCO\val2017\000000423617.jpg,0,Bukan_Lung_CT,train
D:\skripsi\Dataset\Dataset COCO\val2017\000000133000.jpg,0,Bukan_Lung_CT,train
D:\skripsi\Dataset\Dataset COCO\val2017\000000389109.jpg,0,Bukan_Lung_CT,train
D:\skripsi\Dataset\Dataset COCO\val2017\000000298738.jpg,0,Bukan_Lung_CT,train
D:\skripsi\Dataset\Dataset COCO\val2017\000000328337.jpg,0,Bukan_Lung_CT,train
D:\skripsi\Dataset\Dataset COCO\val2017\000000522007.jpg,0,Bukan_Lung_CT,train
D:\skripsi\Dataset\Dataset COCO\val2017\000000051610.jpg,0,Bukan_Lung_CT,train
D:\skripsi\Dataset\Dataset COCO\val2017\000000311002.jpg,0,Bukan_Lung_CT,train
D:\skripsi\Dataset\Dataset COCO\val2017\000000420472.jpg,0,Bukan_Lung_CT,train
D:\skripsi\Dataset\Dataset COCO\val2017\000000243344.jpg,0,Bukan_Lung_CT,train
D:\skripsi\Dataset\Dataset COCO\val2017\000000042276.jpg,0,Bukan_Lung_CT,train
D:\skripsi\Dataset\Dataset COCO\val2017\000000019042.jpg,0,Bukan_Lung_CT,train
D:\skripsi\Dataset\Dataset COCO\val2017\000000441442.jpg,0,Bukan_Lung_CT,train
D:\skripsi\Dataset\Dataset COCO\val2017\000000384670.jpg,0,Bukan_Lung_CT,train
D:\skripsi\Dataset\Dataset COCO\val2017\000000078032.jpg,0,Bukan_Lung_CT,train
D:\skripsi\Dataset\Dataset COCO\val2017\000000269932.jpg,0,Bukan_Lung_CT,train
D:\skripsi\Dataset\Dataset COCO\val2017\000000100238.jpg,0,Bukan_Lung_CT,train
D:\skripsi\Dataset\Dataset COCO\val2017\000000370486.jpg,0,Bukan_Lung_CT,train
D:\skripsi\Dataset\Dataset COCO\val2017\000000151480.jpg,0,Bukan_Lung_CT,train
D:\skripsi\Dataset\Dataset COCO\val2017\000000334521.jpg,0,Bukan_Lung_CT,train
D:\skripsi\Dataset\Dataset COCO\val2017\000000046048.jpg,0,Bukan_Lung_CT,train
D:\skripsi\Dataset\Dataset COCO\val2017\000000470173.jpg,0,Bukan_Lung_CT,train
D:\skripsi\Dataset\Dataset COCO\val2017\000000331352.jpg,0,Bukan_Lung_CT,train
D:\skripsi\Dataset\Dataset COCO\val2017\000000226903.jpg,0,Bukan_Lung_CT,train
D:\skripsi\Dataset\Dataset COCO\val2017\000000135410.jpg,0,Bukan_Lung_CT,train
D:\skripsi\Dataset\Dataset COCO\val2017\000000351559.jpg,0,Bukan_Lung_CT,train
D:\skripsi\Dataset\Dataset COCO\val2017\000000231088.jpg,0,Bukan_Lung_CT,train
D:\skripsi\Dataset\Dataset COCO\val2017\000000127394.jpg,0,Bukan_Lung_CT,train
D:\skripsi\Dataset\Dataset COCO\val2017\000000357430.jpg,0,Bukan_Lung_CT,train
D:\skripsi\Dataset\Dataset COCO\val2017\000000480275.jpg,0,Bukan_Lung_CT,train
D:\skripsi\Dataset\Dataset COCO\val2017\000000449579.jpg,0,Bukan_Lung_CT,train
D:\skripsi\Dataset\Dataset COCO\val2017\000000509719.jpg,0,Bukan_Lung_CT,train
D:\skripsi\Dataset\Dataset COCO\val2017\000000581615.jpg,0,Bukan_Lung_CT,train
D:\skripsi\Dataset\Dataset COCO\val2017\000000398028.jpg,0,Bukan_Lung_CT,train
D:\skripsi\Dataset\Dataset COCO\val2017\000000409542.jpg,0,Bukan_Lung_CT,train
D:\skripsi\Dataset\Dataset COCO\val2017\000000074646.jpg,0,Bukan_Lung_CT,train
D:\skripsi\Dataset\Dataset COCO\val2017\000000239627.jpg,0,Bukan_Lung_CT,train
D:\skripsi\Dataset\Dataset COCO\val2017\000000482275.jpg,0,Bukan_Lung_CT,train
D:\skripsi\Dataset\Dataset COCO\val2017\000000565877.jpg,0,Bukan_Lung_CT,train
D:\skripsi\Dataset\Dataset COCO\val2017\000000236308.jpg,0,Bukan_Lung_CT,train
D:\skripsi\Dataset\Dataset COCO\val2017\000000527960.jpg,0,Bukan_Lung_CT,train
D:\skripsi\Dataset\Dataset COCO\val2017\000000382030.jpg,0,Bukan_Lung_CT,train
D:\skripsi\Dataset\Dataset COCO\val2017\000000397133.jpg,0,Bukan_Lung_CT,train
D:\skripsi\Dataset\Dataset COCO\val2017\000000293858.jpg,0,Bukan_Lung_CT,train
D:\skripsi\Dataset\Dataset COCO\val2017\000000185157.jpg,0,Bukan_Lung_CT,train
D:\skripsi\Dataset\Dataset COCO\val2017\000000207585.jpg,0,Bukan_Lung_CT,train
D:\skripsi\Dataset\Dataset COCO\val2017\000000066817.jpg,0,Bukan_Lung_CT,train
D:\skripsi\Dataset\Dataset COCO\val2017\000000045472.jpg,0,Bukan_Lung_CT,train
D:\skripsi\Dataset\Dataset COCO\val2017\000000426203.jpg,0,Bukan_Lung_CT,train
D:\skripsi\Dataset\Dataset COCO\val2017\000000009772.jpg,0,Bukan_Lung_CT,train
D:\skripsi\Dataset\Dataset COCO\val2017\000000562561.jpg,0,Bukan_Lung_CT,train
D:\skripsi\Dataset\Dataset COCO\val2017\000000157756.jpg,0,Bukan_Lung_CT,train
D:\skripsi\Dataset\Dataset COCO\val2017\000000031248.jpg,0,Bukan_Lung_CT,train
D:\skripsi\Dataset\Dataset COCO\val2017\000000079565.jpg,0,Bukan_Lung_CT,train
D:\skripsi\Dataset\Dataset COCO\val2017\000000179141.jpg,0,Bukan_Lung_CT,train
D:\skripsi\Dataset\Dataset COCO\val2017\000000445248.jpg,0,Bukan_Lung_CT,train
D:\skripsi\Dataset\Dataset COCO\val2017\000000224051.jpg,0,Bukan_Lung_CT,train
D:\skripsi\Dataset\Dataset COCO\val2017\000000188592.jpg,0,Bukan_Lung_CT,train
D:\skripsi\Dataset\Dataset COCO\val2017\000000453584.jpg,0,Bukan_Lung_CT,train
D:\skripsi\Dataset\Dataset COCO\val2017\000000488075.jpg,0,Bukan_Lung_CT,train
D:\skripsi\Dataset\Dataset COCO\val2017\000000047740.jpg,0,Bukan_Lung_CT,train
D:\skripsi\Dataset\Dataset COCO\val2017\000000171757.jpg,0,Bukan_Lung_CT,train
D:\skripsi\Dataset\Dataset COCO\val2017\000000410612.jpg,0,Bukan_Lung_CT,train
D:\skripsi\Dataset\Dataset COCO\val2017\000000500716.jpg,0,Bukan_Lung_CT,train
D:\skripsi\Dataset\Dataset COCO\val2017\000000253002.jpg,0,Bukan_Lung_CT,train
D:\skripsi\Dataset\Dataset COCO\val2017\000000164115.jpg,0,Bukan_Lung_CT,train
D:\skripsi\Dataset\Dataset COCO\val2017\000000377882.jpg,0,Bukan_Lung_CT,train
D:\skripsi\Dataset\Dataset COCO\val2017\000000363461.jpg,0,Bukan_Lung_CT,train
D:\skripsi\Dataset\Dataset COCO\val2017\000000071756.jpg,0,Bukan_Lung_CT,train
D:\skripsi\Dataset\Dataset COCO\val2017\000000159311.jpg,0,Bukan_Lung_CT,train
D:\skripsi\Dataset\Dataset COCO\val2017\000000181816.jpg,0,Bukan_Lung_CT,train
D:\skripsi\Dataset\Dataset COCO\val2017\000000160864.jpg,0,Bukan_Lung_CT,train
D:\skripsi\Dataset\Dataset COCO\val2017\000000579158.jpg,0,Bukan_Lung_CT,train
D:\skripsi\Dataset\Dataset COCO\val2017\000000163117.jpg,0,Bukan_Lung_CT,train
D:\skripsi\Dataset\Dataset COCO\val2017\000000055950.jpg,0,Bukan_Lung_CT,train
D:\skripsi\Dataset\Dataset COCO\val2017\000000311789.jpg,0,Bukan_Lung_CT,train
D:\skripsi\Dataset\Dataset COCO\val2017\000000069213.jpg,0,Bukan_Lung_CT,train
D:\skripsi\Dataset\Dataset COCO\val2017\000000037988.jpg,0,Bukan_Lung_CT,train
D:\skripsi\Dataset\Dataset COCO\val2017\000000009483.jpg,0,Bukan_Lung_CT,train
D:\skripsi\Dataset\Dataset COCO\val2017\000000562843.jpg,0,Bukan_Lung_CT,train
D:\skripsi\Dataset\Dataset COCO\val2017\000000395701.jpg,0,Bukan_Lung_CT,train
D:\skripsi\Dataset\Dataset COCO\val2017\000000119445.jpg,0,Bukan_Lung_CT,train
D:\skripsi\Dataset\Dataset COCO\val2017\000000520324.jpg,0,Bukan_Lung_CT,train
D:\skripsi\Dataset\Dataset COCO\val2017\000000164602.jpg,0,Bukan_Lung_CT,train
D:\skripsi\Dataset\Dataset COCO\val2017\000000547854.jpg,0,Bukan_Lung_CT,train
D:\skripsi\Dataset\Dataset COCO\val2017\000000352684.jpg,0,Bukan_Lung_CT,train
D:\skripsi\Dataset\Dataset COCO\val2017\000000438907.jpg,0,Bukan_Lung_CT,train
D:\skripsi\Dataset\Dataset COCO\val2017\000000203546.jpg,0,Bukan_Lung_CT,train
D:\skripsi\Dataset\Dataset COCO\val2017\000000563281.jpg,0,Bukan_Lung_CT,train
D:\skripsi\Dataset\Dataset COCO\val2017\000000232088.jpg,0,Bukan_Lung_CT,train
D:\skripsi\Dataset\Dataset COCO\val2017\000000001818.jpg,0,Bukan_Lung_CT,train
D:\skripsi\Dataset\Dataset COCO\val2017\000000430048.jpg,0,Bukan_Lung_CT,train
D:\skripsi\Dataset\Dataset COCO\val2017\000000199771.jpg,0,Bukan_Lung_CT,train
D:\skripsi\Dataset\Dataset COCO\val2017\000000528980.jpg,0,Bukan_Lung_CT,train
D:\skripsi\Dataset\Dataset COCO\val2017\000000214200.jpg,0,Bukan_Lung_CT,train
D:\skripsi\Dataset\Dataset COCO\val2017\000000217400.jpg,0,Bukan_Lung_CT,train
D:\skripsi\Dataset\Dataset COCO\val2017\000000488592.jpg,0,Bukan_Lung_CT,train
D:\skripsi\Dataset\Dataset COCO\val2017\000000509131.jpg,0,Bukan_Lung_CT,train
D:\skripsi\Dataset\Dataset COCO\val2017\000000456496.jpg,0,Bukan_Lung_CT,train
D:\skripsi\Dataset\Dataset COCO\val2017\000000170474.jpg,0,Bukan_Lung_CT,train
D:\skripsi\Dataset\Dataset COCO\val2017\000000090208.jpg,0,Bukan_Lung_CT,train
D:\skripsi\Dataset\Dataset COCO\val2017\000000078843.jpg,0,Bukan_Lung_CT,train
D:\skripsi\Dataset\Dataset COCO\val2017\000000492992.jpg,0,Bukan_Lung_CT,train
D:\skripsi\Dataset\Dataset COCO\val2017\000000566042.jpg,0,Bukan_Lung_CT,train
D:\skripsi\Dataset\Dataset COCO\val2017\000000140640.jpg,0,Bukan_Lung_CT,train
D:\skripsi\Dataset\Dataset COCO\val2017\000000530146.jpg,0,Bukan_Lung_CT,train
D:\skripsi\Dataset\Dataset COCO\val2017\000000420069.jpg,0,Bukan_Lung_CT,train
D:\skripsi\Dataset\Dataset COCO\val2017\000000308430.jpg,0,Bukan_Lung_CT,train
D:\skripsi\Dataset\Dataset COCO\val2017\000000042888.jpg,0,Bukan_Lung_CT,train
D:\skripsi\Dataset\Dataset COCO\val2017\000000063965.jpg,0,Bukan_Lung_CT,train
D:\skripsi\Dataset\Dataset COCO\val2017\000000175364.jpg,0,Bukan_Lung_CT,train
D:\skripsi\Dataset\Dataset COCO\val2017\000000493613.jpg,0,Bukan_Lung_CT,train
D:\skripsi\Dataset\Dataset COCO\val2017\000000106330.jpg,0,Bukan_Lung_CT,train
D:\skripsi\Dataset\Dataset COCO\val2017\000000057238.jpg,0,Bukan_Lung_CT,train
D:\skripsi\Dataset\Dataset COCO\val2017\000000224724.jpg,0,Bukan_Lung_CT,train
D:\skripsi\Dataset\Dataset COCO\val2017\000000263860.jpg,0,Bukan_Lung_CT,train
D:\skripsi\Dataset\Dataset COCO\val2017\000000017182.jpg,0,Bukan_Lung_CT,train
D:\skripsi\Dataset\Dataset COCO\val2017\000000529762.jpg,0,Bukan_Lung_CT,train
D:\skripsi\Dataset\Dataset COCO\val2017\000000088040.jpg,0,Bukan_Lung_CT,train
D:\skripsi\Dataset\Dataset COCO\val2017\000000494188.jpg,0,Bukan_Lung_CT,train
D:\skripsi\Dataset\Dataset COCO\val2017\000000415194.jpg,0,Bukan_Lung_CT,train
D:\skripsi\Dataset\Dataset COCO\val2017\000000005060.jpg,0,Bukan_Lung_CT,train
D:\skripsi\Dataset\Dataset COCO\val2017\000000264441.jpg,0,Bukan_Lung_CT,train
D:\skripsi\Dataset\Dataset COCO\val2017\000000384527.jpg,0,Bukan_Lung_CT,train
D:\skripsi\Dataset\Dataset COCO\val2017\000000011149.jpg,0,Bukan_Lung_CT,train
D:\skripsi\Dataset\Dataset COCO\val2017\000000388927.jpg,0,Bukan_Lung_CT,train
D:\skripsi\Dataset\Dataset COCO\val2017\000000571857.jpg,0,Bukan_Lung_CT,train
D:\skripsi\Dataset\Dataset COCO\val2017\000000039484.jpg,0,Bukan_Lung_CT,train
D:\skripsi\Dataset\Dataset COCO\val2017\000000007088.jpg,0,Bukan_Lung_CT,train
D:\skripsi\Dataset\Dataset COCO\val2017\000000144706.jpg,0,Bukan_Lung_CT,train
D:\skripsi\Dataset\Dataset COCO\val2017\000000297343.jpg,0,Bukan_Lung_CT,train
D:\skripsi\Dataset\Dataset COCO\val2017\000000210789.jpg,0,Bukan_Lung_CT,train
D:\skripsi\Dataset\Dataset COCO\val2017\000000360564.jpg,0,Bukan_Lung_CT,train
D:\skripsi\Dataset\Dataset COCO\val2017\000000429718.jpg,0,Bukan_Lung_CT,train
D:\skripsi\Dataset\Dataset COCO\val2017\000000342397.jpg,0,Bukan_Lung_CT,train
D:\skripsi\Dataset\Dataset COCO\val2017\000000361730.jpg,0,Bukan_Lung_CT,train
D:\skripsi\Dataset\Dataset COCO\val2017\000000390902.jpg,0,Bukan_Lung_CT,train
D:\skripsi\Dataset\Dataset COCO\val2017\000000191614.jpg,0,Bukan_Lung_CT,train
D:\skripsi\Dataset\Dataset COCO\val2017\000000113051.jpg,0,Bukan_Lung_CT,train
D:\skripsi\Dataset\Dataset COCO\val2017\000000194716.jpg,0,Bukan_Lung_CT,train
D:\skripsi\Dataset\Dataset COCO\val2017\000000386352.jpg,0,Bukan_Lung_CT,train
D:\skripsi\Dataset\Dataset COCO\val2017\000000350002.jpg,0,Bukan_Lung_CT,train
D:\skripsi\Dataset\Dataset COCO\val2017\000000502732.jpg,0,Bukan_Lung_CT,train
D:\skripsi\Dataset\Dataset COCO\val2017\000000166426.jpg,0,Bukan_Lung_CT,train
D:\skripsi\Dataset\Dataset COCO\val2017\000000320632.jpg,0,Bukan_Lung_CT,train
D:\skripsi\Dataset\Dataset COCO\val2017\000000491090.jpg,0,Bukan_Lung_CT,train
D:\skripsi\Dataset\Dataset COCO\val2017\000000361238.jpg,0,Bukan_Lung_CT,train
D:\skripsi\Dataset\Dataset COCO\val2017\000000377113.jpg,0,Bukan_Lung_CT,train
D:\skripsi\Dataset\Dataset COCO\val2017\000000025181.jpg,0,Bukan_Lung_CT,train
D:\skripsi\Dataset\Dataset COCO\val2017\000000539445.jpg,0,Bukan_Lung_CT,train
D:\skripsi\Dataset\Dataset COCO\val2017\000000301718.jpg,0,Bukan_Lung_CT,train
D:\skripsi\Dataset\Dataset COCO\val2017\000000373353.jpg,0,Bukan_Lung_CT,train
D:\skripsi\Dataset\Dataset COCO\val2017\000000015079.jpg,0,Bukan_Lung_CT,train
D:\skripsi\Dataset\Dataset COCO\val2017\000000311190.jpg,0,Bukan_Lung_CT,train
D:\skripsi\Dataset\Dataset COCO\val2017\000000222825.jpg,0,Bukan_Lung_CT,train
D:\skripsi\Dataset\Dataset COCO\val2017\000000374545.jpg,0,Bukan_Lung_CT,train
D:\skripsi\Dataset\Dataset COCO\val2017\000000551822.jpg,0,Bukan_Lung_CT,train
D:\skripsi\Dataset\Dataset COCO\val2017\000000325483.jpg,0,Bukan_Lung_CT,train
D:\skripsi\Dataset\Dataset COCO\val2017\000000455448.jpg,0,Bukan_Lung_CT,train
D:\skripsi\Dataset\Dataset COCO\val2017\000000570471.jpg,0,Bukan_Lung_CT,train
D:\skripsi\Dataset\Dataset COCO\val2017\000000111086.jpg,0,Bukan_Lung_CT,train
D:\skripsi\Dataset\Dataset COCO\val2017\000000529105.jpg,0,Bukan_Lung_CT,train
D:\skripsi\Dataset\Dataset COCO\val2017\000000231169.jpg,0,Bukan_Lung_CT,train
D:\skripsi\Dataset\Dataset COCO\val2017\000000251824.jpg,0,Bukan_Lung_CT,train
D:\skripsi\Dataset\Dataset COCO\val2017\000000174482.jpg,0,Bukan_Lung_CT,train
D:\skripsi\Dataset\Dataset COCO\val2017\000000405970.jpg,0,Bukan_Lung_CT,train
D:\skripsi\Dataset\Dataset COCO\val2017\000000286553.jpg,0,Bukan_Lung_CT,train
D:\skripsi\Dataset\Dataset COCO\val2017\000000411530.jpg,0,Bukan_Lung_CT,train
D:\skripsi\Dataset\Dataset COCO\val2017\000000145665.jpg,0,Bukan_Lung_CT,train
D:\skripsi\Dataset\Dataset COCO\val2017\000000402992.jpg,0,Bukan_Lung_CT,train
D:\skripsi\Dataset\Dataset COCO\val2017\000000189226.jpg,0,Bukan_Lung_CT,train
D:\skripsi\Dataset\Dataset COCO\val2017\000000246308.jpg,0,Bukan_Lung_CT,train
D:\skripsi\Dataset\Dataset COCO\val2017\000000348045.jpg,0,Bukan_Lung_CT,train
D:\skripsi\Dataset\Dataset COCO\val2017\000000266981.jpg,0,Bukan_Lung_CT,train
D:\skripsi\Dataset\Dataset COCO\val2017\000000153568.jpg,0,Bukan_Lung_CT,train
D:\skripsi\Dataset\Dataset COCO\val2017\000000493772.jpg,0,Bukan_Lung_CT,train
D:\skripsi\Dataset\Dataset COCO\val2017\000000082807.jpg,0,Bukan_Lung_CT,train
D:\skripsi\Dataset\Dataset COCO\val2017\000000197022.jpg,0,Bukan_Lung_CT,train
D:\skripsi\Dataset\Dataset COCO\val2017\000000372718.jpg,0,Bukan_Lung_CT,train
D:\skripsi\Dataset\Dataset COCO\val2017\000000376264.jpg,0,Bukan_Lung_CT,train
D:\skripsi\Dataset\Dataset COCO\val2017\000000183648.jpg,0,Bukan_Lung_CT,train
D:\skripsi\Dataset\Dataset COCO\val2017\000000507037.jpg,0,Bukan_Lung_CT,train
D:\skripsi\Dataset\Dataset COCO\val2017\000000505638.jpg,0,Bukan_Lung_CT,train
D:\skripsi\Dataset\Dataset COCO\val2017\000000463690.jpg,0,Bukan_Lung_CT,train
D:\skripsi\Dataset\Dataset COCO\val2017\000000023666.jpg,0,Bukan_Lung_CT,train
D:\skripsi\Dataset\Dataset COCO\val2017\000000039956.jpg,0,Bukan_Lung_CT,train
D:\skripsi\Dataset\Dataset COCO\val2017\000000094326.jpg,0,Bukan_Lung_CT,train
D:\skripsi\Dataset\Dataset COCO\val2017\000000336658.jpg,0,Bukan_Lung_CT,train
D:\skripsi\Dataset\Dataset COCO\val2017\000000356968.jpg,0,Bukan_Lung_CT,train
D:\skripsi\Dataset\Dataset COCO\val2017\000000107226.jpg,0,Bukan_Lung_CT,train
D:\skripsi\Dataset\Dataset COCO\val2017\000000379441.jpg,0,Bukan_Lung_CT,train
D:\skripsi\Dataset\Dataset COCO\val2017\000000209757.jpg,0,Bukan_Lung_CT,train
D:\skripsi\Dataset\Dataset COCO\val2017\000000297427.jpg,0,Bukan_Lung_CT,train
D:\skripsi\Dataset\Dataset COCO\val2017\000000217285.jpg,0,Bukan_Lung_CT,train
D:\skripsi\Dataset\Dataset COCO\val2017\000000385719.jpg,0,Bukan_Lung_CT,train
D:\skripsi\Dataset\Dataset COCO\val2017\000000513688.jpg,0,Bukan_Lung_CT,train
D:\skripsi\Dataset\Dataset COCO\val2017\000000056350.jpg,0,Bukan_Lung_CT,train
D:\skripsi\Dataset\Dataset COCO\val2017\000000524456.jpg,0,Bukan_Lung_CT,train
D:\skripsi\Dataset\Dataset COCO\val2017\000000281447.jpg,0,Bukan_Lung_CT,train
D:\skripsi\Dataset\Dataset COCO\val2017\000000357888.jpg,0,Bukan_Lung_CT,train
D:\skripsi\Dataset\Dataset COCO\val2017\000000241602.jpg,0,Bukan_Lung_CT,train
D:\skripsi\Dataset\Dataset COCO\val2017\000000456865.jpg,0,Bukan_Lung_CT,train
D:\skripsi\Dataset\Dataset COCO\val2017\000000200667.jpg,0,Bukan_Lung_CT,train
D:\skripsi\Dataset\Dataset COCO\val2017\000000166478.jpg,0,Bukan_Lung_CT,train
D:\skripsi\Dataset\Dataset COCO\val2017\000000179112.jpg,0,Bukan_Lung_CT,train
D:\skripsi\Dataset\Dataset COCO\val2017\000000014380.jpg,0,Bukan_Lung_CT,train
D:\skripsi\Dataset\Dataset COCO\val2017\000000245026.jpg,0,Bukan_Lung_CT,train
D:\skripsi\Dataset\Dataset COCO\val2017\000000033005.jpg,0,Bukan_Lung_CT,train
D:\skripsi\Dataset\Dataset COCO\val2017\000000511599.jpg,0,Bukan_Lung_CT,train
D:\skripsi\Dataset\Dataset COCO\val2017\000000261318.jpg,0,Bukan_Lung_CT,train
D:\skripsi\Dataset\Dataset COCO\val2017\000000546556.jpg,0,Bukan_Lung_CT,train
D:\skripsi\Dataset\Dataset COCO\val2017\000000455597.jpg,0,Bukan_Lung_CT,train
D:\skripsi\Dataset\Dataset COCO\val2017\000000367569.jpg,0,Bukan_Lung_CT,train
D:\skripsi\Dataset\Dataset COCO\val2017\000000161642.jpg,0,Bukan_Lung_CT,train
D:\skripsi\Dataset\Dataset COCO\val2017\000000480944.jpg,0,Bukan_Lung_CT,train
D:\skripsi\Dataset\Dataset COCO\val2017\000000200839.jpg,0,Bukan_Lung_CT,train
D:\skripsi\Dataset\Dataset COCO\val2017\000000370711.jpg,0,Bukan_Lung_CT,train
D:\skripsi\Dataset\Dataset COCO\val2017\000000117425.jpg,0,Bukan_Lung_CT,train
D:\skripsi\Dataset\Dataset COCO\val2017\000000415741.jpg,0,Bukan_Lung_CT,train
D:\skripsi\Dataset\Dataset COCO\val2017\000000287347.jpg,0,Bukan_Lung_CT,train
D:\skripsi\Dataset\Dataset COCO\val2017\000000274708.jpg,0,Bukan_Lung_CT,train
D:\skripsi\Dataset\Dataset COCO\val2017\000000193926.jpg,0,Bukan_Lung_CT,train
D:\skripsi\Dataset\Dataset COCO\val2017\000000152870.jpg,0,Bukan_Lung_CT,train
D:\skripsi\Dataset\Dataset COCO\val2017\000000161879.jpg,0,Bukan_Lung_CT,train
D:\skripsi\Dataset\Dataset COCO\val2017\000000396903.jpg,0,Bukan_Lung_CT,train
D:\skripsi\Dataset\Dataset COCO\val2017\000000327701.jpg,0,Bukan_Lung_CT,train
D:\skripsi\Dataset\Dataset COCO\val2017\000000132587.jpg,0,Bukan_Lung_CT,train
D:\skripsi\Dataset\Dataset COCO\val2017\000000181969.jpg,0,Bukan_Lung_CT,train
D:\skripsi\Dataset\Dataset COCO\val2017\000000522889.jpg,0,Bukan_Lung_CT,train
D:\skripsi\Dataset\Dataset COCO\val2017\000000351823.jpg,0,Bukan_Lung_CT,train
D:\skripsi\Dataset\Dataset COCO\val2017\000000491613.jpg,0,Bukan_Lung_CT,train
D:\skripsi\Dataset\Dataset COCO\val2017\000000367228.jpg,0,Bukan_Lung_CT,train
D:\skripsi\Dataset\Dataset COCO\val2017\000000046804.jpg,0,Bukan_Lung_CT,train
D:\skripsi\Dataset\Dataset COCO\val2017\000000223188.jpg,0,Bukan_Lung_CT,train
D:\skripsi\Dataset\Dataset COCO\val2017\000000221693.jpg,0,Bukan_Lung_CT,train
D:\skripsi\Dataset\Dataset COCO\val2017\000000169996.jpg,0,Bukan_Lung_CT,train
D:\skripsi\Dataset\Dataset COCO\val2017\000000003845.jpg,0,Bukan_Lung_CT,train
D:\skripsi\Dataset\Dataset COCO\val2017\000000127270.jpg,0,Bukan_Lung_CT,train
D:\skripsi\Dataset\Dataset COCO\val2017\000000256192.jpg,0,Bukan_Lung_CT,train
D:\skripsi\Dataset\Dataset COCO\val2017\000000572517.jpg,0,Bukan_Lung_CT,train
D:\skripsi\Dataset\Dataset COCO\val2017\000000018575.jpg,0,Bukan_Lung_CT,train
D:\skripsi\Dataset\Dataset COCO\val2017\000000546829.jpg,0,Bukan_Lung_CT,train
D:\skripsi\Dataset\Dataset COCO\val2017\000000119641.jpg,0,Bukan_Lung_CT,train
D:\skripsi\Dataset\Dataset COCO\val2017\000000483050.jpg,0,Bukan_Lung_CT,train
D:\skripsi\Dataset\Dataset COCO\val2017\000000438774.jpg,0,Bukan_Lung_CT,train
D:\skripsi\Dataset\Dataset COCO\val2017\000000119995.jpg,0,Bukan_Lung_CT,train
D:\skripsi\Dataset\Dataset COCO\val2017\000000568710.jpg,0,Bukan_Lung_CT,train
D:\skripsi\Dataset\Dataset COCO\val2017\000000342971.jpg,0,Bukan_Lung_CT,train
D:\skripsi\Dataset\Dataset COCO\val2017\000000488664.jpg,0,Bukan_Lung_CT,train
D:\skripsi\Dataset\Dataset COCO\val2017\000000530854.jpg,0,Bukan_Lung_CT,train
D:\skripsi\Dataset\Dataset COCO\val2017\000000498709.jpg,0,Bukan_Lung_CT,train
D:\skripsi\Dataset\Dataset COCO\val2017\000000293625.jpg,0,Bukan_Lung_CT,train
D:\skripsi\Dataset\Dataset COCO\val2017\000000140270.jpg,0,Bukan_Lung_CT,train
D:\skripsi\Dataset\Dataset COCO\val2017\000000393056.jpg,0,Bukan_Lung_CT,train
D:\skripsi\Dataset\Dataset COCO\val2017\000000284623.jpg,0,Bukan_Lung_CT,train
D:\skripsi\Dataset\Dataset COCO\val2017\000000085089.jpg,0,Bukan_Lung_CT,train
D:\skripsi\Dataset\Dataset COCO\val2017\000000127530.jpg,0,Bukan_Lung_CT,train
D:\skripsi\Dataset\Dataset COCO\val2017\000000050896.jpg,0,Bukan_Lung_CT,train
D:\skripsi\Dataset\Dataset COCO\val2017\000000011699.jpg,0,Bukan_Lung_CT,train
D:\skripsi\Dataset\Dataset COCO\val2017\000000061658.jpg,0,Bukan_Lung_CT,train
D:\skripsi\Dataset\Dataset COCO\val2017\000000473237.jpg,0,Bukan_Lung_CT,train
D:\skripsi\Dataset\Dataset COCO\val2017\000000268831.jpg,0,Bukan_Lung_CT,train
D:\skripsi\Dataset\Dataset COCO\val2017\000000208901.jpg,0,Bukan_Lung_CT,train
D:\skripsi\Dataset\Dataset COCO\val2017\000000484415.jpg,0,Bukan_Lung_CT,train
D:\skripsi\Dataset\Dataset COCO\val2017\000000276284.jpg,0,Bukan_Lung_CT,train
D:\skripsi\Dataset\Dataset COCO\val2017\000000085576.jpg,0,Bukan_Lung_CT,train
D:\skripsi\Dataset\Dataset COCO\val2017\000000568981.jpg,0,Bukan_Lung_CT,train
D:\skripsi\Dataset\Dataset COCO\val2017\000000012280.jpg,0,Bukan_Lung_CT,train
D:\skripsi\Dataset\Dataset COCO\val2017\000000183500.jpg,0,Bukan_Lung_CT,train
D:\skripsi\Dataset\Dataset COCO\val2017\000000130826.jpg,0,Bukan_Lung_CT,train
D:\skripsi\Dataset\Dataset COCO\val2017\000000302030.jpg,0,Bukan_Lung_CT,train
D:\skripsi\Dataset\Dataset COCO\val2017\000000292330.jpg,0,Bukan_Lung_CT,train
D:\skripsi\Dataset\Dataset COCO\val2017\000000554579.jpg,0,Bukan_Lung_CT,train
D:\skripsi\Dataset\Dataset COCO\val2017\000000473406.jpg,0,Bukan_Lung_CT,train
D:\skripsi\Dataset\Dataset COCO\val2017\000000062808.jpg,0,Bukan_Lung_CT,train
D:\skripsi\Dataset\Dataset COCO\val2017\000000253742.jpg,0,Bukan_Lung_CT,train
D:\skripsi\Dataset\Dataset COCO\val2017\000000484760.jpg,0,Bukan_Lung_CT,train
D:\skripsi\Dataset\Dataset COCO\val2017\000000542625.jpg,0,Bukan_Lung_CT,train
D:\skripsi\Dataset\Dataset COCO\val2017\000000082765.jpg,0,Bukan_Lung_CT,train
D:\skripsi\Dataset\Dataset COCO\val2017\000000400367.jpg,0,Bukan_Lung_CT,train
D:\skripsi\Dataset\Dataset COCO\val2017\000000549055.jpg,0,Bukan_Lung_CT,train
D:\skripsi\Dataset\Dataset COCO\val2017\000000227044.jpg,0,Bukan_Lung_CT,train
D:\skripsi\Dataset\Dataset COCO\val2017\000000130699.jpg,0,Bukan_Lung_CT,train
