new_split,label,filename,dest_filename,dest_path,phash
train,cancer,Lung MRI (1095).png,train__Lung MRI (1095).png,..\dataset_split\train\cancer\train__Lung MRI (1095).png,b8912ddb4251add155d0453fb89540bf
train,no_cancer,LUNG MRI NC (466).png,validate__LUNG MRI NC (466).png,..\dataset_split\train\no_cancer\validate__LUNG MRI NC (466).png,b2540ba3d98a8c919d95059bda6bf20c
train,no_cancer,LUNG MRI-NC (944).png,train__LUNG MRI-NC (944).png,..\dataset_split\train\no_cancer\train__LUNG MRI-NC (944).png,6c8e35307589293e35fbfd0e40443999
train,cancer,Lung MRI (227).png,train__Lung MRI (227).png,..\dataset_split\train\cancer\train__Lung MRI (227).png,088f46ed9a77dcc5612b1999d38d2caf
train,cancer,Lung MRI (618).png,train__Lung MRI (618).png,..\dataset_split\train\cancer\train__Lung MRI (618).png,1a9c478258011f39f90fee5c52b220b2
train,no_cancer,LUNG MRI-NC (441).png,train__LUNG MRI-NC (441).png,..\dataset_split\train\no_cancer\train__LUNG MRI-NC (441).png,239f9b873a4b955cc51c88081f6081b8
train,no_cancer,LUNG MRI-NC (1303).png,train__LUNG MRI-NC (1303).png,..\dataset_split\train\no_cancer\train__LUNG MRI-NC (1303).png,224f5ab33e48c6d81c73d8766f8e03ee
train,no_cancer,LUNG MRI-NC (752).png,train__LUNG MRI-NC (752).png,..\dataset_split\train\no_cancer\train__LUNG MRI-NC (752).png,3e4baf621993f2b41799cc2a1c05fc0c
train,cancer,Lung MRI (1006).png,train__Lung MRI (1006).png,..\dataset_split\train\cancer\train__Lung MRI (1006).png,00573a2a6a05394e3c8f70036e9483b8
train,no_cancer,LUNG MRI-NC (91).png,train__LUNG MRI-NC (91).png,..\dataset_split\train\no_cancer\train__LUNG MRI-NC (91).png,87d20b480f8e93aef379ea8a77eff008
train,cancer,Lung MRI (549).png,train__Lung MRI (549).png,..\dataset_split\train\cancer\train__Lung MRI (549).png,442ad871932f1398bde697aff59df1c0
train,no_cancer,LUNG MRI-NC (392).png,train__LUNG MRI-NC (392).png,..\dataset_split\train\no_cancer\train__LUNG MRI-NC (392).png,a3f195a4c166785e9c43f07826645931
train,no_cancer,LUNG MRI-NC (254).png,train__LUNG MRI-NC (254).png,..\dataset_split\train\no_cancer\train__LUNG MRI-NC (254).png,61b4ee284ae6181b3313dd68e0bde63f
train,no_cancer,LUNG MRI-NC (684).png,train__LUNG MRI-NC (684).png,..\dataset_split\train\no_cancer\train__LUNG MRI-NC (684).png,f71d1f780a851c6bafafb13a8711b617
train,no_cancer,LUNG MRI-NC (813).png,train__LUNG MRI-NC (813).png,..\dataset_split\train\no_cancer\train__LUNG MRI-NC (813).png,c6a29a7bb6af4348df4417997ee79e06
train,cancer,Lung MRI (399).png,train__Lung MRI (399).png,..\dataset_split\train\cancer\train__Lung MRI (399).png,49764dd0e7fc24268fb9839cb245b285
train,cancer,Lung MRI (322).png,train__Lung MRI (322).png,..\dataset_split\train\cancer\train__Lung MRI (322).png,5ea04e30fe9b3418f2263dca10d5cc87
train,no_cancer,LUNG MRI-NC (662).png,train__LUNG MRI-NC (662).png,..\dataset_split\train\no_cancer\train__LUNG MRI-NC (662).png,b355a10e8b51edffc620098836e5e384
train,cancer,Lung MRI (758).png,train__Lung MRI (758).png,..\dataset_split\train\cancer\train__Lung MRI (758).png,e1e4ea8d7abf47b0602e69179d4b489e
train,cancer,Lung MRI (23).png,train__Lung MRI (23).png,..\dataset_split\train\cancer\train__Lung MRI (23).png,66b962b051387e9461c46f893a312c9f
train,cancer,Lung MRI (682).png,train__Lung MRI (682).png,..\dataset_split\train\cancer\train__Lung MRI (682).png,62df84ac2dd3e5709177f6dfe7b01874
train,no_cancer,LUNG MRI-NC (640).png,train__LUNG MRI-NC (640).png,..\dataset_split\train\no_cancer\train__LUNG MRI-NC (640).png,4a7bd12a78efaf982e20b9a7b4c2174f
train,no_cancer,LUNG MRI-NC (169).png,train__LUNG MRI-NC (169).png,..\dataset_split\train\no_cancer\train__LUNG MRI-NC (169).png,fefa91c96f08168d945e0cd3d9a1a5c8
train,no_cancer,LUNG MRI NC (204).png,validate__LUNG MRI NC (204).png,..\dataset_split\train\no_cancer\validate__LUNG MRI NC (204).png,523b5826a46c6c20a3e1e8d9ed48556d
train,no_cancer,LUNG MRI NC (195).png,validate__LUNG MRI NC (195).png,..\dataset_split\train\no_cancer\validate__LUNG MRI NC (195).png,c57512469f3e230e97e54048049cb5f7
train,cancer,Lung MRI (202).png,train__Lung MRI (202).png,..\dataset_split\train\cancer\train__Lung MRI (202).png,4cb92abcf24355e38681388a98b7664e
train,no_cancer,LUNG MRI NC (177).png,validate__LUNG MRI NC (177).png,..\dataset_split\train\no_cancer\validate__LUNG MRI NC (177).png,7f9d448265baa5fff0d0d0c9e2cde702
train,no_cancer,LUNG MRI-NC (81).png,train__LUNG MRI-NC (81).png,..\dataset_split\train\no_cancer\train__LUNG MRI-NC (81).png,a13165c286aa067fbd5c58bc4fa3d1de
train,no_cancer,LUNG MRI-NC (767).png,train__LUNG MRI-NC (767).png,..\dataset_split\train\no_cancer\train__LUNG MRI-NC (767).png,7cd6ea79937e0835843c9d38b7a68c07
train,cancer,Lung MRI (36).png,train__Lung MRI (36).png,..\dataset_split\train\cancer\train__Lung MRI (36).png,82e98e0a794894ef864f101cf6301126
train,cancer,Lung MRI (427).png,train__Lung MRI (427).png,..\dataset_split\train\cancer\train__Lung MRI (427).png,4ef05f286c72ac7b73a7c29c43e8a3b3
train,cancer,Lung MRI (798).png,train__Lung MRI (798).png,..\dataset_split\train\cancer\train__Lung MRI (798).png,e1d4977939d1216c067305861ec2aa60
train,cancer,Lung MRI (442).png,train__Lung MRI (442).png,..\dataset_split\train\cancer\train__Lung MRI (442).png,dbf8772464d828c3c0b44a03225b2a6a
train,cancer,Lung MRI (1066).png,train__Lung MRI (1066).png,..\dataset_split\train\cancer\train__Lung MRI (1066).png,b20a2c4b91c1c7527ba2f2149c9d35aa
train,no_cancer,LUNG MRI-NC (105).png,train__LUNG MRI-NC (105).png,..\dataset_split\train\no_cancer\train__LUNG MRI-NC (105).png,0d9a7731fb209d5dbb029dca4937c30d
train,cancer,Lung MRI (517).png,train__Lung MRI (517).png,..\dataset_split\train\cancer\train__Lung MRI (517).png,68e877800ff7351d46079ea1f1d9a5e0
train,cancer,Lung MRI (510).png,train__Lung MRI (510).png,..\dataset_split\train\cancer\train__Lung MRI (510).png,4dfc15d69a660a0e84a5e80578cf0636
train,cancer,Lung MRI (1452).png,validate__Lung MRI (1452).png,..\dataset_split\train\cancer\validate__Lung MRI (1452).png,3f8965754b3ef2f8ac7907012df49756
train,no_cancer,LUNG MRI-NC (1109).png,train__LUNG MRI-NC (1109).png,..\dataset_split\train\no_cancer\train__LUNG MRI-NC (1109).png,1bd1274df8d80a68735061e9a3d8d852
train,cancer,Lung MRI (676).png,train__Lung MRI (676).png,..\dataset_split\train\cancer\train__Lung MRI (676).png,6917944f6ad0a037343d73f2fa736085
train,cancer,Lung MRI (318).png,train__Lung MRI (318).png,..\dataset_split\train\cancer\train__Lung MRI (318).png,be60dd8a5f1083e2ac261a1ffb0565b2
train,no_cancer,LUNG MRI-NC (10).png,train__LUNG MRI-NC (10).png,..\dataset_split\train\no_cancer\train__LUNG MRI-NC (10).png,fab117b6b9a1d00595145be5e0526ddf
train,cancer,Lung MRI (1058).png,train__Lung MRI (1058).png,..\dataset_split\train\cancer\train__Lung MRI (1058).png,d37d188e852ee0399d205810aab1b131
train,no_cancer,LUNG MRI-NC (861).png,train__LUNG MRI-NC (861).png,..\dataset_split\train\no_cancer\train__LUNG MRI-NC (861).png,b9d1b63c8650ad08b607716190dd5293
train,no_cancer,LUNG MRI-NC (257).png,train__LUNG MRI-NC (257).png,..\dataset_split\train\no_cancer\train__LUNG MRI-NC (257).png,624e260efd92c61ba1178077aa06df48
train,no_cancer,LUNG MRI NC (304).png,validate__LUNG MRI NC (304).png,..\dataset_split\train\no_cancer\validate__LUNG MRI NC (304).png,de10d6d10544f7ab34d9bc1609042e6f
train,cancer,Lung MRI (973).png,train__Lung MRI (973).png,..\dataset_split\train\cancer\train__Lung MRI (973).png,a701599b58fa05f31db05da1bb344e5e
train,no_cancer,LUNG MRI NC (128).png,validate__LUNG MRI NC (128).png,..\dataset_split\train\no_cancer\validate__LUNG MRI NC (128).png,97afeffa32e8f4384f2b505c54caf19e
train,no_cancer,LUNG MRI-NC (314).png,train__LUNG MRI-NC (314).png,..\dataset_split\train\no_cancer\train__LUNG MRI-NC (314).png,bb8038e8b8b2def1c8a0be25da406132
train,no_cancer,LUNG MRI-NC (819).png,train__LUNG MRI-NC (819).png,..\dataset_split\train\no_cancer\train__LUNG MRI-NC (819).png,91b57b0a27273e868b8062645a01e682
train,no_cancer,LUNG MRI-NC (1297).png,train__LUNG MRI-NC (1297).png,..\dataset_split\train\no_cancer\train__LUNG MRI-NC (1297).png,9066d96886b6930617cfa97dc1d6f53a
train,no_cancer,LUNG MRI NC (17).png,validate__LUNG MRI NC (17).png,..\dataset_split\train\no_cancer\validate__LUNG MRI NC (17).png,8b3ce545f703279bcfedf3293b26cc2d
train,no_cancer,LUNG MRI-NC (745).png,train__LUNG MRI-NC (745).png,..\dataset_split\train\no_cancer\train__LUNG MRI-NC (745).png,8f032f01da24327607c75a957b3071f8
train,cancer,Lung MRI (838).png,train__Lung MRI (838).png,..\dataset_split\train\cancer\train__Lung MRI (838).png,6f152298c4f23617fb12ee12c6d6d48c
train,cancer,Lung MRI (306).png,train__Lung MRI (306).png,..\dataset_split\train\cancer\train__Lung MRI (306).png,f3501e6c72a3924e8aa4f200aba5921f
train,no_cancer,LUNG MRI-NC (67).png,train__LUNG MRI-NC (67).png,..\dataset_split\train\no_cancer\train__LUNG MRI-NC (67).png,d1848306bfc49662c9086e3ed6c06553
train,no_cancer,LUNG MRI NC (294).png,validate__LUNG MRI NC (294).png,..\dataset_split\train\no_cancer\validate__LUNG MRI NC (294).png,b119cea7fe07cdbf6ac3a9bc0fa9a29c
train,no_cancer,LUNG MRI-NC (880).png,train__LUNG MRI-NC (880).png,..\dataset_split\train\no_cancer\train__LUNG MRI-NC (880).png,a43531cd7bea5cc050283b2b1a3a7f8e
train,cancer,Lung MRI (467).png,train__Lung MRI (467).png,..\dataset_split\train\cancer\train__Lung MRI (467).png,e5cd2b8b89b7d4e0d4e30c7a091cd3c6
train,no_cancer,LUNG MRI-NC (850).png,train__LUNG MRI-NC (850).png,..\dataset_split\train\no_cancer\train__LUNG MRI-NC (850).png,ea832a864f84c6dcfc3029a6a9415066
train,no_cancer,LUNG MRI-NC (437).png,train__LUNG MRI-NC (437).png,..\dataset_split\train\no_cancer\train__LUNG MRI-NC (437).png,90d6f386c61cf2fb6d576c0c6773a69c
train,no_cancer,LUNG MRI-NC (1009).png,train__LUNG MRI-NC (1009).png,..\dataset_split\train\no_cancer\train__LUNG MRI-NC (1009).png,184c35ccb83d02e7de6474bb091a2e18
train,cancer,Lung MRI (717).png,train__Lung MRI (717).png,..\dataset_split\train\cancer\train__Lung MRI (717).png,d3a5101c1e7d8c9d4a85c7afc205397c
train,no_cancer,LUNG MRI-NC (1287).png,train__LUNG MRI-NC (1287).png,..\dataset_split\train\no_cancer\train__LUNG MRI-NC (1287).png,6eeed3708e8a18e44e3d14771c02d949
train,cancer,Lung MRI (719).png,train__Lung MRI (719).png,..\dataset_split\train\cancer\train__Lung MRI (719).png,0c285993c0c911c7f058d08d0d6be19c
train,cancer,Lung MRI (959).png,train__Lung MRI (959).png,..\dataset_split\train\cancer\train__Lung MRI (959).png,9c002fab41e47e93ebead4141220a782
train,no_cancer,LUNG MRI-NC (1217).png,train__LUNG MRI-NC (1217).png,..\dataset_split\train\no_cancer\train__LUNG MRI-NC (1217).png,115fcca8644fbba2f9a5a40474696957
train,no_cancer,LUNG MRI-NC (1198).png,train__LUNG MRI-NC (1198).png,..\dataset_split\train\no_cancer\train__LUNG MRI-NC (1198).png,0a5b6f2eb5994ef501516f6b7ef080f1
train,cancer,Lung MRI (1437).png,validate__Lung MRI (1437).png,..\dataset_split\train\cancer\validate__Lung MRI (1437).png,5a125f39356243e856b9848ef8f075c5
train,no_cancer,LUNG MRI NC (399).png,validate__LUNG MRI NC (399).png,..\dataset_split\train\no_cancer\validate__LUNG MRI NC (399).png,7bfe7da214a111b2008f35a4de260e46
train,cancer,Lung MRI (143).png,train__Lung MRI (143).png,..\dataset_split\train\cancer\train__Lung MRI (143).png,7ba20d96f3999cd9504aa3eecaabcd2c
train,no_cancer,LUNG MRI-NC (111).png,train__LUNG MRI-NC (111).png,..\dataset_split\train\no_cancer\train__LUNG MRI-NC (111).png,69146bbd79c71addb60967cdf46a7a21
train,cancer,Lung MRI (750).png,train__Lung MRI (750).png,..\dataset_split\train\cancer\train__Lung MRI (750).png,8086e61beafa218e55a48f3b93e5d6fb
train,cancer,Lung MRI (224).png,train__Lung MRI (224).png,..\dataset_split\train\cancer\train__Lung MRI (224).png,1fc98868bb824e629a1057dd0adb5501
train,no_cancer,LUNG MRI-NC (93).png,train__LUNG MRI-NC (93).png,..\dataset_split\train\no_cancer\train__LUNG MRI-NC (93).png,20f33eef610fa5142450fca0f3f663db
train,cancer,Lung MRI (49).png,train__Lung MRI (49).png,..\dataset_split\train\cancer\train__Lung MRI (49).png,ace9e4a8049b2e0e761888d6f8a3cea2
train,no_cancer,LUNG MRI-NC (1062).png,train__LUNG MRI-NC (1062).png,..\dataset_split\train\no_cancer\train__LUNG MRI-NC (1062).png,15d5a7974f6d16c5c9aa31d58599197c
train,no_cancer,LUNG MRI-NC (1298).png,train__LUNG MRI-NC (1298).png,..\dataset_split\train\no_cancer\train__LUNG MRI-NC (1298).png,8e4ad2ad1983cbb910150dfcf87521aa
train,cancer,Lung MRI (253).png,train__Lung MRI (253).png,..\dataset_split\train\cancer\train__Lung MRI (253).png,749aa18e28fbc27cef51d69c160abceb
train,cancer,Lung MRI (391).png,train__Lung MRI (391).png,..\dataset_split\train\cancer\train__Lung MRI (391).png,f83a545355e57f69cf8bf612b522fbe8
train,no_cancer,LUNG MRI-NC (1274).png,train__LUNG MRI-NC (1274).png,..\dataset_split\train\no_cancer\train__LUNG MRI-NC (1274).png,d471dbf4b3420d09acf4d89656a0e2ee
train,no_cancer,LUNG MRI-NC (926).png,train__LUNG MRI-NC (926).png,..\dataset_split\train\no_cancer\train__LUNG MRI-NC (926).png,85366f04f8cb314ab7c8a01199e041af
train,no_cancer,LUNG MRI-NC (52).png,train__LUNG MRI-NC (52).png,..\dataset_split\train\no_cancer\train__LUNG MRI-NC (52).png,65df46e059c0f257ac039a0a0605475c
train,cancer,Lung MRI (216).png,train__Lung MRI (216).png,..\dataset_split\train\cancer\train__Lung MRI (216).png,66fa6db0064703afd40eb14649fd94d4
train,cancer,Lung MRI (948).png,train__Lung MRI (948).png,..\dataset_split\train\cancer\train__Lung MRI (948).png,0dfcd7b9397c549b354fb36aed9a7f1b
train,no_cancer,LUNG MRI-NC (696).png,train__LUNG MRI-NC (696).png,..\dataset_split\train\no_cancer\train__LUNG MRI-NC (696).png,658087c1dccd0d585083a54ba8577109
train,cancer,Lung MRI (1448).png,validate__Lung MRI (1448).png,..\dataset_split\train\cancer\validate__Lung MRI (1448).png,44f98f4183b77c9aff222a6abab36cdb
train,no_cancer,LUNG MRI-NC (210).png,train__LUNG MRI-NC (210).png,..\dataset_split\train\no_cancer\train__LUNG MRI-NC (210).png,0e6653b44b2a84a1481dd6a328a10ad0
train,cancer,Lung MRI (1080).png,train__Lung MRI (1080).png,..\dataset_split\train\cancer\train__Lung MRI (1080).png,0493b52784d569b22aff1ad32c2945be
train,no_cancer,LUNG MRI-NC (750).png,train__LUNG MRI-NC (750).png,..\dataset_split\train\no_cancer\train__LUNG MRI-NC (750).png,fcab9116eee56eee3ed15e916ac4b26d
train,cancer,Lung MRI (389).png,train__Lung MRI (389).png,..\dataset_split\train\cancer\train__Lung MRI (389).png,ff1fa42b8d2aa56f3fdba9965dc83b13
train,no_cancer,LUNG MRI NC (196).png,validate__LUNG MRI NC (196).png,..\dataset_split\train\no_cancer\validate__LUNG MRI NC (196).png,f08f59a2f26d59528576764b710fd9b8
train,cancer,Lung MRI (836).png,train__Lung MRI (836).png,..\dataset_split\train\cancer\train__Lung MRI (836).png,cf6c1f30af2a88fd82676692d308af90
train,no_cancer,LUNG MRI-NC (168).png,train__LUNG MRI-NC (168).png,..\dataset_split\train\no_cancer\train__LUNG MRI-NC (168).png,837ec5819c8d88f6c916f26c6b7d0b2c
train,no_cancer,LUNG MRI-NC (661).png,train__LUNG MRI-NC (661).png,..\dataset_split\train\no_cancer\train__LUNG MRI-NC (661).png,74b1034be350eaa6371f3c75c46f2975
train,no_cancer,LUNG MRI-NC (220).png,train__LUNG MRI-NC (220).png,..\dataset_split\train\no_cancer\train__LUNG MRI-NC (220).png,4ae40ba7b66fdd69681b3763052bc6e6
train,cancer,Lung MRI (21).png,train__Lung MRI (21).png,..\dataset_split\train\cancer\train__Lung MRI (21).png,0cad249b27087ba45d5813ec76be8683
train,no_cancer,LUNG MRI-NC (1313).png,train__LUNG MRI-NC (1313).png,..\dataset_split\train\no_cancer\train__LUNG MRI-NC (1313).png,8f94370ce25b6684bc5030541075b51e
train,cancer,Lung MRI (536).png,train__Lung MRI (536).png,..\dataset_split\train\cancer\train__Lung MRI (536).png,9eb5910e4cd3be92faa8415b39f2cfb2
train,cancer,Lung MRI (703).png,train__Lung MRI (703).png,..\dataset_split\train\cancer\train__Lung MRI (703).png,a3b7b11de76c3e5ea79d0cd50d31b3b5
train,cancer,Lung MRI (837).png,train__Lung MRI (837).png,..\dataset_split\train\cancer\train__Lung MRI (837).png,aa869e72053d5b7d3cb958cb28d494c4
train,no_cancer,LUNG MRI-NC (886).png,train__LUNG MRI-NC (886).png,..\dataset_split\train\no_cancer\train__LUNG MRI-NC (886).png,fe8f0df7074b10a2e890fae3253627ba
train,cancer,Lung MRI (931).png,train__Lung MRI (931).png,..\dataset_split\train\cancer\train__Lung MRI (931).png,8d534a84bd24e08a788535b492ed1910
train,no_cancer,LUNG MRI-NC (1113).png,train__LUNG MRI-NC (1113).png,..\dataset_split\train\no_cancer\train__LUNG MRI-NC (1113).png,f9012a4d68958ea636fbb60bf6d3adb3
train,no_cancer,LUNG MRI-NC (363).png,train__LUNG MRI-NC (363).png,..\dataset_split\train\no_cancer\train__LUNG MRI-NC (363).png,70947339e96c3898b2d483dba4419192
train,cancer,Lung MRI (548).png,train__Lung MRI (548).png,..\dataset_split\train\cancer\train__Lung MRI (548).png,49978f517c0b3cf6b827bb4401678bbb
train,no_cancer,LUNG MRI-NC (1226).png,train__LUNG MRI-NC (1226).png,..\dataset_split\train\no_cancer\train__LUNG MRI-NC (1226).png,94d4d0fd86bb2690f006838e33b71bcd
train,cancer,Lung MRI (527).png,train__Lung MRI (527).png,..\dataset_split\train\cancer\train__Lung MRI (527).png,26d6dfbb829108b46765eb3cf2311563
train,cancer,Lung MRI (702).png,train__Lung MRI (702).png,..\dataset_split\train\cancer\train__Lung MRI (702).png,031762442f36ee4b4ad1603b684673df
train,cancer,Lung MRI (168).png,train__Lung MRI (168).png,..\dataset_split\train\cancer\train__Lung MRI (168).png,c4c2c8cf36292be70043b86144b17f8c
train,no_cancer,LUNG MRI-NC (645).png,train__LUNG MRI-NC (645).png,..\dataset_split\train\no_cancer\train__LUNG MRI-NC (645).png,603968761cb4a45e81ed68eb789924b9
train,cancer,Lung MRI (1236).png,validate__Lung MRI (1236).png,..\dataset_split\train\cancer\validate__Lung MRI (1236).png,73083e0ffd0d5cfd328f689a07cfffe5
train,cancer,Lung MRI (1000).png,train__Lung MRI (1000).png,..\dataset_split\train\cancer\train__Lung MRI (1000).png,04948a7acfd331b9ed6d78cd71882e7e
train,cancer,Lung MRI (471).png,train__Lung MRI (471).png,..\dataset_split\train\cancer\train__Lung MRI (471).png,b9369ce631f654a2cc9a4d4a7ecea39c
train,no_cancer,LUNG MRI NC (269).png,validate__LUNG MRI NC (269).png,..\dataset_split\train\no_cancer\validate__LUNG MRI NC (269).png,d05a4bed6666550204bc6de5429ca117
train,cancer,Lung MRI (74).png,train__Lung MRI (74).png,..\dataset_split\train\cancer\train__Lung MRI (74).png,1fa5d4a0a2ef87a843e3d0861d37a1e5
train,no_cancer,LUNG MRI-NC (946).png,train__LUNG MRI-NC (946).png,..\dataset_split\train\no_cancer\train__LUNG MRI-NC (946).png,64bae198be4f50bcdd500e26a65389ed
train,cancer,Lung MRI (193).png,train__Lung MRI (193).png,..\dataset_split\train\cancer\train__Lung MRI (193).png,4f9748daeb4ae615cef68450413bbd88
train,no_cancer,LUNG MRI-NC (978).png,train__LUNG MRI-NC (978).png,..\dataset_split\train\no_cancer\train__LUNG MRI-NC (978).png,8fa6b1731852a78e0c2267ba5be50465
train,no_cancer,LUNG MRI-NC (1025).png,train__LUNG MRI-NC (1025).png,..\dataset_split\train\no_cancer\train__LUNG MRI-NC (1025).png,a1cd07aa4d464e1e2b91928e3d0a4b28
train,cancer,Lung MRI (58).png,train__Lung MRI (58).png,..\dataset_split\train\cancer\train__Lung MRI (58).png,cd958c7eba886eb47b0d8cb82eae67de
train,no_cancer,LUNG MRI-NC (176).png,train__LUNG MRI-NC (176).png,..\dataset_split\train\no_cancer\train__LUNG MRI-NC (176).png,dd2ed68ea00c752faea1177217b077d2
train,cancer,Lung MRI (132).png,train__Lung MRI (132).png,..\dataset_split\train\cancer\train__Lung MRI (132).png,bf23dd94e9a0f5fcf043accf05c1ecee
train,no_cancer,LUNG MRI NC (139).png,validate__LUNG MRI NC (139).png,..\dataset_split\train\no_cancer\validate__LUNG MRI NC (139).png,e009f32d65273ec67a2f01674c13c863
train,no_cancer,LUNG MRI-NC (243).png,train__LUNG MRI-NC (243).png,..\dataset_split\train\no_cancer\train__LUNG MRI-NC (243).png,ea1d5ae52511e0efe34fe241fed60044
train,cancer,Lung MRI (1415).png,validate__Lung MRI (1415).png,..\dataset_split\train\cancer\validate__Lung MRI (1415).png,8ea0c7c82d5435a38738effadbae4786
train,no_cancer,LUNG MRI-NC (1057).png,train__LUNG MRI-NC (1057).png,..\dataset_split\train\no_cancer\train__LUNG MRI-NC (1057).png,1bec2f07674be6eeadf2fe14fd07f0ff
train,no_cancer,LUNG MRI-NC (305).png,train__LUNG MRI-NC (305).png,..\dataset_split\train\no_cancer\train__LUNG MRI-NC (305).png,a11d871d49f2564d7fccf5a3a3454dc5
train,no_cancer,LUNG MRI-NC (366).png,train__LUNG MRI-NC (366).png,..\dataset_split\train\no_cancer\train__LUNG MRI-NC (366).png,86a233aad2558cf6d51b37173e1be116
train,no_cancer,LUNG MRI-NC (339).png,train__LUNG MRI-NC (339).png,..\dataset_split\train\no_cancer\train__LUNG MRI-NC (339).png,03a83785a78ef295881c81febb89ff6c
train,no_cancer,LUNG MRI-NC (1294).png,train__LUNG MRI-NC (1294).png,..\dataset_split\train\no_cancer\train__LUNG MRI-NC (1294).png,cdf190b26e459830c2e8b799bb234c09
train,no_cancer,LUNG MRI-NC (503).png,train__LUNG MRI-NC (503).png,..\dataset_split\train\no_cancer\train__LUNG MRI-NC (503).png,ff94116f731b91c4f65e72a8b1d684be
train,no_cancer,LUNG MRI NC (281).png,validate__LUNG MRI NC (281).png,..\dataset_split\train\no_cancer\validate__LUNG MRI NC (281).png,7b62e7462f80c85d69160e02b4614bca
train,no_cancer,LUNG MRI-NC (603).png,train__LUNG MRI-NC (603).png,..\dataset_split\train\no_cancer\train__LUNG MRI-NC (603).png,8f450df6861d30ca294f6bd94907048b
train,cancer,Lung MRI (149).png,train__Lung MRI (149).png,..\dataset_split\train\cancer\train__Lung MRI (149).png,53653e44144772a73f3497a5e1597e64
train,cancer,Lung MRI (65).png,train__Lung MRI (65).png,..\dataset_split\train\cancer\train__Lung MRI (65).png,88f10988dc932f698a50e6e2e87751a5
train,no_cancer,LUNG MRI NC (297).png,validate__LUNG MRI NC (297).png,..\dataset_split\train\no_cancer\validate__LUNG MRI NC (297).png,ab108756476fa69ff162264a5085600e
train,no_cancer,LUNG MRI NC (341).png,validate__LUNG MRI NC (341).png,..\dataset_split\train\no_cancer\validate__LUNG MRI NC (341).png,7d6ff31a9cadc557a140e8227c82b9fb
train,cancer,Lung MRI (727).png,train__Lung MRI (727).png,..\dataset_split\train\cancer\train__Lung MRI (727).png,14c1673b8e3eb76e75f421b474f4c6b6
train,no_cancer,LUNG MRI-NC (785).png,train__LUNG MRI-NC (785).png,..\dataset_split\train\no_cancer\train__LUNG MRI-NC (785).png,8ccc143c8ad86d9b1ab0f1b368be2b67
train,no_cancer,LUNG MRI-NC (1288).png,train__LUNG MRI-NC (1288).png,..\dataset_split\train\no_cancer\train__LUNG MRI-NC (1288).png,fdce31a35d0dc6c8a0bb0fc94962aaee
train,no_cancer,LUNG MRI-NC (66).png,train__LUNG MRI-NC (66).png,..\dataset_split\train\no_cancer\train__LUNG MRI-NC (66).png,17e70058a668970f2232fe6df76eefb2
train,cancer,Lung MRI (873).png,train__Lung MRI (873).png,..\dataset_split\train\cancer\train__Lung MRI (873).png,ee9e4fee3953176f835a709a5473ea03
train,cancer,Lung MRI (654).png,train__Lung MRI (654).png,..\dataset_split\train\cancer\train__Lung MRI (654).png,f9f6e32a5fc9496a5a8541620c07ae5e
train,cancer,Lung MRI (144).png,train__Lung MRI (144).png,..\dataset_split\train\cancer\train__Lung MRI (144).png,b79b8298420ce7cc4522760a75fbf1e8
train,no_cancer,LUNG MRI-NC (201).png,train__LUNG MRI-NC (201).png,..\dataset_split\train\no_cancer\train__LUNG MRI-NC (201).png,40f3718e27c8a98be8bb5c16569be113
train,cancer,Lung MRI (826).png,train__Lung MRI (826).png,..\dataset_split\train\cancer\train__Lung MRI (826).png,6d2f65b5155937d0fbbee5e824bbf338
train,cancer,Lung MRI (109).png,train__Lung MRI (109).png,..\dataset_split\train\cancer\train__Lung MRI (109).png,4fb9291e963fb130ae639675856b8224
train,no_cancer,LUNG MRI-NC (1293).png,train__LUNG MRI-NC (1293).png,..\dataset_split\train\no_cancer\train__LUNG MRI-NC (1293).png,3a492bf901a77dd7d069966426973e85
train,cancer,Lung MRI (580).png,train__Lung MRI (580).png,..\dataset_split\train\cancer\train__Lung MRI (580).png,6957cf4d5ebebb33fa931a7d2467b216
train,cancer,Lung MRI (835).png,train__Lung MRI (835).png,..\dataset_split\train\cancer\train__Lung MRI (835).png,d688b62e3594768c9b933be2d147d1c1
train,no_cancer,LUNG MRI-NC (60).png,train__LUNG MRI-NC (60).png,..\dataset_split\train\no_cancer\train__LUNG MRI-NC (60).png,05a9b7db76a06ce6db38683e25dbb2b1
train,no_cancer,LUNG MRI-NC (623).png,train__LUNG MRI-NC (623).png,..\dataset_split\train\no_cancer\train__LUNG MRI-NC (623).png,497da6fa6f6789ecc2330bfaed758266
train,no_cancer,LUNG MRI NC (268).png,validate__LUNG MRI NC (268).png,..\dataset_split\train\no_cancer\validate__LUNG MRI NC (268).png,fb71161339dd7597254d07d34657e3f8
train,no_cancer,LUNG MRI-NC (1140).png,train__LUNG MRI-NC (1140).png,..\dataset_split\train\no_cancer\train__LUNG MRI-NC (1140).png,1e867d6acdc431547808cc7ea602614d
train,cancer,Lung MRI (1451).png,validate__Lung MRI (1451).png,..\dataset_split\train\cancer\validate__Lung MRI (1451).png,f2943a832039d77f3ecc5c8ca545d9ac
train,cancer,Lung MRI (175).png,train__Lung MRI (175).png,..\dataset_split\train\cancer\train__Lung MRI (175).png,5c0527c370c96637dabdfbf7ed7c6bd8
train,cancer,Lung MRI (466).png,train__Lung MRI (466).png,..\dataset_split\train\cancer\train__Lung MRI (466).png,5fa9e16607d53995a050b7e0bccb7374
train,cancer,Lung MRI (592).png,train__Lung MRI (592).png,..\dataset_split\train\cancer\train__Lung MRI (592).png,a677f9007c8e08a4338f1a2caa2b2fc9
train,no_cancer,LUNG MRI-NC (281).png,train__LUNG MRI-NC (281).png,..\dataset_split\train\no_cancer\train__LUNG MRI-NC (281).png,f14fb32864a676b9e57c2a82723e3e93
train,no_cancer,LUNG MRI NC (426).png,validate__LUNG MRI NC (426).png,..\dataset_split\train\no_cancer\validate__LUNG MRI NC (426).png,bd2f88cd816919d76a59fbf022030d20
train,no_cancer,LUNG MRI-NC (764).png,train__LUNG MRI-NC (764).png,..\dataset_split\train\no_cancer\train__LUNG MRI-NC (764).png,8186666c1183e3f17d3ba4ccaa375ea9
train,cancer,Lung MRI (283).png,train__Lung MRI (283).png,..\dataset_split\train\cancer\train__Lung MRI (283).png,be6604eaa7546e2ad714d56e622278a2
train,no_cancer,LUNG MRI NC (363).png,validate__LUNG MRI NC (363).png,..\dataset_split\train\no_cancer\validate__LUNG MRI NC (363).png,1102a73332962a2003f1f636e5d9116f
train,cancer,Lung MRI (531).png,train__Lung MRI (531).png,..\dataset_split\train\cancer\train__Lung MRI (531).png,f372c1f25a987867de923715eb6c8912
train,no_cancer,LUNG MRI-NC (287).png,train__LUNG MRI-NC (287).png,..\dataset_split\train\no_cancer\train__LUNG MRI-NC (287).png,d58ff57411eecd85bde74d5d7132ab67
train,no_cancer,LUNG MRI-NC (121).png,train__LUNG MRI-NC (121).png,..\dataset_split\train\no_cancer\train__LUNG MRI-NC (121).png,9cf0b6fac96c867c874e998898fe15a6
train,no_cancer,LUNG MRI-NC (1063).png,train__LUNG MRI-NC (1063).png,..\dataset_split\train\no_cancer\train__LUNG MRI-NC (1063).png,cdc91c671e100417b5cd21c6009a31eb
train,no_cancer,LUNG MRI-NC (232).png,train__LUNG MRI-NC (232).png,..\dataset_split\train\no_cancer\train__LUNG MRI-NC (232).png,d01a30c721262d3d9d92059a10c3d6ee
train,cancer,Lung MRI (732).png,train__Lung MRI (732).png,..\dataset_split\train\cancer\train__Lung MRI (732).png,1d5bdb88e06b05721d8a5a78bc7549c9
train,no_cancer,LUNG MRI NC (414).png,validate__LUNG MRI NC (414).png,..\dataset_split\train\no_cancer\validate__LUNG MRI NC (414).png,1daf1480c0f464756c06e33d3bfe620e
train,no_cancer,LUNG MRI-NC (655).png,train__LUNG MRI-NC (655).png,..\dataset_split\train\no_cancer\train__LUNG MRI-NC (655).png,69efefcce6e3500ddb1e1e794b731166
train,no_cancer,LUNG MRI-NC (1229).png,train__LUNG MRI-NC (1229).png,..\dataset_split\train\no_cancer\train__LUNG MRI-NC (1229).png,d171259cd8a19ed1c2355105c98126e0
train,no_cancer,LUNG MRI-NC (1058).png,train__LUNG MRI-NC (1058).png,..\dataset_split\train\no_cancer\train__LUNG MRI-NC (1058).png,bdb4f0635a9ce8dc2a72a331d2b5ec63
train,cancer,Lung MRI (924).png,train__Lung MRI (924).png,..\dataset_split\train\cancer\train__Lung MRI (924).png,e19019140fe3c84906bc629e873a7031
train,cancer,Lung MRI (565).png,train__Lung MRI (565).png,..\dataset_split\train\cancer\train__Lung MRI (565).png,bbeee361de05051f937439bd3e9baa6c
train,cancer,Lung MRI (336).png,train__Lung MRI (336).png,..\dataset_split\train\cancer\train__Lung MRI (336).png,c1b25ed14610b8f60953dde6ed97ccba
train,no_cancer,LUNG MRI-NC (1258).png,train__LUNG MRI-NC (1258).png,..\dataset_split\train\no_cancer\train__LUNG MRI-NC (1258).png,83a1fe4e42adc7c98e30ec9757d4b5eb
train,no_cancer,LUNG MRI-NC (550).png,train__LUNG MRI-NC (550).png,..\dataset_split\train\no_cancer\train__LUNG MRI-NC (550).png,a0737945cae86792085017ae31846444
train,cancer,Lung MRI (1011).png,train__Lung MRI (1011).png,..\dataset_split\train\cancer\train__Lung MRI (1011).png,f17b4834832ee32dda84578aadb197e6
train,no_cancer,LUNG MRI NC (207).png,validate__LUNG MRI NC (207).png,..\dataset_split\train\no_cancer\validate__LUNG MRI NC (207).png,a711a1220ffd3b5f52dec24a33719204
train,cancer,Lung MRI (556).png,train__Lung MRI (556).png,..\dataset_split\train\cancer\train__Lung MRI (556).png,24faadbc3782852fc08ba6b0d79c6a64
train,no_cancer,LUNG MRI-NC (512).png,train__LUNG MRI-NC (512).png,..\dataset_split\train\no_cancer\train__LUNG MRI-NC (512).png,1020a341a5cd8a301e1b9733212e1044
train,cancer,Lung MRI (242).png,train__Lung MRI (242).png,..\dataset_split\train\cancer\train__Lung MRI (242).png,8500726e8d88aa2b3059a7b772fb4c0e
train,no_cancer,LUNG MRI-NC (193).png,train__LUNG MRI-NC (193).png,..\dataset_split\train\no_cancer\train__LUNG MRI-NC (193).png,22b7f9ad4c183715cd16a0167561744b
train,no_cancer,LUNG MRI NC (173).png,validate__LUNG MRI NC (173).png,..\dataset_split\train\no_cancer\validate__LUNG MRI NC (173).png,6792b4aec302043bc476c2e610f73e62
train,cancer,Lung MRI (104).png,train__Lung MRI (104).png,..\dataset_split\train\cancer\train__Lung MRI (104).png,bab235e5299604be2fc781e31f0b49e5
train,cancer,Lung MRI (437).png,train__Lung MRI (437).png,..\dataset_split\train\cancer\train__Lung MRI (437).png,1233db6aa5480d53e5c572cce5bc274c
train,cancer,Lung MRI (1040).png,train__Lung MRI (1040).png,..\dataset_split\train\cancer\train__Lung MRI (1040).png,f4e078c6fdd5c06636c8a7d9c9123c56
train,no_cancer,LUNG MRI-NC (588).png,train__LUNG MRI-NC (588).png,..\dataset_split\train\no_cancer\train__LUNG MRI-NC (588).png,670c78a624012ac51870e52ac89b09c5
train,cancer,Lung MRI (455).png,train__Lung MRI (455).png,..\dataset_split\train\cancer\train__Lung MRI (455).png,6b8b4185aacb7541047718c8ed9c358e
train,cancer,Lung MRI (850).png,train__Lung MRI (850).png,..\dataset_split\train\cancer\train__Lung MRI (850).png,20e03ecbedb0858bc38e3e59260655cb
train,no_cancer,LUNG MRI-NC (404).png,train__LUNG MRI-NC (404).png,..\dataset_split\train\no_cancer\train__LUNG MRI-NC (404).png,7cc3036ed00c5ab552135ac18a226d0c
train,cancer,Lung MRI (255).png,train__Lung MRI (255).png,..\dataset_split\train\cancer\train__Lung MRI (255).png,c4a70593cadd17bd11479dcbe198fd78
train,no_cancer,LUNG MRI-NC (601).png,train__LUNG MRI-NC (601).png,..\dataset_split\train\no_cancer\train__LUNG MRI-NC (601).png,78d796778eb17fe7b09d60c78da3e7f2
train,cancer,Lung MRI (545).png,train__Lung MRI (545).png,..\dataset_split\train\cancer\train__Lung MRI (545).png,9f4985451ded949741427c5afed502b3
train,no_cancer,LUNG MRI NC (423).png,validate__LUNG MRI NC (423).png,..\dataset_split\train\no_cancer\validate__LUNG MRI NC (423).png,c1377b69ddfd9ff2edd954d0aa5c7a30
train,cancer,Lung MRI (370).png,train__Lung MRI (370).png,..\dataset_split\train\cancer\train__Lung MRI (370).png,a3bcf12d78c2191b81b24170ef3ba7a8
train,cancer,Lung MRI (524).png,train__Lung MRI (524).png,..\dataset_split\train\cancer\train__Lung MRI (524).png,76a736e275dcc5cb7a5c5bc3af6e23cd
train,no_cancer,LUNG MRI-NC (423).png,train__LUNG MRI-NC (423).png,..\dataset_split\train\no_cancer\train__LUNG MRI-NC (423).png,338ef8f866ac535b20ac51c0a590420b
train,cancer,Lung MRI (142).png,train__Lung MRI (142).png,..\dataset_split\train\cancer\train__Lung MRI (142).png,4fd4b9cefbb0a8ef4f27b6e331d7fea0
train,cancer,Lung MRI (122).png,train__Lung MRI (122).png,..\dataset_split\train\cancer\train__Lung MRI (122).png,696e9623ddf9dff63b5131b15dfb0f39
train,cancer,Lung MRI (1008).png,train__Lung MRI (1008).png,..\dataset_split\train\cancer\train__Lung MRI (1008).png,0e3597b2feaa507ccc0174becd5a71ea
train,cancer,Lung MRI (1043).png,train__Lung MRI (1043).png,..\dataset_split\train\cancer\train__Lung MRI (1043).png,ed48c54d2c54609ae6cfe03bf7560c73
train,no_cancer,LUNG MRI-NC (1102).png,train__LUNG MRI-NC (1102).png,..\dataset_split\train\no_cancer\train__LUNG MRI-NC (1102).png,92eff7c8103a5c235855dce25826b068
train,cancer,Lung MRI (1070).png,train__Lung MRI (1070).png,..\dataset_split\train\cancer\train__Lung MRI (1070).png,16d36e7fa41b8e5429bd7a5a568d1010
train,no_cancer,LUNG MRI-NC (525).png,train__LUNG MRI-NC (525).png,..\dataset_split\train\no_cancer\train__LUNG MRI-NC (525).png,1677a93244ade9f1ad69f2a9c0610777
train,cancer,Lung MRI (1106).png,train__Lung MRI (1106).png,..\dataset_split\train\cancer\train__Lung MRI (1106).png,0c7f6acba96c85337f47baba1cbdb02a
train,cancer,Lung MRI (131).png,train__Lung MRI (131).png,..\dataset_split\train\cancer\train__Lung MRI (131).png,1123a290e820f239cedb3552af055ea4
train,no_cancer,LUNG MRI-NC (887).png,train__LUNG MRI-NC (887).png,..\dataset_split\train\no_cancer\train__LUNG MRI-NC (887).png,9b6f14c33691eb0a08c472c5f64a8ef0
train,cancer,Lung MRI (233).png,train__Lung MRI (233).png,..\dataset_split\train\cancer\train__Lung MRI (233).png,bf559bd036a74e62f13fb4fa136bc027
train,cancer,Lung MRI (390).png,train__Lung MRI (390).png,..\dataset_split\train\cancer\train__Lung MRI (390).png,7da4b30052d238ee663d8991c23d2183
train,cancer,Lung MRI (998).png,train__Lung MRI (998).png,..\dataset_split\train\cancer\train__Lung MRI (998).png,bc6be6769e0d4ab353e5f01f42da7187
train,cancer,Lung MRI (787).png,train__Lung MRI (787).png,..\dataset_split\train\cancer\train__Lung MRI (787).png,63795094550e753d933108ca86c088c6
train,no_cancer,LUNG MRI-NC (1201).png,train__LUNG MRI-NC (1201).png,..\dataset_split\train\no_cancer\train__LUNG MRI-NC (1201).png,ae1abdbe484365fe869e4e0a1f520aa9
train,cancer,Lung MRI (1104).png,train__Lung MRI (1104).png,..\dataset_split\train\cancer\train__Lung MRI (1104).png,10b318594bc395479577486fcfccc0eb
train,cancer,Lung MRI (1078).png,train__Lung MRI (1078).png,..\dataset_split\train\cancer\train__Lung MRI (1078).png,6746383c19165f28e728cbefa41d2aae
train,no_cancer,LUNG MRI-NC (1068).png,train__LUNG MRI-NC (1068).png,..\dataset_split\train\no_cancer\train__LUNG MRI-NC (1068).png,dc665eb0e8b1396ec89e739473d2a211
train,cancer,Lung MRI (903).png,train__Lung MRI (903).png,..\dataset_split\train\cancer\train__Lung MRI (903).png,5aa0fa7d17db1db965ed65c3391cce33
train,no_cancer,LUNG MRI-NC (919).png,train__LUNG MRI-NC (919).png,..\dataset_split\train\no_cancer\train__LUNG MRI-NC (919).png,41b09cfb8f0632580afa8171c2978bb3
train,no_cancer,LUNG MRI NC (470).png,validate__LUNG MRI NC (470).png,..\dataset_split\train\no_cancer\validate__LUNG MRI NC (470).png,c6f9f21a83f67e84bb669f78a7a32972
train,no_cancer,LUNG MRI NC (191).png,validate__LUNG MRI NC (191).png,..\dataset_split\train\no_cancer\validate__LUNG MRI NC (191).png,6910f43097e6fb57593050a82e47a4e1
train,cancer,Lung MRI (602).png,train__Lung MRI (602).png,..\dataset_split\train\cancer\train__Lung MRI (602).png,82c95f479523e53a31b99506d655419f
train,no_cancer,LUNG MRI-NC (342).png,train__LUNG MRI-NC (342).png,..\dataset_split\train\no_cancer\train__LUNG MRI-NC (342).png,6d9fa3396a6db622dfec605775f4756e
train,no_cancer,LUNG MRI-NC (498).png,train__LUNG MRI-NC (498).png,..\dataset_split\train\no_cancer\train__LUNG MRI-NC (498).png,0e0d6f4076a421228343b5ffe93954f8
train,no_cancer,LUNG MRI-NC (406).png,train__LUNG MRI-NC (406).png,..\dataset_split\train\no_cancer\train__LUNG MRI-NC (406).png,f08786e58496b56a356834759e25fde4
train,cancer,Lung MRI (912).png,train__Lung MRI (912).png,..\dataset_split\train\cancer\train__Lung MRI (912).png,d9d597e384a3ab809cc1ce192fce41cc
train,no_cancer,LUNG MRI-NC (336).png,train__LUNG MRI-NC (336).png,..\dataset_split\train\no_cancer\train__LUNG MRI-NC (336).png,6afc59636ca18e4b99a6690d34846f58
train,cancer,Lung MRI (423).png,train__Lung MRI (423).png,..\dataset_split\train\cancer\train__Lung MRI (423).png,08b8fae8b78dfbc67f0bb9a434b3e699
train,no_cancer,LUNG MRI-NC (1251).png,train__LUNG MRI-NC (1251).png,..\dataset_split\train\no_cancer\train__LUNG MRI-NC (1251).png,8716140e3e89dbb938ae0dc6bab1ea1d
train,no_cancer,LUNG MRI-NC (1212).png,train__LUNG MRI-NC (1212).png,..\dataset_split\train\no_cancer\train__LUNG MRI-NC (1212).png,2bbb7d34bccfa3ac59b6788884ae7ad4
train,no_cancer,LUNG MRI-NC (739).png,train__LUNG MRI-NC (739).png,..\dataset_split\train\no_cancer\train__LUNG MRI-NC (739).png,a1f4208608bc8654f997bd697aa4df0f
train,cancer,Lung MRI (954).png,train__Lung MRI (954).png,..\dataset_split\train\cancer\train__Lung MRI (954).png,dc5a6e3938d10a98ff4cd55684e08547
train,no_cancer,LUNG MRI-NC (118).png,train__LUNG MRI-NC (118).png,..\dataset_split\train\no_cancer\train__LUNG MRI-NC (118).png,ead23701704c3f75a702deb9350c8b80
train,cancer,Lung MRI (383).png,train__Lung MRI (383).png,..\dataset_split\train\cancer\train__Lung MRI (383).png,770ca71fa7ac7aacf6cc939b8a052f87
train,no_cancer,LUNG MRI-NC (654).png,train__LUNG MRI-NC (654).png,..\dataset_split\train\no_cancer\train__LUNG MRI-NC (654).png,e6c336f163c38a85cfbf0fb83c668032
train,cancer,Lung MRI (210).png,train__Lung MRI (210).png,..\dataset_split\train\cancer\train__Lung MRI (210).png,05427810ee714c9c74dbe2a66f788b96
train,no_cancer,LUNG MRI-NC (1006).png,train__LUNG MRI-NC (1006).png,..\dataset_split\train\no_cancer\train__LUNG MRI-NC (1006).png,466c23db1d0ce1b56c8bda3824650c22
train,cancer,Lung MRI (827).png,train__Lung MRI (827).png,..\dataset_split\train\cancer\train__Lung MRI (827).png,a8e48e87f695313e06055498e9af3a14
train,cancer,Lung MRI (7).png,train__Lung MRI (7).png,..\dataset_split\train\cancer\train__Lung MRI (7).png,9e565b4c6b297f2587085a7943013106
train,no_cancer,LUNG MRI-NC (769).png,train__LUNG MRI-NC (769).png,..\dataset_split\train\no_cancer\train__LUNG MRI-NC (769).png,b87e64d995a7a26731d515412b3d85ff
train,no_cancer,LUNG MRI-NC (1002).png,train__LUNG MRI-NC (1002).png,..\dataset_split\train\no_cancer\train__LUNG MRI-NC (1002).png,cf8ded31eea6bf4422c80d2042153661
train,cancer,Lung MRI (1053).png,train__Lung MRI (1053).png,..\dataset_split\train\cancer\train__Lung MRI (1053).png,c1575ccd5cdb3e724a795cb9b3d51936
train,no_cancer,LUNG MRI NC (110).png,validate__LUNG MRI NC (110).png,..\dataset_split\train\no_cancer\validate__LUNG MRI NC (110).png,c7fc73e20e4f1155f80765234c5adb60
train,cancer,Lung MRI (784).png,train__Lung MRI (784).png,..\dataset_split\train\cancer\train__Lung MRI (784).png,55ec32f410f2b3068b67c3282d308bef
train,cancer,Lung MRI (288).png,train__Lung MRI (288).png,..\dataset_split\train\cancer\train__Lung MRI (288).png,6be4880d04b5ce52ffc69cb649f3334c
train,no_cancer,LUNG MRI-NC (1276).png,train__LUNG MRI-NC (1276).png,..\dataset_split\train\no_cancer\train__LUNG MRI-NC (1276).png,9f4cd3289a8f96c5a53c8e8bec2ff884
train,cancer,Lung MRI (459).png,train__Lung MRI (459).png,..\dataset_split\train\cancer\train__Lung MRI (459).png,e46d611f00fc5db3c6a9cceb955a773e
train,no_cancer,LUNG MRI-NC (913).png,train__LUNG MRI-NC (913).png,..\dataset_split\train\no_cancer\train__LUNG MRI-NC (913).png,c0e9fe5bbd48901221936d0b4bb53400
train,no_cancer,LUNG MRI-NC (957).png,train__LUNG MRI-NC (957).png,..\dataset_split\train\no_cancer\train__LUNG MRI-NC (957).png,41cc48315b8ae873d12d6339b02afa21
train,no_cancer,LUNG MRI-NC (289).png,train__LUNG MRI-NC (289).png,..\dataset_split\train\no_cancer\train__LUNG MRI-NC (289).png,e64ad036a17d1908d592b397b7621b8a
train,cancer,Lung MRI (632).png,train__Lung MRI (632).png,..\dataset_split\train\cancer\train__Lung MRI (632).png,e5c231eeb9fd7aada3c977c9722bcead
train,cancer,Lung MRI (932).png,train__Lung MRI (932).png,..\dataset_split\train\cancer\train__Lung MRI (932).png,19cd740e77b759d4a787a05b66c61007
train,cancer,Lung MRI (478).png,train__Lung MRI (478).png,..\dataset_split\train\cancer\train__Lung MRI (478).png,fff0b4836938a3b29218ea5b535dd7a7
train,no_cancer,LUNG MRI-NC (646).png,train__LUNG MRI-NC (646).png,..\dataset_split\train\no_cancer\train__LUNG MRI-NC (646).png,8cdd6e78aba60487c195430761ab4acd
train,cancer,Lung MRI (742).png,train__Lung MRI (742).png,..\dataset_split\train\cancer\train__Lung MRI (742).png,46481f185dd859fe280372fef06bae11
train,no_cancer,LUNG MRI NC (52).png,validate__LUNG MRI NC (52).png,..\dataset_split\train\no_cancer\validate__LUNG MRI NC (52).png,47c637d141ba8465865604f3f9f1e13d
train,no_cancer,LUNG MRI-NC (804).png,train__LUNG MRI-NC (804).png,..\dataset_split\train\no_cancer\train__LUNG MRI-NC (804).png,9c8f2ab45814acd9140b9d6e5f2b9eeb
train,no_cancer,LUNG MRI-NC (687).png,train__LUNG MRI-NC (687).png,..\dataset_split\train\no_cancer\train__LUNG MRI-NC (687).png,f5710a50f480471a6251a820ea9e6920
train,cancer,Lung MRI (992).png,train__Lung MRI (992).png,..\dataset_split\train\cancer\train__Lung MRI (992).png,1530ff1b892e37c21a7c5dce5136a87b
train,no_cancer,LUNG MRI-NC (1291).png,train__LUNG MRI-NC (1291).png,..\dataset_split\train\no_cancer\train__LUNG MRI-NC (1291).png,f0e18ff5d2f7eacfb9c9b986b88c5ec9
train,cancer,Lung MRI (1482).png,validate__Lung MRI (1482).png,..\dataset_split\train\cancer\validate__Lung MRI (1482).png,05b598c0e89be0db0e68878777158305
train,cancer,Lung MRI (1084).png,train__Lung MRI (1084).png,..\dataset_split\train\cancer\train__Lung MRI (1084).png,9c19c7e1cf5ce173d1d632f36a7c74af
train,no_cancer,LUNG MRI NC (313).png,validate__LUNG MRI NC (313).png,..\dataset_split\train\no_cancer\validate__LUNG MRI NC (313).png,729cd08f2eb1d463449a6821942541cc
train,no_cancer,LUNG MRI-NC (1230).png,train__LUNG MRI-NC (1230).png,..\dataset_split\train\no_cancer\train__LUNG MRI-NC (1230).png,5843c4c928176823bbed9b315c365ce1
train,cancer,Lung MRI (1110).png,train__Lung MRI (1110).png,..\dataset_split\train\cancer\train__Lung MRI (1110).png,493259971500137e55b84a75489e637c
train,no_cancer,LUNG MRI-NC (557).png,train__LUNG MRI-NC (557).png,..\dataset_split\train\no_cancer\train__LUNG MRI-NC (557).png,298e822b90c691a1dfea5e3f1b56fdd2
train,cancer,Lung MRI (106).png,train__Lung MRI (106).png,..\dataset_split\train\cancer\train__Lung MRI (106).png,af8d02b91d0963d87956167befdeffb7
train,cancer,Lung MRI (446).png,train__Lung MRI (446).png,..\dataset_split\train\cancer\train__Lung MRI (446).png,b3d667b297e05de255846ea041076e8b
train,no_cancer,LUNG MRI-NC (440).png,train__LUNG MRI-NC (440).png,..\dataset_split\train\no_cancer\train__LUNG MRI-NC (440).png,bc91d4a2795610e0ebaf4a459c15946c
train,no_cancer,LUNG MRI-NC (275).png,train__LUNG MRI-NC (275).png,..\dataset_split\train\no_cancer\train__LUNG MRI-NC (275).png,50fd8315db18b249e31650792294cacc
train,no_cancer,LUNG MRI-NC (1073).png,train__LUNG MRI-NC (1073).png,..\dataset_split\train\no_cancer\train__LUNG MRI-NC (1073).png,75618355856398e0074675e38efcfec5
train,no_cancer,LUNG MRI-NC (246).png,train__LUNG MRI-NC (246).png,..\dataset_split\train\no_cancer\train__LUNG MRI-NC (246).png,9da8425d9cfa34166c76ae9c58e23d0e
train,no_cancer,LUNG MRI-NC (155).png,train__LUNG MRI-NC (155).png,..\dataset_split\train\no_cancer\train__LUNG MRI-NC (155).png,265b1d2727cc03fb201527d7d98e1bee
train,no_cancer,LUNG MRI NC (305).png,validate__LUNG MRI NC (305).png,..\dataset_split\train\no_cancer\validate__LUNG MRI NC (305).png,0a058d7e1c3228d32c3b369ed6c3fb83
train,cancer,Lung MRI (560).png,train__Lung MRI (560).png,..\dataset_split\train\cancer\train__Lung MRI (560).png,88bc4e4bcd3d53d69c8bdb8353c61fd5
train,no_cancer,LUNG MRI-NC (1311).png,train__LUNG MRI-NC (1311).png,..\dataset_split\train\no_cancer\train__LUNG MRI-NC (1311).png,33e5527edbb92f9096eca6690ed3a288
train,no_cancer,LUNG MRI-NC (1218).png,train__LUNG MRI-NC (1218).png,..\dataset_split\train\no_cancer\train__LUNG MRI-NC (1218).png,6fc63cb8d52fff7ee414587129ce59fe
train,cancer,Lung MRI (97).png,train__Lung MRI (97).png,..\dataset_split\train\cancer\train__Lung MRI (97).png,d1c3f7439e209f3068c6693783da64cd
train,cancer,Lung MRI (814).png,train__Lung MRI (814).png,..\dataset_split\train\cancer\train__Lung MRI (814).png,ee2f2fd74c41b31d36a3f05350853a2c
train,no_cancer,LUNG MRI NC (153).png,validate__LUNG MRI NC (153).png,..\dataset_split\train\no_cancer\validate__LUNG MRI NC (153).png,6f75e4644447dcf752488758fd37bdba
train,no_cancer,LUNG MRI NC (303).png,validate__LUNG MRI NC (303).png,..\dataset_split\train\no_cancer\validate__LUNG MRI NC (303).png,4a2d526314b51eb3bee68d8c2796bf36
train,no_cancer,LUNG MRI-NC (791).png,train__LUNG MRI-NC (791).png,..\dataset_split\train\no_cancer\train__LUNG MRI-NC (791).png,f91853cd130ac90df63a875d5a99e1be
train,no_cancer,LUNG MRI-NC (167).png,train__LUNG MRI-NC (167).png,..\dataset_split\train\no_cancer\train__LUNG MRI-NC (167).png,892814559658bbe27f6d9eca07221173
train,no_cancer,LUNG MRI-NC (444).png,train__LUNG MRI-NC (444).png,..\dataset_split\train\no_cancer\train__LUNG MRI-NC (444).png,6713691f09a9a1e6b5f8c356216863a6
train,cancer,Lung MRI (611).png,train__Lung MRI (611).png,..\dataset_split\train\cancer\train__Lung MRI (611).png,931fb2ac61f81c81790a8e24360fc8f5
train,no_cancer,LUNG MRI NC (270).png,validate__LUNG MRI NC (270).png,..\dataset_split\train\no_cancer\validate__LUNG MRI NC (270).png,6dfdf2a700ecd5b8f83c92628d219d95
train,no_cancer,LUNG MRI-NC (312).png,train__LUNG MRI-NC (312).png,..\dataset_split\train\no_cancer\train__LUNG MRI-NC (312).png,de26ce080bef02cdc7fa52a903895fa1
train,cancer,Lung MRI (786).png,train__Lung MRI (786).png,..\dataset_split\train\cancer\train__Lung MRI (786).png,09bd3f3b4edbbe7e8a46da44538ba5cb
train,cancer,Lung MRI (810).png,train__Lung MRI (810).png,..\dataset_split\train\cancer\train__Lung MRI (810).png,90683a5a08f59d77d91ace3a105d9b7e
train,cancer,Lung MRI (230).png,train__Lung MRI (230).png,..\dataset_split\train\cancer\train__Lung MRI (230).png,e3b8ce75dba3aad6c27901ae972d2322
train,no_cancer,LUNG MRI-NC (1126).png,train__LUNG MRI-NC (1126).png,..\dataset_split\train\no_cancer\train__LUNG MRI-NC (1126).png,a785cb3122d500b700ee0361c5b8c010
train,cancer,Lung MRI (1092).png,train__Lung MRI (1092).png,..\dataset_split\train\cancer\train__Lung MRI (1092).png,7b66e8893bfc02ee6a3c440bb987aee2
train,cancer,Lung MRI (502).png,train__Lung MRI (502).png,..\dataset_split\train\cancer\train__Lung MRI (502).png,0892bf5f6c4af206c5804173d4cb255a
train,no_cancer,LUNG MRI-NC (1067).png,train__LUNG MRI-NC (1067).png,..\dataset_split\train\no_cancer\train__LUNG MRI-NC (1067).png,6050808b7a888e843864b029c466d0bf
train,no_cancer,LUNG MRI-NC (204).png,train__LUNG MRI-NC (204).png,..\dataset_split\train\no_cancer\train__LUNG MRI-NC (204).png,8fd4d9e881b8497fe75097a0f713a7d9
train,cancer,Lung MRI (379).png,train__Lung MRI (379).png,..\dataset_split\train\cancer\train__Lung MRI (379).png,e61a82ccbe3129988460cf35bde2209a
train,no_cancer,LUNG MRI-NC (422).png,train__LUNG MRI-NC (422).png,..\dataset_split\train\no_cancer\train__LUNG MRI-NC (422).png,85e6686fef03c473653a22782fd9fb77
train,no_cancer,LUNG MRI NC (194).png,validate__LUNG MRI NC (194).png,..\dataset_split\train\no_cancer\validate__LUNG MRI NC (194).png,636d0c8ae372362841c39d8329b030eb
train,no_cancer,LUNG MRI NC (106).png,validate__LUNG MRI NC (106).png,..\dataset_split\train\no_cancer\validate__LUNG MRI NC (106).png,5bc2ebb57491a68bca815528f7de9b1f
train,no_cancer,LUNG MRI-NC (1190).png,train__LUNG MRI-NC (1190).png,..\dataset_split\train\no_cancer\train__LUNG MRI-NC (1190).png,357723c6181ee68e32fd780dfe2888cf
train,no_cancer,LUNG MRI-NC (1186).png,train__LUNG MRI-NC (1186).png,..\dataset_split\train\no_cancer\train__LUNG MRI-NC (1186).png,353762942f8108ff028779c95584ba98
train,no_cancer,LUNG MRI-NC (1236).png,train__LUNG MRI-NC (1236).png,..\dataset_split\train\no_cancer\train__LUNG MRI-NC (1236).png,12e30e76c0ac1a572e0578e4987f375b
train,no_cancer,LUNG MRI-NC (829).png,train__LUNG MRI-NC (829).png,..\dataset_split\train\no_cancer\train__LUNG MRI-NC (829).png,60138cd099692f0c40ed31c2b5535461
train,no_cancer,LUNG MRI-NC (706).png,train__LUNG MRI-NC (706).png,..\dataset_split\train\no_cancer\train__LUNG MRI-NC (706).png,3698e96a10cac69445676cbf179fce3e
train,no_cancer,LUNG MRI-NC (1056).png,train__LUNG MRI-NC (1056).png,..\dataset_split\train\no_cancer\train__LUNG MRI-NC (1056).png,9c5e7b54f60b2929a711b46aa9091d0f
train,cancer,Lung MRI (100).png,train__Lung MRI (100).png,..\dataset_split\train\cancer\train__Lung MRI (100).png,8e3dbf621fe335e5a17e1f0b5c036592
train,cancer,Lung MRI (239).png,train__Lung MRI (239).png,..\dataset_split\train\cancer\train__Lung MRI (239).png,f9b6828be6c82b7d280b1de12a69d892
train,no_cancer,LUNG MRI-NC (621).png,train__LUNG MRI-NC (621).png,..\dataset_split\train\no_cancer\train__LUNG MRI-NC (621).png,63107e27c9fc8ac53bace683988c9276
train,no_cancer,LUNG MRI-NC (24).png,train__LUNG MRI-NC (24).png,..\dataset_split\train\no_cancer\train__LUNG MRI-NC (24).png,3a0f9996ed9d557a46cb67c2091703ad
train,no_cancer,LUNG MRI-NC (1027).png,train__LUNG MRI-NC (1027).png,..\dataset_split\train\no_cancer\train__LUNG MRI-NC (1027).png,911b5c6d768d37e881fa278f30dea216
train,cancer,Lung MRI (249).png,train__Lung MRI (249).png,..\dataset_split\train\cancer\train__Lung MRI (249).png,1cd34f3cc2af09591fea90d639cbac5c
train,cancer,Lung MRI (1483).png,validate__Lung MRI (1483).png,..\dataset_split\train\cancer\validate__Lung MRI (1483).png,8a2a400d2e00a08319fb44fdaed8e4dc
train,no_cancer,LUNG MRI-NC (506).png,train__LUNG MRI-NC (506).png,..\dataset_split\train\no_cancer\train__LUNG MRI-NC (506).png,85488506c83cb792baf32470c5f79be3
train,cancer,Lung MRI (971).png,train__Lung MRI (971).png,..\dataset_split\train\cancer\train__Lung MRI (971).png,5a5bcf5a9b5c7564df02dd67ea442131
train,cancer,Lung MRI (855).png,train__Lung MRI (855).png,..\dataset_split\train\cancer\train__Lung MRI (855).png,05e7f8d0d277f35f65e6c546b1e3ad5b
train,no_cancer,LUNG MRI-NC (931).png,train__LUNG MRI-NC (931).png,..\dataset_split\train\no_cancer\train__LUNG MRI-NC (931).png,330e60ab373e1a15fd36e2bd16cabdef
train,cancer,Lung MRI (880).png,train__Lung MRI (880).png,..\dataset_split\train\cancer\train__Lung MRI (880).png,c215709a0a26c420397b66330b4fb4c8
train,cancer,Lung MRI (1075).png,train__Lung MRI (1075).png,..\dataset_split\train\cancer\train__Lung MRI (1075).png,3356e253b4ee41235da1b2a0fbb502b7
train,no_cancer,LUNG MRI NC (169).png,validate__LUNG MRI NC (169).png,..\dataset_split\train\no_cancer\validate__LUNG MRI NC (169).png,6efa7a01d2501615a1c351b2859dd0de
train,no_cancer,LUNG MRI NC (461).png,validate__LUNG MRI NC (461).png,..\dataset_split\train\no_cancer\validate__LUNG MRI NC (461).png,9adb4a11238fc3aeaf783efd19298a62
train,no_cancer,LUNG MRI-NC (1122).png,train__LUNG MRI-NC (1122).png,..\dataset_split\train\no_cancer\train__LUNG MRI-NC (1122).png,6f1b5ffb68cf15ab1810bec9206a48e0
train,cancer,Lung MRI (1051).png,train__Lung MRI (1051).png,..\dataset_split\train\cancer\train__Lung MRI (1051).png,1f443fcc020b40274872377d8a07f518
train,cancer,Lung MRI (905).png,train__Lung MRI (905).png,..\dataset_split\train\cancer\train__Lung MRI (905).png,aa47f1c558ee2832c9843eadc9461ca8
train,cancer,Lung MRI (799).png,train__Lung MRI (799).png,..\dataset_split\train\cancer\train__Lung MRI (799).png,c1ab62882a685356894b5abd1653a1d4
train,cancer,Lung MRI (147).png,train__Lung MRI (147).png,..\dataset_split\train\cancer\train__Lung MRI (147).png,db6a05bb1ccbd5c03ed4aa71921a796a
train,no_cancer,LUNG MRI-NC (1146).png,train__LUNG MRI-NC (1146).png,..\dataset_split\train\no_cancer\train__LUNG MRI-NC (1146).png,8a3513c077fd5e38e81e38a3d0a03eff
train,no_cancer,LUNG MRI-NC (571).png,train__LUNG MRI-NC (571).png,..\dataset_split\train\no_cancer\train__LUNG MRI-NC (571).png,6bfc3be10119ee72c2b26873ca110ac3
train,cancer,Lung MRI (472).png,train__Lung MRI (472).png,..\dataset_split\train\cancer\train__Lung MRI (472).png,595aad109b12f580da897ace2ef2026a
train,no_cancer,LUNG MRI-NC (590).png,train__LUNG MRI-NC (590).png,..\dataset_split\train\no_cancer\train__LUNG MRI-NC (590).png,f7017bd4edf2853729d12b8e00fe9505
train,no_cancer,LUNG MRI-NC (1307).png,train__LUNG MRI-NC (1307).png,..\dataset_split\train\no_cancer\train__LUNG MRI-NC (1307).png,5f01e47440314b645e54e6262cc33821
train,no_cancer,LUNG MRI NC (372).png,validate__LUNG MRI NC (372).png,..\dataset_split\train\no_cancer\validate__LUNG MRI NC (372).png,4a962809dfdb761013c088d8f9133230
train,no_cancer,LUNG MRI-NC (1112).png,train__LUNG MRI-NC (1112).png,..\dataset_split\train\no_cancer\train__LUNG MRI-NC (1112).png,c42193ddfe062964567c84bf56913284
train,no_cancer,LUNG MRI-NC (666).png,train__LUNG MRI-NC (666).png,..\dataset_split\train\no_cancer\train__LUNG MRI-NC (666).png,102c1fbdb27c0ab5a293f1778543d005
train,cancer,Lung MRI (588).png,train__Lung MRI (588).png,..\dataset_split\train\cancer\train__Lung MRI (588).png,26298e999aceb2335ca8d8d4039f2cef
train,no_cancer,LUNG MRI-NC (279).png,train__LUNG MRI-NC (279).png,..\dataset_split\train\no_cancer\train__LUNG MRI-NC (279).png,8836b1f69215f3f53ad1030821eb3fdb
train,no_cancer,LUNG MRI-NC (974).png,train__LUNG MRI-NC (974).png,..\dataset_split\train\no_cancer\train__LUNG MRI-NC (974).png,82d3d670b2a5dae2ab46fb39b75e061c
train,no_cancer,LUNG MRI-NC (1238).png,train__LUNG MRI-NC (1238).png,..\dataset_split\train\no_cancer\train__LUNG MRI-NC (1238).png,555862e9288b282e92413ea1d84601ee
train,cancer,Lung MRI (751).png,train__Lung MRI (751).png,..\dataset_split\train\cancer\train__Lung MRI (751).png,c14d944cc0e80cb0db3f777dcb1a87e5
train,cancer,Lung MRI (901).png,train__Lung MRI (901).png,..\dataset_split\train\cancer\train__Lung MRI (901).png,6463de96b89dfdd71c7a40f93d74cf3b
train,no_cancer,LUNG MRI-NC (388).png,train__LUNG MRI-NC (388).png,..\dataset_split\train\no_cancer\train__LUNG MRI-NC (388).png,41a23c5f4ee97db055a55ca3b2eb7393
train,cancer,Lung MRI (951).png,train__Lung MRI (951).png,..\dataset_split\train\cancer\train__Lung MRI (951).png,8cce50caa28eddd35cea4d526d231b65
train,cancer,Lung MRI (1063).png,train__Lung MRI (1063).png,..\dataset_split\train\cancer\train__Lung MRI (1063).png,073ad71e54086cbd6d7af82c383d230c
train,no_cancer,LUNG MRI NC (346).png,validate__LUNG MRI NC (346).png,..\dataset_split\train\no_cancer\validate__LUNG MRI NC (346).png,647afa50091c7080e5eadadc860fd5f8
train,no_cancer,LUNG MRI-NC (777).png,train__LUNG MRI-NC (777).png,..\dataset_split\train\no_cancer\train__LUNG MRI-NC (777).png,7d5bcdbb8c95955cf7f6550184fce64e
train,no_cancer,LUNG MRI-NC (329).png,train__LUNG MRI-NC (329).png,..\dataset_split\train\no_cancer\train__LUNG MRI-NC (329).png,8afe9ea4f92a65c14c3b1a59ae2b3be9
train,cancer,Lung MRI (700).png,train__Lung MRI (700).png,..\dataset_split\train\cancer\train__Lung MRI (700).png,f0432106e67c290315b1ace3ed68b105
train,no_cancer,LUNG MRI-NC (1042).png,train__LUNG MRI-NC (1042).png,..\dataset_split\train\no_cancer\train__LUNG MRI-NC (1042).png,546cc92b7c5d288b3e7aa2c292e87a88
train,cancer,Lung MRI (649).png,train__Lung MRI (649).png,..\dataset_split\train\cancer\train__Lung MRI (649).png,07c5fecf6bebbfcb7ed07863eb321bb2
train,cancer,Lung MRI (643).png,train__Lung MRI (643).png,..\dataset_split\train\cancer\train__Lung MRI (643).png,928baa81370b4ff365ac930124a0e8bb
train,no_cancer,LUNG MRI-NC (1213).png,train__LUNG MRI-NC (1213).png,..\dataset_split\train\no_cancer\train__LUNG MRI-NC (1213).png,7ea98a84768726214e837047d9a923e1
train,no_cancer,LUNG MRI-NC (337).png,train__LUNG MRI-NC (337).png,..\dataset_split\train\no_cancer\train__LUNG MRI-NC (337).png,e86127c278bfb383f8d352fd8bf236da
train,no_cancer,LUNG MRI-NC (682).png,train__LUNG MRI-NC (682).png,..\dataset_split\train\no_cancer\train__LUNG MRI-NC (682).png,18e46a912246e7cdb8ed537157a3b1bd
train,cancer,Lung MRI (223).png,train__Lung MRI (223).png,..\dataset_split\train\cancer\train__Lung MRI (223).png,a43f8b44e1c42672bb6b0fe920a99446
train,no_cancer,LUNG MRI-NC (1080).png,train__LUNG MRI-NC (1080).png,..\dataset_split\train\no_cancer\train__LUNG MRI-NC (1080).png,e83b919b850ec6ab76cadc99456fef98
train,cancer,Lung MRI (181).png,train__Lung MRI (181).png,..\dataset_split\train\cancer\train__Lung MRI (181).png,8705d4292a37556ea613c78256bd2729
train,cancer,Lung MRI (28).png,train__Lung MRI (28).png,..\dataset_split\train\cancer\train__Lung MRI (28).png,2aa158793a2948fd89d83251db6f6a88
train,no_cancer,LUNG MRI-NC (986).png,train__LUNG MRI-NC (986).png,..\dataset_split\train\no_cancer\train__LUNG MRI-NC (986).png,59f35f073a6ad44e623722eb67ec44f6
train,no_cancer,LUNG MRI-NC (626).png,train__LUNG MRI-NC (626).png,..\dataset_split\train\no_cancer\train__LUNG MRI-NC (626).png,b12ca68c430e9f4880b98a9fa652681f
train,no_cancer,LUNG MRI-NC (1206).png,train__LUNG MRI-NC (1206).png,..\dataset_split\train\no_cancer\train__LUNG MRI-NC (1206).png,f6bac7555b805b675cd94339d8059e6e
train,no_cancer,LUNG MRI NC (168).png,validate__LUNG MRI NC (168).png,..\dataset_split\train\no_cancer\validate__LUNG MRI NC (168).png,efcf05a6eb80118cb3fe1c4b0d7c91b3
train,no_cancer,LUNG MRI NC (336).png,validate__LUNG MRI NC (336).png,..\dataset_split\train\no_cancer\validate__LUNG MRI NC (336).png,31fe1e1230627931e0f10046674124dd
train,no_cancer,LUNG MRI NC (255).png,validate__LUNG MRI NC (255).png,..\dataset_split\train\no_cancer\validate__LUNG MRI NC (255).png,57df8f15e6683394ea60ce2d3790c16a
train,cancer,Lung MRI (380).png,train__Lung MRI (380).png,..\dataset_split\train\cancer\train__Lung MRI (380).png,608bf412e61c1df806b81128e23e2bdf
train,no_cancer,LUNG MRI-NC (293).png,train__LUNG MRI-NC (293).png,..\dataset_split\train\no_cancer\train__LUNG MRI-NC (293).png,8859bc98beb47e1ae0638063b26e9f5f
train,cancer,Lung MRI (361).png,train__Lung MRI (361).png,..\dataset_split\train\cancer\train__Lung MRI (361).png,ee927555035d180d8d38a664120b9b8c
train,cancer,Lung MRI (571).png,train__Lung MRI (571).png,..\dataset_split\train\cancer\train__Lung MRI (571).png,048b960230c58fbef78155891f8a0549
train,no_cancer,LUNG MRI-NC (1185).png,train__LUNG MRI-NC (1185).png,..\dataset_split\train\no_cancer\train__LUNG MRI-NC (1185).png,01b6c16c462e09a0641dd8dd85f21ef4
train,no_cancer,LUNG MRI-NC (146).png,train__LUNG MRI-NC (146).png,..\dataset_split\train\no_cancer\train__LUNG MRI-NC (146).png,4687862274a8ca8205d45ba148ddfc4a
train,no_cancer,LUNG MRI NC (429).png,validate__LUNG MRI NC (429).png,..\dataset_split\train\no_cancer\validate__LUNG MRI NC (429).png,dd95219effc78337824bff668455b299
train,cancer,Lung MRI (1097).png,train__Lung MRI (1097).png,..\dataset_split\train\cancer\train__Lung MRI (1097).png,b0d0c7defdf6e552e8c525f558e4e96f
train,cancer,Lung MRI (651).png,train__Lung MRI (651).png,..\dataset_split\train\cancer\train__Lung MRI (651).png,80158d27824d14b7a17425d509b5dde4
train,no_cancer,LUNG MRI-NC (731).png,train__LUNG MRI-NC (731).png,..\dataset_split\train\no_cancer\train__LUNG MRI-NC (731).png,1d6a7b6872799dad5935a044104b3c8f
train,no_cancer,LUNG MRI-NC (1116).png,train__LUNG MRI-NC (1116).png,..\dataset_split\train\no_cancer\train__LUNG MRI-NC (1116).png,6419b710f849eaf5c8fae32c559ab689
train,no_cancer,LUNG MRI-NC (137).png,train__LUNG MRI-NC (137).png,..\dataset_split\train\no_cancer\train__LUNG MRI-NC (137).png,4c7d32f346d3a80e610c6e560a47a56a
train,no_cancer,LUNG MRI-NC (971).png,train__LUNG MRI-NC (971).png,..\dataset_split\train\no_cancer\train__LUNG MRI-NC (971).png,58e9acffffd965cdc868980ba9d62ee9
train,no_cancer,LUNG MRI NC (1).png,validate__LUNG MRI NC (1).png,..\dataset_split\train\no_cancer\validate__LUNG MRI NC (1).png,f78cadb9898a86358155291d6c960a2b
train,no_cancer,LUNG MRI-NC (783).png,train__LUNG MRI-NC (783).png,..\dataset_split\train\no_cancer\train__LUNG MRI-NC (783).png,c29f7ae2a71285e452ca941b74894e22
train,no_cancer,LUNG MRI NC (310).png,validate__LUNG MRI NC (310).png,..\dataset_split\train\no_cancer\validate__LUNG MRI NC (310).png,e2229009f19a7d099b717d487561a06c
train,cancer,Lung MRI (1458).png,validate__Lung MRI (1458).png,..\dataset_split\train\cancer\validate__Lung MRI (1458).png,24cce02964f621e797a5319a5a198f10
train,no_cancer,LUNG MRI-NC (86).png,train__LUNG MRI-NC (86).png,..\dataset_split\train\no_cancer\train__LUNG MRI-NC (86).png,72f7d230755f1133faa5c50adcd4b580
train,no_cancer,LUNG MRI-NC (633).png,train__LUNG MRI-NC (633).png,..\dataset_split\train\no_cancer\train__LUNG MRI-NC (633).png,e428cf21f21bba66a7bd2864dc2f7a37
train,no_cancer,LUNG MRI-NC (856).png,train__LUNG MRI-NC (856).png,..\dataset_split\train\no_cancer\train__LUNG MRI-NC (856).png,87e2f8dc3ad3271ddc4c0bab69ec0b0f
train,no_cancer,LUNG MRI-NC (616).png,train__LUNG MRI-NC (616).png,..\dataset_split\train\no_cancer\train__LUNG MRI-NC (616).png,72c5f6c226a74b2cedcf31901755b9f2
train,cancer,Lung MRI (991).png,train__Lung MRI (991).png,..\dataset_split\train\cancer\train__Lung MRI (991).png,f296861749f3d8bad14abbe23f32e5c2
train,no_cancer,LUNG MRI-NC (268).png,train__LUNG MRI-NC (268).png,..\dataset_split\train\no_cancer\train__LUNG MRI-NC (268).png,0887d7ea3ba53fb4771ab85ca0dc999f
train,no_cancer,LUNG MRI NC (456).png,validate__LUNG MRI NC (456).png,..\dataset_split\train\no_cancer\validate__LUNG MRI NC (456).png,c925054bbe554bd50cba35c2d038325e
train,cancer,Lung MRI (582).png,train__Lung MRI (582).png,..\dataset_split\train\cancer\train__Lung MRI (582).png,88aacf62868ffa4298e9c7e49319e9d4
train,cancer,Lung MRI (279).png,train__Lung MRI (279).png,..\dataset_split\train\cancer\train__Lung MRI (279).png,5022ff1d72feb31403da520406a7175b
train,no_cancer,LUNG MRI-NC (554).png,train__LUNG MRI-NC (554).png,..\dataset_split\train\no_cancer\train__LUNG MRI-NC (554).png,6e06269295777eccc30943c6d5658f72
train,no_cancer,LUNG MRI-NC (1125).png,train__LUNG MRI-NC (1125).png,..\dataset_split\train\no_cancer\train__LUNG MRI-NC (1125).png,1f593147dfe3c0b2d5209928a9712106
train,cancer,Lung MRI (102).png,train__Lung MRI (102).png,..\dataset_split\train\cancer\train__Lung MRI (102).png,5fb5d1baa008033c810056056389b64b
train,cancer,Lung MRI (1014).png,train__Lung MRI (1014).png,..\dataset_split\train\cancer\train__Lung MRI (1014).png,58df8a09a588a74b6dc0a3e298ea1710
train,no_cancer,LUNG MRI-NC (782).png,train__LUNG MRI-NC (782).png,..\dataset_split\train\no_cancer\train__LUNG MRI-NC (782).png,e29d6257c995ed61d1576e17883a90b9
train,cancer,Lung MRI (802).png,train__Lung MRI (802).png,..\dataset_split\train\cancer\train__Lung MRI (802).png,818661dfbc541688242d2099318d046c
train,cancer,Lung MRI (53).png,train__Lung MRI (53).png,..\dataset_split\train\cancer\train__Lung MRI (53).png,e5b9989c303df15b308b9c3b50917e88
train,cancer,Lung MRI (264).png,train__Lung MRI (264).png,..\dataset_split\train\cancer\train__Lung MRI (264).png,3e1e9a470c4c9cea401cd621b23c4996
train,no_cancer,LUNG MRI NC (175).png,validate__LUNG MRI NC (175).png,..\dataset_split\train\no_cancer\validate__LUNG MRI NC (175).png,4c6735342b6557867afd11b60cb7bf95
train,cancer,Lung MRI (346).png,train__Lung MRI (346).png,..\dataset_split\train\cancer\train__Lung MRI (346).png,168b13af7fcc7f2d17d489e2d3efdbcb
train,no_cancer,LUNG MRI-NC (20).png,train__LUNG MRI-NC (20).png,..\dataset_split\train\no_cancer\train__LUNG MRI-NC (20).png,eba4dd65d2f4c7083da317ae33236731
train,cancer,Lung MRI (801).png,train__Lung MRI (801).png,..\dataset_split\train\cancer\train__Lung MRI (801).png,b511d1a999d2af939e89f7f3d5e80467
train,cancer,Lung MRI (546).png,train__Lung MRI (546).png,..\dataset_split\train\cancer\train__Lung MRI (546).png,01761d5a6cc6672f6c4ffc585e2a37cf
train,no_cancer,LUNG MRI-NC (524).png,train__LUNG MRI-NC (524).png,..\dataset_split\train\no_cancer\train__LUNG MRI-NC (524).png,6dc6c73d6a604714dfb16077c2c22788
train,cancer,Lung MRI (191).png,train__Lung MRI (191).png,..\dataset_split\train\cancer\train__Lung MRI (191).png,231e01f7990ec941f30a1bb8b0a288dc
train,cancer,Lung MRI (692).png,train__Lung MRI (692).png,..\dataset_split\train\cancer\train__Lung MRI (692).png,cb5e7fead928761dc2288836f5c50137
train,cancer,Lung MRI (165).png,train__Lung MRI (165).png,..\dataset_split\train\cancer\train__Lung MRI (165).png,fc3b22ff4a3d4ee3ff76026a8d9c54df
train,no_cancer,LUNG MRI-NC (325).png,train__LUNG MRI-NC (325).png,..\dataset_split\train\no_cancer\train__LUNG MRI-NC (325).png,b5094e483505cc0c21b0baf8f6c66d7f
train,cancer,Lung MRI (1467).png,validate__Lung MRI (1467).png,..\dataset_split\train\cancer\validate__Lung MRI (1467).png,847f2629bff16bccfde51ea17667ca8b
train,cancer,Lung MRI (396).png,train__Lung MRI (396).png,..\dataset_split\train\cancer\train__Lung MRI (396).png,fe6be862f52c054470ca2de71a016eec
train,no_cancer,LUNG MRI-NC (410).png,train__LUNG MRI-NC (410).png,..\dataset_split\train\no_cancer\train__LUNG MRI-NC (410).png,ca44906cbef9bb649a56a08b903788f8
train,no_cancer,LUNG MRI-NC (212).png,train__LUNG MRI-NC (212).png,..\dataset_split\train\no_cancer\train__LUNG MRI-NC (212).png,05f1c698797da28dafcf96fa9ec531f1
train,no_cancer,LUNG MRI-NC (1159).png,train__LUNG MRI-NC (1159).png,..\dataset_split\train\no_cancer\train__LUNG MRI-NC (1159).png,baf0aeed0e20e876a687b96f8c15b19f
train,no_cancer,LUNG MRI-NC (619).png,train__LUNG MRI-NC (619).png,..\dataset_split\train\no_cancer\train__LUNG MRI-NC (619).png,8b4ee764b360873e5c303e121dd855a4
train,cancer,Lung MRI (440).png,train__Lung MRI (440).png,..\dataset_split\train\cancer\train__Lung MRI (440).png,a8b87173c724754910ccb2e93eefc6fc
train,cancer,Lung MRI (483).png,train__Lung MRI (483).png,..\dataset_split\train\cancer\train__Lung MRI (483).png,4d97ec3be27e4a11a22f2ee7e2b232c5
train,cancer,Lung MRI (714).png,train__Lung MRI (714).png,..\dataset_split\train\cancer\train__Lung MRI (714).png,42ac37391e73fdf4c6480bd3d0ae16a8
train,no_cancer,LUNG MRI NC (192).png,validate__LUNG MRI NC (192).png,..\dataset_split\train\no_cancer\validate__LUNG MRI NC (192).png,5d0696e232c2808635ede24291604e1d
train,no_cancer,LUNG MRI-NC (416).png,train__LUNG MRI-NC (416).png,..\dataset_split\train\no_cancer\train__LUNG MRI-NC (416).png,253542b251baa5ebe1f08c45996d2405
train,cancer,Lung MRI (985).png,train__Lung MRI (985).png,..\dataset_split\train\cancer\train__Lung MRI (985).png,46889c9bd6366afb853cb3bafd4ee44a
train,cancer,Lung MRI (1488).png,validate__Lung MRI (1488).png,..\dataset_split\train\cancer\validate__Lung MRI (1488).png,5c9d0c979934417a8fff69f659993445
train,cancer,Lung MRI (696).png,train__Lung MRI (696).png,..\dataset_split\train\cancer\train__Lung MRI (696).png,0cea1510d4789558e49cdc7beba110bf
train,no_cancer,LUNG MRI-NC (308).png,train__LUNG MRI-NC (308).png,..\dataset_split\train\no_cancer\train__LUNG MRI-NC (308).png,45fb6416e672951eadd5e1efbacc7be6
train,no_cancer,LUNG MRI-NC (403).png,train__LUNG MRI-NC (403).png,..\dataset_split\train\no_cancer\train__LUNG MRI-NC (403).png,9980cbc0b4c6fab56f30ece6b5504376
train,no_cancer,LUNG MRI-NC (771).png,train__LUNG MRI-NC (771).png,..\dataset_split\train\no_cancer\train__LUNG MRI-NC (771).png,b3b91410902ee57b632f1b390f730acf
train,no_cancer,LUNG MRI-NC (326).png,train__LUNG MRI-NC (326).png,..\dataset_split\train\no_cancer\train__LUNG MRI-NC (326).png,8c66971f4e2b3d4694ced381c5ea1cc4
train,cancer,Lung MRI (550).png,train__Lung MRI (550).png,..\dataset_split\train\cancer\train__Lung MRI (550).png,ba31535d1b0f454c09371696d9f95068
train,no_cancer,LUNG MRI-NC (1020).png,train__LUNG MRI-NC (1020).png,..\dataset_split\train\no_cancer\train__LUNG MRI-NC (1020).png,dbd445df3459428bb7f577d38b1d2c36
train,no_cancer,LUNG MRI-NC (585).png,train__LUNG MRI-NC (585).png,..\dataset_split\train\no_cancer\train__LUNG MRI-NC (585).png,17b9820560367ebbba2b727905609895
train,cancer,Lung MRI (205).png,train__Lung MRI (205).png,..\dataset_split\train\cancer\train__Lung MRI (205).png,70c95b0367e0df12de5b8a3e64feb986
train,cancer,Lung MRI (824).png,train__Lung MRI (824).png,..\dataset_split\train\cancer\train__Lung MRI (824).png,99535425308f9be18a83f89343e3c8ed
train,no_cancer,LUNG MRI-NC (1224).png,train__LUNG MRI-NC (1224).png,..\dataset_split\train\no_cancer\train__LUNG MRI-NC (1224).png,37be720956d7a3f416a7738416ed8941
train,cancer,Lung MRI (402).png,train__Lung MRI (402).png,..\dataset_split\train\cancer\train__Lung MRI (402).png,dbdd5e8131c1ec185e20d2e09c80b383
train,cancer,Lung MRI (761).png,train__Lung MRI (761).png,..\dataset_split\train\cancer\train__Lung MRI (761).png,36dc21eaa89f2e70993259ebc740606e
train,no_cancer,LUNG MRI NC (230).png,validate__LUNG MRI NC (230).png,..\dataset_split\train\no_cancer\validate__LUNG MRI NC (230).png,25e56b61b27f97196f10a75d9d1b1e45
train,cancer,Lung MRI (514).png,train__Lung MRI (514).png,..\dataset_split\train\cancer\train__Lung MRI (514).png,3b2ccebef61a37d285b44628ecc98b8a
train,no_cancer,LUNG MRI-NC (543).png,train__LUNG MRI-NC (543).png,..\dataset_split\train\no_cancer\train__LUNG MRI-NC (543).png,e688294ea304706abd8d21513f377b1a
train,cancer,Lung MRI (1417).png,validate__Lung MRI (1417).png,..\dataset_split\train\cancer\validate__Lung MRI (1417).png,1cd768cfb1af4d468cb309f45bc67ea8
train,cancer,Lung MRI (425).png,train__Lung MRI (425).png,..\dataset_split\train\cancer\train__Lung MRI (425).png,d43733260a748036e58985091d09ab72
train,cancer,Lung MRI (774).png,train__Lung MRI (774).png,..\dataset_split\train\cancer\train__Lung MRI (774).png,1a3e621fc58b695cf2d35b1eb15bf561
train,no_cancer,LUNG MRI-NC (1290).png,train__LUNG MRI-NC (1290).png,..\dataset_split\train\no_cancer\train__LUNG MRI-NC (1290).png,6d98c8dbed264acc2a009241e7477a4b
train,no_cancer,LUNG MRI-NC (309).png,train__LUNG MRI-NC (309).png,..\dataset_split\train\no_cancer\train__LUNG MRI-NC (309).png,1088327f303ee0011b783e1a02d08640
train,cancer,Lung MRI (96).png,train__Lung MRI (96).png,..\dataset_split\train\cancer\train__Lung MRI (96).png,f5151cde893ec5ef94c610859edd354c
train,cancer,Lung MRI (328).png,train__Lung MRI (328).png,..\dataset_split\train\cancer\train__Lung MRI (328).png,176846b5849df675a342f5fd8ab8bd1e
train,cancer,Lung MRI (1025).png,train__Lung MRI (1025).png,..\dataset_split\train\cancer\train__Lung MRI (1025).png,204a1b64fdf9a3ba0f8e1a01364fd99d
train,cancer,Lung MRI (734).png,train__Lung MRI (734).png,..\dataset_split\train\cancer\train__Lung MRI (734).png,947e850f570b43681850ab4ea76cd198
train,no_cancer,LUNG MRI-NC (178).png,train__LUNG MRI-NC (178).png,..\dataset_split\train\no_cancer\train__LUNG MRI-NC (178).png,59e21e375163c6e307c2d2613648e650
train,no_cancer,LUNG MRI-NC (1081).png,train__LUNG MRI-NC (1081).png,..\dataset_split\train\no_cancer\train__LUNG MRI-NC (1081).png,b77f9ff8d7c6e2c2938f2614dbd351a5
train,cancer,Lung MRI (800).png,train__Lung MRI (800).png,..\dataset_split\train\cancer\train__Lung MRI (800).png,740dd55d4ca8c78cd42467e24c1488d3
train,no_cancer,LUNG MRI-NC (330).png,train__LUNG MRI-NC (330).png,..\dataset_split\train\no_cancer\train__LUNG MRI-NC (330).png,f2e05e8e2f743bb268a33f562fd6c309
train,cancer,Lung MRI (1115).png,train__Lung MRI (1115).png,..\dataset_split\train\cancer\train__Lung MRI (1115).png,c3b5d52c26641b9fead08931e7a63119
train,no_cancer,LUNG MRI NC (418).png,validate__LUNG MRI NC (418).png,..\dataset_split\train\no_cancer\validate__LUNG MRI NC (418).png,960de51cd46a3c19627eb15968c93925
train,cancer,Lung MRI (520).png,train__Lung MRI (520).png,..\dataset_split\train\cancer\train__Lung MRI (520).png,d74507e20fc33c3044554cafa117fa4f
train,cancer,Lung MRI (201).png,train__Lung MRI (201).png,..\dataset_split\train\cancer\train__Lung MRI (201).png,b02d6565fff46c73f4b32eb80d536727
train,cancer,Lung MRI (882).png,train__Lung MRI (882).png,..\dataset_split\train\cancer\train__Lung MRI (882).png,96d3d80353aa6a909f54fded22d80329
train,cancer,Lung MRI (1028).png,train__Lung MRI (1028).png,..\dataset_split\train\cancer\train__Lung MRI (1028).png,7931fcd590ec6c46ee5e30320944cae9
train,no_cancer,LUNG MRI-NC (447).png,train__LUNG MRI-NC (447).png,..\dataset_split\train\no_cancer\train__LUNG MRI-NC (447).png,75eea48b11875a5cf56b6cd971496bdc
train,cancer,Lung MRI (1068).png,train__Lung MRI (1068).png,..\dataset_split\train\cancer\train__Lung MRI (1068).png,f6cc487a865f8d7277e1724c072aed65
train,cancer,Lung MRI (975).png,train__Lung MRI (975).png,..\dataset_split\train\cancer\train__Lung MRI (975).png,57f5b334a84256afaf4387d36f43eda2
train,cancer,Lung MRI (317).png,train__Lung MRI (317).png,..\dataset_split\train\cancer\train__Lung MRI (317).png,86f98f6ed97d3ab832889ce68d80f170
train,cancer,Lung MRI (257).png,train__Lung MRI (257).png,..\dataset_split\train\cancer\train__Lung MRI (257).png,1430f78dac26dee4899f26e66849f780
train,no_cancer,LUNG MRI-NC (981).png,train__LUNG MRI-NC (981).png,..\dataset_split\train\no_cancer\train__LUNG MRI-NC (981).png,519a1ec03ad13ee93e1eb1cbd77426da
train,no_cancer,LUNG MRI-NC (202).png,train__LUNG MRI-NC (202).png,..\dataset_split\train\no_cancer\train__LUNG MRI-NC (202).png,9b573fadec9621282951a6ed483f485c
train,no_cancer,LUNG MRI-NC (1084).png,train__LUNG MRI-NC (1084).png,..\dataset_split\train\no_cancer\train__LUNG MRI-NC (1084).png,a3a9544e2dd9571be5096145072f5e01
train,no_cancer,LUNG MRI-NC (740).png,train__LUNG MRI-NC (740).png,..\dataset_split\train\no_cancer\train__LUNG MRI-NC (740).png,33cb043e5cfa39521f9afab60672a0f4
train,cancer,Lung MRI (939).png,train__Lung MRI (939).png,..\dataset_split\train\cancer\train__Lung MRI (939).png,8149b82a2c835cc1cea7526f7b981318
train,no_cancer,LUNG MRI NC (373).png,validate__LUNG MRI NC (373).png,..\dataset_split\train\no_cancer\validate__LUNG MRI NC (373).png,392a389423401e266bf576f00a5a9699
train,cancer,Lung MRI (648).png,train__Lung MRI (648).png,..\dataset_split\train\cancer\train__Lung MRI (648).png,8153a0d95f57da14225881cd8cc29e32
train,no_cancer,LUNG MRI-NC (215).png,train__LUNG MRI-NC (215).png,..\dataset_split\train\no_cancer\train__LUNG MRI-NC (215).png,a0a9de4d2300f3a163bb4c9116e499d1
train,no_cancer,LUNG MRI NC (396).png,validate__LUNG MRI NC (396).png,..\dataset_split\train\no_cancer\validate__LUNG MRI NC (396).png,3f80732fff5f857cd8ba3d2077cad374
train,cancer,Lung MRI (206).png,train__Lung MRI (206).png,..\dataset_split\train\cancer\train__Lung MRI (206).png,9ce1b80fdc7251d6ecb0ec421721c805
train,cancer,Lung MRI (8).png,train__Lung MRI (8).png,..\dataset_split\train\cancer\train__Lung MRI (8).png,720201e79ff459a5b66e75141e8eafea
train,no_cancer,LUNG MRI NC (10).png,validate__LUNG MRI NC (10).png,..\dataset_split\train\no_cancer\validate__LUNG MRI NC (10).png,971fa1abc9834581554594e958153ab4
train,no_cancer,LUNG MRI-NC (429).png,train__LUNG MRI-NC (429).png,..\dataset_split\train\no_cancer\train__LUNG MRI-NC (429).png,d0dd3c80f708278c64823c6136320eb7
train,no_cancer,LUNG MRI NC (290).png,validate__LUNG MRI NC (290).png,..\dataset_split\train\no_cancer\validate__LUNG MRI NC (290).png,3324bffa8c173eb7ee837b4a986b675d
train,cancer,Lung MRI (307).png,train__Lung MRI (307).png,..\dataset_split\train\cancer\train__Lung MRI (307).png,0c59f638a597d643a8a891c3ab47d537
train,cancer,Lung MRI (564).png,train__Lung MRI (564).png,..\dataset_split\train\cancer\train__Lung MRI (564).png,9ccd2e93b3553c9192fb7b5f1ae9e1c9
train,cancer,Lung MRI (659).png,train__Lung MRI (659).png,..\dataset_split\train\cancer\train__Lung MRI (659).png,70779c810cfc5745e49509f5b94fdc03
train,no_cancer,LUNG MRI NC (320).png,validate__LUNG MRI NC (320).png,..\dataset_split\train\no_cancer\validate__LUNG MRI NC (320).png,27e3ea0bfca36ab6a901e4d9bf7ec4b0
train,cancer,Lung MRI (113).png,train__Lung MRI (113).png,..\dataset_split\train\cancer\train__Lung MRI (113).png,9d2f9c8d636f84b1b5b50fceb05acec4
train,cancer,Lung MRI (290).png,train__Lung MRI (290).png,..\dataset_split\train\cancer\train__Lung MRI (290).png,123759d63c4fbea72c00a86432be0b91
train,no_cancer,LUNG MRI-NC (900).png,train__LUNG MRI-NC (900).png,..\dataset_split\train\no_cancer\train__LUNG MRI-NC (900).png,5170c9eb03a8ff7a1db1027e75f72e9d
train,cancer,Lung MRI (888).png,train__Lung MRI (888).png,..\dataset_split\train\cancer\train__Lung MRI (888).png,79455bb0418cd5d09aa2237385560ebe
train,cancer,Lung MRI (768).png,train__Lung MRI (768).png,..\dataset_split\train\cancer\train__Lung MRI (768).png,b6e82dbebe5edcfa6f6b911342c623d6
train,cancer,Lung MRI (1432).png,validate__Lung MRI (1432).png,..\dataset_split\train\cancer\validate__Lung MRI (1432).png,976985432d68616fdf67f3fc6d467289
train,cancer,Lung MRI (1094).png,train__Lung MRI (1094).png,..\dataset_split\train\cancer\train__Lung MRI (1094).png,5a67dc25c01f635f4644b6607d5b84e3
train,cancer,Lung MRI (1045).png,train__Lung MRI (1045).png,..\dataset_split\train\cancer\train__Lung MRI (1045).png,5e38dd49aff4e8767d8c84c01db57d72
train,cancer,Lung MRI (672).png,train__Lung MRI (672).png,..\dataset_split\train\cancer\train__Lung MRI (672).png,12bcc622775b1fa54461aa492a4db2e7
train,no_cancer,LUNG MRI NC (211).png,validate__LUNG MRI NC (211).png,..\dataset_split\train\no_cancer\validate__LUNG MRI NC (211).png,40363ca092cc9f0d2ea63b1025fd4a63
train,no_cancer,LUNG MRI-NC (1250).png,train__LUNG MRI-NC (1250).png,..\dataset_split\train\no_cancer\train__LUNG MRI-NC (1250).png,4eb5400990d3d5d923460efbefcd6c4a
train,no_cancer,LUNG MRI NC (247).png,validate__LUNG MRI NC (247).png,..\dataset_split\train\no_cancer\validate__LUNG MRI NC (247).png,ccb09347a32165631bc070cb841ed084
train,cancer,Lung MRI (218).png,train__Lung MRI (218).png,..\dataset_split\train\cancer\train__Lung MRI (218).png,0cc70c3ad56d853b00b78525be256e15
train,no_cancer,LUNG MRI-NC (1211).png,train__LUNG MRI-NC (1211).png,..\dataset_split\train\no_cancer\train__LUNG MRI-NC (1211).png,f6447527ec222d6e97d0537caf2b3bdd
train,cancer,Lung MRI (1073).png,train__Lung MRI (1073).png,..\dataset_split\train\cancer\train__Lung MRI (1073).png,b648c288065808a7b6e87280aa4bc065
train,no_cancer,LUNG MRI-NC (909).png,train__LUNG MRI-NC (909).png,..\dataset_split\train\no_cancer\train__LUNG MRI-NC (909).png,e8de97f95ff69fe73b35f227d22280af
train,no_cancer,LUNG MRI-NC (1196).png,train__LUNG MRI-NC (1196).png,..\dataset_split\train\no_cancer\train__LUNG MRI-NC (1196).png,76010094493d9485da14876f491259b1
train,no_cancer,LUNG MRI-NC (136).png,train__LUNG MRI-NC (136).png,..\dataset_split\train\no_cancer\train__LUNG MRI-NC (136).png,ff8d52678698cb78785fedb0a2dd1d68
train,cancer,Lung MRI (449).png,train__Lung MRI (449).png,..\dataset_split\train\cancer\train__Lung MRI (449).png,3f6500d4e97fc51ffef7c42f17c90dfa
train,cancer,Lung MRI (832).png,train__Lung MRI (832).png,..\dataset_split\train\cancer\train__Lung MRI (832).png,3b7b932f6aa57d830dd5c690f0f73042
train,no_cancer,LUNG MRI-NC (736).png,train__LUNG MRI-NC (736).png,..\dataset_split\train\no_cancer\train__LUNG MRI-NC (736).png,ea653cdc4a800e7c2de00cb14b8bd095
train,cancer,Lung MRI (260).png,train__Lung MRI (260).png,..\dataset_split\train\cancer\train__Lung MRI (260).png,f88b1479ad8261fc189b3567473f5004
train,no_cancer,LUNG MRI NC (317).png,validate__LUNG MRI NC (317).png,..\dataset_split\train\no_cancer\validate__LUNG MRI NC (317).png,ebc501a9333efe5bf64a7bbba856f8ca
train,no_cancer,LUNG MRI-NC (322).png,train__LUNG MRI-NC (322).png,..\dataset_split\train\no_cancer\train__LUNG MRI-NC (322).png,12ffb051372cf89b5ce4a8992b9ff671
train,cancer,Lung MRI (372).png,train__Lung MRI (372).png,..\dataset_split\train\cancer\train__Lung MRI (372).png,d74b6e4cf3b8ab3a3544365f6c67b783
train,cancer,Lung MRI (357).png,train__Lung MRI (357).png,..\dataset_split\train\cancer\train__Lung MRI (357).png,fb597e9539f65ad14f424b05729dd69d
train,no_cancer,LUNG MRI-NC (490).png,train__LUNG MRI-NC (490).png,..\dataset_split\train\no_cancer\train__LUNG MRI-NC (490).png,846edadd3cee758c3c4fd90d9f751a52
train,cancer,Lung MRI (818).png,train__Lung MRI (818).png,..\dataset_split\train\cancer\train__Lung MRI (818).png,461b611c24c9a8b665f8491f93fa5c3f
train,cancer,Lung MRI (745).png,train__Lung MRI (745).png,..\dataset_split\train\cancer\train__Lung MRI (745).png,bdc032a2aa87414375aa99a97c5d0ac2
train,no_cancer,LUNG MRI-NC (217).png,train__LUNG MRI-NC (217).png,..\dataset_split\train\no_cancer\train__LUNG MRI-NC (217).png,04571df4ad311457f14fc2ddf45c8df1
train,no_cancer,LUNG MRI-NC (297).png,train__LUNG MRI-NC (297).png,..\dataset_split\train\no_cancer\train__LUNG MRI-NC (297).png,8bc9ef5e10f9e48f9d69caa7134d3a3f
train,no_cancer,LUNG MRI-NC (815).png,train__LUNG MRI-NC (815).png,..\dataset_split\train\no_cancer\train__LUNG MRI-NC (815).png,4cc714597c4ca68b5bacd3936439742d
train,cancer,Lung MRI (597).png,train__Lung MRI (597).png,..\dataset_split\train\cancer\train__Lung MRI (597).png,ddaf5a90bce0f154c4ab7fc14a991409
train,no_cancer,LUNG MRI NC (301).png,validate__LUNG MRI NC (301).png,..\dataset_split\train\no_cancer\validate__LUNG MRI NC (301).png,35c3a3aac60dfd91c155d4a9f3c04db6
train,no_cancer,LUNG MRI NC (162).png,validate__LUNG MRI NC (162).png,..\dataset_split\train\no_cancer\validate__LUNG MRI NC (162).png,97dc916113b4639ef41679867d1b0114
train,no_cancer,LUNG MRI-NC (794).png,train__LUNG MRI-NC (794).png,..\dataset_split\train\no_cancer\train__LUNG MRI-NC (794).png,c5d5608b1946afd6ced846c02d03351e
train,cancer,Lung MRI (831).png,train__Lung MRI (831).png,..\dataset_split\train\cancer\train__Lung MRI (831).png,7da2dc7668bd78d7c7b9ea9ad765d31d
train,no_cancer,LUNG MRI-NC (462).png,train__LUNG MRI-NC (462).png,..\dataset_split\train\no_cancer\train__LUNG MRI-NC (462).png,8ad5e81b2836b4150cd9f9be5fb911b7
train,cancer,Lung MRI (14).png,train__Lung MRI (14).png,..\dataset_split\train\cancer\train__Lung MRI (14).png,5966e20b492ed990edf89c447a487fea
train,no_cancer,LUNG MRI-NC (635).png,train__LUNG MRI-NC (635).png,..\dataset_split\train\no_cancer\train__LUNG MRI-NC (635).png,462e9f2e5d3757616f0ee1d7a907f7fe
train,cancer,Lung MRI (507).png,train__Lung MRI (507).png,..\dataset_split\train\cancer\train__Lung MRI (507).png,2b2cb117ed16e7f04d436d15b776e351
train,cancer,Lung MRI (496).png,train__Lung MRI (496).png,..\dataset_split\train\cancer\train__Lung MRI (496).png,cd44d65687f2a7ec2d398d09891427c1
train,no_cancer,LUNG MRI-NC (291).png,train__LUNG MRI-NC (291).png,..\dataset_split\train\no_cancer\train__LUNG MRI-NC (291).png,5160c3cf69ee24d28207e345dfd392ec
train,cancer,Lung MRI (927).png,train__Lung MRI (927).png,..\dataset_split\train\cancer\train__Lung MRI (927).png,284265397b9176d2d6af5d54c75168e7
train,no_cancer,LUNG MRI-NC (218).png,train__LUNG MRI-NC (218).png,..\dataset_split\train\no_cancer\train__LUNG MRI-NC (218).png,9f998562f263bd2a8fb0e5f91bcd129e
train,cancer,Lung MRI (393).png,train__Lung MRI (393).png,..\dataset_split\train\cancer\train__Lung MRI (393).png,8540b29e22bef8bec835e66ae864bf67
train,cancer,Lung MRI (92).png,train__Lung MRI (92).png,..\dataset_split\train\cancer\train__Lung MRI (92).png,c57f3468bf32c1430eb74301677885ed
train,cancer,Lung MRI (66).png,train__Lung MRI (66).png,..\dataset_split\train\cancer\train__Lung MRI (66).png,7f0ce24397c724d6d9a5f60852044539
train,cancer,Lung MRI (1036).png,train__Lung MRI (1036).png,..\dataset_split\train\cancer\train__Lung MRI (1036).png,f60133c0c9fbc9e800f27bda4653e19e
train,cancer,Lung MRI (652).png,train__Lung MRI (652).png,..\dataset_split\train\cancer\train__Lung MRI (652).png,331d6caa9b94a7bc014e3eaf14474d66
train,cancer,Lung MRI (677).png,train__Lung MRI (677).png,..\dataset_split\train\cancer\train__Lung MRI (677).png,b7b89e03c593aec8de7522e2b64b3174
train,cancer,Lung MRI (1037).png,train__Lung MRI (1037).png,..\dataset_split\train\cancer\train__Lung MRI (1037).png,6f19a85b3c61bd8437704ee24239fed9
train,cancer,Lung MRI (906).png,train__Lung MRI (906).png,..\dataset_split\train\cancer\train__Lung MRI (906).png,f9e655a84b82564495cd5de4f7c0e8bf
train,no_cancer,LUNG MRI-NC (288).png,train__LUNG MRI-NC (288).png,..\dataset_split\train\no_cancer\train__LUNG MRI-NC (288).png,f008825ea4b967ff6ab9683b20d5e8f7
train,cancer,Lung MRI (540).png,train__Lung MRI (540).png,..\dataset_split\train\cancer\train__Lung MRI (540).png,7dbcfe9924a02734c697a9135d1a620e
train,no_cancer,LUNG MRI-NC (1277).png,train__LUNG MRI-NC (1277).png,..\dataset_split\train\no_cancer\train__LUNG MRI-NC (1277).png,29a18e6957351db903c858f179f4e528
train,no_cancer,LUNG MRI-NC (1105).png,train__LUNG MRI-NC (1105).png,..\dataset_split\train\no_cancer\train__LUNG MRI-NC (1105).png,5ce58f19fb8a438ce3130cb8ff26a166
train,no_cancer,LUNG MRI-NC (1038).png,train__LUNG MRI-NC (1038).png,..\dataset_split\train\no_cancer\train__LUNG MRI-NC (1038).png,2f6710573b173e18f418e0aa9b72062a
train,no_cancer,LUNG MRI-NC (744).png,train__LUNG MRI-NC (744).png,..\dataset_split\train\no_cancer\train__LUNG MRI-NC (744).png,07f088513048c5bd29fb61d7c73f4b89
train,cancer,Lung MRI (1454).png,validate__Lung MRI (1454).png,..\dataset_split\train\cancer\validate__Lung MRI (1454).png,7cb3a1fd3bca8b5825cb183f7ecf4e11
train,no_cancer,LUNG MRI NC (164).png,validate__LUNG MRI NC (164).png,..\dataset_split\train\no_cancer\validate__LUNG MRI NC (164).png,b13bf34ab954b8e26783f21c75ba2cd2
train,cancer,Lung MRI (33).png,train__Lung MRI (33).png,..\dataset_split\train\cancer\train__Lung MRI (33).png,2f71690cda3ba07067d75dfaf4f4ffd9
train,cancer,Lung MRI (376).png,train__Lung MRI (376).png,..\dataset_split\train\cancer\train__Lung MRI (376).png,8a672da5972cae388aadd1b3e12cf807
train,no_cancer,LUNG MRI-NC (568).png,train__LUNG MRI-NC (568).png,..\dataset_split\train\no_cancer\train__LUNG MRI-NC (568).png,bf9fc9551ad2d9ca65161960e8b2fe1c
train,no_cancer,LUNG MRI-NC (890).png,train__LUNG MRI-NC (890).png,..\dataset_split\train\no_cancer\train__LUNG MRI-NC (890).png,49535a68942b4a03e2916f3218c83623
train,no_cancer,LUNG MRI-NC (793).png,train__LUNG MRI-NC (793).png,..\dataset_split\train\no_cancer\train__LUNG MRI-NC (793).png,1710ce3d0f4e7b2df036e76cc66935c4
train,no_cancer,LUNG MRI-NC (296).png,train__LUNG MRI-NC (296).png,..\dataset_split\train\no_cancer\train__LUNG MRI-NC (296).png,3693c426bb9ceaff747ede91bedceaea
train,no_cancer,LUNG MRI-NC (511).png,train__LUNG MRI-NC (511).png,..\dataset_split\train\no_cancer\train__LUNG MRI-NC (511).png,f470579f2a0e72f2dfad01bb4d73094f
train,cancer,Lung MRI (184).png,train__Lung MRI (184).png,..\dataset_split\train\cancer\train__Lung MRI (184).png,9be63b1af62ffef78c9974a78a0c9bbf
train,cancer,Lung MRI (729).png,train__Lung MRI (729).png,..\dataset_split\train\cancer\train__Lung MRI (729).png,e106f0ab6f8c1c08626bc2f36288ee90
train,cancer,Lung MRI (1071).png,train__Lung MRI (1071).png,..\dataset_split\train\cancer\train__Lung MRI (1071).png,384eb3d549fe0703bd2dbc41e763d9e1
train,no_cancer,LUNG MRI NC (182).png,validate__LUNG MRI NC (182).png,..\dataset_split\train\no_cancer\validate__LUNG MRI NC (182).png,d5ea19482f05b5e3971052fb4dab6d5c
train,cancer,Lung MRI (819).png,train__Lung MRI (819).png,..\dataset_split\train\cancer\train__Lung MRI (819).png,613ea3af2c82d520310e7f4495ba7dec
train,no_cancer,LUNG MRI-NC (40).png,train__LUNG MRI-NC (40).png,..\dataset_split\train\no_cancer\train__LUNG MRI-NC (40).png,26215d4ccaf0099fb69f10ceb424277c
train,no_cancer,LUNG MRI-NC (715).png,train__LUNG MRI-NC (715).png,..\dataset_split\train\no_cancer\train__LUNG MRI-NC (715).png,c988a11a5f67384dc4436b8cf6fd2b2a
train,no_cancer,LUNG MRI-NC (501).png,train__LUNG MRI-NC (501).png,..\dataset_split\train\no_cancer\train__LUNG MRI-NC (501).png,59eeb9ec592a715783eedd1fbbd52971
train,no_cancer,LUNG MRI-NC (798).png,train__LUNG MRI-NC (798).png,..\dataset_split\train\no_cancer\train__LUNG MRI-NC (798).png,d08708c27d7ef1956ea4557880ba27f7
train,no_cancer,LUNG MRI-NC (643).png,train__LUNG MRI-NC (643).png,..\dataset_split\train\no_cancer\train__LUNG MRI-NC (643).png,f07919c87d31ee08e2acac6e625dc7a4
train,no_cancer,LUNG MRI-NC (187).png,train__LUNG MRI-NC (187).png,..\dataset_split\train\no_cancer\train__LUNG MRI-NC (187).png,19f3c77e8f05748d6bad4a4f299476c2
train,no_cancer,LUNG MRI-NC (1208).png,train__LUNG MRI-NC (1208).png,..\dataset_split\train\no_cancer\train__LUNG MRI-NC (1208).png,b95a9d007989183d64aafcf64110d21b
train,no_cancer,LUNG MRI-NC (367).png,train__LUNG MRI-NC (367).png,..\dataset_split\train\no_cancer\train__LUNG MRI-NC (367).png,740937c1631b1de3eba55a672f3581e9
train,cancer,Lung MRI (505).png,train__Lung MRI (505).png,..\dataset_split\train\cancer\train__Lung MRI (505).png,e2df245ecef718e4754a284ad73d69ac
train,no_cancer,LUNG MRI-NC (479).png,train__LUNG MRI-NC (479).png,..\dataset_split\train\no_cancer\train__LUNG MRI-NC (479).png,25602ebbab44cf656af2fbf3df738e6b
train,cancer,Lung MRI (848).png,train__Lung MRI (848).png,..\dataset_split\train\cancer\train__Lung MRI (848).png,7f8555b6bdfd8c4d061f7ccf06d67815
train,no_cancer,LUNG MRI-NC (1026).png,train__LUNG MRI-NC (1026).png,..\dataset_split\train\no_cancer\train__LUNG MRI-NC (1026).png,4d8082752c4d877004d79e6371a2bcf8
train,cancer,Lung MRI (1069).png,train__Lung MRI (1069).png,..\dataset_split\train\cancer\train__Lung MRI (1069).png,aa6e5b6e6a5726f4eb508631f743ab0d
train,cancer,Lung MRI (815).png,train__Lung MRI (815).png,..\dataset_split\train\cancer\train__Lung MRI (815).png,a2d09f62aec5c86d9c21fe4ea81a3d93
train,no_cancer,LUNG MRI-NC (853).png,train__LUNG MRI-NC (853).png,..\dataset_split\train\no_cancer\train__LUNG MRI-NC (853).png,4a5f0280b45e39135c30b0d4464e53f1
train,cancer,Lung MRI (900).png,train__Lung MRI (900).png,..\dataset_split\train\cancer\train__Lung MRI (900).png,bf80e1b19e4d2aac86c408a83df20de8
train,no_cancer,LUNG MRI-NC (280).png,train__LUNG MRI-NC (280).png,..\dataset_split\train\no_cancer\train__LUNG MRI-NC (280).png,8f3523545b10e42066bfc37c75198a32
train,no_cancer,LUNG MRI-NC (1189).png,train__LUNG MRI-NC (1189).png,..\dataset_split\train\no_cancer\train__LUNG MRI-NC (1189).png,4d7b4a70e7e5733f29bd9012b4f691c9
train,no_cancer,LUNG MRI NC (266).png,validate__LUNG MRI NC (266).png,..\dataset_split\train\no_cancer\validate__LUNG MRI NC (266).png,cb6d3513fa758ec3b66cf072f5f6f0f5
train,no_cancer,LUNG MRI-NC (699).png,train__LUNG MRI-NC (699).png,..\dataset_split\train\no_cancer\train__LUNG MRI-NC (699).png,18becad8916eaa094eb5c235ccf4edae
train,no_cancer,LUNG MRI-NC (109).png,train__LUNG MRI-NC (109).png,..\dataset_split\train\no_cancer\train__LUNG MRI-NC (109).png,ad17eef430fe923648434af3a27655db
train,cancer,Lung MRI (350).png,train__Lung MRI (350).png,..\dataset_split\train\cancer\train__Lung MRI (350).png,9983cb87c0bd1b407e239a7840e2f20a
train,cancer,Lung MRI (215).png,train__Lung MRI (215).png,..\dataset_split\train\cancer\train__Lung MRI (215).png,cd850b17b7d0db8066a5a0cade85f8cd
train,no_cancer,LUNG MRI-NC (209).png,train__LUNG MRI-NC (209).png,..\dataset_split\train\no_cancer\train__LUNG MRI-NC (209).png,52ceddfe9b69c73173015fba246f6d73
train,no_cancer,LUNG MRI-NC (1168).png,train__LUNG MRI-NC (1168).png,..\dataset_split\train\no_cancer\train__LUNG MRI-NC (1168).png,271f5efc718ed82affb1aac5a0fb425d
train,no_cancer,LUNG MRI NC (174).png,validate__LUNG MRI NC (174).png,..\dataset_split\train\no_cancer\validate__LUNG MRI NC (174).png,35f0e2704d2b8db53a52b76038cbe0b3
train,cancer,Lung MRI (830).png,train__Lung MRI (830).png,..\dataset_split\train\cancer\train__Lung MRI (830).png,508a7129eab28961654d3abc474a43b1
train,cancer,Lung MRI (1271).png,validate__Lung MRI (1271).png,..\dataset_split\train\cancer\validate__Lung MRI (1271).png,e4441de5aa5c05518200cc82b0f910a1
train,no_cancer,LUNG MRI-NC (1089).png,train__LUNG MRI-NC (1089).png,..\dataset_split\train\no_cancer\train__LUNG MRI-NC (1089).png,ccabc7023474d5d57ea73d350deca160
train,no_cancer,LUNG MRI-NC (1181).png,train__LUNG MRI-NC (1181).png,..\dataset_split\train\no_cancer\train__LUNG MRI-NC (1181).png,0ecf9ace8592108cab4127f21771339f
train,no_cancer,LUNG MRI NC (360).png,validate__LUNG MRI NC (360).png,..\dataset_split\train\no_cancer\validate__LUNG MRI NC (360).png,77941c43fa8a5fff3a3d921e2abc279e
train,no_cancer,LUNG MRI NC (405).png,validate__LUNG MRI NC (405).png,..\dataset_split\train\no_cancer\validate__LUNG MRI NC (405).png,beaf2da2104dfbc836d792922fe1307e
train,no_cancer,LUNG MRI-NC (772).png,train__LUNG MRI-NC (772).png,..\dataset_split\train\no_cancer\train__LUNG MRI-NC (772).png,f75ad10bc08bf201be5852bc6d94cbf2
train,cancer,Lung MRI (1464).png,validate__Lung MRI (1464).png,..\dataset_split\train\cancer\validate__Lung MRI (1464).png,7b65ff7cca0ccd56676c3953609b3acd
train,cancer,Lung MRI (387).png,train__Lung MRI (387).png,..\dataset_split\train\cancer\train__Lung MRI (387).png,049b86504ecf8ea46510531a8be0213e
train,no_cancer,LUNG MRI-NC (222).png,train__LUNG MRI-NC (222).png,..\dataset_split\train\no_cancer\train__LUNG MRI-NC (222).png,b92ec9ae56cfdc3f0ca06db16f39fb7f
train,no_cancer,LUNG MRI-NC (310).png,train__LUNG MRI-NC (310).png,..\dataset_split\train\no_cancer\train__LUNG MRI-NC (310).png,ac80243617648b88ec825e8563533b7a
train,no_cancer,LUNG MRI-NC (648).png,train__LUNG MRI-NC (648).png,..\dataset_split\train\no_cancer\train__LUNG MRI-NC (648).png,3354182a9bab888c3f609235fd99d476
train,no_cancer,LUNG MRI-NC (21).png,train__LUNG MRI-NC (21).png,..\dataset_split\train\no_cancer\train__LUNG MRI-NC (21).png,77d6a1ac68d340a7fc616ff411c543f4
train,cancer,Lung MRI (453).png,train__Lung MRI (453).png,..\dataset_split\train\cancer\train__Lung MRI (453).png,27acb7cfbaab930a3d526e97051a7fef
train,cancer,Lung MRI (62).png,train__Lung MRI (62).png,..\dataset_split\train\cancer\train__Lung MRI (62).png,0aed782196698576a68c79aae8938a80
train,cancer,Lung MRI (161).png,train__Lung MRI (161).png,..\dataset_split\train\cancer\train__Lung MRI (161).png,c689ed2ff9ff787292a2d857d77af85c
train,no_cancer,LUNG MRI NC (454).png,validate__LUNG MRI NC (454).png,..\dataset_split\train\no_cancer\validate__LUNG MRI NC (454).png,f8cde7917ae194f2b0082483b0bbf5de
train,cancer,Lung MRI (341).png,train__Lung MRI (341).png,..\dataset_split\train\cancer\train__Lung MRI (341).png,8bbf253bed466262fadf96993e833485
train,no_cancer,LUNG MRI-NC (362).png,train__LUNG MRI-NC (362).png,..\dataset_split\train\no_cancer\train__LUNG MRI-NC (362).png,69280d09ca24b15d59938aa981cf4e00
train,no_cancer,LUNG MRI-NC (553).png,train__LUNG MRI-NC (553).png,..\dataset_split\train\no_cancer\train__LUNG MRI-NC (553).png,c1ab883a8f06b7c4457b0c494ca62d2a
train,cancer,Lung MRI (180).png,train__Lung MRI (180).png,..\dataset_split\train\cancer\train__Lung MRI (180).png,0e99b3affd625ec80d8cc7c83be184f7
train,cancer,Lung MRI (1090).png,train__Lung MRI (1090).png,..\dataset_split\train\cancer\train__Lung MRI (1090).png,00f571f98aae15ed3feec7bf2af82403
train,no_cancer,LUNG MRI NC (404).png,validate__LUNG MRI NC (404).png,..\dataset_split\train\no_cancer\validate__LUNG MRI NC (404).png,be2678f76b4079d036846127fd67b222
train,no_cancer,LUNG MRI-NC (839).png,train__LUNG MRI-NC (839).png,..\dataset_split\train\no_cancer\train__LUNG MRI-NC (839).png,697b7f3eabec983501ed847169ecb5ca
train,no_cancer,LUNG MRI-NC (691).png,train__LUNG MRI-NC (691).png,..\dataset_split\train\no_cancer\train__LUNG MRI-NC (691).png,f8ba5fd2f16b603f59ddce3d61399c30
train,no_cancer,LUNG MRI-NC (845).png,train__LUNG MRI-NC (845).png,..\dataset_split\train\no_cancer\train__LUNG MRI-NC (845).png,4f7b493da823127956fbcc5fd28dba37
train,no_cancer,LUNG MRI-NC (611).png,train__LUNG MRI-NC (611).png,..\dataset_split\train\no_cancer\train__LUNG MRI-NC (611).png,c9ec9f5c3c586538e02666c52442e825
train,cancer,Lung MRI (866).png,train__Lung MRI (866).png,..\dataset_split\train\cancer\train__Lung MRI (866).png,e73ecab9fb29d77dab87a87aa8b2e807
train,cancer,Lung MRI (158).png,train__Lung MRI (158).png,..\dataset_split\train\cancer\train__Lung MRI (158).png,9dc272dfb2ee41faca5693de0eac9ad0
train,no_cancer,LUNG MRI-NC (1178).png,train__LUNG MRI-NC (1178).png,..\dataset_split\train\no_cancer\train__LUNG MRI-NC (1178).png,a1f018bf125db8cac5c420d1fc905df2
train,cancer,Lung MRI (241).png,train__Lung MRI (241).png,..\dataset_split\train\cancer\train__Lung MRI (241).png,0ec01bea27bfc0fbc7027e58f38e7023
train,no_cancer,LUNG MRI-NC (356).png,train__LUNG MRI-NC (356).png,..\dataset_split\train\no_cancer\train__LUNG MRI-NC (356).png,f3052013ea7b6e672e733c2a9aeaf221
train,no_cancer,LUNG MRI-NC (1193).png,train__LUNG MRI-NC (1193).png,..\dataset_split\train\no_cancer\train__LUNG MRI-NC (1193).png,91c760253195b7e6712d1cb7a0b9856c
train,no_cancer,LUNG MRI-NC (29).png,train__LUNG MRI-NC (29).png,..\dataset_split\train\no_cancer\train__LUNG MRI-NC (29).png,e20d225fe6c0dd6b386b1b16a08e21ec
train,no_cancer,LUNG MRI NC (457).png,validate__LUNG MRI NC (457).png,..\dataset_split\train\no_cancer\validate__LUNG MRI NC (457).png,b55a53e812ad7b30755a5bec494c0517
train,cancer,Lung MRI (1455).png,validate__Lung MRI (1455).png,..\dataset_split\train\cancer\validate__Lung MRI (1455).png,66c62d0b2de5d1340d6c40950c2d7e66
train,no_cancer,LUNG MRI-NC (1143).png,train__LUNG MRI-NC (1143).png,..\dataset_split\train\no_cancer\train__LUNG MRI-NC (1143).png,487b4c4aaba47a4acf516f4f895910df
train,no_cancer,LUNG MRI-NC (55).png,train__LUNG MRI-NC (55).png,..\dataset_split\train\no_cancer\train__LUNG MRI-NC (55).png,c8570264957284d51cbbd09e019ba507
train,cancer,Lung MRI (691).png,train__Lung MRI (691).png,..\dataset_split\train\cancer\train__Lung MRI (691).png,12ad92050d983156639bfe186a5eca3a
train,cancer,Lung MRI (603).png,train__Lung MRI (603).png,..\dataset_split\train\cancer\train__Lung MRI (603).png,6fca4c5383c3d6de3c7b2dbd9bb811b7
train,no_cancer,LUNG MRI-NC (227).png,train__LUNG MRI-NC (227).png,..\dataset_split\train\no_cancer\train__LUNG MRI-NC (227).png,fba6f6fe24f11fe94c24d99d805d6bb7
train,cancer,Lung MRI (271).png,train__Lung MRI (271).png,..\dataset_split\train\cancer\train__Lung MRI (271).png,5ee377eb9e53a5057313b9579b962072
train,cancer,Lung MRI (408).png,train__Lung MRI (408).png,..\dataset_split\train\cancer\train__Lung MRI (408).png,9c1ae9b60a3add0331f015def41d1d94
train,cancer,Lung MRI (347).png,train__Lung MRI (347).png,..\dataset_split\train\cancer\train__Lung MRI (347).png,0272b72bfc97bb83fc67608b160d7826
train,no_cancer,LUNG MRI-NC (457).png,train__LUNG MRI-NC (457).png,..\dataset_split\train\no_cancer\train__LUNG MRI-NC (457).png,af65217b6f109ba9588e62618d2dae90
train,cancer,Lung MRI (112).png,train__Lung MRI (112).png,..\dataset_split\train\cancer\train__Lung MRI (112).png,7105212a985d7255991170d315b5fdc8
train,cancer,Lung MRI (375).png,train__Lung MRI (375).png,..\dataset_split\train\cancer\train__Lung MRI (375).png,9bc4424cec01f4fa313e013e3512cb78
train,cancer,Lung MRI (638).png,train__Lung MRI (638).png,..\dataset_split\train\cancer\train__Lung MRI (638).png,1e75f31351808bb0228748e683ba027b
train,no_cancer,LUNG MRI-NC (1129).png,train__LUNG MRI-NC (1129).png,..\dataset_split\train\no_cancer\train__LUNG MRI-NC (1129).png,68db2c9244f6153a43ad10f9f739a2d4
train,no_cancer,LUNG MRI-NC (1041).png,train__LUNG MRI-NC (1041).png,..\dataset_split\train\no_cancer\train__LUNG MRI-NC (1041).png,50e262eed087ef2badcf6af9df4a7c52
train,no_cancer,LUNG MRI-NC (734).png,train__LUNG MRI-NC (734).png,..\dataset_split\train\no_cancer\train__LUNG MRI-NC (734).png,f75217e12c7fc8aa1290609f1c22b0aa
train,cancer,Lung MRI (400).png,train__Lung MRI (400).png,..\dataset_split\train\cancer\train__Lung MRI (400).png,7c4b7f707ca18b9433f805c03420e25d
train,no_cancer,LUNG MRI-NC (181).png,train__LUNG MRI-NC (181).png,..\dataset_split\train\no_cancer\train__LUNG MRI-NC (181).png,f300c0489dfe1e28a54d7f11889035a4
train,no_cancer,LUNG MRI NC (408).png,validate__LUNG MRI NC (408).png,..\dataset_split\train\no_cancer\validate__LUNG MRI NC (408).png,af939afe969b2f49bfbad560b2869bae
train,cancer,Lung MRI (78).png,train__Lung MRI (78).png,..\dataset_split\train\cancer\train__Lung MRI (78).png,814f7acd5b82d15691ea3a7af7d4d4ba
train,cancer,Lung MRI (599).png,train__Lung MRI (599).png,..\dataset_split\train\cancer\train__Lung MRI (599).png,c737383020946b264efbccb0b1fc4100
train,no_cancer,LUNG MRI-NC (882).png,train__LUNG MRI-NC (882).png,..\dataset_split\train\no_cancer\train__LUNG MRI-NC (882).png,ed6451a400b433dd5ed14790000c947e
train,no_cancer,LUNG MRI NC (219).png,validate__LUNG MRI NC (219).png,..\dataset_split\train\no_cancer\validate__LUNG MRI NC (219).png,139d9a75b3672d840d84361ffc3aa24d
train,cancer,Lung MRI (823).png,train__Lung MRI (823).png,..\dataset_split\train\cancer\train__Lung MRI (823).png,8deebba3ff247709a5fbcba96adaf38f
train,no_cancer,LUNG MRI NC (158).png,validate__LUNG MRI NC (158).png,..\dataset_split\train\no_cancer\validate__LUNG MRI NC (158).png,ce76e1091ab91d8fe3a362f10c9b6ef8
train,no_cancer,LUNG MRI NC (391).png,validate__LUNG MRI NC (391).png,..\dataset_split\train\no_cancer\validate__LUNG MRI NC (391).png,e3ab4bb3e4a29a7e3fc584e62c5c2be5
train,cancer,Lung MRI (88).png,train__Lung MRI (88).png,..\dataset_split\train\cancer\train__Lung MRI (88).png,b561245aed567774c979b82577365db8
train,no_cancer,LUNG MRI-NC (1306).png,train__LUNG MRI-NC (1306).png,..\dataset_split\train\no_cancer\train__LUNG MRI-NC (1306).png,d89289b33cddd11efdfa64bbdc4db567
train,no_cancer,LUNG MRI NC (6).png,validate__LUNG MRI NC (6).png,..\dataset_split\train\no_cancer\validate__LUNG MRI NC (6).png,8bcc8c1ee91aff8e8b50cece5e7a4c74
train,no_cancer,LUNG MRI-NC (636).png,train__LUNG MRI-NC (636).png,..\dataset_split\train\no_cancer\train__LUNG MRI-NC (636).png,9944a2cc13479aff479fdc70f756fbf8
train,cancer,Lung MRI (515).png,train__Lung MRI (515).png,..\dataset_split\train\cancer\train__Lung MRI (515).png,9e2ae1a0d7870fe41537dffe36550ab4
train,no_cancer,LUNG MRI-NC (487).png,train__LUNG MRI-NC (487).png,..\dataset_split\train\no_cancer\train__LUNG MRI-NC (487).png,5259e166cb7bbcbb97173bfe300ad983
train,no_cancer,LUNG MRI-NC (522).png,train__LUNG MRI-NC (522).png,..\dataset_split\train\no_cancer\train__LUNG MRI-NC (522).png,7bb3c4939209a83fba13e829484dc55b
train,no_cancer,LUNG MRI-NC (87).png,train__LUNG MRI-NC (87).png,..\dataset_split\train\no_cancer\train__LUNG MRI-NC (87).png,8e4494b891b44fecc9f585bc6135f881
train,no_cancer,LUNG MRI NC (257).png,validate__LUNG MRI NC (257).png,..\dataset_split\train\no_cancer\validate__LUNG MRI NC (257).png,7d888e857f07234ccb76a00de00e6d5f
train,cancer,Lung MRI (1111).png,train__Lung MRI (1111).png,..\dataset_split\train\cancer\train__Lung MRI (1111).png,5e8703ad1bca25e88d7c177a9e4846ab
train,cancer,Lung MRI (642).png,train__Lung MRI (642).png,..\dataset_split\train\cancer\train__Lung MRI (642).png,1bb9da6d8341eaf95b5cf78ca08f6d79
train,cancer,Lung MRI (463).png,train__Lung MRI (463).png,..\dataset_split\train\cancer\train__Lung MRI (463).png,c78d01958bfa406bb9e1f0b92c72010b
train,cancer,Lung MRI (304).png,train__Lung MRI (304).png,..\dataset_split\train\cancer\train__Lung MRI (304).png,1667e233c9020986d9ef48e692059a17
train,no_cancer,LUNG MRI-NC (907).png,train__LUNG MRI-NC (907).png,..\dataset_split\train\no_cancer\train__LUNG MRI-NC (907).png,e368be79ccaebe5363da099766d692be
train,no_cancer,LUNG MRI-NC (701).png,train__LUNG MRI-NC (701).png,..\dataset_split\train\no_cancer\train__LUNG MRI-NC (701).png,bbdc02bfff02c9fc67ebc0ca8fd9de32
train,cancer,Lung MRI (461).png,train__Lung MRI (461).png,..\dataset_split\train\cancer\train__Lung MRI (461).png,6c2b50e21a3f1f17ea6ca578d31c3b12
train,no_cancer,LUNG MRI-NC (1260).png,train__LUNG MRI-NC (1260).png,..\dataset_split\train\no_cancer\train__LUNG MRI-NC (1260).png,83b8f058dc80b66ad25edc2ae2419c83
train,no_cancer,LUNG MRI NC (330).png,validate__LUNG MRI NC (330).png,..\dataset_split\train\no_cancer\validate__LUNG MRI NC (330).png,c76661025330b333fbd4414f7a76f4fd
train,no_cancer,LUNG MRI-NC (786).png,train__LUNG MRI-NC (786).png,..\dataset_split\train\no_cancer\train__LUNG MRI-NC (786).png,d90ccd31b7312abcfa15aa2d159bf777
train,no_cancer,LUNG MRI-NC (153).png,train__LUNG MRI-NC (153).png,..\dataset_split\train\no_cancer\train__LUNG MRI-NC (153).png,cc033ec69fa16ba0bcfee88bcde5b316
train,cancer,Lung MRI (501).png,train__Lung MRI (501).png,..\dataset_split\train\cancer\train__Lung MRI (501).png,fbfc8ad1e763e3d2bc108dbcce43de6d
train,no_cancer,LUNG MRI NC (462).png,validate__LUNG MRI NC (462).png,..\dataset_split\train\no_cancer\validate__LUNG MRI NC (462).png,b672470e04ec27480dcadd8a7802c922
train,no_cancer,LUNG MRI NC (393).png,validate__LUNG MRI NC (393).png,..\dataset_split\train\no_cancer\validate__LUNG MRI NC (393).png,41283aef2e99d35d5eb320457c84d4f7
train,no_cancer,LUNG MRI NC (280).png,validate__LUNG MRI NC (280).png,..\dataset_split\train\no_cancer\validate__LUNG MRI NC (280).png,860fd539a412007ffd4601477562b546
train,no_cancer,LUNG MRI NC (278).png,validate__LUNG MRI NC (278).png,..\dataset_split\train\no_cancer\validate__LUNG MRI NC (278).png,5abedf39159b5dc105bf238185f8203d
train,no_cancer,LUNG MRI-NC (998).png,train__LUNG MRI-NC (998).png,..\dataset_split\train\no_cancer\train__LUNG MRI-NC (998).png,07adbce673c663ea2e9d9073737d88be
train,no_cancer,LUNG MRI-NC (573).png,train__LUNG MRI-NC (573).png,..\dataset_split\train\no_cancer\train__LUNG MRI-NC (573).png,8bbd95448b8eb88633eea1e4cad266f9
train,no_cancer,LUNG MRI-NC (448).png,train__LUNG MRI-NC (448).png,..\dataset_split\train\no_cancer\train__LUNG MRI-NC (448).png,8f6aa42edc20e48ea671b4cf91a46c7a
train,cancer,Lung MRI (754).png,train__Lung MRI (754).png,..\dataset_split\train\cancer\train__Lung MRI (754).png,c5aaf509b00ca5d8e77d1ff6f98c8cd6
train,cancer,Lung MRI (591).png,train__Lung MRI (591).png,..\dataset_split\train\cancer\train__Lung MRI (591).png,3c3c7fb8304a2d32295fc82a158ddee6
train,no_cancer,LUNG MRI-NC (189).png,train__LUNG MRI-NC (189).png,..\dataset_split\train\no_cancer\train__LUNG MRI-NC (189).png,a956912cfb101e38fb05609ab27f4a98
train,cancer,Lung MRI (622).png,train__Lung MRI (622).png,..\dataset_split\train\cancer\train__Lung MRI (622).png,17b8036dd7e4559c159eabcd290a106c
train,no_cancer,LUNG MRI-NC (1040).png,train__LUNG MRI-NC (1040).png,..\dataset_split\train\no_cancer\train__LUNG MRI-NC (1040).png,0acc6c1e4130f59d075a6425f28f98d8
train,cancer,Lung MRI (374).png,train__Lung MRI (374).png,..\dataset_split\train\cancer\train__Lung MRI (374).png,ade28266d754d55f2e30f28e7f134ec0
train,no_cancer,LUNG MRI NC (374).png,validate__LUNG MRI NC (374).png,..\dataset_split\train\no_cancer\validate__LUNG MRI NC (374).png,1e3b648b8f135fee67c611598e200bee
train,no_cancer,LUNG MRI-NC (737).png,train__LUNG MRI-NC (737).png,..\dataset_split\train\no_cancer\train__LUNG MRI-NC (737).png,f4e53aef4b89b2d6864bcd70ab2643ee
train,no_cancer,LUNG MRI-NC (883).png,train__LUNG MRI-NC (883).png,..\dataset_split\train\no_cancer\train__LUNG MRI-NC (883).png,eeedee9b14bf4c75b0ba3a20843ec23d
train,no_cancer,LUNG MRI NC (448).png,validate__LUNG MRI NC (448).png,..\dataset_split\train\no_cancer\validate__LUNG MRI NC (448).png,9e82e48e3295c26c739b1b69be4b5be2
train,no_cancer,LUNG MRI NC (445).png,validate__LUNG MRI NC (445).png,..\dataset_split\train\no_cancer\validate__LUNG MRI NC (445).png,91fe91bd297703618d581ea68783fb82
train,no_cancer,LUNG MRI-NC (535).png,train__LUNG MRI-NC (535).png,..\dataset_split\train\no_cancer\train__LUNG MRI-NC (535).png,78c840bd6bccb6015c89fcf4513f9af3
train,no_cancer,LUNG MRI-NC (1179).png,train__LUNG MRI-NC (1179).png,..\dataset_split\train\no_cancer\train__LUNG MRI-NC (1179).png,7639510b0c48523cd8ba3d02723991f8
train,cancer,Lung MRI (723).png,train__Lung MRI (723).png,..\dataset_split\train\cancer\train__Lung MRI (723).png,3192c792be8a9189451ac8f6fdf125c0
train,cancer,Lung MRI (753).png,train__Lung MRI (753).png,..\dataset_split\train\cancer\train__Lung MRI (753).png,ec77e524c4d4ae03fa988270e83e3f8b
train,no_cancer,LUNG MRI NC (80).png,validate__LUNG MRI NC (80).png,..\dataset_split\train\no_cancer\validate__LUNG MRI NC (80).png,4a12afc540ecc035fc2b5778a45ea9b2
train,no_cancer,LUNG MRI-NC (589).png,train__LUNG MRI-NC (589).png,..\dataset_split\train\no_cancer\train__LUNG MRI-NC (589).png,aa0fd79da14f78182d0a22d5cc05f9c5
train,cancer,Lung MRI (1428).png,validate__Lung MRI (1428).png,..\dataset_split\train\cancer\validate__Lung MRI (1428).png,847efa0a418287ccc03fba064de9dd75
train,cancer,Lung MRI (980).png,train__Lung MRI (980).png,..\dataset_split\train\cancer\train__Lung MRI (980).png,ea507054240aaa16e6402ba082be94c9
train,no_cancer,LUNG MRI-NC (644).png,train__LUNG MRI-NC (644).png,..\dataset_split\train\no_cancer\train__LUNG MRI-NC (644).png,d865aa25affad28b5d301a63ecd85fd7
train,no_cancer,LUNG MRI-NC (583).png,train__LUNG MRI-NC (583).png,..\dataset_split\train\no_cancer\train__LUNG MRI-NC (583).png,ec6bb27e993aef1b05ffac11786988f7
train,no_cancer,LUNG MRI-NC (1100).png,train__LUNG MRI-NC (1100).png,..\dataset_split\train\no_cancer\train__LUNG MRI-NC (1100).png,79db06526a6e482ea11f59c91db20163
train,no_cancer,LUNG MRI-NC (276).png,train__LUNG MRI-NC (276).png,..\dataset_split\train\no_cancer\train__LUNG MRI-NC (276).png,1a68ecd733d210a09254f59bbad277cc
train,no_cancer,LUNG MRI-NC (595).png,train__LUNG MRI-NC (595).png,..\dataset_split\train\no_cancer\train__LUNG MRI-NC (595).png,577bd27df1e2671e61a0058aeaa33b4f
train,cancer,Lung MRI (902).png,train__Lung MRI (902).png,..\dataset_split\train\cancer\train__Lung MRI (902).png,73b058b61a8ac743dec393b129f6c546
train,no_cancer,LUNG MRI-NC (299).png,train__LUNG MRI-NC (299).png,..\dataset_split\train\no_cancer\train__LUNG MRI-NC (299).png,5da45358a935e64f5c1a4fabc1ef1e95
train,no_cancer,LUNG MRI-NC (901).png,train__LUNG MRI-NC (901).png,..\dataset_split\train\no_cancer\train__LUNG MRI-NC (901).png,61bc4b22b9921812644bb32b6d46c512
train,cancer,Lung MRI (558).png,train__Lung MRI (558).png,..\dataset_split\train\cancer\train__Lung MRI (558).png,3fe73f53f2a88915377beb25732611fa
train,no_cancer,LUNG MRI NC (348).png,validate__LUNG MRI NC (348).png,..\dataset_split\train\no_cancer\validate__LUNG MRI NC (348).png,83d036370644dda421babe2fd0f84925
train,cancer,Lung MRI (613).png,train__Lung MRI (613).png,..\dataset_split\train\cancer\train__Lung MRI (613).png,2ef4bab88dca1757b97231684a828d78
train,cancer,Lung MRI (360).png,train__Lung MRI (360).png,..\dataset_split\train\cancer\train__Lung MRI (360).png,dfacac53152b5a4fcc4c32032f91c8c4
train,no_cancer,LUNG MRI-NC (714).png,train__LUNG MRI-NC (714).png,..\dataset_split\train\no_cancer\train__LUNG MRI-NC (714).png,bccf12273f434bd79b100380c1acca2a
train,no_cancer,LUNG MRI-NC (68).png,train__LUNG MRI-NC (68).png,..\dataset_split\train\no_cancer\train__LUNG MRI-NC (68).png,5d47fa7d4774edd7ccbf8c53cffc7a5a
train,cancer,Lung MRI (429).png,train__Lung MRI (429).png,..\dataset_split\train\cancer\train__Lung MRI (429).png,f63ea4cb2a4f7b27145d37b43bce9241
train,no_cancer,LUNG MRI-NC (945).png,train__LUNG MRI-NC (945).png,..\dataset_split\train\no_cancer\train__LUNG MRI-NC (945).png,47b97ac803c97533e25754a2cd7fbf13
train,cancer,Lung MRI (34).png,train__Lung MRI (34).png,..\dataset_split\train\cancer\train__Lung MRI (34).png,10489cf95346c7ecd566f962026608a0
train,no_cancer,LUNG MRI-NC (88).png,train__LUNG MRI-NC (88).png,..\dataset_split\train\no_cancer\train__LUNG MRI-NC (88).png,3a12f181e4eb9d82e383fc56cb25238d
train,no_cancer,LUNG MRI-NC (117).png,train__LUNG MRI-NC (117).png,..\dataset_split\train\no_cancer\train__LUNG MRI-NC (117).png,6acfd34452cca9747a3047e713576e12
train,cancer,Lung MRI (778).png,train__Lung MRI (778).png,..\dataset_split\train\cancer\train__Lung MRI (778).png,a98e530e7d869f21babf4ec14be3c182
train,cancer,Lung MRI (481).png,train__Lung MRI (481).png,..\dataset_split\train\cancer\train__Lung MRI (481).png,1633d965b8fab3a80c78818b824a7071
train,no_cancer,LUNG MRI-NC (48).png,train__LUNG MRI-NC (48).png,..\dataset_split\train\no_cancer\train__LUNG MRI-NC (48).png,285c0d7a336b4ffee0f3c1330b0fb126
train,cancer,Lung MRI (747).png,train__Lung MRI (747).png,..\dataset_split\train\cancer\train__Lung MRI (747).png,a68918808f73b445e479a02d625d5ad7
train,no_cancer,LUNG MRI-NC (70).png,train__LUNG MRI-NC (70).png,..\dataset_split\train\no_cancer\train__LUNG MRI-NC (70).png,e1237982df9994f4d93bb854b770ce17
train,no_cancer,LUNG MRI-NC (341).png,train__LUNG MRI-NC (341).png,..\dataset_split\train\no_cancer\train__LUNG MRI-NC (341).png,bd5bfefa42fcc15d8e00224787986d84
train,no_cancer,LUNG MRI-NC (860).png,train__LUNG MRI-NC (860).png,..\dataset_split\train\no_cancer\train__LUNG MRI-NC (860).png,430826cf4f2dad82c30f1ab5fc087f7f
train,cancer,Lung MRI (1487).png,validate__Lung MRI (1487).png,..\dataset_split\train\cancer\validate__Lung MRI (1487).png,0f0d0c0e48307e7d0f52c322cc4321fe
train,cancer,Lung MRI (1422).png,validate__Lung MRI (1422).png,..\dataset_split\train\cancer\validate__Lung MRI (1422).png,54d50f639243d01a98040293336297cc
train,no_cancer,LUNG MRI-NC (477).png,train__LUNG MRI-NC (477).png,..\dataset_split\train\no_cancer\train__LUNG MRI-NC (477).png,f32fec91154ab8f6332c81f1a5979a36
train,no_cancer,LUNG MRI NC (226).png,validate__LUNG MRI NC (226).png,..\dataset_split\train\no_cancer\validate__LUNG MRI NC (226).png,9071d5ed1dca8d7dd9d9bf63af2d8b9b
train,no_cancer,LUNG MRI-NC (244).png,train__LUNG MRI-NC (244).png,..\dataset_split\train\no_cancer\train__LUNG MRI-NC (244).png,c7f3ed5d0fac1cf5a707e17fb8efc41e
train,no_cancer,LUNG MRI NC (379).png,validate__LUNG MRI NC (379).png,..\dataset_split\train\no_cancer\validate__LUNG MRI NC (379).png,1ae183869f1c503e61bfca5eefab681e
train,cancer,Lung MRI (997).png,train__Lung MRI (997).png,..\dataset_split\train\cancer\train__Lung MRI (997).png,955fa4c78c5909797fe4c5ba8b87d7b6
train,no_cancer,LUNG MRI-NC (261).png,train__LUNG MRI-NC (261).png,..\dataset_split\train\no_cancer\train__LUNG MRI-NC (261).png,ca53d8e742358dadc12e67543375aaf1
train,no_cancer,LUNG MRI-NC (521).png,train__LUNG MRI-NC (521).png,..\dataset_split\train\no_cancer\train__LUNG MRI-NC (521).png,dd3876e7ef1903902bc12f316b7d18f8
train,cancer,Lung MRI (1457).png,validate__Lung MRI (1457).png,..\dataset_split\train\cancer\validate__Lung MRI (1457).png,fd3a7542cd2935042797a63cf3b44ce9
train,no_cancer,LUNG MRI-NC (57).png,train__LUNG MRI-NC (57).png,..\dataset_split\train\no_cancer\train__LUNG MRI-NC (57).png,f3d70f3fea3d4b0a9932d3d69f6cc3de
train,cancer,Lung MRI (41).png,train__Lung MRI (41).png,..\dataset_split\train\cancer\train__Lung MRI (41).png,9c934a6b3dfda802ca0d401f738ed555
train,cancer,Lung MRI (822).png,train__Lung MRI (822).png,..\dataset_split\train\cancer\train__Lung MRI (822).png,550f537d703a3fd1518cb27f42899016
train,no_cancer,LUNG MRI-NC (542).png,train__LUNG MRI-NC (542).png,..\dataset_split\train\no_cancer\train__LUNG MRI-NC (542).png,0dbea9ea1ea6d09956b835dea48d1d04
train,cancer,Lung MRI (783).png,train__Lung MRI (783).png,..\dataset_split\train\cancer\train__Lung MRI (783).png,6ac5a3b7a8eddf69f8c4f3e6e259ed35
train,cancer,Lung MRI (220).png,train__Lung MRI (220).png,..\dataset_split\train\cancer\train__Lung MRI (220).png,b028a8b6d145dde24c93fbc262e0d3a5
train,cancer,Lung MRI (770).png,train__Lung MRI (770).png,..\dataset_split\train\cancer\train__Lung MRI (770).png,a098cf6d695ef619b417d543d7f5f8d5
train,cancer,Lung MRI (152).png,train__Lung MRI (152).png,..\dataset_split\train\cancer\train__Lung MRI (152).png,3a412852ee8f4eb95929f1be2825ff34
train,no_cancer,LUNG MRI-NC (831).png,train__LUNG MRI-NC (831).png,..\dataset_split\train\no_cancer\train__LUNG MRI-NC (831).png,b033900001973e55e6c02349cf7fe754
train,no_cancer,LUNG MRI-NC (369).png,train__LUNG MRI-NC (369).png,..\dataset_split\train\no_cancer\train__LUNG MRI-NC (369).png,510ec7b1694cb4fe7fe1e0918c066b8d
train,no_cancer,LUNG MRI-NC (382).png,train__LUNG MRI-NC (382).png,..\dataset_split\train\no_cancer\train__LUNG MRI-NC (382).png,ddcaccbe1722ec72633eb05985ea4256
train,no_cancer,LUNG MRI-NC (1242).png,train__LUNG MRI-NC (1242).png,..\dataset_split\train\no_cancer\train__LUNG MRI-NC (1242).png,56ead120696f7616bbd6b02723755307
train,cancer,Lung MRI (75).png,train__Lung MRI (75).png,..\dataset_split\train\cancer\train__Lung MRI (75).png,5bcc1317e81c27b44f2a7e428e52eea3
train,no_cancer,LUNG MRI-NC (1279).png,train__LUNG MRI-NC (1279).png,..\dataset_split\train\no_cancer\train__LUNG MRI-NC (1279).png,6ce4076b68bd5e7e24b71f6fc310ce4c
train,no_cancer,LUNG MRI-NC (1182).png,train__LUNG MRI-NC (1182).png,..\dataset_split\train\no_cancer\train__LUNG MRI-NC (1182).png,8bdf870f277c5a12f61c7d4c25cdff54
train,no_cancer,LUNG MRI-NC (372).png,train__LUNG MRI-NC (372).png,..\dataset_split\train\no_cancer\train__LUNG MRI-NC (372).png,1b33394078f4fbe40bb88aa00d720fa4
train,no_cancer,LUNG MRI NC (376).png,validate__LUNG MRI NC (376).png,..\dataset_split\train\no_cancer\validate__LUNG MRI NC (376).png,a691f3a4d2e99cd1f0db9cc63ffa589c
train,cancer,Lung MRI (1002).png,train__Lung MRI (1002).png,..\dataset_split\train\cancer\train__Lung MRI (1002).png,708705371dcb8e4995ff2f2c4133ec16
train,cancer,Lung MRI (508).png,train__Lung MRI (508).png,..\dataset_split\train\cancer\train__Lung MRI (508).png,202422c926ce25939f4064c314cf07cd
train,no_cancer,LUNG MRI NC (314).png,validate__LUNG MRI NC (314).png,..\dataset_split\train\no_cancer\validate__LUNG MRI NC (314).png,551a149a755201839a60b30fa3608039
train,no_cancer,LUNG MRI-NC (1087).png,train__LUNG MRI-NC (1087).png,..\dataset_split\train\no_cancer\train__LUNG MRI-NC (1087).png,e6f6d64500b36eb9d9f90bf28f4c4e18
train,no_cancer,LUNG MRI-NC (370).png,train__LUNG MRI-NC (370).png,..\dataset_split\train\no_cancer\train__LUNG MRI-NC (370).png,bd9ac4ea70d54fcbd50d01feeb80a290
train,no_cancer,LUNG MRI-NC (972).png,train__LUNG MRI-NC (972).png,..\dataset_split\train\no_cancer\train__LUNG MRI-NC (972).png,dd42b9acc4d7935da5ba754e4d551926
train,no_cancer,LUNG MRI-NC (1046).png,train__LUNG MRI-NC (1046).png,..\dataset_split\train\no_cancer\train__LUNG MRI-NC (1046).png,06cd07ac1b38a0f3e56b0b3cd6c985a1
train,no_cancer,LUNG MRI-NC (495).png,train__LUNG MRI-NC (495).png,..\dataset_split\train\no_cancer\train__LUNG MRI-NC (495).png,5a70e2506446bf44e98fe519b7998389
train,cancer,Lung MRI (653).png,train__Lung MRI (653).png,..\dataset_split\train\cancer\train__Lung MRI (653).png,3f1b24828063a875ea7a41a4b20165a3
train,no_cancer,LUNG MRI-NC (1071).png,train__LUNG MRI-NC (1071).png,..\dataset_split\train\no_cancer\train__LUNG MRI-NC (1071).png,ffb8d838ba98f6839ffccb6043c84cbc
train,cancer,Lung MRI (728).png,train__Lung MRI (728).png,..\dataset_split\train\cancer\train__Lung MRI (728).png,e6a24ae16be7cc453cf95dc9602880ce
train,no_cancer,LUNG MRI-NC (669).png,train__LUNG MRI-NC (669).png,..\dataset_split\train\no_cancer\train__LUNG MRI-NC (669).png,a01888501833fa17d2aee5b98f2707af
train,no_cancer,LUNG MRI-NC (1161).png,train__LUNG MRI-NC (1161).png,..\dataset_split\train\no_cancer\train__LUNG MRI-NC (1161).png,5b501b9378185b5b762af5e1d2132f8f
train,cancer,Lung MRI (208).png,train__Lung MRI (208).png,..\dataset_split\train\cancer\train__Lung MRI (208).png,17d7001cec043df8d7ff0e43913531a1
train,cancer,Lung MRI (1108).png,train__Lung MRI (1108).png,..\dataset_split\train\cancer\train__Lung MRI (1108).png,402c43ef1652a27e404888b9d33f578f
train,no_cancer,LUNG MRI-NC (547).png,train__LUNG MRI-NC (547).png,..\dataset_split\train\no_cancer\train__LUNG MRI-NC (547).png,d93b769117b628c38e3ac8571d3c5e49
train,no_cancer,LUNG MRI NC (179).png,validate__LUNG MRI NC (179).png,..\dataset_split\train\no_cancer\validate__LUNG MRI NC (179).png,06e10dabe15b5f5d52d6428166e5350d
train,no_cancer,LUNG MRI-NC (1154).png,train__LUNG MRI-NC (1154).png,..\dataset_split\train\no_cancer\train__LUNG MRI-NC (1154).png,7ccb5e576286391070d74f3babcc7420
train,cancer,Lung MRI (325).png,train__Lung MRI (325).png,..\dataset_split\train\cancer\train__Lung MRI (325).png,3f9423f21962e7320719fd6b5d3435d3
train,cancer,Lung MRI (534).png,train__Lung MRI (534).png,..\dataset_split\train\cancer\train__Lung MRI (534).png,68e7935f7b62e16459a8d2995372f01c
train,no_cancer,LUNG MRI-NC (867).png,train__LUNG MRI-NC (867).png,..\dataset_split\train\no_cancer\train__LUNG MRI-NC (867).png,af2414f414d827809f52c0e778ef4686
train,no_cancer,LUNG MRI-NC (891).png,train__LUNG MRI-NC (891).png,..\dataset_split\train\no_cancer\train__LUNG MRI-NC (891).png,d51f38274902fd642cadd6f085f4a9e2
train,cancer,Lung MRI (757).png,train__Lung MRI (757).png,..\dataset_split\train\cancer\train__Lung MRI (757).png,191cc04cf29bc4140072901b90ba1cc8
train,no_cancer,LUNG MRI-NC (247).png,train__LUNG MRI-NC (247).png,..\dataset_split\train\no_cancer\train__LUNG MRI-NC (247).png,8626cbd1d1bf18747b78fc0d8fb3179e
train,cancer,Lung MRI (314).png,train__Lung MRI (314).png,..\dataset_split\train\cancer\train__Lung MRI (314).png,88d57376272bdfba73a6763f17f860a3
train,no_cancer,LUNG MRI NC (300).png,validate__LUNG MRI NC (300).png,..\dataset_split\train\no_cancer\validate__LUNG MRI NC (300).png,194ec595c77cfd7856e05cd8ac11bfc5
train,no_cancer,LUNG MRI NC (427).png,validate__LUNG MRI NC (427).png,..\dataset_split\train\no_cancer\validate__LUNG MRI NC (427).png,467ba57e55cc3a86549704e19cf568df
train,no_cancer,LUNG MRI NC (77).png,validate__LUNG MRI NC (77).png,..\dataset_split\train\no_cancer\validate__LUNG MRI NC (77).png,d0abf4ec52c1568a223cd076d566d0c3
train,cancer,Lung MRI (1113).png,train__Lung MRI (1113).png,..\dataset_split\train\cancer\train__Lung MRI (1113).png,75d9d2c8045f975b0700625aa817535a
train,cancer,Lung MRI (1442).png,validate__Lung MRI (1442).png,..\dataset_split\train\cancer\validate__Lung MRI (1442).png,63f512d0d457f7917e6d2c1d393bc6ff
train,cancer,Lung MRI (892).png,train__Lung MRI (892).png,..\dataset_split\train\cancer\train__Lung MRI (892).png,060dfe73f8745f32645015e39af48e8d
train,cancer,Lung MRI (231).png,train__Lung MRI (231).png,..\dataset_split\train\cancer\train__Lung MRI (231).png,710b2c91c499eb6cd86bce80cf344e51
train,no_cancer,LUNG MRI-NC (559).png,train__LUNG MRI-NC (559).png,..\dataset_split\train\no_cancer\train__LUNG MRI-NC (559).png,f95eaac3e0098ff182e21c536003f16d
train,cancer,Lung MRI (559).png,train__Lung MRI (559).png,..\dataset_split\train\cancer\train__Lung MRI (559).png,d114fda99b310264758a67c94f90a27e
train,no_cancer,LUNG MRI-NC (622).png,train__LUNG MRI-NC (622).png,..\dataset_split\train\no_cancer\train__LUNG MRI-NC (622).png,d716af0065e5686542eec4741fba2fb6
train,no_cancer,LUNG MRI-NC (1273).png,train__LUNG MRI-NC (1273).png,..\dataset_split\train\no_cancer\train__LUNG MRI-NC (1273).png,77303aa50885b652194766ca08dcfec1
train,no_cancer,LUNG MRI NC (244).png,validate__LUNG MRI NC (244).png,..\dataset_split\train\no_cancer\validate__LUNG MRI NC (244).png,86672cf99c03422fe0b3ba4b10b37ee8
train,no_cancer,LUNG MRI-NC (1110).png,train__LUNG MRI-NC (1110).png,..\dataset_split\train\no_cancer\train__LUNG MRI-NC (1110).png,a511f5162a9608d2b49b65a287553767
train,no_cancer,LUNG MRI-NC (431).png,train__LUNG MRI-NC (431).png,..\dataset_split\train\no_cancer\train__LUNG MRI-NC (431).png,a818a166fa220db28c9499c7b8263abc
train,no_cancer,LUNG MRI NC (437).png,validate__LUNG MRI NC (437).png,..\dataset_split\train\no_cancer\validate__LUNG MRI NC (437).png,751a2f4fab4529c78b8fd694f42e6f7a
train,cancer,Lung MRI (943).png,train__Lung MRI (943).png,..\dataset_split\train\cancer\train__Lung MRI (943).png,2e419a927f173e4aa2bf0580cbc04940
train,cancer,Lung MRI (415).png,train__Lung MRI (415).png,..\dataset_split\train\cancer\train__Lung MRI (415).png,1d55d04e34a77a4c4662849ac0f2f9e0
train,cancer,Lung MRI (13).png,train__Lung MRI (13).png,..\dataset_split\train\cancer\train__Lung MRI (13).png,88ae9622d3058034bb2b8f7cf89d2b02
train,no_cancer,LUNG MRI-NC (515).png,train__LUNG MRI-NC (515).png,..\dataset_split\train\no_cancer\train__LUNG MRI-NC (515).png,daa80d3c2921979d85b90e826926a775
train,no_cancer,LUNG MRI-NC (593).png,train__LUNG MRI-NC (593).png,..\dataset_split\train\no_cancer\train__LUNG MRI-NC (593).png,d3a3aeed4ead68c610b9f3e960c95e52
train,cancer,Lung MRI (331).png,train__Lung MRI (331).png,..\dataset_split\train\cancer\train__Lung MRI (331).png,b712b2ba9fb302e2dffd6a3f293ed988
train,no_cancer,LUNG MRI-NC (264).png,train__LUNG MRI-NC (264).png,..\dataset_split\train\no_cancer\train__LUNG MRI-NC (264).png,f508db5db731438965a338143fd91792
train,no_cancer,LUNG MRI-NC (1104).png,train__LUNG MRI-NC (1104).png,..\dataset_split\train\no_cancer\train__LUNG MRI-NC (1104).png,ecc88ceb4d5a8c851c3be2d53ccb181b
train,no_cancer,LUNG MRI-NC (747).png,train__LUNG MRI-NC (747).png,..\dataset_split\train\no_cancer\train__LUNG MRI-NC (747).png,87ca6434ad0caf51d0469508c1adf0c5
train,no_cancer,LUNG MRI-NC (1232).png,train__LUNG MRI-NC (1232).png,..\dataset_split\train\no_cancer\train__LUNG MRI-NC (1232).png,c9c2fd1544e0eff113c92f8913dca5ad
train,no_cancer,LUNG MRI-NC (427).png,train__LUNG MRI-NC (427).png,..\dataset_split\train\no_cancer\train__LUNG MRI-NC (427).png,e20f092cff0ec307dfb82dcbef3b325c
train,cancer,Lung MRI (572).png,train__Lung MRI (572).png,..\dataset_split\train\cancer\train__Lung MRI (572).png,b50464eed473fda2d8425b39905d8739
train,no_cancer,LUNG MRI-NC (784).png,train__LUNG MRI-NC (784).png,..\dataset_split\train\no_cancer\train__LUNG MRI-NC (784).png,abe3baff0f4eccf912b426b485985b82
train,no_cancer,LUNG MRI-NC (562).png,train__LUNG MRI-NC (562).png,..\dataset_split\train\no_cancer\train__LUNG MRI-NC (562).png,a014da46c8fd99a81be11dfcc567123c
train,no_cancer,LUNG MRI NC (406).png,validate__LUNG MRI NC (406).png,..\dataset_split\train\no_cancer\validate__LUNG MRI NC (406).png,52b35be2577c7553b8fa69429c55ed2a
train,cancer,Lung MRI (245).png,train__Lung MRI (245).png,..\dataset_split\train\cancer\train__Lung MRI (245).png,60fa5eb363147ae1edf318eee02a18e4
train,no_cancer,LUNG MRI-NC (1141).png,train__LUNG MRI-NC (1141).png,..\dataset_split\train\no_cancer\train__LUNG MRI-NC (1141).png,e013b54f9dbcd554313e7f92fe794c19
train,no_cancer,LUNG MRI-NC (517).png,train__LUNG MRI-NC (517).png,..\dataset_split\train\no_cancer\train__LUNG MRI-NC (517).png,bc587b573286946171e9242616f4a857
train,cancer,Lung MRI (1461).png,validate__Lung MRI (1461).png,..\dataset_split\train\cancer\validate__Lung MRI (1461).png,ee41718798737d723936a3ba86dfbe21
train,no_cancer,LUNG MRI NC (187).png,validate__LUNG MRI NC (187).png,..\dataset_split\train\no_cancer\validate__LUNG MRI NC (187).png,f226c9314278edf77c49cf4a7878b96d
train,cancer,Lung MRI (1085).png,train__Lung MRI (1085).png,..\dataset_split\train\cancer\train__Lung MRI (1085).png,9fb184565c46ffaaa04b1941969a8eaf
train,no_cancer,LUNG MRI-NC (835).png,train__LUNG MRI-NC (835).png,..\dataset_split\train\no_cancer\train__LUNG MRI-NC (835).png,8c3195a55f6615f4930f7b471df5de6b
train,cancer,Lung MRI (868).png,train__Lung MRI (868).png,..\dataset_split\train\cancer\train__Lung MRI (868).png,2fac1e59cfdd9b88ddc5a0a081e7209b
train,cancer,Lung MRI (20).png,train__Lung MRI (20).png,..\dataset_split\train\cancer\train__Lung MRI (20).png,9fdc2bac1d571c2aa2f7ec8555ce6627
train,cancer,Lung MRI (617).png,train__Lung MRI (617).png,..\dataset_split\train\cancer\train__Lung MRI (617).png,c34e7b3d07aa993e24a82a4185306385
train,no_cancer,LUNG MRI-NC (460).png,train__LUNG MRI-NC (460).png,..\dataset_split\train\no_cancer\train__LUNG MRI-NC (460).png,dce57639cf1a7cdd5539cf73dcf85290
train,cancer,Lung MRI (217).png,train__Lung MRI (217).png,..\dataset_split\train\cancer\train__Lung MRI (217).png,ef11fe19b88e59820692a0a5744ab43c
train,no_cancer,LUNG MRI-NC (754).png,train__LUNG MRI-NC (754).png,..\dataset_split\train\no_cancer\train__LUNG MRI-NC (754).png,574c8233457426186e87883d71ece1fc
train,no_cancer,LUNG MRI NC (258).png,validate__LUNG MRI NC (258).png,..\dataset_split\train\no_cancer\validate__LUNG MRI NC (258).png,15574ca034b3e67372cc7f0fc31870cf
train,cancer,Lung MRI (334).png,train__Lung MRI (334).png,..\dataset_split\train\cancer\train__Lung MRI (334).png,5580d4191029cdbfe2cf6f37de7c368d
train,no_cancer,LUNG MRI-NC (760).png,train__LUNG MRI-NC (760).png,..\dataset_split\train\no_cancer\train__LUNG MRI-NC (760).png,a77d519bddab13633a08f31b158bc73e
train,cancer,Lung MRI (139).png,train__Lung MRI (139).png,..\dataset_split\train\cancer\train__Lung MRI (139).png,a7b8686b22217c5fee7871b9a5fe7aba
train,cancer,Lung MRI (299).png,train__Lung MRI (299).png,..\dataset_split\train\cancer\train__Lung MRI (299).png,79ed9205efaf3989120890d9a15ee73a
train,no_cancer,LUNG MRI-NC (39).png,train__LUNG MRI-NC (39).png,..\dataset_split\train\no_cancer\train__LUNG MRI-NC (39).png,5c238375d88fd67e2a4e944d8075c1f7
train,no_cancer,LUNG MRI-NC (987).png,train__LUNG MRI-NC (987).png,..\dataset_split\train\no_cancer\train__LUNG MRI-NC (987).png,e84210e2e1d32344ce89f6587b330476
train,cancer,Lung MRI (1038).png,train__Lung MRI (1038).png,..\dataset_split\train\cancer\train__Lung MRI (1038).png,fafe9dac68e69edda3e759359b8df442
train,cancer,Lung MRI (987).png,train__Lung MRI (987).png,..\dataset_split\train\cancer\train__Lung MRI (987).png,1cd18227ab1783ae9dafb674a308eab8
train,cancer,Lung MRI (238).png,train__Lung MRI (238).png,..\dataset_split\train\cancer\train__Lung MRI (238).png,6920fe0174e426e2d83b3be4023e3e0c
train,no_cancer,LUNG MRI NC (431).png,validate__LUNG MRI NC (431).png,..\dataset_split\train\no_cancer\validate__LUNG MRI NC (431).png,9eda12c07b55447b3b512e441fc731f3
train,cancer,Lung MRI (673).png,train__Lung MRI (673).png,..\dataset_split\train\cancer\train__Lung MRI (673).png,42162c5b0dfcdc542ed419376d6fdf8c
train,cancer,Lung MRI (403).png,train__Lung MRI (403).png,..\dataset_split\train\cancer\train__Lung MRI (403).png,1dc8c7e77d21bde9941c67706627234a
train,cancer,Lung MRI (984).png,train__Lung MRI (984).png,..\dataset_split\train\cancer\train__Lung MRI (984).png,b47cfa81d4a33e0c42ba30585ad59b59
train,cancer,Lung MRI (197).png,train__Lung MRI (197).png,..\dataset_split\train\cancer\train__Lung MRI (197).png,a1fc035bd5f963e63e64c7b24da0dc1a
train,cancer,Lung MRI (1048).png,train__Lung MRI (1048).png,..\dataset_split\train\cancer\train__Lung MRI (1048).png,92c8de1ddbe457ecc75a232773cee449
train,no_cancer,LUNG MRI-NC (1300).png,train__LUNG MRI-NC (1300).png,..\dataset_split\train\no_cancer\train__LUNG MRI-NC (1300).png,ce88ed32c4b072d969eeb8a31de827d9
train,cancer,Lung MRI (726).png,train__Lung MRI (726).png,..\dataset_split\train\cancer\train__Lung MRI (726).png,8e7682d12648dea9733881b363a9b176
train,no_cancer,LUNG MRI-NC (304).png,train__LUNG MRI-NC (304).png,..\dataset_split\train\no_cancer\train__LUNG MRI-NC (304).png,6e0e0e7468e5cc8803c4631702ef41a5
train,cancer,Lung MRI (91).png,train__Lung MRI (91).png,..\dataset_split\train\cancer\train__Lung MRI (91).png,779981afd466bed19e20c9578bd5900d
train,cancer,Lung MRI (746).png,train__Lung MRI (746).png,..\dataset_split\train\cancer\train__Lung MRI (746).png,4d4efc6e0ee19db8f577081375ef674e
train,no_cancer,LUNG MRI-NC (1261).png,train__LUNG MRI-NC (1261).png,..\dataset_split\train\no_cancer\train__LUNG MRI-NC (1261).png,2bee66ba7f5c21c5a0ba259f76ffbcb8
train,no_cancer,LUNG MRI-NC (762).png,train__LUNG MRI-NC (762).png,..\dataset_split\train\no_cancer\train__LUNG MRI-NC (762).png,ad7531cc5c273bb70685b55053b0a3fc
train,cancer,Lung MRI (749).png,train__Lung MRI (749).png,..\dataset_split\train\cancer\train__Lung MRI (749).png,f53305a49c49431f82749753e398abde
train,no_cancer,LUNG MRI-NC (163).png,train__LUNG MRI-NC (163).png,..\dataset_split\train\no_cancer\train__LUNG MRI-NC (163).png,a6089f32b16a2ed6866f96a4b8d72673
train,no_cancer,LUNG MRI-NC (902).png,train__LUNG MRI-NC (902).png,..\dataset_split\train\no_cancer\train__LUNG MRI-NC (902).png,00243a2897fc1e54724f7935d06915cc
train,no_cancer,LUNG MRI-NC (175).png,train__LUNG MRI-NC (175).png,..\dataset_split\train\no_cancer\train__LUNG MRI-NC (175).png,be5e65c143518ef1d0efebb439a361d8
train,cancer,Lung MRI (126).png,train__Lung MRI (126).png,..\dataset_split\train\cancer\train__Lung MRI (126).png,3fb8f453775d9d10a5e1f76355fc3a6a
train,cancer,Lung MRI (963).png,train__Lung MRI (963).png,..\dataset_split\train\cancer\train__Lung MRI (963).png,6fec5d9db9aaa3b11c00d28b4abc871a
train,cancer,Lung MRI (590).png,train__Lung MRI (590).png,..\dataset_split\train\cancer\train__Lung MRI (590).png,de66cf449b8ab0f88f2025d3567d8d56
train,cancer,Lung MRI (280).png,train__Lung MRI (280).png,..\dataset_split\train\cancer\train__Lung MRI (280).png,da3259a5d5e6306c594bb24b6f8fbe6c
train,cancer,Lung MRI (820).png,train__Lung MRI (820).png,..\dataset_split\train\cancer\train__Lung MRI (820).png,c60b1e927ed7086e875a9667adf538b1
train,cancer,Lung MRI (636).png,train__Lung MRI (636).png,..\dataset_split\train\cancer\train__Lung MRI (636).png,8ee89dfe1c08f83850eea9b7f716f601
train,no_cancer,LUNG MRI-NC (1148).png,train__LUNG MRI-NC (1148).png,..\dataset_split\train\no_cancer\train__LUNG MRI-NC (1148).png,9d3586f6f390666ffc0e9bef9721c314
train,no_cancer,LUNG MRI NC (390).png,validate__LUNG MRI NC (390).png,..\dataset_split\train\no_cancer\validate__LUNG MRI NC (390).png,9a7c8c1b441daf22709332c0d19e926b
train,no_cancer,LUNG MRI-NC (478).png,train__LUNG MRI-NC (478).png,..\dataset_split\train\no_cancer\train__LUNG MRI-NC (478).png,1c653c9062d1af24a61ea02dbcc87c67
train,cancer,Lung MRI (537).png,train__Lung MRI (537).png,..\dataset_split\train\cancer\train__Lung MRI (537).png,14344ae426f019a4040ac28ad41bdf95
train,no_cancer,LUNG MRI NC (214).png,validate__LUNG MRI NC (214).png,..\dataset_split\train\no_cancer\validate__LUNG MRI NC (214).png,45d08c620029e4feee977a17e01fc898
train,cancer,Lung MRI (298).png,train__Lung MRI (298).png,..\dataset_split\train\cancer\train__Lung MRI (298).png,3769c684dc1d269b7af19abeaf7687bc
train,cancer,Lung MRI (1033).png,train__Lung MRI (1033).png,..\dataset_split\train\cancer\train__Lung MRI (1033).png,0237b5532c9594cb9d87fc0ec3d44bdf
train,no_cancer,LUNG MRI-NC (194).png,train__LUNG MRI-NC (194).png,..\dataset_split\train\no_cancer\train__LUNG MRI-NC (194).png,42c5c943e1ad07ce6601e8a761fa0290
train,cancer,Lung MRI (1099).png,train__Lung MRI (1099).png,..\dataset_split\train\cancer\train__Lung MRI (1099).png,d11724added0abcdc709ccc82d60b1c8
train,no_cancer,LUNG MRI NC (223).png,validate__LUNG MRI NC (223).png,..\dataset_split\train\no_cancer\validate__LUNG MRI NC (223).png,8ffa68a10a6faa5c31a2651b7edc6600
train,cancer,Lung MRI (724).png,train__Lung MRI (724).png,..\dataset_split\train\cancer\train__Lung MRI (724).png,d291c3a7c7609ad130d0f0e253633ef6
train,no_cancer,LUNG MRI-NC (959).png,train__LUNG MRI-NC (959).png,..\dataset_split\train\no_cancer\train__LUNG MRI-NC (959).png,5a30189c1e61ac91405bc046230844e3
train,cancer,Lung MRI (1087).png,train__Lung MRI (1087).png,..\dataset_split\train\cancer\train__Lung MRI (1087).png,e29c9a6c84858ade9e198dc13abcfffb
train,no_cancer,LUNG MRI-NC (932).png,train__LUNG MRI-NC (932).png,..\dataset_split\train\no_cancer\train__LUNG MRI-NC (932).png,590c41cced5b57fcdea3a851d4f61e3b
train,no_cancer,LUNG MRI-NC (1272).png,train__LUNG MRI-NC (1272).png,..\dataset_split\train\no_cancer\train__LUNG MRI-NC (1272).png,7c4d6ada001817a65c39ab907cedfa72
train,cancer,Lung MRI (678).png,train__Lung MRI (678).png,..\dataset_split\train\cancer\train__Lung MRI (678).png,d90fc6e26559a8e51ca1e9330d550dd4
train,cancer,Lung MRI (254).png,train__Lung MRI (254).png,..\dataset_split\train\cancer\train__Lung MRI (254).png,7ebb7ea977303285b1ff0b255593cc3b
train,cancer,Lung MRI (1443).png,validate__Lung MRI (1443).png,..\dataset_split\train\cancer\validate__Lung MRI (1443).png,4da0c0bd61062f77a647f605ef6c4fb6
train,no_cancer,LUNG MRI NC (203).png,validate__LUNG MRI NC (203).png,..\dataset_split\train\no_cancer\validate__LUNG MRI NC (203).png,944933de46aeafc094b395f63579f05e
train,cancer,Lung MRI (194).png,train__Lung MRI (194).png,..\dataset_split\train\cancer\train__Lung MRI (194).png,3ef1bef8fca9fdd2808d0d5c1e63ab1a
train,no_cancer,LUNG MRI-NC (11).png,train__LUNG MRI-NC (11).png,..\dataset_split\train\no_cancer\train__LUNG MRI-NC (11).png,01af36748f436b6fdc3122eb5b9e8c1f
train,cancer,Lung MRI (871).png,train__Lung MRI (871).png,..\dataset_split\train\cancer\train__Lung MRI (871).png,24c8fe8ae5171f9595b1f3c413c41c66
train,no_cancer,LUNG MRI-NC (717).png,train__LUNG MRI-NC (717).png,..\dataset_split\train\no_cancer\train__LUNG MRI-NC (717).png,66310795d7abcd2b4ef1d838c4c2d77f
train,no_cancer,LUNG MRI-NC (672).png,train__LUNG MRI-NC (672).png,..\dataset_split\train\no_cancer\train__LUNG MRI-NC (672).png,fc4c4b0adb53bd036a2aee9d293b0c40
train,no_cancer,LUNG MRI-NC (1079).png,train__LUNG MRI-NC (1079).png,..\dataset_split\train\no_cancer\train__LUNG MRI-NC (1079).png,34762d6ac3c57b987adc34889de47fd7
train,cancer,Lung MRI (1469).png,validate__Lung MRI (1469).png,..\dataset_split\train\cancer\validate__Lung MRI (1469).png,47e629544056895cab6aa7faf0ea4bd4
train,cancer,Lung MRI (923).png,train__Lung MRI (923).png,..\dataset_split\train\cancer\train__Lung MRI (923).png,df8d3cc568f5346f0fa640badd19d054
train,no_cancer,LUNG MRI-NC (83).png,train__LUNG MRI-NC (83).png,..\dataset_split\train\no_cancer\train__LUNG MRI-NC (83).png,bb347bcc4a45a2491700d6dee3249ad8
train,cancer,Lung MRI (1020).png,train__Lung MRI (1020).png,..\dataset_split\train\cancer\train__Lung MRI (1020).png,3169a2065cdb25614754605cd6466635
train,no_cancer,LUNG MRI NC (394).png,validate__LUNG MRI NC (394).png,..\dataset_split\train\no_cancer\validate__LUNG MRI NC (394).png,bf73dc2657a53afcbf5dce9330c688d2
train,cancer,Lung MRI (956).png,train__Lung MRI (956).png,..\dataset_split\train\cancer\train__Lung MRI (956).png,9d3880418a181ef2826bdc7b03068dee
train,no_cancer,LUNG MRI-NC (770).png,train__LUNG MRI-NC (770).png,..\dataset_split\train\no_cancer\train__LUNG MRI-NC (770).png,f6e708d1a5183885b152670cbafa2b9f
train,no_cancer,LUNG MRI-NC (620).png,train__LUNG MRI-NC (620).png,..\dataset_split\train\no_cancer\train__LUNG MRI-NC (620).png,3613f86e6e24c1f3cf7e4b0caf18eeb9
train,no_cancer,LUNG MRI-NC (605).png,train__LUNG MRI-NC (605).png,..\dataset_split\train\no_cancer\train__LUNG MRI-NC (605).png,6ca208266cfe48ff246f2a303402066b
train,no_cancer,LUNG MRI-NC (143).png,train__LUNG MRI-NC (143).png,..\dataset_split\train\no_cancer\train__LUNG MRI-NC (143).png,8ce20fa7aed67a5c468edaa7046a23a6
train,cancer,Lung MRI (214).png,train__Lung MRI (214).png,..\dataset_split\train\cancer\train__Lung MRI (214).png,fcd7286d2b21d8c350c5f3e5d83ba740
train,no_cancer,LUNG MRI NC (410).png,validate__LUNG MRI NC (410).png,..\dataset_split\train\no_cancer\validate__LUNG MRI NC (410).png,9a147df2abbd78e505ed9f556d10bf6d
train,cancer,Lung MRI (660).png,train__Lung MRI (660).png,..\dataset_split\train\cancer\train__Lung MRI (660).png,f9f893ffd41e688830fa63f898be73cb
train,no_cancer,LUNG MRI-NC (563).png,train__LUNG MRI-NC (563).png,..\dataset_split\train\no_cancer\train__LUNG MRI-NC (563).png,0a45097faaf277fff290503f3a679d3d
train,cancer,Lung MRI (842).png,train__Lung MRI (842).png,..\dataset_split\train\cancer\train__Lung MRI (842).png,a017ddd4fcb14573394c13194df51b52
train,cancer,Lung MRI (777).png,train__Lung MRI (777).png,..\dataset_split\train\cancer\train__Lung MRI (777).png,69402debc192b92836d92149b2a3df5e
train,no_cancer,LUNG MRI-NC (966).png,train__LUNG MRI-NC (966).png,..\dataset_split\train\no_cancer\train__LUNG MRI-NC (966).png,e4a8879213422dd1f720e7f3f70511ab
train,cancer,Lung MRI (862).png,train__Lung MRI (862).png,..\dataset_split\train\cancer\train__Lung MRI (862).png,30e7efe4a951fbc628c21cb44e8e7ba3
train,no_cancer,LUNG MRI-NC (177).png,train__LUNG MRI-NC (177).png,..\dataset_split\train\no_cancer\train__LUNG MRI-NC (177).png,5659e37e9427ff3e944b7a311e80215c
train,no_cancer,LUNG MRI-NC (1029).png,train__LUNG MRI-NC (1029).png,..\dataset_split\train\no_cancer\train__LUNG MRI-NC (1029).png,ff3204fb39c2c4fce70d7490add2284c
train,cancer,Lung MRI (1473).png,validate__Lung MRI (1473).png,..\dataset_split\train\cancer\validate__Lung MRI (1473).png,1ae9495ddfe487895b6bdc1fbe7db540
train,cancer,Lung MRI (326).png,train__Lung MRI (326).png,..\dataset_split\train\cancer\train__Lung MRI (326).png,077f53461f5defac548be6c92cf1bdd9
train,cancer,Lung MRI (722).png,train__Lung MRI (722).png,..\dataset_split\train\cancer\train__Lung MRI (722).png,00f9c64e7ede4e7309de6a22c04a3036
train,no_cancer,LUNG MRI-NC (667).png,train__LUNG MRI-NC (667).png,..\dataset_split\train\no_cancer\train__LUNG MRI-NC (667).png,71482c44c3257960481cb2e609c3af1c
train,cancer,Lung MRI (942).png,train__Lung MRI (942).png,..\dataset_split\train\cancer\train__Lung MRI (942).png,f3e4d4a31ebbd06b48a83a20365e13c7
train,no_cancer,LUNG MRI-NC (195).png,train__LUNG MRI-NC (195).png,..\dataset_split\train\no_cancer\train__LUNG MRI-NC (195).png,e73a51b0f5e774eb89911a8567126340
train,cancer,Lung MRI (516).png,train__Lung MRI (516).png,..\dataset_split\train\cancer\train__Lung MRI (516).png,ffc486cda74912a4a0ae9e17c9fc0525
train,no_cancer,LUNG MRI-NC (90).png,train__LUNG MRI-NC (90).png,..\dataset_split\train\no_cancer\train__LUNG MRI-NC (90).png,2c5defd4cc4153c4354ecbd5c22427c0
train,cancer,Lung MRI (373).png,train__Lung MRI (373).png,..\dataset_split\train\cancer\train__Lung MRI (373).png,ec251beb0771666475b418d045c838d4
train,no_cancer,LUNG MRI NC (275).png,validate__LUNG MRI NC (275).png,..\dataset_split\train\no_cancer\validate__LUNG MRI NC (275).png,a22c503848d05322ff5dc87efc4c592b
train,cancer,Lung MRI (274).png,train__Lung MRI (274).png,..\dataset_split\train\cancer\train__Lung MRI (274).png,b106084bef75b0c75e3fb3f219724be5
train,cancer,Lung MRI (1449).png,validate__Lung MRI (1449).png,..\dataset_split\train\cancer\validate__Lung MRI (1449).png,f7ec12be9ea431d7e33b8a2cac1f0477
train,cancer,Lung MRI (812).png,train__Lung MRI (812).png,..\dataset_split\train\cancer\train__Lung MRI (812).png,6ecfadf959193d17b514b3bec63e0070
train,no_cancer,LUNG MRI-NC (532).png,train__LUNG MRI-NC (532).png,..\dataset_split\train\no_cancer\train__LUNG MRI-NC (532).png,49f18a6595e6861a317a6b7fed201013
train,no_cancer,LUNG MRI-NC (1014).png,train__LUNG MRI-NC (1014).png,..\dataset_split\train\no_cancer\train__LUNG MRI-NC (1014).png,60eff203baea3d280c14cbe94d0f5292
train,no_cancer,LUNG MRI-NC (28).png,train__LUNG MRI-NC (28).png,..\dataset_split\train\no_cancer\train__LUNG MRI-NC (28).png,f77779ab65117ce53cda693e42011d13
train,no_cancer,LUNG MRI NC (133).png,validate__LUNG MRI NC (133).png,..\dataset_split\train\no_cancer\validate__LUNG MRI NC (133).png,4e97c7886d6fbb6cbae815ce048ee651
train,no_cancer,LUNG MRI-NC (843).png,train__LUNG MRI-NC (843).png,..\dataset_split\train\no_cancer\train__LUNG MRI-NC (843).png,2e5a7f1517d0f1bd67c75f1914a9624b
train,no_cancer,LUNG MRI-NC (219).png,train__LUNG MRI-NC (219).png,..\dataset_split\train\no_cancer\train__LUNG MRI-NC (219).png,35abb6e302b0bce704ca39999331812e
train,no_cancer,LUNG MRI-NC (77).png,train__LUNG MRI-NC (77).png,..\dataset_split\train\no_cancer\train__LUNG MRI-NC (77).png,7dc1378e6e85d12e2a6ef4491f9a0155
train,cancer,Lung MRI (1026).png,train__Lung MRI (1026).png,..\dataset_split\train\cancer\train__Lung MRI (1026).png,7c34953c76b55866bbe6c3a150fe57aa
train,no_cancer,LUNG MRI-NC (402).png,train__LUNG MRI-NC (402).png,..\dataset_split\train\no_cancer\train__LUNG MRI-NC (402).png,633df7b01a34c580c9cc8572cb8a2df3
train,no_cancer,LUNG MRI-NC (1271).png,train__LUNG MRI-NC (1271).png,..\dataset_split\train\no_cancer\train__LUNG MRI-NC (1271).png,60be51f9df126de0e853b4ca92de9dcb
train,no_cancer,LUNG MRI-NC (335).png,train__LUNG MRI-NC (335).png,..\dataset_split\train\no_cancer\train__LUNG MRI-NC (335).png,4a34c7b466d83042bde766df5f204bae
train,no_cancer,LUNG MRI-NC (353).png,train__LUNG MRI-NC (353).png,..\dataset_split\train\no_cancer\train__LUNG MRI-NC (353).png,0e660288a0617ca10d9c2dbd00a306e2
train,no_cancer,LUNG MRI-NC (164).png,train__LUNG MRI-NC (164).png,..\dataset_split\train\no_cancer\train__LUNG MRI-NC (164).png,d556b47faff61a401a401806f07a277b
train,cancer,Lung MRI (1440).png,validate__Lung MRI (1440).png,..\dataset_split\train\cancer\validate__Lung MRI (1440).png,f92fdb24fe7fa1a37d11379fa0ad1928
train,cancer,Lung MRI (849).png,train__Lung MRI (849).png,..\dataset_split\train\cancer\train__Lung MRI (849).png,d8b807497004b18a70db43ee48bf9164
train,no_cancer,LUNG MRI-NC (445).png,train__LUNG MRI-NC (445).png,..\dataset_split\train\no_cancer\train__LUNG MRI-NC (445).png,f958875caa4ef4d94320270fb03ea421
train,no_cancer,LUNG MRI NC (100).png,validate__LUNG MRI NC (100).png,..\dataset_split\train\no_cancer\validate__LUNG MRI NC (100).png,534736115d92497fd422f13aa12ce7ed
train,no_cancer,LUNG MRI-NC (446).png,train__LUNG MRI-NC (446).png,..\dataset_split\train\no_cancer\train__LUNG MRI-NC (446).png,7fa3f21c216f6456e22fb0dadb509cd2
train,no_cancer,LUNG MRI-NC (485).png,train__LUNG MRI-NC (485).png,..\dataset_split\train\no_cancer\train__LUNG MRI-NC (485).png,1c2dff52c89cde5628e219d918df8d18
train,no_cancer,LUNG MRI-NC (897).png,train__LUNG MRI-NC (897).png,..\dataset_split\train\no_cancer\train__LUNG MRI-NC (897).png,3703c0051ff247df3b401a65aa962230
train,no_cancer,LUNG MRI-NC (492).png,train__LUNG MRI-NC (492).png,..\dataset_split\train\no_cancer\train__LUNG MRI-NC (492).png,b4145b8e4700bd84d1047b59813ad9ef
train,cancer,Lung MRI (941).png,train__Lung MRI (941).png,..\dataset_split\train\cancer\train__Lung MRI (941).png,100e7969ba4b0810edba6deb92f54255
train,cancer,Lung MRI (661).png,train__Lung MRI (661).png,..\dataset_split\train\cancer\train__Lung MRI (661).png,e0f100485928ef28e3f108eedf2e680b
train,cancer,Lung MRI (287).png,train__Lung MRI (287).png,..\dataset_split\train\cancer\train__Lung MRI (287).png,d7335ac00e8d24eb05f42ac2036a8337
train,no_cancer,LUNG MRI-NC (533).png,train__LUNG MRI-NC (533).png,..\dataset_split\train\no_cancer\train__LUNG MRI-NC (533).png,9824190d2d7c5cf0a4b873e4619f90d6
train,cancer,Lung MRI (426).png,train__Lung MRI (426).png,..\dataset_split\train\cancer\train__Lung MRI (426).png,37e7c8cc6232a6cbfddf9a77c911a8c3
train,cancer,Lung MRI (877).png,train__Lung MRI (877).png,..\dataset_split\train\cancer\train__Lung MRI (877).png,8a3695b6a3d7902e0e59a42a4e4d1db0
train,no_cancer,LUNG MRI NC (479).png,validate__LUNG MRI NC (479).png,..\dataset_split\train\no_cancer\validate__LUNG MRI NC (479).png,c7bbd769bf1fa2dc1cf7610cde37e867
train,no_cancer,LUNG MRI NC (161).png,validate__LUNG MRI NC (161).png,..\dataset_split\train\no_cancer\validate__LUNG MRI NC (161).png,08a393cd63d67104ed401a065815a40d
train,cancer,Lung MRI (699).png,train__Lung MRI (699).png,..\dataset_split\train\cancer\train__Lung MRI (699).png,b1dc3b0f663abbb6f5903686e96d21ed
train,no_cancer,LUNG MRI-NC (642).png,train__LUNG MRI-NC (642).png,..\dataset_split\train\no_cancer\train__LUNG MRI-NC (642).png,1ea550e2f1fbd0d17afdeca759bd93d6
train,no_cancer,LUNG MRI-NC (56).png,train__LUNG MRI-NC (56).png,..\dataset_split\train\no_cancer\train__LUNG MRI-NC (56).png,e814a500b90473498c227664b55c139c
train,cancer,Lung MRI (367).png,train__Lung MRI (367).png,..\dataset_split\train\cancer\train__Lung MRI (367).png,6583862b0666ea8a2f7b457f7917bb8b
train,no_cancer,LUNG MRI-NC (37).png,train__LUNG MRI-NC (37).png,..\dataset_split\train\no_cancer\train__LUNG MRI-NC (37).png,036e19ec99418318c4fa38b98f3632a8
train,no_cancer,LUNG MRI NC (265).png,validate__LUNG MRI NC (265).png,..\dataset_split\train\no_cancer\validate__LUNG MRI NC (265).png,8421f519ee033cbc1066fca2bcf0892a
train,no_cancer,LUNG MRI-NC (128).png,train__LUNG MRI-NC (128).png,..\dataset_split\train\no_cancer\train__LUNG MRI-NC (128).png,1a7c8ba4f82e2de448f54f93658a8ffb
train,cancer,Lung MRI (166).png,train__Lung MRI (166).png,..\dataset_split\train\cancer\train__Lung MRI (166).png,e6cebe0d998641298a2a1668e262b54f
train,no_cancer,LUNG MRI NC (262).png,validate__LUNG MRI NC (262).png,..\dataset_split\train\no_cancer\validate__LUNG MRI NC (262).png,44a0b741b0372910bbedc523a0fd7eca
train,no_cancer,LUNG MRI-NC (1172).png,train__LUNG MRI-NC (1172).png,..\dataset_split\train\no_cancer\train__LUNG MRI-NC (1172).png,0d0bf6bde4fb0d548033689b6f0c569d
train,no_cancer,LUNG MRI-NC (122).png,train__LUNG MRI-NC (122).png,..\dataset_split\train\no_cancer\train__LUNG MRI-NC (122).png,89b06828d86e295c6d6ef218e1a6a7bd
train,no_cancer,LUNG MRI-NC (415).png,train__LUNG MRI-NC (415).png,..\dataset_split\train\no_cancer\train__LUNG MRI-NC (415).png,d4f483e38058c82e271fa98e56c6dd8c
train,no_cancer,LUNG MRI NC (183).png,validate__LUNG MRI NC (183).png,..\dataset_split\train\no_cancer\validate__LUNG MRI NC (183).png,af6b1a5539992bc7b0d9f62178af0394
train,cancer,Lung MRI (31).png,train__Lung MRI (31).png,..\dataset_split\train\cancer\train__Lung MRI (31).png,c48b6b21c9f11eae09286e52184e39b1
train,no_cancer,LUNG MRI NC (250).png,validate__LUNG MRI NC (250).png,..\dataset_split\train\no_cancer\validate__LUNG MRI NC (250).png,aa471bf2efacc14391cd124419e04562
train,cancer,Lung MRI (587).png,train__Lung MRI (587).png,..\dataset_split\train\cancer\train__Lung MRI (587).png,785a846d364825621787ee8b4f0da922
train,no_cancer,LUNG MRI-NC (42).png,train__LUNG MRI-NC (42).png,..\dataset_split\train\no_cancer\train__LUNG MRI-NC (42).png,01f7636210125c5af1dc4aa0e234b1cd
train,no_cancer,LUNG MRI-NC (1150).png,train__LUNG MRI-NC (1150).png,..\dataset_split\train\no_cancer\train__LUNG MRI-NC (1150).png,18a1da898789a32d657ced6c86aab8b2
train,no_cancer,LUNG MRI-NC (1050).png,train__LUNG MRI-NC (1050).png,..\dataset_split\train\no_cancer\train__LUNG MRI-NC (1050).png,b1eeb836d4c4c6d64d0c0400ba4fc816
train,cancer,Lung MRI (1484).png,validate__Lung MRI (1484).png,..\dataset_split\train\cancer\validate__Lung MRI (1484).png,4813c56267859818ad76cb7951008e46
train,no_cancer,LUNG MRI-NC (75).png,train__LUNG MRI-NC (75).png,..\dataset_split\train\no_cancer\train__LUNG MRI-NC (75).png,93099decf9a571799da36a3eff5ca019
train,no_cancer,LUNG MRI NC (365).png,validate__LUNG MRI NC (365).png,..\dataset_split\train\no_cancer\validate__LUNG MRI NC (365).png,b112ef01a4fdb62d9fa0adc5a7be3826
train,no_cancer,LUNG MRI NC (434).png,validate__LUNG MRI NC (434).png,..\dataset_split\train\no_cancer\validate__LUNG MRI NC (434).png,fa66e8a5e5b6f82a0ce1ea73b09e5998
train,no_cancer,LUNG MRI-NC (870).png,train__LUNG MRI-NC (870).png,..\dataset_split\train\no_cancer\train__LUNG MRI-NC (870).png,988078e4af10ce01acd5e0a3c7adca5a
train,cancer,Lung MRI (1061).png,train__Lung MRI (1061).png,..\dataset_split\train\cancer\train__Lung MRI (1061).png,541a91803a7d2e3fecc754e9562f2439
train,no_cancer,LUNG MRI NC (353).png,validate__LUNG MRI NC (353).png,..\dataset_split\train\no_cancer\validate__LUNG MRI NC (353).png,b29478c2955b10f15025f63c9fc830e6
train,no_cancer,LUNG MRI-NC (1077).png,train__LUNG MRI-NC (1077).png,..\dataset_split\train\no_cancer\train__LUNG MRI-NC (1077).png,60a71d7b2dd9b3de3048472e7fb77e7e
train,no_cancer,LUNG MRI-NC (113).png,train__LUNG MRI-NC (113).png,..\dataset_split\train\no_cancer\train__LUNG MRI-NC (113).png,53a05feef9a1b8b9b0cdd722a435007c
train,cancer,Lung MRI (83).png,train__Lung MRI (83).png,..\dataset_split\train\cancer\train__Lung MRI (83).png,6c3acc05fa2d57c49f0bd087312fdc10
train,no_cancer,LUNG MRI-NC (846).png,train__LUNG MRI-NC (846).png,..\dataset_split\train\no_cancer\train__LUNG MRI-NC (846).png,d7f9b5f61fe1f047c1c3b68acc12650c
train,no_cancer,LUNG MRI-NC (1111).png,train__LUNG MRI-NC (1111).png,..\dataset_split\train\no_cancer\train__LUNG MRI-NC (1111).png,40032fb0309545ccca1d882be25c0beb
train,no_cancer,LUNG MRI NC (401).png,validate__LUNG MRI NC (401).png,..\dataset_split\train\no_cancer\validate__LUNG MRI NC (401).png,0fbbf92f8313e260cfbc2243ca4b9f52
train,cancer,Lung MRI (69).png,train__Lung MRI (69).png,..\dataset_split\train\cancer\train__Lung MRI (69).png,28f4672031d503a7bf3f128ce328eeea
train,cancer,Lung MRI (929).png,train__Lung MRI (929).png,..\dataset_split\train\cancer\train__Lung MRI (929).png,8a781c74da5cedbd1b84aca056bb9f87
train,no_cancer,LUNG MRI-NC (151).png,train__LUNG MRI-NC (151).png,..\dataset_split\train\no_cancer\train__LUNG MRI-NC (151).png,7aca1285542fcb7f640a14fe8dc7e607
train,cancer,Lung MRI (626).png,train__Lung MRI (626).png,..\dataset_split\train\cancer\train__Lung MRI (626).png,285a7c939e87562e1feaa76055980693
train,no_cancer,LUNG MRI-NC (956).png,train__LUNG MRI-NC (956).png,..\dataset_split\train\no_cancer\train__LUNG MRI-NC (956).png,32fd7521639ca4922627a16d5692a52e
train,cancer,Lung MRI (418).png,train__Lung MRI (418).png,..\dataset_split\train\cancer\train__Lung MRI (418).png,0c92f6040438e9464a0050f5e932d201
train,cancer,Lung MRI (47).png,train__Lung MRI (47).png,..\dataset_split\train\cancer\train__Lung MRI (47).png,1f482d65e6968742b4791a2ae186de0e
train,no_cancer,LUNG MRI NC (413).png,validate__LUNG MRI NC (413).png,..\dataset_split\train\no_cancer\validate__LUNG MRI NC (413).png,f86c7598dd097289df10116293c82423
train,no_cancer,LUNG MRI-NC (871).png,train__LUNG MRI-NC (871).png,..\dataset_split\train\no_cancer\train__LUNG MRI-NC (871).png,185806ec46e08e3c736a2114413448f7
train,no_cancer,LUNG MRI-NC (1204).png,train__LUNG MRI-NC (1204).png,..\dataset_split\train\no_cancer\train__LUNG MRI-NC (1204).png,abea586e83741e3ac6b9193da3262e56
train,no_cancer,LUNG MRI-NC (947).png,train__LUNG MRI-NC (947).png,..\dataset_split\train\no_cancer\train__LUNG MRI-NC (947).png,a29fdad1155c761ce35895e1792e8a31
train,no_cancer,LUNG MRI-NC (286).png,train__LUNG MRI-NC (286).png,..\dataset_split\train\no_cancer\train__LUNG MRI-NC (286).png,1d6898b0ef8af109cda52511d1fdc257
train,cancer,Lung MRI (1077).png,train__Lung MRI (1077).png,..\dataset_split\train\cancer\train__Lung MRI (1077).png,dd78a267a43539905c9e6080ea355a6c
train,no_cancer,LUNG MRI-NC (537).png,train__LUNG MRI-NC (537).png,..\dataset_split\train\no_cancer\train__LUNG MRI-NC (537).png,fd817c3342666b9ef370679f6e6b64bd
train,no_cancer,LUNG MRI-NC (1019).png,train__LUNG MRI-NC (1019).png,..\dataset_split\train\no_cancer\train__LUNG MRI-NC (1019).png,78d2a1a12641c7d70c7346ea82244272
train,no_cancer,LUNG MRI-NC (540).png,train__LUNG MRI-NC (540).png,..\dataset_split\train\no_cancer\train__LUNG MRI-NC (540).png,b248437e6e3418d265c25d8100c61a93
train,cancer,Lung MRI (1116).png,train__Lung MRI (1116).png,..\dataset_split\train\cancer\train__Lung MRI (1116).png,5de4f3cbc450dc27fb280d3de63047c1
train,no_cancer,LUNG MRI-NC (434).png,train__LUNG MRI-NC (434).png,..\dataset_split\train\no_cancer\train__LUNG MRI-NC (434).png,c2345e3908202dbe19dea1fd18fb050d
train,no_cancer,LUNG MRI-NC (375).png,train__LUNG MRI-NC (375).png,..\dataset_split\train\no_cancer\train__LUNG MRI-NC (375).png,c63db71feafc54032a8ac0d7208b7baf
train,cancer,Lung MRI (1076).png,train__Lung MRI (1076).png,..\dataset_split\train\cancer\train__Lung MRI (1076).png,e2d8c945806df0e247f9d0a6d3118865
train,no_cancer,LUNG MRI NC (447).png,validate__LUNG MRI NC (447).png,..\dataset_split\train\no_cancer\validate__LUNG MRI NC (447).png,1800fb3c2e9289b40000e92ddc9a61d1
train,cancer,Lung MRI (1170).png,validate__Lung MRI (1170).png,..\dataset_split\train\cancer\validate__Lung MRI (1170).png,034358467a23bd802725d55c00bdd706
train,cancer,Lung MRI (377).png,train__Lung MRI (377).png,..\dataset_split\train\cancer\train__Lung MRI (377).png,aeb3953295b00a6b04f25dac71bbd71e
train,no_cancer,LUNG MRI-NC (910).png,train__LUNG MRI-NC (910).png,..\dataset_split\train\no_cancer\train__LUNG MRI-NC (910).png,4d5430506dd85b13d21cae9528cfc5f8
train,no_cancer,LUNG MRI-NC (584).png,train__LUNG MRI-NC (584).png,..\dataset_split\train\no_cancer\train__LUNG MRI-NC (584).png,81193450539449b7e8f4a67706f094e8
train,cancer,Lung MRI (134).png,train__Lung MRI (134).png,..\dataset_split\train\cancer\train__Lung MRI (134).png,a2402052993ea421fca16fdd044afc21
train,cancer,Lung MRI (71).png,train__Lung MRI (71).png,..\dataset_split\train\cancer\train__Lung MRI (71).png,ab1893476b9870da3a0d3adc2b8fc9a7
train,no_cancer,LUNG MRI-NC (278).png,train__LUNG MRI-NC (278).png,..\dataset_split\train\no_cancer\train__LUNG MRI-NC (278).png,742953cbe1728a1eb2b545882980957e
train,no_cancer,LUNG MRI-NC (530).png,train__LUNG MRI-NC (530).png,..\dataset_split\train\no_cancer\train__LUNG MRI-NC (530).png,f2a1f74c702dfa4b75b460d424aa65b3
train,cancer,Lung MRI (188).png,train__Lung MRI (188).png,..\dataset_split\train\cancer\train__Lung MRI (188).png,f8b091fe6f9ab1c0193412e6c99c3d24
train,cancer,Lung MRI (398).png,train__Lung MRI (398).png,..\dataset_split\train\cancer\train__Lung MRI (398).png,c765e883d1182281c2e1e7065da871f0
train,no_cancer,LUNG MRI-NC (270).png,train__LUNG MRI-NC (270).png,..\dataset_split\train\no_cancer\train__LUNG MRI-NC (270).png,7c80874793cfc631a74711193c0d9d22
train,cancer,Lung MRI (646).png,train__Lung MRI (646).png,..\dataset_split\train\cancer\train__Lung MRI (646).png,7f09aea15bdd7ff9ae8bf20307458a33
train,cancer,Lung MRI (1).png,train__Lung MRI (1).png,..\dataset_split\train\cancer\train__Lung MRI (1).png,22e2877d3a8ce7c8379cb7726c4757d6
train,cancer,Lung MRI (658).png,train__Lung MRI (658).png,..\dataset_split\train\cancer\train__Lung MRI (658).png,494cf62fa688bd79234a361a30fafce7
train,cancer,Lung MRI (1450).png,validate__Lung MRI (1450).png,..\dataset_split\train\cancer\validate__Lung MRI (1450).png,c4ef80be633bd04bebfed09350c20ef6
train,no_cancer,LUNG MRI-NC (1093).png,train__LUNG MRI-NC (1093).png,..\dataset_split\train\no_cancer\train__LUNG MRI-NC (1093).png,c26fcbc71f27226b1c7cb114bbade995
train,cancer,Lung MRI (155).png,train__Lung MRI (155).png,..\dataset_split\train\cancer\train__Lung MRI (155).png,760a1f68198b09e4acb0410a8ca43b82
train,cancer,Lung MRI (1064).png,train__Lung MRI (1064).png,..\dataset_split\train\cancer\train__Lung MRI (1064).png,38a563c275770146d58744d469511772
train,no_cancer,LUNG MRI-NC (599).png,train__LUNG MRI-NC (599).png,..\dataset_split\train\no_cancer\train__LUNG MRI-NC (599).png,f53e32530ab533a04e14f97c53803870
train,cancer,Lung MRI (186).png,train__Lung MRI (186).png,..\dataset_split\train\cancer\train__Lung MRI (186).png,bd8dfb3f30fc74e3f58ed12ac3879b11
train,cancer,Lung MRI (475).png,train__Lung MRI (475).png,..\dataset_split\train\cancer\train__Lung MRI (475).png,25af622c39406e1461780e51cec87ac7
train,no_cancer,LUNG MRI-NC (970).png,train__LUNG MRI-NC (970).png,..\dataset_split\train\no_cancer\train__LUNG MRI-NC (970).png,efc55c46f8f1750ba0fe5a47e23db323
train,no_cancer,LUNG MRI-NC (953).png,train__LUNG MRI-NC (953).png,..\dataset_split\train\no_cancer\train__LUNG MRI-NC (953).png,0f4c668216adb1da30475ec8ad6db70f
train,no_cancer,LUNG MRI NC (239).png,validate__LUNG MRI NC (239).png,..\dataset_split\train\no_cancer\validate__LUNG MRI NC (239).png,8663c61ea5626349d0c4678769aa779a
train,no_cancer,LUNG MRI-NC (419).png,train__LUNG MRI-NC (419).png,..\dataset_split\train\no_cancer\train__LUNG MRI-NC (419).png,3940f7684537cc8813c301b3c591b01b
train,no_cancer,LUNG MRI-NC (328).png,train__LUNG MRI-NC (328).png,..\dataset_split\train\no_cancer\train__LUNG MRI-NC (328).png,8eaac0c9a9f173c135df3bae117415f6
train,no_cancer,LUNG MRI NC (78).png,validate__LUNG MRI NC (78).png,..\dataset_split\train\no_cancer\validate__LUNG MRI NC (78).png,d3c4065f78eebbfd91e98ab2dd8cdacc
train,no_cancer,LUNG MRI-NC (969).png,train__LUNG MRI-NC (969).png,..\dataset_split\train\no_cancer\train__LUNG MRI-NC (969).png,cb181a5eee9df89f23ae699c2714b2da
train,no_cancer,LUNG MRI-NC (162).png,train__LUNG MRI-NC (162).png,..\dataset_split\train\no_cancer\train__LUNG MRI-NC (162).png,2d597db35dcb1b91b3123ffc910e6c17
train,no_cancer,LUNG MRI-NC (776).png,train__LUNG MRI-NC (776).png,..\dataset_split\train\no_cancer\train__LUNG MRI-NC (776).png,f809eb3782af8d4405fcc59458dd61d7
train,cancer,Lung MRI (55).png,train__Lung MRI (55).png,..\dataset_split\train\cancer\train__Lung MRI (55).png,f4358feb8a1e8b9498cc52481cbeb19d
train,cancer,Lung MRI (438).png,train__Lung MRI (438).png,..\dataset_split\train\cancer\train__Lung MRI (438).png,cde162cd911805de008c10462f05bb28
train,no_cancer,LUNG MRI-NC (207).png,train__LUNG MRI-NC (207).png,..\dataset_split\train\no_cancer\train__LUNG MRI-NC (207).png,07da9bc0f5d0127f6d5c34101ec3e302
train,no_cancer,LUNG MRI-NC (922).png,train__LUNG MRI-NC (922).png,..\dataset_split\train\no_cancer\train__LUNG MRI-NC (922).png,6f7dc363d72708c245cf45f6f05366fd
train,no_cancer,LUNG MRI-NC (1164).png,train__LUNG MRI-NC (1164).png,..\dataset_split\train\no_cancer\train__LUNG MRI-NC (1164).png,10195b67913bdf3a7ba87b5e8b310358
train,cancer,Lung MRI (1435).png,validate__Lung MRI (1435).png,..\dataset_split\train\cancer\validate__Lung MRI (1435).png,609cd441734643fc1e4f276805ba7a4c
train,no_cancer,LUNG MRI-NC (579).png,train__LUNG MRI-NC (579).png,..\dataset_split\train\no_cancer\train__LUNG MRI-NC (579).png,27f1c794655cf2f0bc32650c925ce29f
train,no_cancer,LUNG MRI-NC (520).png,train__LUNG MRI-NC (520).png,..\dataset_split\train\no_cancer\train__LUNG MRI-NC (520).png,198be8bde90fd6f88e5823db4fb90b43
train,no_cancer,LUNG MRI-NC (284).png,train__LUNG MRI-NC (284).png,..\dataset_split\train\no_cancer\train__LUNG MRI-NC (284).png,05ed7634c4b011d4ce5803942675837f
train,no_cancer,LUNG MRI NC (260).png,validate__LUNG MRI NC (260).png,..\dataset_split\train\no_cancer\validate__LUNG MRI NC (260).png,f600c8a6a02d441eb6ab4668f2610386
train,no_cancer,LUNG MRI-NC (251).png,train__LUNG MRI-NC (251).png,..\dataset_split\train\no_cancer\train__LUNG MRI-NC (251).png,3669da8977255447e36f975616f81237
train,no_cancer,LUNG MRI NC (200).png,validate__LUNG MRI NC (200).png,..\dataset_split\train\no_cancer\validate__LUNG MRI NC (200).png,f556f2999f69d36fd80526f6614b615d
train,no_cancer,LUNG MRI NC (143).png,validate__LUNG MRI NC (143).png,..\dataset_split\train\no_cancer\validate__LUNG MRI NC (143).png,aab477d65e468d4ff56db2ee4dcaafc8
train,no_cancer,LUNG MRI NC (261).png,validate__LUNG MRI NC (261).png,..\dataset_split\train\no_cancer\validate__LUNG MRI NC (261).png,d51c9ce0a9c215a9c54323ea83f1c64f
train,no_cancer,LUNG MRI-NC (738).png,train__LUNG MRI-NC (738).png,..\dataset_split\train\no_cancer\train__LUNG MRI-NC (738).png,211063778986101f9872a88f273f7834
train,cancer,Lung MRI (454).png,train__Lung MRI (454).png,..\dataset_split\train\cancer\train__Lung MRI (454).png,ed5fc27e10d58264fd35542d0de5189e
train,no_cancer,LUNG MRI-NC (1121).png,train__LUNG MRI-NC (1121).png,..\dataset_split\train\no_cancer\train__LUNG MRI-NC (1121).png,86b6520b7e683c2aa23a8a5e4237e9f0
train,cancer,Lung MRI (839).png,train__Lung MRI (839).png,..\dataset_split\train\cancer\train__Lung MRI (839).png,451ba259ab99db1ec3b28ef9fb6fd75b
train,no_cancer,LUNG MRI-NC (727).png,train__LUNG MRI-NC (727).png,..\dataset_split\train\no_cancer\train__LUNG MRI-NC (727).png,150f456034e9415761f06b8a8806195e
train,no_cancer,LUNG MRI-NC (617).png,train__LUNG MRI-NC (617).png,..\dataset_split\train\no_cancer\train__LUNG MRI-NC (617).png,c9c11f2d8b521c8954f25b9c3dadb1b4
train,no_cancer,LUNG MRI NC (463).png,validate__LUNG MRI NC (463).png,..\dataset_split\train\no_cancer\validate__LUNG MRI NC (463).png,06521d7ae3f37495a2228e3e9dd49235
train,no_cancer,LUNG MRI-NC (591).png,train__LUNG MRI-NC (591).png,..\dataset_split\train\no_cancer\train__LUNG MRI-NC (591).png,c280c4a10da87a2f128686bb4a0ff1fc
train,cancer,Lung MRI (530).png,train__Lung MRI (530).png,..\dataset_split\train\cancer\train__Lung MRI (530).png,fc33df7e9af89ff93f8db8f93221113c
train,no_cancer,LUNG MRI NC (442).png,validate__LUNG MRI NC (442).png,..\dataset_split\train\no_cancer\validate__LUNG MRI NC (442).png,8f27826f81c76793156422a024a8017f
train,no_cancer,LUNG MRI-NC (541).png,train__LUNG MRI-NC (541).png,..\dataset_split\train\no_cancer\train__LUNG MRI-NC (541).png,9eb68599fa5bf37ab89b0bfada52806b
train,cancer,Lung MRI (693).png,train__Lung MRI (693).png,..\dataset_split\train\cancer\train__Lung MRI (693).png,1d08d3b013480129c7aab0f696047971
train,cancer,Lung MRI (382).png,train__Lung MRI (382).png,..\dataset_split\train\cancer\train__Lung MRI (382).png,23e5d9c74cd1183116b8d995d860729b
train,no_cancer,LUNG MRI-NC (578).png,train__LUNG MRI-NC (578).png,..\dataset_split\train\no_cancer\train__LUNG MRI-NC (578).png,1648f121b93c86232e91c0ae1ac84e1e
train,no_cancer,LUNG MRI-NC (355).png,train__LUNG MRI-NC (355).png,..\dataset_split\train\no_cancer\train__LUNG MRI-NC (355).png,5a0465d9e7afdbf8bda69318f004fd64
train,cancer,Lung MRI (937).png,train__Lung MRI (937).png,..\dataset_split\train\cancer\train__Lung MRI (937).png,42c19c10160a5f575e10f2b67377957c
train,no_cancer,LUNG MRI-NC (173).png,train__LUNG MRI-NC (173).png,..\dataset_split\train\no_cancer\train__LUNG MRI-NC (173).png,2881477f8184c1a088b4f06de6787dc5
train,no_cancer,LUNG MRI-NC (1284).png,train__LUNG MRI-NC (1284).png,..\dataset_split\train\no_cancer\train__LUNG MRI-NC (1284).png,e5e0764759f3be8c46c13d9f33557de8
train,cancer,Lung MRI (268).png,train__Lung MRI (268).png,..\dataset_split\train\cancer\train__Lung MRI (268).png,aa42c119649bb64a8e784c6356a925ad
train,cancer,Lung MRI (76).png,train__Lung MRI (76).png,..\dataset_split\train\cancer\train__Lung MRI (76).png,3caec91b51ac5e6302832c508652590b
train,cancer,Lung MRI (681).png,train__Lung MRI (681).png,..\dataset_split\train\cancer\train__Lung MRI (681).png,828494921ad733c14d50f6828b45b3cb
train,no_cancer,LUNG MRI-NC (807).png,train__LUNG MRI-NC (807).png,..\dataset_split\train\no_cancer\train__LUNG MRI-NC (807).png,e5c3f79f6fc6a636e132f405e9e89dce
train,cancer,Lung MRI (1024).png,train__Lung MRI (1024).png,..\dataset_split\train\cancer\train__Lung MRI (1024).png,6549c739bbdf7268942c75736115e8f5
train,cancer,Lung MRI (680).png,train__Lung MRI (680).png,..\dataset_split\train\cancer\train__Lung MRI (680).png,25cc1b4a800d3d32c6523047f957c196
train,cancer,Lung MRI (303).png,train__Lung MRI (303).png,..\dataset_split\train\cancer\train__Lung MRI (303).png,bd529365effe155801057111a23967af
train,no_cancer,LUNG MRI NC (160).png,validate__LUNG MRI NC (160).png,..\dataset_split\train\no_cancer\validate__LUNG MRI NC (160).png,d62a3803e3374556b84f3785402f5cf6
train,cancer,Lung MRI (284).png,train__Lung MRI (284).png,..\dataset_split\train\cancer\train__Lung MRI (284).png,970dde1b2f0ab2d1902ca282433c5e5e
train,cancer,Lung MRI (90).png,train__Lung MRI (90).png,..\dataset_split\train\cancer\train__Lung MRI (90).png,dfd6664ca47d93da15d1abf29a4cb256
train,cancer,Lung MRI (11).png,train__Lung MRI (11).png,..\dataset_split\train\cancer\train__Lung MRI (11).png,3de59b37dd823d7b43488a684a402530
train,no_cancer,LUNG MRI-NC (385).png,train__LUNG MRI-NC (385).png,..\dataset_split\train\no_cancer\train__LUNG MRI-NC (385).png,e7ac5e24595bcee3ec02e6a50047d202
train,no_cancer,LUNG MRI-NC (708).png,train__LUNG MRI-NC (708).png,..\dataset_split\train\no_cancer\train__LUNG MRI-NC (708).png,ed91500a69e623b83d3cfc715f639272
train,cancer,Lung MRI (936).png,train__Lung MRI (936).png,..\dataset_split\train\cancer\train__Lung MRI (936).png,2e3d0e8ffd2c2504e6e6f2d5e08f0e37
train,cancer,Lung MRI (707).png,train__Lung MRI (707).png,..\dataset_split\train\cancer\train__Lung MRI (707).png,38993b513f498acc9870657bd510703f
train,cancer,Lung MRI (955).png,train__Lung MRI (955).png,..\dataset_split\train\cancer\train__Lung MRI (955).png,1d45314fcf320cbe02f3776fad37ac28
train,no_cancer,LUNG MRI-NC (1194).png,train__LUNG MRI-NC (1194).png,..\dataset_split\train\no_cancer\train__LUNG MRI-NC (1194).png,74b22fd14eb1495e9a92cbf94969e69d
train,cancer,Lung MRI (485).png,train__Lung MRI (485).png,..\dataset_split\train\cancer\train__Lung MRI (485).png,c95411dc93e6ccf458c00fc7b279f7fd
train,no_cancer,LUNG MRI-NC (420).png,train__LUNG MRI-NC (420).png,..\dataset_split\train\no_cancer\train__LUNG MRI-NC (420).png,389b271c8ecfc35e477a05e433040253
train,cancer,Lung MRI (362).png,train__Lung MRI (362).png,..\dataset_split\train\cancer\train__Lung MRI (362).png,9fb226aa69262a6d76b4e220f797494e
train,no_cancer,LUNG MRI-NC (508).png,train__LUNG MRI-NC (508).png,..\dataset_split\train\no_cancer\train__LUNG MRI-NC (508).png,61209a4738eb2c27f1553f27c8ae8302
train,cancer,Lung MRI (1007).png,train__Lung MRI (1007).png,..\dataset_split\train\cancer\train__Lung MRI (1007).png,86355e8b60c174828c9a781b4f084344
train,cancer,Lung MRI (874).png,train__Lung MRI (874).png,..\dataset_split\train\cancer\train__Lung MRI (874).png,1ae82aa10f7e0740a524b39906cd31c3
train,cancer,Lung MRI (1433).png,validate__Lung MRI (1433).png,..\dataset_split\train\cancer\validate__Lung MRI (1433).png,bc1ddd84bc9f6f00fe3ddc25d33f3280
train,no_cancer,LUNG MRI NC (176).png,validate__LUNG MRI NC (176).png,..\dataset_split\train\no_cancer\validate__LUNG MRI NC (176).png,8f4b16eabc4ec64fdac3d648aee9c7aa
train,no_cancer,LUNG MRI-NC (1015).png,train__LUNG MRI-NC (1015).png,..\dataset_split\train\no_cancer\train__LUNG MRI-NC (1015).png,70079986861bc0b12585ed3db1a8a508
train,no_cancer,LUNG MRI NC (315).png,validate__LUNG MRI NC (315).png,..\dataset_split\train\no_cancer\validate__LUNG MRI NC (315).png,701a654c3b3967334f88f645fe42ad35
train,cancer,Lung MRI (881).png,train__Lung MRI (881).png,..\dataset_split\train\cancer\train__Lung MRI (881).png,44240e9e9e7400426136747a17ce1e28
train,no_cancer,LUNG MRI-NC (51).png,train__LUNG MRI-NC (51).png,..\dataset_split\train\no_cancer\train__LUNG MRI-NC (51).png,feb26f48fa386a9d84eb1034da9fe8a3
train,cancer,Lung MRI (743).png,train__Lung MRI (743).png,..\dataset_split\train\cancer\train__Lung MRI (743).png,9761ac6fce774a8b793ac26581880a37
train,no_cancer,LUNG MRI NC (218).png,validate__LUNG MRI NC (218).png,..\dataset_split\train\no_cancer\validate__LUNG MRI NC (218).png,b3122efd4aedcf72484de4ccb95d566e
train,no_cancer,LUNG MRI-NC (371).png,train__LUNG MRI-NC (371).png,..\dataset_split\train\no_cancer\train__LUNG MRI-NC (371).png,0e5d8a692b4b541e416513a8a6646542
train,no_cancer,LUNG MRI-NC (1036).png,train__LUNG MRI-NC (1036).png,..\dataset_split\train\no_cancer\train__LUNG MRI-NC (1036).png,20e5190b533d7ead86c54179d9abd41e
train,no_cancer,LUNG MRI NC (339).png,validate__LUNG MRI NC (339).png,..\dataset_split\train\no_cancer\validate__LUNG MRI NC (339).png,85dec8384a20ee3e1895baf350bc4538
train,cancer,Lung MRI (879).png,train__Lung MRI (879).png,..\dataset_split\train\cancer\train__Lung MRI (879).png,162b16c0a99fcdbe4b70900a969acde3
train,no_cancer,LUNG MRI-NC (976).png,train__LUNG MRI-NC (976).png,..\dataset_split\train\no_cancer\train__LUNG MRI-NC (976).png,a65e253954a04b06f5b69637a13dcc93
train,cancer,Lung MRI (644).png,train__Lung MRI (644).png,..\dataset_split\train\cancer\train__Lung MRI (644).png,64e3ac4bbdf55b3d26fdc1dfd560319d
train,no_cancer,LUNG MRI-NC (1162).png,train__LUNG MRI-NC (1162).png,..\dataset_split\train\no_cancer\train__LUNG MRI-NC (1162).png,3113ee4bacd8ae9c069b6f51bfe03879
train,cancer,Lung MRI (909).png,train__Lung MRI (909).png,..\dataset_split\train\cancer\train__Lung MRI (909).png,6cf753c4eaebc5b8dd7bc4309773d849
train,cancer,Lung MRI (996).png,train__Lung MRI (996).png,..\dataset_split\train\cancer\train__Lung MRI (996).png,446d671002622e430ba0aa4aa6d56b28
train,no_cancer,LUNG MRI-NC (150).png,train__LUNG MRI-NC (150).png,..\dataset_split\train\no_cancer\train__LUNG MRI-NC (150).png,03c927fe6ae9f9700c8fb9f42aeb3e72
train,no_cancer,LUNG MRI NC (295).png,validate__LUNG MRI NC (295).png,..\dataset_split\train\no_cancer\validate__LUNG MRI NC (295).png,2f4522f62e0a8bb97e1edfab5d0412b7
train,no_cancer,LUNG MRI-NC (1231).png,train__LUNG MRI-NC (1231).png,..\dataset_split\train\no_cancer\train__LUNG MRI-NC (1231).png,eb2234c7293ccceed047d311cc3d96a2
train,no_cancer,LUNG MRI-NC (927).png,train__LUNG MRI-NC (927).png,..\dataset_split\train\no_cancer\train__LUNG MRI-NC (927).png,e9137998dc95ce3d66eddb97d035a24b
train,cancer,Lung MRI (1062).png,train__Lung MRI (1062).png,..\dataset_split\train\cancer\train__Lung MRI (1062).png,3cbadda64f031a6a64e2d7508bb9aa81
train,cancer,Lung MRI (522).png,train__Lung MRI (522).png,..\dataset_split\train\cancer\train__Lung MRI (522).png,709ce8f80ad246568bcbf65e6368b943
train,cancer,Lung MRI (1427).png,validate__Lung MRI (1427).png,..\dataset_split\train\cancer\validate__Lung MRI (1427).png,8aeb96b02a3a5505c09f4fab86273bdc
train,no_cancer,LUNG MRI-NC (686).png,train__LUNG MRI-NC (686).png,..\dataset_split\train\no_cancer\train__LUNG MRI-NC (686).png,04ecceadef3de6fd375d4282be37cb89
train,cancer,Lung MRI (441).png,train__Lung MRI (441).png,..\dataset_split\train\cancer\train__Lung MRI (441).png,cebfd1f8962a71e88ce2cfd416ef0675
train,cancer,Lung MRI (159).png,train__Lung MRI (159).png,..\dataset_split\train\cancer\train__Lung MRI (159).png,65622e06f4fa7de44c1c8489b6bc3923
train,no_cancer,LUNG MRI-NC (1134).png,train__LUNG MRI-NC (1134).png,..\dataset_split\train\no_cancer\train__LUNG MRI-NC (1134).png,96c6911b782954a2f7f28361b2f0b7f2
train,no_cancer,LUNG MRI NC (439).png,validate__LUNG MRI NC (439).png,..\dataset_split\train\no_cancer\validate__LUNG MRI NC (439).png,a692c3fdae6dcd8e78e0f178c0cbbd69
train,cancer,Lung MRI (1471).png,validate__Lung MRI (1471).png,..\dataset_split\train\cancer\validate__Lung MRI (1471).png,ea003c506ba79e31cabdee7158b04573
train,no_cancer,LUNG MRI-NC (1065).png,train__LUNG MRI-NC (1065).png,..\dataset_split\train\no_cancer\train__LUNG MRI-NC (1065).png,158192d254abae958b73bbfd6d281b72
train,cancer,Lung MRI (628).png,train__Lung MRI (628).png,..\dataset_split\train\cancer\train__Lung MRI (628).png,84250a8c5bb2ac4ba2624d8c06e666fd
train,no_cancer,LUNG MRI-NC (586).png,train__LUNG MRI-NC (586).png,..\dataset_split\train\no_cancer\train__LUNG MRI-NC (586).png,06930bdc87dd6e484b68cbf609a16dc8
train,cancer,Lung MRI (904).png,train__Lung MRI (904).png,..\dataset_split\train\cancer\train__Lung MRI (904).png,9d7218736c23cea399f91c455fb26bfe
train,no_cancer,LUNG MRI NC (344).png,validate__LUNG MRI NC (344).png,..\dataset_split\train\no_cancer\validate__LUNG MRI NC (344).png,a719e05f407742c34afe8553ff550e07
train,no_cancer,LUNG MRI NC (412).png,validate__LUNG MRI NC (412).png,..\dataset_split\train\no_cancer\validate__LUNG MRI NC (412).png,24e5ef7b361f43431975f0d62426d0c1
train,no_cancer,LUNG MRI NC (395).png,validate__LUNG MRI NC (395).png,..\dataset_split\train\no_cancer\validate__LUNG MRI NC (395).png,cfce71b524a7e1ddbd13b76d73527156
train,cancer,Lung MRI (1023).png,train__Lung MRI (1023).png,..\dataset_split\train\cancer\train__Lung MRI (1023).png,d49c52f74577ab22c267ad43fbcbc1c1
train,no_cancer,LUNG MRI-NC (834).png,train__LUNG MRI-NC (834).png,..\dataset_split\train\no_cancer\train__LUNG MRI-NC (834).png,5f7870468ef5ba4f0215799eecf7be4a
train,cancer,Lung MRI (817).png,train__Lung MRI (817).png,..\dataset_split\train\cancer\train__Lung MRI (817).png,22852b39e06e0895ba890bc0447dbd7a
train,cancer,Lung MRI (1096).png,train__Lung MRI (1096).png,..\dataset_split\train\cancer\train__Lung MRI (1096).png,5c142e177473c11fe15477f3e689776d
train,no_cancer,LUNG MRI-NC (157).png,train__LUNG MRI-NC (157).png,..\dataset_split\train\no_cancer\train__LUNG MRI-NC (157).png,3a8ff5386326c7ae955a47cb4b9f8b0e
train,no_cancer,LUNG MRI-NC (436).png,train__LUNG MRI-NC (436).png,..\dataset_split\train\no_cancer\train__LUNG MRI-NC (436).png,ee27b4a0300b92850b8d5ca422ce7474
train,cancer,Lung MRI (899).png,train__Lung MRI (899).png,..\dataset_split\train\cancer\train__Lung MRI (899).png,989a58c7a8483d150bb06f9054132b98
train,cancer,Lung MRI (851).png,train__Lung MRI (851).png,..\dataset_split\train\cancer\train__Lung MRI (851).png,b288e24a1b3334e686754d5545494c9a
train,cancer,Lung MRI (807).png,train__Lung MRI (807).png,..\dataset_split\train\cancer\train__Lung MRI (807).png,f5cd8f302973feac52ae3bc57716d21b
train,cancer,Lung MRI (468).png,train__Lung MRI (468).png,..\dataset_split\train\cancer\train__Lung MRI (468).png,fc2184439a0cfc2fab3afc741dfe9f1b
train,cancer,Lung MRI (721).png,train__Lung MRI (721).png,..\dataset_split\train\cancer\train__Lung MRI (721).png,1cc30701e89b1844c363edef3034b63f
train,cancer,Lung MRI (687).png,train__Lung MRI (687).png,..\dataset_split\train\cancer\train__Lung MRI (687).png,b656991b9cbf2613481cc9b3928032d6
train,cancer,Lung MRI (312).png,train__Lung MRI (312).png,..\dataset_split\train\cancer\train__Lung MRI (312).png,1d1e2b3289a7f089150fb72cd814d8f4
train,no_cancer,LUNG MRI-NC (1244).png,train__LUNG MRI-NC (1244).png,..\dataset_split\train\no_cancer\train__LUNG MRI-NC (1244).png,a3c24058433146bb6094338e7a65d717
train,cancer,Lung MRI (981).png,train__Lung MRI (981).png,..\dataset_split\train\cancer\train__Lung MRI (981).png,542ce33d137bc074917947be758a6c0b
train,no_cancer,LUNG MRI-NC (1158).png,train__LUNG MRI-NC (1158).png,..\dataset_split\train\no_cancer\train__LUNG MRI-NC (1158).png,130e759a6f13a979a9e7b20b6d3d1647
train,no_cancer,LUNG MRI-NC (295).png,train__LUNG MRI-NC (295).png,..\dataset_split\train\no_cancer\train__LUNG MRI-NC (295).png,f12f5b8e6be701dc01eeb74a2d8ad0b3
train,cancer,Lung MRI (562).png,train__Lung MRI (562).png,..\dataset_split\train\cancer\train__Lung MRI (562).png,94b73f5f60c8dff12c04ead29da2f311
train,cancer,Lung MRI (95).png,train__Lung MRI (95).png,..\dataset_split\train\cancer\train__Lung MRI (95).png,bb56b5ae94275d135ed7894dd6c75abb
train,cancer,Lung MRI (961).png,train__Lung MRI (961).png,..\dataset_split\train\cancer\train__Lung MRI (961).png,1dca3e5d0ffa813effe4e8df807d517f
train,no_cancer,LUNG MRI-NC (199).png,train__LUNG MRI-NC (199).png,..\dataset_split\train\no_cancer\train__LUNG MRI-NC (199).png,897fd5d02ae07af87077dc93f7de41cb
train,cancer,Lung MRI (192).png,train__Lung MRI (192).png,..\dataset_split\train\cancer\train__Lung MRI (192).png,38d0d313c4de19597ab230a818ac91aa
train,cancer,Lung MRI (244).png,train__Lung MRI (244).png,..\dataset_split\train\cancer\train__Lung MRI (244).png,c81784fcdbce3e6897442e55b4c47628
train,cancer,Lung MRI (843).png,train__Lung MRI (843).png,..\dataset_split\train\cancer\train__Lung MRI (843).png,042b63b038adf1ed4b71376192e1f45e
train,cancer,Lung MRI (840).png,train__Lung MRI (840).png,..\dataset_split\train\cancer\train__Lung MRI (840).png,10c3558caf6563d4579e4eab45225a29
train,no_cancer,LUNG MRI-NC (171).png,train__LUNG MRI-NC (171).png,..\dataset_split\train\no_cancer\train__LUNG MRI-NC (171).png,0371affdab1d07fa1572aac5536a4a01
train,cancer,Lung MRI (718).png,train__Lung MRI (718).png,..\dataset_split\train\cancer\train__Lung MRI (718).png,c06ed917d823993d4a5f569129ad44ac
train,no_cancer,LUNG MRI-NC (561).png,train__LUNG MRI-NC (561).png,..\dataset_split\train\no_cancer\train__LUNG MRI-NC (561).png,ee1dea75195ded85e5c7753ef53217d6
train,no_cancer,LUNG MRI-NC (817).png,train__LUNG MRI-NC (817).png,..\dataset_split\train\no_cancer\train__LUNG MRI-NC (817).png,02cbae2e9613b4854573018a2ca1fc4a
train,no_cancer,LUNG MRI-NC (361).png,train__LUNG MRI-NC (361).png,..\dataset_split\train\no_cancer\train__LUNG MRI-NC (361).png,44fcf58f990c78495c865abe6cd53376
train,cancer,Lung MRI (1054).png,train__Lung MRI (1054).png,..\dataset_split\train\cancer\train__Lung MRI (1054).png,3fa0c31bea910348d820ad6a626c8035
train,no_cancer,LUNG MRI-NC (131).png,train__LUNG MRI-NC (131).png,..\dataset_split\train\no_cancer\train__LUNG MRI-NC (131).png,4677343016048f3c14da1ad3e0d5dcb8
train,no_cancer,LUNG MRI-NC (379).png,train__LUNG MRI-NC (379).png,..\dataset_split\train\no_cancer\train__LUNG MRI-NC (379).png,fab09b2c632f2963a725c469f1732419
train,no_cancer,LUNG MRI NC (1).jpg,validate__LUNG MRI NC (1).jpg,..\dataset_split\train\no_cancer\validate__LUNG MRI NC (1).jpg,2c4f44eebd3c8efb7742055b209f19cb
train,no_cancer,LUNG MRI-NC (779).png,train__LUNG MRI-NC (779).png,..\dataset_split\train\no_cancer\train__LUNG MRI-NC (779).png,fe84779dbdd3a0622e5036f258582dfe
train,no_cancer,LUNG MRI NC (440).png,validate__LUNG MRI NC (440).png,..\dataset_split\train\no_cancer\validate__LUNG MRI NC (440).png,c9221e5029b12379c305a59075162e6c
train,no_cancer,LUNG MRI-NC (17).png,train__LUNG MRI-NC (17).png,..\dataset_split\train\no_cancer\train__LUNG MRI-NC (17).png,d0d7afaa5ade1e5693f7dc71d3f38017
train,cancer,Lung MRI (657).png,train__Lung MRI (657).png,..\dataset_split\train\cancer\train__Lung MRI (657).png,c7f5fad91d26ea2ed5756b6bc9c0d0c5
train,cancer,Lung MRI (796).png,train__Lung MRI (796).png,..\dataset_split\train\cancer\train__Lung MRI (796).png,f5b3077ca27f00535bc7a5e6aaba3901
train,cancer,Lung MRI (640).png,train__Lung MRI (640).png,..\dataset_split\train\cancer\train__Lung MRI (640).png,e4c9c465b61d4b0ac40d40c9428a2379
train,no_cancer,LUNG MRI-NC (763).png,train__LUNG MRI-NC (763).png,..\dataset_split\train\no_cancer\train__LUNG MRI-NC (763).png,f7a38ccb94840e09e7c5168d0fb83707
train,no_cancer,LUNG MRI-NC (405).png,train__LUNG MRI-NC (405).png,..\dataset_split\train\no_cancer\train__LUNG MRI-NC (405).png,99e5a32c2c6baa558775c9d7ee21ddfe
train,no_cancer,LUNG MRI-NC (928).png,train__LUNG MRI-NC (928).png,..\dataset_split\train\no_cancer\train__LUNG MRI-NC (928).png,7b1c87e8d28099c68411c34aa1e60534
train,cancer,Lung MRI (330).png,train__Lung MRI (330).png,..\dataset_split\train\cancer\train__Lung MRI (330).png,1d0599083c2ec6670ee7e455f4eeb72f
train,no_cancer,LUNG MRI NC (364).png,validate__LUNG MRI NC (364).png,..\dataset_split\train\no_cancer\validate__LUNG MRI NC (364).png,2f4dd8da09473a0ec482bdca2a015756
train,cancer,Lung MRI (3).png,train__Lung MRI (3).png,..\dataset_split\train\cancer\train__Lung MRI (3).png,cf8253897f7e0aff90a237d4689562e6
train,cancer,Lung MRI (498).png,train__Lung MRI (498).png,..\dataset_split\train\cancer\train__Lung MRI (498).png,f210815d29e13c9d24823c35e679fb79
train,no_cancer,LUNG MRI-NC (951).png,train__LUNG MRI-NC (951).png,..\dataset_split\train\no_cancer\train__LUNG MRI-NC (951).png,5fdefae4cbdce7b2dfcc86007468ddf3
train,no_cancer,LUNG MRI-NC (1095).png,train__LUNG MRI-NC (1095).png,..\dataset_split\train\no_cancer\train__LUNG MRI-NC (1095).png,f32348f223b3fbf2430d54c87a1ff212
train,cancer,Lung MRI (1009).png,train__Lung MRI (1009).png,..\dataset_split\train\cancer\train__Lung MRI (1009).png,795bd18962ac9a6c21de9e6ef0c74d47
train,no_cancer,LUNG MRI-NC (560).png,train__LUNG MRI-NC (560).png,..\dataset_split\train\no_cancer\train__LUNG MRI-NC (560).png,ab2b8218621e5d922af7a0b4333f3e8f
train,no_cancer,LUNG MRI-NC (1160).png,train__LUNG MRI-NC (1160).png,..\dataset_split\train\no_cancer\train__LUNG MRI-NC (1160).png,3315a2c56ec22af189202071baffcd11
train,cancer,Lung MRI (343).png,train__Lung MRI (343).png,..\dataset_split\train\cancer\train__Lung MRI (343).png,e4e11f1c8a4b80badac9f763498d6623
train,no_cancer,LUNG MRI-NC (1124).png,train__LUNG MRI-NC (1124).png,..\dataset_split\train\no_cancer\train__LUNG MRI-NC (1124).png,773fc45d4471831baa6c0337f561dea3
train,no_cancer,LUNG MRI-NC (1101).png,train__LUNG MRI-NC (1101).png,..\dataset_split\train\no_cancer\train__LUNG MRI-NC (1101).png,1336878f3df8e87628dbed4e236dd01d
train,cancer,Lung MRI (876).png,train__Lung MRI (876).png,..\dataset_split\train\cancer\train__Lung MRI (876).png,43591b083a5cd6d4911194fc0bcc5a3d
train,no_cancer,LUNG MRI-NC (166).png,train__LUNG MRI-NC (166).png,..\dataset_split\train\no_cancer\train__LUNG MRI-NC (166).png,23f471c73dec3db0c38bc6d5d0848fee
train,no_cancer,LUNG MRI-NC (797).png,train__LUNG MRI-NC (797).png,..\dataset_split\train\no_cancer\train__LUNG MRI-NC (797).png,b9a1f2b5e359d3ad5dc656b96e04ab3d
train,cancer,Lung MRI (261).png,train__Lung MRI (261).png,..\dataset_split\train\cancer\train__Lung MRI (261).png,2340ff084791d84d34b5622606527ae6
train,no_cancer,LUNG MRI-NC (851).png,train__LUNG MRI-NC (851).png,..\dataset_split\train\no_cancer\train__LUNG MRI-NC (851).png,173b787937a648b0831f251411c216a1
train,no_cancer,LUNG MRI-NC (705).png,train__LUNG MRI-NC (705).png,..\dataset_split\train\no_cancer\train__LUNG MRI-NC (705).png,459e83da31f687ab2f12f19363d49a43
train,no_cancer,LUNG MRI-NC (159).png,train__LUNG MRI-NC (159).png,..\dataset_split\train\no_cancer\train__LUNG MRI-NC (159).png,0639874002f8b243a01ea73fd97faa44
train,no_cancer,LUNG MRI NC (5).jpg,validate__LUNG MRI NC (5).jpg,..\dataset_split\train\no_cancer\validate__LUNG MRI NC (5).jpg,e43fae47d61251959e36ba0cef50abb5
train,no_cancer,LUNG MRI NC (316).png,validate__LUNG MRI NC (316).png,..\dataset_split\train\no_cancer\validate__LUNG MRI NC (316).png,83c11ec67f929764ec45978365bbf5cd
train,cancer,Lung MRI (153).png,train__Lung MRI (153).png,..\dataset_split\train\cancer\train__Lung MRI (153).png,28161fb495661501cfb6bf0fab7c0792
train,no_cancer,LUNG MRI-NC (399).png,train__LUNG MRI-NC (399).png,..\dataset_split\train\no_cancer\train__LUNG MRI-NC (399).png,4c8f3c49fc7da3a3206ad8605ab5ba81
train,no_cancer,LUNG MRI-NC (472).png,train__LUNG MRI-NC (472).png,..\dataset_split\train\no_cancer\train__LUNG MRI-NC (472).png,d3edc77baa8760edbc915f27c7f272b4
train,no_cancer,LUNG MRI-NC (59).png,train__LUNG MRI-NC (59).png,..\dataset_split\train\no_cancer\train__LUNG MRI-NC (59).png,fb95183b616d66dd996843f553e19006
train,no_cancer,LUNG MRI-NC (1192).png,train__LUNG MRI-NC (1192).png,..\dataset_split\train\no_cancer\train__LUNG MRI-NC (1192).png,7d2f3c47dab733fe0b5ff6b0196f6bdb
train,no_cancer,LUNG MRI-NC (934).png,train__LUNG MRI-NC (934).png,..\dataset_split\train\no_cancer\train__LUNG MRI-NC (934).png,3b106f62d14995ec7e1b84fccda07c6b
train,no_cancer,LUNG MRI-NC (896).png,train__LUNG MRI-NC (896).png,..\dataset_split\train\no_cancer\train__LUNG MRI-NC (896).png,917621c644f3789900a321841a13a7ee
train,no_cancer,LUNG MRI NC (359).png,validate__LUNG MRI NC (359).png,..\dataset_split\train\no_cancer\validate__LUNG MRI NC (359).png,ce137ecfe59d54ede81813a7dfbae8fa
train,no_cancer,LUNG MRI-NC (393).png,train__LUNG MRI-NC (393).png,..\dataset_split\train\no_cancer\train__LUNG MRI-NC (393).png,b899d7159d8457aeb32ceedc78ce53fa
train,no_cancer,LUNG MRI-NC (729).png,train__LUNG MRI-NC (729).png,..\dataset_split\train\no_cancer\train__LUNG MRI-NC (729).png,de7de52bb01b6240e0cdbba52e227d6c
train,no_cancer,LUNG MRI-NC (604).png,train__LUNG MRI-NC (604).png,..\dataset_split\train\no_cancer\train__LUNG MRI-NC (604).png,8574202a55d0fffe9f17ae7decbfd457
train,cancer,Lung MRI (1001).png,train__Lung MRI (1001).png,..\dataset_split\train\cancer\train__Lung MRI (1001).png,b8816ae0b46a4cf4f3ee2cca1e5527f5
train,no_cancer,LUNG MRI-NC (186).png,train__LUNG MRI-NC (186).png,..\dataset_split\train\no_cancer\train__LUNG MRI-NC (186).png,0f13c2d5687450c0c906192183e5958d
train,no_cancer,LUNG MRI NC (307).png,validate__LUNG MRI NC (307).png,..\dataset_split\train\no_cancer\validate__LUNG MRI NC (307).png,3afd3fd28cca5fc082c20427ec3a8e15
train,cancer,Lung MRI (1050).png,train__Lung MRI (1050).png,..\dataset_split\train\cancer\train__Lung MRI (1050).png,a7e63610abf8b5da69fd2d38b4341518
train,no_cancer,LUNG MRI-NC (1221).png,train__LUNG MRI-NC (1221).png,..\dataset_split\train\no_cancer\train__LUNG MRI-NC (1221).png,fb316deaaf83eaf5b79b4f5020e3562a
train,cancer,Lung MRI (685).png,train__Lung MRI (685).png,..\dataset_split\train\cancer\train__Lung MRI (685).png,343ee39c3692f7eb21ee0824e4427d17
train,no_cancer,LUNG MRI-NC (103).png,train__LUNG MRI-NC (103).png,..\dataset_split\train\no_cancer\train__LUNG MRI-NC (103).png,7ea775f42747b50247e4266f2222ad67
train,no_cancer,LUNG MRI-NC (1024).png,train__LUNG MRI-NC (1024).png,..\dataset_split\train\no_cancer\train__LUNG MRI-NC (1024).png,70d8d177f0c501bd6276c3648dfbc903
train,no_cancer,LUNG MRI-NC (1108).png,train__LUNG MRI-NC (1108).png,..\dataset_split\train\no_cancer\train__LUNG MRI-NC (1108).png,5afdbd4f31fc012b779dff9f3af35577
train,no_cancer,LUNG MRI-NC (368).png,train__LUNG MRI-NC (368).png,..\dataset_split\train\no_cancer\train__LUNG MRI-NC (368).png,118b84377020c22fb9e0c68d6ced02c4
train,no_cancer,LUNG MRI-NC (1209).png,train__LUNG MRI-NC (1209).png,..\dataset_split\train\no_cancer\train__LUNG MRI-NC (1209).png,0c154804487f717dc84d35c200ebd237
train,cancer,Lung MRI (645).png,train__Lung MRI (645).png,..\dataset_split\train\cancer\train__Lung MRI (645).png,cf5fb35db992df16440121500964e693
train,no_cancer,LUNG MRI-NC (1223).png,train__LUNG MRI-NC (1223).png,..\dataset_split\train\no_cancer\train__LUNG MRI-NC (1223).png,11f845af9e44ca7ef4b140567b4afed1
train,no_cancer,LUNG MRI-NC (231).png,train__LUNG MRI-NC (231).png,..\dataset_split\train\no_cancer\train__LUNG MRI-NC (231).png,3ec7c0dbec4208268463dff9160dcb9f
train,no_cancer,LUNG MRI-NC (483).png,train__LUNG MRI-NC (483).png,..\dataset_split\train\no_cancer\train__LUNG MRI-NC (483).png,bccbcc13f36c966b0bad2953952f6db8
train,no_cancer,LUNG MRI NC (383).png,validate__LUNG MRI NC (383).png,..\dataset_split\train\no_cancer\validate__LUNG MRI NC (383).png,284232ede2efc840414e0bd65372323a
train,cancer,Lung MRI (886).png,train__Lung MRI (886).png,..\dataset_split\train\cancer\train__Lung MRI (886).png,8a357ae05755eace0443c411774b6bdb
train,cancer,Lung MRI (979).png,train__Lung MRI (979).png,..\dataset_split\train\cancer\train__Lung MRI (979).png,2ec4484086d29a84cb023cc4f415324d
train,cancer,Lung MRI (490).png,train__Lung MRI (490).png,..\dataset_split\train\cancer\train__Lung MRI (490).png,785fb9fa0a008d9b2730059f07032483
train,cancer,Lung MRI (60).png,train__Lung MRI (60).png,..\dataset_split\train\cancer\train__Lung MRI (60).png,4d82c91de95a1351d5e088a33c55178a
train,cancer,Lung MRI (457).png,train__Lung MRI (457).png,..\dataset_split\train\cancer\train__Lung MRI (457).png,56c48ba3bfd25da1723f3c5ad2fd44ea
train,cancer,Lung MRI (25).png,train__Lung MRI (25).png,..\dataset_split\train\cancer\train__Lung MRI (25).png,6e7ae90d26b0dc0d0605035747b69018
train,cancer,Lung MRI (281).png,train__Lung MRI (281).png,..\dataset_split\train\cancer\train__Lung MRI (281).png,5e1aa88b84b74c313c14607a798bdadc
train,no_cancer,LUNG MRI-NC (98).png,train__LUNG MRI-NC (98).png,..\dataset_split\train\no_cancer\train__LUNG MRI-NC (98).png,7d3e346cc22b923e8657d0b88c48f25c
train,no_cancer,LUNG MRI-NC (723).png,train__LUNG MRI-NC (723).png,..\dataset_split\train\no_cancer\train__LUNG MRI-NC (723).png,3ce139bfb988607aa826c6a12f3abace
train,no_cancer,LUNG MRI NC (178).png,validate__LUNG MRI NC (178).png,..\dataset_split\train\no_cancer\validate__LUNG MRI NC (178).png,7a487976c4270214ef924088097c9c81
train,no_cancer,LUNG MRI NC (259).png,validate__LUNG MRI NC (259).png,..\dataset_split\train\no_cancer\validate__LUNG MRI NC (259).png,5734c5919e05b765410ec7cfe5264e2b
train,no_cancer,LUNG MRI-NC (266).png,train__LUNG MRI-NC (266).png,..\dataset_split\train\no_cancer\train__LUNG MRI-NC (266).png,29982a5b4c04738a694a3e0efcd57e3a
train,cancer,Lung MRI (521).png,train__Lung MRI (521).png,..\dataset_split\train\cancer\train__Lung MRI (521).png,736dd24f2793ff63d34ce5d79ae30b87
train,cancer,Lung MRI (416).png,train__Lung MRI (416).png,..\dataset_split\train\cancer\train__Lung MRI (416).png,d11cb725f05352aa9d2187bde4b05f6a
train,cancer,Lung MRI (183).png,train__Lung MRI (183).png,..\dataset_split\train\cancer\train__Lung MRI (183).png,31098e3885e4962ee71a17fdb8aa0a9b
train,no_cancer,LUNG MRI-NC (997).png,train__LUNG MRI-NC (997).png,..\dataset_split\train\no_cancer\train__LUNG MRI-NC (997).png,a392eec2e5664cef6e112b203993dd16
train,cancer,Lung MRI (348).png,train__Lung MRI (348).png,..\dataset_split\train\cancer\train__Lung MRI (348).png,958fc4fcfdba67aeb5d2125a2c239cb3
train,no_cancer,LUNG MRI NC (198).png,validate__LUNG MRI NC (198).png,..\dataset_split\train\no_cancer\validate__LUNG MRI NC (198).png,b5655020b91b97a26b32b963acdcc2d6
train,no_cancer,LUNG MRI-NC (1128).png,train__LUNG MRI-NC (1128).png,..\dataset_split\train\no_cancer\train__LUNG MRI-NC (1128).png,83693ef4674c8a7cd125f19e8b13703b
train,no_cancer,LUNG MRI NC (137).png,validate__LUNG MRI NC (137).png,..\dataset_split\train\no_cancer\validate__LUNG MRI NC (137).png,05e095f5989b7be9bbcb3b2f78c5f13d
train,no_cancer,LUNG MRI-NC (432).png,train__LUNG MRI-NC (432).png,..\dataset_split\train\no_cancer\train__LUNG MRI-NC (432).png,a85dcd1fec4d3686eb8e6517e447d384
train,cancer,Lung MRI (1409).png,validate__Lung MRI (1409).png,..\dataset_split\train\cancer\validate__Lung MRI (1409).png,401f2107aa63ea8c7fd7d04bd30ed5a5
train,cancer,Lung MRI (70).png,train__Lung MRI (70).png,..\dataset_split\train\cancer\train__Lung MRI (70).png,5e03267a1eddcfa0595f4335d718a7d1
train,no_cancer,LUNG MRI-NC (555).png,train__LUNG MRI-NC (555).png,..\dataset_split\train\no_cancer\train__LUNG MRI-NC (555).png,95b5eb68389019b5f394db6626b63d0d
train,cancer,Lung MRI (412).png,train__Lung MRI (412).png,..\dataset_split\train\cancer\train__Lung MRI (412).png,458b1ffe4d279c77ad50e82c5073ab36
train,cancer,Lung MRI (114).png,train__Lung MRI (114).png,..\dataset_split\train\cancer\train__Lung MRI (114).png,d49ab0e5f3ee367dd9d80fcbcc810e42
train,no_cancer,LUNG MRI-NC (380).png,train__LUNG MRI-NC (380).png,..\dataset_split\train\no_cancer\train__LUNG MRI-NC (380).png,6cbf731643e1c08f8ea836bc3d209cde
train,no_cancer,LUNG MRI NC (452).png,validate__LUNG MRI NC (452).png,..\dataset_split\train\no_cancer\validate__LUNG MRI NC (452).png,482d64f9d756e6e741574267876bf44e
train,no_cancer,LUNG MRI NC (152).png,validate__LUNG MRI NC (152).png,..\dataset_split\train\no_cancer\validate__LUNG MRI NC (152).png,80ad8f516be80361f4b88b8c03a36e0b
train,no_cancer,LUNG MRI-NC (539).png,train__LUNG MRI-NC (539).png,..\dataset_split\train\no_cancer\train__LUNG MRI-NC (539).png,2584e5f2bd89968fbaa4c89f58eb3bfb
train,no_cancer,LUNG MRI NC (342).png,validate__LUNG MRI NC (342).png,..\dataset_split\train\no_cancer\validate__LUNG MRI NC (342).png,6b1ddbf52532c71143925e9bbf02efc3
train,no_cancer,LUNG MRI-NC (1210).png,train__LUNG MRI-NC (1210).png,..\dataset_split\train\no_cancer\train__LUNG MRI-NC (1210).png,02c57a47b217adf555ec03886b8efa33
train,cancer,Lung MRI (1022).png,train__Lung MRI (1022).png,..\dataset_split\train\cancer\train__Lung MRI (1022).png,18df2819e3563f421a6a7c26da94ddae
train,no_cancer,LUNG MRI-NC (551).png,train__LUNG MRI-NC (551).png,..\dataset_split\train\no_cancer\train__LUNG MRI-NC (551).png,43e0c0999d6d8f5f23fe1945bc49a222
train,no_cancer,LUNG MRI-NC (320).png,train__LUNG MRI-NC (320).png,..\dataset_split\train\no_cancer\train__LUNG MRI-NC (320).png,c4884eca1c23ca2d2c7b148f71517103
train,cancer,Lung MRI (430).png,train__Lung MRI (430).png,..\dataset_split\train\cancer\train__Lung MRI (430).png,f72a69913763d58a66e434784218c9f8
train,no_cancer,LUNG MRI-NC (1119).png,train__LUNG MRI-NC (1119).png,..\dataset_split\train\no_cancer\train__LUNG MRI-NC (1119).png,ce177b10f70708d4f2aaac22fe6f6cf3
train,no_cancer,LUNG MRI-NC (216).png,train__LUNG MRI-NC (216).png,..\dataset_split\train\no_cancer\train__LUNG MRI-NC (216).png,f0b4ce38a576d0b1997f868aa15cbed0
train,no_cancer,LUNG MRI-NC (101).png,train__LUNG MRI-NC (101).png,..\dataset_split\train\no_cancer\train__LUNG MRI-NC (101).png,d912b85ef8174b8d2a491b4316f7d85a
train,no_cancer,LUNG MRI NC (388).png,validate__LUNG MRI NC (388).png,..\dataset_split\train\no_cancer\validate__LUNG MRI NC (388).png,f7d96d0d7e84206b017939752e127f8d
train,no_cancer,LUNG MRI-NC (673).png,train__LUNG MRI-NC (673).png,..\dataset_split\train\no_cancer\train__LUNG MRI-NC (673).png,04feffe3b0ceae7fec1c364cceb72c6a
train,no_cancer,LUNG MRI-NC (221).png,train__LUNG MRI-NC (221).png,..\dataset_split\train\no_cancer\train__LUNG MRI-NC (221).png,c458caf6944e18cbeb529a28888fb0a8
train,no_cancer,LUNG MRI-NC (108).png,train__LUNG MRI-NC (108).png,..\dataset_split\train\no_cancer\train__LUNG MRI-NC (108).png,7c42b85e73c22b7d1c84b495889633c2
train,cancer,Lung MRI (846).png,train__Lung MRI (846).png,..\dataset_split\train\cancer\train__Lung MRI (846).png,1632ee71e8829ddad386442b964e4b36
train,cancer,Lung MRI (606).png,train__Lung MRI (606).png,..\dataset_split\train\cancer\train__Lung MRI (606).png,3d1f9bd13d11782213c154a1ef73ba55
train,no_cancer,LUNG MRI-NC (1004).png,train__LUNG MRI-NC (1004).png,..\dataset_split\train\no_cancer\train__LUNG MRI-NC (1004).png,51c53ba21466901f682c2b0812b81892
train,no_cancer,LUNG MRI-NC (1052).png,train__LUNG MRI-NC (1052).png,..\dataset_split\train\no_cancer\train__LUNG MRI-NC (1052).png,f4f6c23015d3a69e69c61200f1871755
train,no_cancer,LUNG MRI-NC (488).png,train__LUNG MRI-NC (488).png,..\dataset_split\train\no_cancer\train__LUNG MRI-NC (488).png,6b0af94d177c16d8ba7735f188421060
train,no_cancer,LUNG MRI-NC (33).png,train__LUNG MRI-NC (33).png,..\dataset_split\train\no_cancer\train__LUNG MRI-NC (33).png,d6ffaad2ad6e5ca1f1f1c5a07b54b8bf
train,cancer,Lung MRI (18).png,train__Lung MRI (18).png,..\dataset_split\train\cancer\train__Lung MRI (18).png,4f3976e9a064b1db006af327f277b862
train,cancer,Lung MRI (760).png,train__Lung MRI (760).png,..\dataset_split\train\cancer\train__Lung MRI (760).png,fa76886cb92c5f35e9c11e62d5ff0a77
train,no_cancer,LUNG MRI-NC (749).png,train__LUNG MRI-NC (749).png,..\dataset_split\train\no_cancer\train__LUNG MRI-NC (749).png,03ee34fcd9620ac17579743dcb0fe147
train,no_cancer,LUNG MRI-NC (269).png,train__LUNG MRI-NC (269).png,..\dataset_split\train\no_cancer\train__LUNG MRI-NC (269).png,d8e1360ba7d24214bae9abaf621ba8c5
train,no_cancer,LUNG MRI-NC (652).png,train__LUNG MRI-NC (652).png,..\dataset_split\train\no_cancer\train__LUNG MRI-NC (652).png,f8cc49e0a5f256d3311a6345ad7d7f79
train,no_cancer,LUNG MRI-NC (347).png,train__LUNG MRI-NC (347).png,..\dataset_split\train\no_cancer\train__LUNG MRI-NC (347).png,597a176a578701a2f6b95b035d5c03e4
train,no_cancer,LUNG MRI-NC (613).png,train__LUNG MRI-NC (613).png,..\dataset_split\train\no_cancer\train__LUNG MRI-NC (613).png,c047384182b07bdaed2e946450099d61
train,no_cancer,LUNG MRI-NC (606).png,train__LUNG MRI-NC (606).png,..\dataset_split\train\no_cancer\train__LUNG MRI-NC (606).png,1babe1eeb811184af1cf1c491926d84a
train,cancer,Lung MRI (596).png,train__Lung MRI (596).png,..\dataset_split\train\cancer\train__Lung MRI (596).png,5efcdbff8b46370cf5c14def67537380
train,cancer,Lung MRI (6).png,train__Lung MRI (6).png,..\dataset_split\train\cancer\train__Lung MRI (6).png,6f36d39d405e648e7c3e0641bbabc178
train,no_cancer,LUNG MRI-NC (787).png,train__LUNG MRI-NC (787).png,..\dataset_split\train\no_cancer\train__LUNG MRI-NC (787).png,4c4ee9e13dd56be907a35b81d99804a5
train,cancer,Lung MRI (972).png,train__Lung MRI (972).png,..\dataset_split\train\cancer\train__Lung MRI (972).png,e5a8393331094c2e5ec5f76605b95822
train,cancer,Lung MRI (157).png,train__Lung MRI (157).png,..\dataset_split\train\cancer\train__Lung MRI (157).png,a71c58f90b90f313b2e8473b5c77e157
train,no_cancer,LUNG MRI-NC (716).png,train__LUNG MRI-NC (716).png,..\dataset_split\train\no_cancer\train__LUNG MRI-NC (716).png,e751f748e31e59f708943da8fd18ba22
train,cancer,Lung MRI (48).png,train__Lung MRI (48).png,..\dataset_split\train\cancer\train__Lung MRI (48).png,3e22156d771bdaeebb63c78603fc7743
train,no_cancer,LUNG MRI-NC (704).png,train__LUNG MRI-NC (704).png,..\dataset_split\train\no_cancer\train__LUNG MRI-NC (704).png,314365ab1abd2d7b22d81bb57b8a7e1b
train,cancer,Lung MRI (294).png,train__Lung MRI (294).png,..\dataset_split\train\cancer\train__Lung MRI (294).png,15171aa8a33cbafdf1a25266056ed9b0
train,no_cancer,LUNG MRI-NC (386).png,train__LUNG MRI-NC (386).png,..\dataset_split\train\no_cancer\train__LUNG MRI-NC (386).png,4c6ff82f4532d883c27a9f0c5f07175f
train,cancer,Lung MRI (63).png,train__Lung MRI (63).png,..\dataset_split\train\cancer\train__Lung MRI (63).png,c818f6290157b130923467078ff80276
train,no_cancer,LUNG MRI-NC (980).png,train__LUNG MRI-NC (980).png,..\dataset_split\train\no_cancer\train__LUNG MRI-NC (980).png,5fd41c6bc04c272819355a54f95f73c0
train,no_cancer,LUNG MRI-NC (1302).png,train__LUNG MRI-NC (1302).png,..\dataset_split\train\no_cancer\train__LUNG MRI-NC (1302).png,a56312a7076d12c2f3b08f292b73a31e
train,no_cancer,LUNG MRI-NC (848).png,train__LUNG MRI-NC (848).png,..\dataset_split\train\no_cancer\train__LUNG MRI-NC (848).png,81146ae93457a12a13c777226af27852
train,cancer,Lung MRI (885).png,train__Lung MRI (885).png,..\dataset_split\train\cancer\train__Lung MRI (885).png,5e1a58416db0ca19724048832d2ec098
train,no_cancer,LUNG MRI NC (282).png,validate__LUNG MRI NC (282).png,..\dataset_split\train\no_cancer\validate__LUNG MRI NC (282).png,6ffeefcdc65a595e3ff19363083d0095
train,cancer,Lung MRI (512).png,train__Lung MRI (512).png,..\dataset_split\train\cancer\train__Lung MRI (512).png,486abca0303d7906860a14e0a926a1c6
train,cancer,Lung MRI (544).png,train__Lung MRI (544).png,..\dataset_split\train\cancer\train__Lung MRI (544).png,885588b3d7589a761469288c53c7a375
train,no_cancer,LUNG MRI NC (385).png,validate__LUNG MRI NC (385).png,..\dataset_split\train\no_cancer\validate__LUNG MRI NC (385).png,f1883de73deb761e1a8cf2102ad407e3
train,no_cancer,LUNG MRI-NC (505).png,train__LUNG MRI-NC (505).png,..\dataset_split\train\no_cancer\train__LUNG MRI-NC (505).png,7bb62458895f4d61d8d26631e3d3c738
train,cancer,Lung MRI (1059).png,train__Lung MRI (1059).png,..\dataset_split\train\cancer\train__Lung MRI (1059).png,829f3a97ae9b248105125a575aa74987
train,no_cancer,LUNG MRI-NC (1061).png,train__LUNG MRI-NC (1061).png,..\dataset_split\train\no_cancer\train__LUNG MRI-NC (1061).png,0acbb0a38aa50499f40cad1dbb47a937
train,cancer,Lung MRI (1490).png,validate__Lung MRI (1490).png,..\dataset_split\train\cancer\validate__Lung MRI (1490).png,1a66ca0a38a4d7a0920d53b64b84bddf
train,no_cancer,LUNG MRI NC (328).png,validate__LUNG MRI NC (328).png,..\dataset_split\train\no_cancer\validate__LUNG MRI NC (328).png,543a7882f8409b2e0c020be20d0cea43
train,no_cancer,LUNG MRI-NC (1151).png,train__LUNG MRI-NC (1151).png,..\dataset_split\train\no_cancer\train__LUNG MRI-NC (1151).png,34f0d8a7a7a18c1352900db466253f44
train,no_cancer,LUNG MRI-NC (398).png,train__LUNG MRI-NC (398).png,..\dataset_split\train\no_cancer\train__LUNG MRI-NC (398).png,275c8fd4c7fdaff970c6d86ad39503f6
train,cancer,Lung MRI (704).png,train__Lung MRI (704).png,..\dataset_split\train\cancer\train__Lung MRI (704).png,3c2ad9a85ef2634ab9308d41772fbde3
train,no_cancer,LUNG MRI-NC (1136).png,train__LUNG MRI-NC (1136).png,..\dataset_split\train\no_cancer\train__LUNG MRI-NC (1136).png,91adb822263fbdd1a5a911adf4a41dc2
train,no_cancer,LUNG MRI-NC (627).png,train__LUNG MRI-NC (627).png,..\dataset_split\train\no_cancer\train__LUNG MRI-NC (627).png,19043f702f9e2e76c476c4703554ef81
train,cancer,Lung MRI (1436).png,validate__Lung MRI (1436).png,..\dataset_split\train\cancer\validate__Lung MRI (1436).png,c6c0a83c231216972766b1a0726b3b65
train,no_cancer,LUNG MRI-NC (939).png,train__LUNG MRI-NC (939).png,..\dataset_split\train\no_cancer\train__LUNG MRI-NC (939).png,b41099b5a2d0d3b817e98a139709c206
train,no_cancer,LUNG MRI-NC (918).png,train__LUNG MRI-NC (918).png,..\dataset_split\train\no_cancer\train__LUNG MRI-NC (918).png,ed18e3f9bc26cab515cb6594d22450c7
train,no_cancer,LUNG MRI-NC (1059).png,train__LUNG MRI-NC (1059).png,..\dataset_split\train\no_cancer\train__LUNG MRI-NC (1059).png,c3bae937edf224667cdbe9152a005cd9
train,cancer,Lung MRI (491).png,train__Lung MRI (491).png,..\dataset_split\train\cancer\train__Lung MRI (491).png,1e5bbd6780aba311c05556a04cb788e4
train,no_cancer,LUNG MRI NC (381).png,validate__LUNG MRI NC (381).png,..\dataset_split\train\no_cancer\validate__LUNG MRI NC (381).png,6295e9d320ef7d1f0a5ef29c6e6231f8
train,cancer,Lung MRI (324).png,train__Lung MRI (324).png,..\dataset_split\train\cancer\train__Lung MRI (324).png,a6260515c2687ff57a6f40f95f90a647
train,no_cancer,LUNG MRI-NC (1177).png,train__LUNG MRI-NC (1177).png,..\dataset_split\train\no_cancer\train__LUNG MRI-NC (1177).png,56df55d4c92d2a19e5d9106154d4336a
train,cancer,Lung MRI (368).png,train__Lung MRI (368).png,..\dataset_split\train\cancer\train__Lung MRI (368).png,64668838344975e1749e2ae68a615897
train,no_cancer,LUNG MRI-NC (1286).png,train__LUNG MRI-NC (1286).png,..\dataset_split\train\no_cancer\train__LUNG MRI-NC (1286).png,c6b19764cfb0c4147d4af01da9e1e0aa
train,cancer,Lung MRI (443).png,train__Lung MRI (443).png,..\dataset_split\train\cancer\train__Lung MRI (443).png,d6afc0fc8f1f05d052175f0333e32362
train,cancer,Lung MRI (776).png,train__Lung MRI (776).png,..\dataset_split\train\cancer\train__Lung MRI (776).png,030601059499cc7bb5a59d26f27539f0
train,no_cancer,LUNG MRI-NC (1254).png,train__LUNG MRI-NC (1254).png,..\dataset_split\train\no_cancer\train__LUNG MRI-NC (1254).png,c28342680d32593e89871775be89609e
train,no_cancer,LUNG MRI-NC (376).png,train__LUNG MRI-NC (376).png,..\dataset_split\train\no_cancer\train__LUNG MRI-NC (376).png,66e8b28d5b23094b60ac4c52c6912d5c
train,no_cancer,LUNG MRI-NC (1214).png,train__LUNG MRI-NC (1214).png,..\dataset_split\train\no_cancer\train__LUNG MRI-NC (1214).png,66709de3db4cdaf6225121b1c335069f
train,cancer,Lung MRI (988).png,train__Lung MRI (988).png,..\dataset_split\train\cancer\train__Lung MRI (988).png,e68a9529bd1339b2f844588965485b9e
train,cancer,Lung MRI (503).png,train__Lung MRI (503).png,..\dataset_split\train\cancer\train__Lung MRI (503).png,e6ce774dbca61edf42034f7f87d3f072
train,cancer,Lung MRI (24).png,train__Lung MRI (24).png,..\dataset_split\train\cancer\train__Lung MRI (24).png,c4a1e42943f8bf0aeff83b709ee60a34
train,no_cancer,LUNG MRI-NC (283).png,train__LUNG MRI-NC (283).png,..\dataset_split\train\no_cancer\train__LUNG MRI-NC (283).png,371a6cf88d6de27a3aaf77b70e4f07c7
train,no_cancer,LUNG MRI-NC (1270).png,train__LUNG MRI-NC (1270).png,..\dataset_split\train\no_cancer\train__LUNG MRI-NC (1270).png,9cdfc5ae27b8fdc89be77bb02d6296e0
train,cancer,Lung MRI (665).png,train__Lung MRI (665).png,..\dataset_split\train\cancer\train__Lung MRI (665).png,38718fc77223dca09d3cfdc7bc7ba899
train,no_cancer,LUNG MRI-NC (383).png,train__LUNG MRI-NC (383).png,..\dataset_split\train\no_cancer\train__LUNG MRI-NC (383).png,f84731af771483664de12a9c00cec6c1
train,no_cancer,LUNG MRI NC (467).png,validate__LUNG MRI NC (467).png,..\dataset_split\train\no_cancer\validate__LUNG MRI NC (467).png,1a617dfeb7161043bef38bf0420fee9d
train,cancer,Lung MRI (1472).png,validate__Lung MRI (1472).png,..\dataset_split\train\cancer\validate__Lung MRI (1472).png,261dbc760cfe406cfd79fe9b3f101fbd
train,no_cancer,LUNG MRI-NC (607).png,train__LUNG MRI-NC (607).png,..\dataset_split\train\no_cancer\train__LUNG MRI-NC (607).png,0f8a10822a85538b23a79c5129d319aa
train,cancer,Lung MRI (907).png,train__Lung MRI (907).png,..\dataset_split\train\cancer\train__Lung MRI (907).png,67786d7851156dd61eac84600671f45f
train,cancer,Lung MRI (535).png,train__Lung MRI (535).png,..\dataset_split\train\cancer\train__Lung MRI (535).png,356841156346c08079d3026100cbd242
train,cancer,Lung MRI (119).png,train__Lung MRI (119).png,..\dataset_split\train\cancer\train__Lung MRI (119).png,6d2716da78b6188df8dde5fdc0448996
train,no_cancer,LUNG MRI-NC (443).png,train__LUNG MRI-NC (443).png,..\dataset_split\train\no_cancer\train__LUNG MRI-NC (443).png,82595fb74dbbe5ab1f31910a86774349
train,no_cancer,LUNG MRI-NC (977).png,train__LUNG MRI-NC (977).png,..\dataset_split\train\no_cancer\train__LUNG MRI-NC (977).png,891d4916e051547e94e078e926a2afb0
train,cancer,Lung MRI (1019).png,train__Lung MRI (1019).png,..\dataset_split\train\cancer\train__Lung MRI (1019).png,26d464e2e6fed77d9c7087f29757c45c
train,cancer,Lung MRI (1067).png,train__Lung MRI (1067).png,..\dataset_split\train\cancer\train__Lung MRI (1067).png,b075ff09fed936ca33a667cb68adf852
train,no_cancer,LUNG MRI-NC (1202).png,train__LUNG MRI-NC (1202).png,..\dataset_split\train\no_cancer\train__LUNG MRI-NC (1202).png,afffd4b16fa4d6e72caafcaa004e616e
train,no_cancer,LUNG MRI-NC (307).png,train__LUNG MRI-NC (307).png,..\dataset_split\train\no_cancer\train__LUNG MRI-NC (307).png,8fa2808367533e071f8f0ea3df686eae
train,no_cancer,LUNG MRI-NC (941).png,train__LUNG MRI-NC (941).png,..\dataset_split\train\no_cancer\train__LUNG MRI-NC (941).png,08f6e8b905f229be8c4d46dc74919a12
train,no_cancer,LUNG MRI-NC (228).png,train__LUNG MRI-NC (228).png,..\dataset_split\train\no_cancer\train__LUNG MRI-NC (228).png,e7f31563540afeeb7268d0591cb71e9a
train,no_cancer,LUNG MRI-NC (116).png,train__LUNG MRI-NC (116).png,..\dataset_split\train\no_cancer\train__LUNG MRI-NC (116).png,b1da048fcda1181ed53da32fa21563bc
train,no_cancer,LUNG MRI-NC (948).png,train__LUNG MRI-NC (948).png,..\dataset_split\train\no_cancer\train__LUNG MRI-NC (948).png,bc7fed605d9bb8833553df092c172795
train,cancer,Lung MRI (779).png,train__Lung MRI (779).png,..\dataset_split\train\cancer\train__Lung MRI (779).png,894b0418ef27d8ef4157c8872d7d15dc
train,cancer,Lung MRI (79).png,train__Lung MRI (79).png,..\dataset_split\train\cancer\train__Lung MRI (79).png,0865e0588852c96bac91e35bd3d4a609
train,no_cancer,LUNG MRI-NC (452).png,train__LUNG MRI-NC (452).png,..\dataset_split\train\no_cancer\train__LUNG MRI-NC (452).png,1975e60c5ea9c353d32875bc049fff35
train,no_cancer,LUNG MRI NC (327).png,validate__LUNG MRI NC (327).png,..\dataset_split\train\no_cancer\validate__LUNG MRI NC (327).png,ef6fb1542f45bc22270e886bbca25e3f
train,cancer,Lung MRI (232).png,train__Lung MRI (232).png,..\dataset_split\train\cancer\train__Lung MRI (232).png,6b4f20bacc11ee06fe482196ecf6bca2
train,cancer,Lung MRI (960).png,train__Lung MRI (960).png,..\dataset_split\train\cancer\train__Lung MRI (960).png,612de825c8764940b7ea0fc9b8cd0a94
train,no_cancer,LUNG MRI NC (444).png,validate__LUNG MRI NC (444).png,..\dataset_split\train\no_cancer\validate__LUNG MRI NC (444).png,b8bd7c3cb99d940c6520dc21c6a96f52
train,no_cancer,LUNG MRI NC (264).png,validate__LUNG MRI NC (264).png,..\dataset_split\train\no_cancer\validate__LUNG MRI NC (264).png,1d966a3980dc9088aa8caf9c5172774b
train,no_cancer,LUNG MRI-NC (54).png,train__LUNG MRI-NC (54).png,..\dataset_split\train\no_cancer\train__LUNG MRI-NC (54).png,52d8ffca54a9ba63929a72390bc3adf5
train,no_cancer,LUNG MRI-NC (996).png,train__LUNG MRI-NC (996).png,..\dataset_split\train\no_cancer\train__LUNG MRI-NC (996).png,9a4d02382780aeff75a3ec5f67de790c
train,no_cancer,LUNG MRI-NC (1173).png,train__LUNG MRI-NC (1173).png,..\dataset_split\train\no_cancer\train__LUNG MRI-NC (1173).png,76929a936d27187780f5727d9614d349
train,no_cancer,LUNG MRI NC (421).png,validate__LUNG MRI NC (421).png,..\dataset_split\train\no_cancer\validate__LUNG MRI NC (421).png,817d36b208bdffd9f5b0ad60361e5e73
train,cancer,Lung MRI (539).png,train__Lung MRI (539).png,..\dataset_split\train\cancer\train__Lung MRI (539).png,a61966c3413710b8db6b706b517c64bc
train,no_cancer,LUNG MRI-NC (183).png,train__LUNG MRI-NC (183).png,..\dataset_split\train\no_cancer\train__LUNG MRI-NC (183).png,184611d61f9e2ef485d1cbf76e10aab3
train,cancer,Lung MRI (473).png,train__Lung MRI (473).png,..\dataset_split\train\cancer\train__Lung MRI (473).png,dad626bfb1bdd15322895f7e8e4d1f1f
train,no_cancer,LUNG MRI-NC (651).png,train__LUNG MRI-NC (651).png,..\dataset_split\train\no_cancer\train__LUNG MRI-NC (651).png,4788a59e344faec7f10e8cedc3c24ee6
train,cancer,Lung MRI (170).png,train__Lung MRI (170).png,..\dataset_split\train\cancer\train__Lung MRI (170).png,da206c8128cd076563ffb5992699f843
train,cancer,Lung MRI (107).png,train__Lung MRI (107).png,..\dataset_split\train\cancer\train__Lung MRI (107).png,0a8904ca5b3215e9d1462bb22619f198
train,no_cancer,LUNG MRI-NC (127).png,train__LUNG MRI-NC (127).png,..\dataset_split\train\no_cancer\train__LUNG MRI-NC (127).png,eb062e0e233d4bacbee35089f6c88dc6
train,cancer,Lung MRI (1489).png,validate__Lung MRI (1489).png,..\dataset_split\train\cancer\validate__Lung MRI (1489).png,4aa08b860421468af9ca627368261a89
train,no_cancer,LUNG MRI-NC (1120).png,train__LUNG MRI-NC (1120).png,..\dataset_split\train\no_cancer\train__LUNG MRI-NC (1120).png,12376861ebdc39d7ee0b62ec809ea0ef
train,no_cancer,LUNG MRI-NC (8).png,train__LUNG MRI-NC (8).png,..\dataset_split\train\no_cancer\train__LUNG MRI-NC (8).png,d1649e1027c340471328405691516f4f
train,no_cancer,LUNG MRI-NC (844).png,train__LUNG MRI-NC (844).png,..\dataset_split\train\no_cancer\train__LUNG MRI-NC (844).png,0842fb108461ec9d5ee6e3c676c4ad36
train,no_cancer,LUNG MRI-NC (7).png,train__LUNG MRI-NC (7).png,..\dataset_split\train\no_cancer\train__LUNG MRI-NC (7).png,57a85be8c4b178a40bb8e52e371ec871
train,cancer,Lung MRI (30).png,train__Lung MRI (30).png,..\dataset_split\train\cancer\train__Lung MRI (30).png,b2d5fddc7b511918595b4b8f390d62d1
train,no_cancer,LUNG MRI-NC (841).png,train__LUNG MRI-NC (841).png,..\dataset_split\train\no_cancer\train__LUNG MRI-NC (841).png,ad7c145e4b961af06576859f8f5a932f
train,cancer,Lung MRI (780).png,train__Lung MRI (780).png,..\dataset_split\train\cancer\train__Lung MRI (780).png,412f9cf7a3c907c3787c5d69c6b4a98d
train,cancer,Lung MRI (811).png,train__Lung MRI (811).png,..\dataset_split\train\cancer\train__Lung MRI (811).png,f46866eb8d5497ae7c8d9786d0217d08
train,no_cancer,LUNG MRI-NC (694).png,train__LUNG MRI-NC (694).png,..\dataset_split\train\no_cancer\train__LUNG MRI-NC (694).png,34e6f8883063bb8ce5d606655f3e5bca
train,cancer,Lung MRI (492).png,train__Lung MRI (492).png,..\dataset_split\train\cancer\train__Lung MRI (492).png,fb9f23411a023c206a86534519037801
train,cancer,Lung MRI (733).png,train__Lung MRI (733).png,..\dataset_split\train\cancer\train__Lung MRI (733).png,041a83ebc8da7c9801db676ee7f8ed5b
train,no_cancer,LUNG MRI-NC (756).png,train__LUNG MRI-NC (756).png,..\dataset_split\train\no_cancer\train__LUNG MRI-NC (756).png,16e5f8e904672e5e7432c54cc2ce9036
train,no_cancer,LUNG MRI-NC (641).png,train__LUNG MRI-NC (641).png,..\dataset_split\train\no_cancer\train__LUNG MRI-NC (641).png,b5a260ba80d185b275ea007dc8aa625c
train,no_cancer,LUNG MRI-NC (1083).png,train__LUNG MRI-NC (1083).png,..\dataset_split\train\no_cancer\train__LUNG MRI-NC (1083).png,2b628203def0ab9ce0fb4253d7ef45e9
train,no_cancer,LUNG MRI-NC (1263).png,train__LUNG MRI-NC (1263).png,..\dataset_split\train\no_cancer\train__LUNG MRI-NC (1263).png,4caf6d400809799e5f70dd8b5b39923b
train,no_cancer,LUNG MRI NC (147).png,validate__LUNG MRI NC (147).png,..\dataset_split\train\no_cancer\validate__LUNG MRI NC (147).png,d7d92749d042b531eab838f369d7f5a1
train,no_cancer,LUNG MRI-NC (467).png,train__LUNG MRI-NC (467).png,..\dataset_split\train\no_cancer\train__LUNG MRI-NC (467).png,9127b611f0729a5cb4ab75806d3433f6
train,cancer,Lung MRI (529).png,train__Lung MRI (529).png,..\dataset_split\train\cancer\train__Lung MRI (529).png,1bdf1cbd71f9858aa73146eada2b4ea6
train,no_cancer,LUNG MRI-NC (258).png,train__LUNG MRI-NC (258).png,..\dataset_split\train\no_cancer\train__LUNG MRI-NC (258).png,c6b167701882716d8c253886cf77db22
train,no_cancer,LUNG MRI-NC (484).png,train__LUNG MRI-NC (484).png,..\dataset_split\train\no_cancer\train__LUNG MRI-NC (484).png,e3af170d1fbcdd9c9e1ce899bceb3d5d
train,no_cancer,LUNG MRI NC (43).png,validate__LUNG MRI NC (43).png,..\dataset_split\train\no_cancer\validate__LUNG MRI NC (43).png,2e7d35ff9f5015fe90fe39c3cb376a43
train,no_cancer,LUNG MRI-NC (963).png,train__LUNG MRI-NC (963).png,..\dataset_split\train\no_cancer\train__LUNG MRI-NC (963).png,47cf4652d981d1b2c0442d234b68f831
train,cancer,Lung MRI (891).png,train__Lung MRI (891).png,..\dataset_split\train\cancer\train__Lung MRI (891).png,15d20d487ff0b5524d912bf17f033450
train,cancer,Lung MRI (785).png,train__Lung MRI (785).png,..\dataset_split\train\cancer\train__Lung MRI (785).png,25d9b23bb4a10061d1e928581c1fc924
train,no_cancer,LUNG MRI-NC (1163).png,train__LUNG MRI-NC (1163).png,..\dataset_split\train\no_cancer\train__LUNG MRI-NC (1163).png,f4c0e5cb5c7ca3e9b6563387e848458a
train,no_cancer,LUNG MRI-NC (693).png,train__LUNG MRI-NC (693).png,..\dataset_split\train\no_cancer\train__LUNG MRI-NC (693).png,5ff8bcf4e6edb73cffa01d6a87d6062b
train,no_cancer,LUNG MRI-NC (1107).png,train__LUNG MRI-NC (1107).png,..\dataset_split\train\no_cancer\train__LUNG MRI-NC (1107).png,e7053cbb0f1e13b98bfbae29f86ee175
train,no_cancer,LUNG MRI-NC (82).png,train__LUNG MRI-NC (82).png,..\dataset_split\train\no_cancer\train__LUNG MRI-NC (82).png,9a144599babd71590e98ad5608902b5f
train,no_cancer,LUNG MRI-NC (800).png,train__LUNG MRI-NC (800).png,..\dataset_split\train\no_cancer\train__LUNG MRI-NC (800).png,50da6bf8479a66333c3d6bd6a9efe2ca
train,no_cancer,LUNG MRI-NC (230).png,train__LUNG MRI-NC (230).png,..\dataset_split\train\no_cancer\train__LUNG MRI-NC (230).png,e855072da873f78db865d7f40fe74a56
train,no_cancer,LUNG MRI-NC (74).png,train__LUNG MRI-NC (74).png,..\dataset_split\train\no_cancer\train__LUNG MRI-NC (74).png,8fdb1816b5aeb0626a6c8798388b4a52
train,no_cancer,LUNG MRI NC (345).png,validate__LUNG MRI NC (345).png,..\dataset_split\train\no_cancer\validate__LUNG MRI NC (345).png,4a4d4cd7216feadadc1f60daf5c963cb
train,cancer,Lung MRI (813).png,train__Lung MRI (813).png,..\dataset_split\train\cancer\train__Lung MRI (813).png,26571a2febd858838148c13703ccc215
train,no_cancer,LUNG MRI-NC (421).png,train__LUNG MRI-NC (421).png,..\dataset_split\train\no_cancer\train__LUNG MRI-NC (421).png,a9ec6500e9fb84072c2074463f4127d2
train,cancer,Lung MRI (43).png,train__Lung MRI (43).png,..\dataset_split\train\cancer\train__Lung MRI (43).png,14c4d071cc5e1f4a88357586c705a08a
train,no_cancer,LUNG MRI-NC (359).png,train__LUNG MRI-NC (359).png,..\dataset_split\train\no_cancer\train__LUNG MRI-NC (359).png,ea854dae7d57b9bd30d5794faa145aad
train,no_cancer,LUNG MRI-NC (306).png,train__LUNG MRI-NC (306).png,..\dataset_split\train\no_cancer\train__LUNG MRI-NC (306).png,fbc4c596ede83156e7449703f1f0ad70
train,cancer,Lung MRI (189).png,train__Lung MRI (189).png,..\dataset_split\train\cancer\train__Lung MRI (189).png,058d8d81460728cf0e7cffc1c03c2a83
train,no_cancer,LUNG MRI NC (424).png,validate__LUNG MRI NC (424).png,..\dataset_split\train\no_cancer\validate__LUNG MRI NC (424).png,b36cd4dcc8c99073cb3dedf301325c55
train,no_cancer,LUNG MRI-NC (62).png,train__LUNG MRI-NC (62).png,..\dataset_split\train\no_cancer\train__LUNG MRI-NC (62).png,2057a5f41c228640319ee2c0a70d443c
train,cancer,Lung MRI (68).png,train__Lung MRI (68).png,..\dataset_split\train\cancer\train__Lung MRI (68).png,39547789e2d24f47b6d6cd77df85c472
train,cancer,Lung MRI (385).png,train__Lung MRI (385).png,..\dataset_split\train\cancer\train__Lung MRI (385).png,622d386e75c19fb15c8810a9214029b8
train,no_cancer,LUNG MRI NC (210).png,validate__LUNG MRI NC (210).png,..\dataset_split\train\no_cancer\validate__LUNG MRI NC (210).png,7a395a5efcb1ef61f07ce191e6f46c68
train,no_cancer,LUNG MRI NC (253).png,validate__LUNG MRI NC (253).png,..\dataset_split\train\no_cancer\validate__LUNG MRI NC (253).png,796fa44bd6c865ba1e7d10da1242f024
train,no_cancer,LUNG MRI-NC (395).png,train__LUNG MRI-NC (395).png,..\dataset_split\train\no_cancer\train__LUNG MRI-NC (395).png,08443e9fcbbefb4a701fcc7f734dad2a
train,cancer,Lung MRI (581).png,train__Lung MRI (581).png,..\dataset_split\train\cancer\train__Lung MRI (581).png,e0e5475b50977159ad7cfe04a0acc1ae
train,no_cancer,LUNG MRI-NC (170).png,train__LUNG MRI-NC (170).png,..\dataset_split\train\no_cancer\train__LUNG MRI-NC (170).png,520fd27811175be7666d7b8570ae3558
train,no_cancer,LUNG MRI-NC (378).png,train__LUNG MRI-NC (378).png,..\dataset_split\train\no_cancer\train__LUNG MRI-NC (378).png,bcf89cb2fe14b78c451505ffd92859c7
train,no_cancer,LUNG MRI NC (243).png,validate__LUNG MRI NC (243).png,..\dataset_split\train\no_cancer\validate__LUNG MRI NC (243).png,4c8cab432d97f503aebb7612e459092d
train,cancer,Lung MRI (578).png,train__Lung MRI (578).png,..\dataset_split\train\cancer\train__Lung MRI (578).png,4dfd270d8f236dc668876a1de97e6b78
train,no_cancer,LUNG MRI-NC (317).png,train__LUNG MRI-NC (317).png,..\dataset_split\train\no_cancer\train__LUNG MRI-NC (317).png,bfd796cf610e921c15b8b11284ab4f67
train,no_cancer,LUNG MRI-NC (206).png,train__LUNG MRI-NC (206).png,..\dataset_split\train\no_cancer\train__LUNG MRI-NC (206).png,30078e488558e963f3e43bc4396d3e2b
train,cancer,Lung MRI (320).png,train__Lung MRI (320).png,..\dataset_split\train\cancer\train__Lung MRI (320).png,3710a4051d2891c24721b93dcca1059f
train,cancer,Lung MRI (495).png,train__Lung MRI (495).png,..\dataset_split\train\cancer\train__Lung MRI (495).png,bebf338774e8a51348273ca391bab642
train,no_cancer,LUNG MRI NC (197).png,validate__LUNG MRI NC (197).png,..\dataset_split\train\no_cancer\validate__LUNG MRI NC (197).png,30d158d41b7822b43fab57a8e23cac79
train,no_cancer,LUNG MRI-NC (126).png,train__LUNG MRI-NC (126).png,..\dataset_split\train\no_cancer\train__LUNG MRI-NC (126).png,6404fa1c77c204491a3b36bc835fd9c0
train,no_cancer,LUNG MRI-NC (1282).png,train__LUNG MRI-NC (1282).png,..\dataset_split\train\no_cancer\train__LUNG MRI-NC (1282).png,f3d246ac0f103a19b902d556457b0aaa
train,no_cancer,LUNG MRI-NC (1037).png,train__LUNG MRI-NC (1037).png,..\dataset_split\train\no_cancer\train__LUNG MRI-NC (1037).png,8e7a1402ee32dd0e3b340c2eb7d766c9
train,no_cancer,LUNG MRI NC (94).png,validate__LUNG MRI NC (94).png,..\dataset_split\train\no_cancer\validate__LUNG MRI NC (94).png,da14b9bf7e7db49e54f59d8a4dfff6bc
train,no_cancer,LUNG MRI-NC (1245).png,train__LUNG MRI-NC (1245).png,..\dataset_split\train\no_cancer\train__LUNG MRI-NC (1245).png,0c83c201cca09e681df7e7c3cd9bcf01
train,no_cancer,LUNG MRI-NC (464).png,train__LUNG MRI-NC (464).png,..\dataset_split\train\no_cancer\train__LUNG MRI-NC (464).png,6513379e4fd087746941cacf85aa5c8b
train,cancer,Lung MRI (1447).png,validate__Lung MRI (1447).png,..\dataset_split\train\cancer\validate__Lung MRI (1447).png,760f5ffeade19a37d5226802d19ded6a
train,cancer,Lung MRI (87).png,train__Lung MRI (87).png,..\dataset_split\train\cancer\train__Lung MRI (87).png,77f4290fc9381ccc632ce58fd99d385d
train,cancer,Lung MRI (829).png,train__Lung MRI (829).png,..\dataset_split\train\cancer\train__Lung MRI (829).png,051aa72f39d622f9040c02f70020f9cd
train,cancer,Lung MRI (933).png,train__Lung MRI (933).png,..\dataset_split\train\cancer\train__Lung MRI (933).png,a597b52ada437bc519ec19d95269e3e6
train,no_cancer,LUNG MRI NC (277).png,validate__LUNG MRI NC (277).png,..\dataset_split\train\no_cancer\validate__LUNG MRI NC (277).png,bfac1db309864fb14b70c42a4ac3c4e1
train,cancer,Lung MRI (594).png,train__Lung MRI (594).png,..\dataset_split\train\cancer\train__Lung MRI (594).png,86d9410876afda64559a4bf0ac1fb2b3
train,no_cancer,LUNG MRI-NC (993).png,train__LUNG MRI-NC (993).png,..\dataset_split\train\no_cancer\train__LUNG MRI-NC (993).png,ccef8034a832f0ca8ba967d44d79f9fe
train,no_cancer,LUNG MRI-NC (634).png,train__LUNG MRI-NC (634).png,..\dataset_split\train\no_cancer\train__LUNG MRI-NC (634).png,60ce25570fe3b530f266042bc708dae2
train,cancer,Lung MRI (248).png,train__Lung MRI (248).png,..\dataset_split\train\cancer\train__Lung MRI (248).png,accdb509c6dc645bef3186b3892b57ba
train,no_cancer,LUNG MRI-NC (805).png,train__LUNG MRI-NC (805).png,..\dataset_split\train\no_cancer\train__LUNG MRI-NC (805).png,2183a049ba03c2aa9ef4884ec32ec34a
train,no_cancer,LUNG MRI-NC (377).png,train__LUNG MRI-NC (377).png,..\dataset_split\train\no_cancer\train__LUNG MRI-NC (377).png,0696e2bae2e5cd883f19224ee4b709d3
train,no_cancer,LUNG MRI-NC (916).png,train__LUNG MRI-NC (916).png,..\dataset_split\train\no_cancer\train__LUNG MRI-NC (916).png,7ed4aa8db9537102174d67d88ace6de6
train,no_cancer,LUNG MRI-NC (647).png,train__LUNG MRI-NC (647).png,..\dataset_split\train\no_cancer\train__LUNG MRI-NC (647).png,9b16f91516dc5d539c1446b811af0e0c
train,no_cancer,LUNG MRI NC (368).png,validate__LUNG MRI NC (368).png,..\dataset_split\train\no_cancer\validate__LUNG MRI NC (368).png,12f8650346cb72478766b1e5c18c5662
train,no_cancer,LUNG MRI-NC (313).png,train__LUNG MRI-NC (313).png,..\dataset_split\train\no_cancer\train__LUNG MRI-NC (313).png,12867e09bd5cf14336027f4de7c35ffe
train,no_cancer,LUNG MRI NC (324).png,validate__LUNG MRI NC (324).png,..\dataset_split\train\no_cancer\validate__LUNG MRI NC (324).png,4900577c8e6128dfcbc33b756c5b461a
train,cancer,Lung MRI (364).png,train__Lung MRI (364).png,..\dataset_split\train\cancer\train__Lung MRI (364).png,77a01cdd7aab055d9410f2cd82893958
train,cancer,Lung MRI (528).png,train__Lung MRI (528).png,..\dataset_split\train\cancer\train__Lung MRI (528).png,1a1850728c611053759bcfbf07461fe8
train,cancer,Lung MRI (841).png,train__Lung MRI (841).png,..\dataset_split\train\cancer\train__Lung MRI (841).png,939754efb7ce332a6d30de9c86743167
train,no_cancer,LUNG MRI-NC (1234).png,train__LUNG MRI-NC (1234).png,..\dataset_split\train\no_cancer\train__LUNG MRI-NC (1234).png,74da40ecde327fd5d61687cdd0caa871
train,no_cancer,LUNG MRI-NC (683).png,train__LUNG MRI-NC (683).png,..\dataset_split\train\no_cancer\train__LUNG MRI-NC (683).png,524b5410aa929a811516b528ddd24329
train,no_cancer,LUNG MRI-NC (905).png,train__LUNG MRI-NC (905).png,..\dataset_split\train\no_cancer\train__LUNG MRI-NC (905).png,65b53255d0c3c4f179deb9f62fdf7772
train,no_cancer,LUNG MRI-NC (1165).png,train__LUNG MRI-NC (1165).png,..\dataset_split\train\no_cancer\train__LUNG MRI-NC (1165).png,5bf07291d26d6db841acd44170601d31
train,no_cancer,LUNG MRI-NC (141).png,train__LUNG MRI-NC (141).png,..\dataset_split\train\no_cancer\train__LUNG MRI-NC (141).png,355538e958196207720d62f32f74f80f
train,cancer,Lung MRI (169).png,train__Lung MRI (169).png,..\dataset_split\train\cancer\train__Lung MRI (169).png,6b07c3b88b7cc7b5acdc3e48efeda3f7
train,cancer,Lung MRI (185).png,train__Lung MRI (185).png,..\dataset_split\train\cancer\train__Lung MRI (185).png,bbf765aa7d38e2c06db066ef3c04615e
train,no_cancer,LUNG MRI NC (370).png,validate__LUNG MRI NC (370).png,..\dataset_split\train\no_cancer\validate__LUNG MRI NC (370).png,1c465c3e38170707de6122bc50e5bcf5
train,cancer,Lung MRI (949).png,train__Lung MRI (949).png,..\dataset_split\train\cancer\train__Lung MRI (949).png,fbb080e50b1dada1ea7f8fc80802610f
train,cancer,Lung MRI (190).png,train__Lung MRI (190).png,..\dataset_split\train\cancer\train__Lung MRI (190).png,b394f667658753e03f224c00f4e2b6fb
train,cancer,Lung MRI (583).png,train__Lung MRI (583).png,..\dataset_split\train\cancer\train__Lung MRI (583).png,783e6c45321d9e409ba8b591e0e292b4
train,cancer,Lung MRI (295).png,train__Lung MRI (295).png,..\dataset_split\train\cancer\train__Lung MRI (295).png,c62922f5d057ef4e5a41a7cff8cbcee6
train,no_cancer,LUNG MRI-NC (1188).png,train__LUNG MRI-NC (1188).png,..\dataset_split\train\no_cancer\train__LUNG MRI-NC (1188).png,df6adcbb7183ece3eddc06784638d5c0
train,cancer,Lung MRI (1171).png,validate__Lung MRI (1171).png,..\dataset_split\train\cancer\validate__Lung MRI (1171).png,c781586f36678ea0d19839fea65e3589
train,no_cancer,LUNG MRI-NC (759).png,train__LUNG MRI-NC (759).png,..\dataset_split\train\no_cancer\train__LUNG MRI-NC (759).png,8a35cdf4b570635efe8a52f593d1eca0
train,no_cancer,LUNG MRI-NC (1200).png,train__LUNG MRI-NC (1200).png,..\dataset_split\train\no_cancer\train__LUNG MRI-NC (1200).png,98bdd3f6b2ce669527c7ef383b2f89e4
train,no_cancer,LUNG MRI NC (375).png,validate__LUNG MRI NC (375).png,..\dataset_split\train\no_cancer\validate__LUNG MRI NC (375).png,7361e6283dc0c66151279970e9e41cbb
train,no_cancer,LUNG MRI-NC (1233).png,train__LUNG MRI-NC (1233).png,..\dataset_split\train\no_cancer\train__LUNG MRI-NC (1233).png,92a92ed4c4676dfcd7c7958f5483547a
train,cancer,Lung MRI (46).png,train__Lung MRI (46).png,..\dataset_split\train\cancer\train__Lung MRI (46).png,6b21c28ab528983b3070af4a8e660fa4
train,no_cancer,LUNG MRI-NC (262).png,train__LUNG MRI-NC (262).png,..\dataset_split\train\no_cancer\train__LUNG MRI-NC (262).png,5e35979b3f7cc57239e8cc16436b818a
train,cancer,Lung MRI (171).png,train__Lung MRI (171).png,..\dataset_split\train\cancer\train__Lung MRI (171).png,97bfb2dea38ce89d8cd0b3b213f3e4fa
train,no_cancer,LUNG MRI-NC (618).png,train__LUNG MRI-NC (618).png,..\dataset_split\train\no_cancer\train__LUNG MRI-NC (618).png,1059354419fcff9ef2f5e1d40caac7fa
train,cancer,Lung MRI (342).png,train__Lung MRI (342).png,..\dataset_split\train\cancer\train__Lung MRI (342).png,3f091ee9a39c37eee2233ec09d88e969
train,cancer,Lung MRI (563).png,train__Lung MRI (563).png,..\dataset_split\train\cancer\train__Lung MRI (563).png,904dc141594fb6d209deeeca8ce3bb94
train,no_cancer,LUNG MRI-NC (332).png,train__LUNG MRI-NC (332).png,..\dataset_split\train\no_cancer\train__LUNG MRI-NC (332).png,781f72939a85374653f30bdc606dbd75
train,cancer,Lung MRI (77).png,train__Lung MRI (77).png,..\dataset_split\train\cancer\train__Lung MRI (77).png,ec673a849a3c1efbc3936247fd676169
train,no_cancer,LUNG MRI-NC (61).png,train__LUNG MRI-NC (61).png,..\dataset_split\train\no_cancer\train__LUNG MRI-NC (61).png,8ad2c0c420ea16c61bf3e150d116f1c1
train,no_cancer,LUNG MRI-NC (25).png,train__LUNG MRI-NC (25).png,..\dataset_split\train\no_cancer\train__LUNG MRI-NC (25).png,0a984823f9323b9d12ed1df332f759c7
train,cancer,Lung MRI (140).png,train__Lung MRI (140).png,..\dataset_split\train\cancer\train__Lung MRI (140).png,d5c295617db8914ed72843c671984267
train,cancer,Lung MRI (310).png,train__Lung MRI (310).png,..\dataset_split\train\cancer\train__Lung MRI (310).png,fb2915c0c527dd2cd8e922deb1d2de32
train,no_cancer,LUNG MRI NC (190).png,validate__LUNG MRI NC (190).png,..\dataset_split\train\no_cancer\validate__LUNG MRI NC (190).png,4d25580efd33c6eae4c5fe3f8e2e0f5e
train,cancer,Lung MRI (763).png,train__Lung MRI (763).png,..\dataset_split\train\cancer\train__Lung MRI (763).png,3bc2348755a9b16c3692efe84034c4e8
train,cancer,Lung MRI (384).png,train__Lung MRI (384).png,..\dataset_split\train\cancer\train__Lung MRI (384).png,c4df0f14893afa4f8ca289eeba0c3153
train,cancer,Lung MRI (448).png,train__Lung MRI (448).png,..\dataset_split\train\cancer\train__Lung MRI (448).png,6a411d8abdb95e2874b3db0942017629
train,no_cancer,LUNG MRI NC (93).png,validate__LUNG MRI NC (93).png,..\dataset_split\train\no_cancer\validate__LUNG MRI NC (93).png,87522e493def3d7ace632e2cc92f090d
train,no_cancer,LUNG MRI-NC (1176).png,train__LUNG MRI-NC (1176).png,..\dataset_split\train\no_cancer\train__LUNG MRI-NC (1176).png,e2d7217c05e58d5fe7cdf03ff711784b
train,no_cancer,LUNG MRI-NC (527).png,train__LUNG MRI-NC (527).png,..\dataset_split\train\no_cancer\train__LUNG MRI-NC (527).png,c6ea2bab6a01a531fa126de7a5830731
train,no_cancer,LUNG MRI-NC (929).png,train__LUNG MRI-NC (929).png,..\dataset_split\train\no_cancer\train__LUNG MRI-NC (929).png,fd0eedb822602db372315158620eaf80
train,no_cancer,LUNG MRI-NC (822).png,train__LUNG MRI-NC (822).png,..\dataset_split\train\no_cancer\train__LUNG MRI-NC (822).png,f351d41f1b841b47449eff6739909371
train,no_cancer,LUNG MRI-NC (823).png,train__LUNG MRI-NC (823).png,..\dataset_split\train\no_cancer\train__LUNG MRI-NC (823).png,d1ea942f5f4a35d970b872631292b2ba
train,no_cancer,LUNG MRI-NC (124).png,train__LUNG MRI-NC (124).png,..\dataset_split\train\no_cancer\train__LUNG MRI-NC (124).png,2384402106267d84c194f801c017aa03
train,no_cancer,LUNG MRI-NC (625).png,train__LUNG MRI-NC (625).png,..\dataset_split\train\no_cancer\train__LUNG MRI-NC (625).png,2536f7e7e019c2cf04849307ab125fea
train,no_cancer,LUNG MRI-NC (1138).png,train__LUNG MRI-NC (1138).png,..\dataset_split\train\no_cancer\train__LUNG MRI-NC (1138).png,8fd0fe72a6b6f322e2dbea3b7f2796c9
train,no_cancer,LUNG MRI-NC (665).png,train__LUNG MRI-NC (665).png,..\dataset_split\train\no_cancer\train__LUNG MRI-NC (665).png,5d7bde2cf5cc6885ae69688b6894b6d8
train,cancer,Lung MRI (182).png,train__Lung MRI (182).png,..\dataset_split\train\cancer\train__Lung MRI (182).png,420be3d2689436dd6e2888bd58411465
train,cancer,Lung MRI (1492).png,validate__Lung MRI (1492).png,..\dataset_split\train\cancer\validate__Lung MRI (1492).png,9f4ac4741d37f442518142f5ca21dcfb
train,no_cancer,LUNG MRI-NC (1127).png,train__LUNG MRI-NC (1127).png,..\dataset_split\train\no_cancer\train__LUNG MRI-NC (1127).png,178289bae82b3de5d5a0370d7524593f
train,no_cancer,LUNG MRI-NC (758).png,train__LUNG MRI-NC (758).png,..\dataset_split\train\no_cancer\train__LUNG MRI-NC (758).png,9d41acae70b37ce3ac79dfbe298c44a8
train,cancer,Lung MRI (277).png,train__Lung MRI (277).png,..\dataset_split\train\cancer\train__Lung MRI (277).png,a04cc481d2d0ff72cab5e3456b72d1ca
train,cancer,Lung MRI (666).png,train__Lung MRI (666).png,..\dataset_split\train\cancer\train__Lung MRI (666).png,c7a8aea2949f3a435753f49c82852d6c
train,no_cancer,LUNG MRI-NC (1301).png,train__LUNG MRI-NC (1301).png,..\dataset_split\train\no_cancer\train__LUNG MRI-NC (1301).png,c69b1365db1f75ec8c378cd5fb64e137
train,no_cancer,LUNG MRI-NC (552).png,train__LUNG MRI-NC (552).png,..\dataset_split\train\no_cancer\train__LUNG MRI-NC (552).png,f30446d1f0e8dc97f6fb4be7277de26f
train,no_cancer,LUNG MRI-NC (812).png,train__LUNG MRI-NC (812).png,..\dataset_split\train\no_cancer\train__LUNG MRI-NC (812).png,5d23877bb77d011235a3d14a79db63fc
train,no_cancer,LUNG MRI-NC (1187).png,train__LUNG MRI-NC (1187).png,..\dataset_split\train\no_cancer\train__LUNG MRI-NC (1187).png,12fa212481b602e1289feff508dc5e12
train,no_cancer,LUNG MRI-NC (820).png,train__LUNG MRI-NC (820).png,..\dataset_split\train\no_cancer\train__LUNG MRI-NC (820).png,3a28824c54d3c143119c88d5c8f5ffff
train,no_cancer,LUNG MRI-NC (15).png,train__LUNG MRI-NC (15).png,..\dataset_split\train\no_cancer\train__LUNG MRI-NC (15).png,fb1200efd10f88a90c36c06c7eb3a56e
train,no_cancer,LUNG MRI-NC (373).png,train__LUNG MRI-NC (373).png,..\dataset_split\train\no_cancer\train__LUNG MRI-NC (373).png,89ab5c79e236971a8b8af6a1b492063f
train,no_cancer,LUNG MRI-NC (1312).png,train__LUNG MRI-NC (1312).png,..\dataset_split\train\no_cancer\train__LUNG MRI-NC (1312).png,8dde58903ddd1265981e9c4eac989d50
train,no_cancer,LUNG MRI-NC (884).png,train__LUNG MRI-NC (884).png,..\dataset_split\train\no_cancer\train__LUNG MRI-NC (884).png,ac56043d32a2eb35952570fbd752a27f
train,cancer,Lung MRI (715).png,train__Lung MRI (715).png,..\dataset_split\train\cancer\train__Lung MRI (715).png,94e4086d3921725631d3a0c043040a37
train,cancer,Lung MRI (1431).png,validate__Lung MRI (1431).png,..\dataset_split\train\cancer\validate__Lung MRI (1431).png,df17cf2ebddc8ef7c5556e186d281962
train,no_cancer,LUNG MRI-NC (732).png,train__LUNG MRI-NC (732).png,..\dataset_split\train\no_cancer\train__LUNG MRI-NC (732).png,83b1273790d7ebb7a4af7619284df119
train,cancer,Lung MRI (56).png,train__Lung MRI (56).png,..\dataset_split\train\cancer\train__Lung MRI (56).png,e49a96cd5fe1861f443ccb253f92b3da
train,no_cancer,LUNG MRI-NC (346).png,train__LUNG MRI-NC (346).png,..\dataset_split\train\no_cancer\train__LUNG MRI-NC (346).png,5dccbdb754a12a34bb128147005fe081
train,cancer,Lung MRI (635).png,train__Lung MRI (635).png,..\dataset_split\train\cancer\train__Lung MRI (635).png,194b74856ac54fd94f09b27cdf55378a
train,no_cancer,LUNG MRI-NC (32).png,train__LUNG MRI-NC (32).png,..\dataset_split\train\no_cancer\train__LUNG MRI-NC (32).png,c0351cb0da064b336f69dbcdf9b98c71
train,no_cancer,LUNG MRI-NC (1249).png,train__LUNG MRI-NC (1249).png,..\dataset_split\train\no_cancer\train__LUNG MRI-NC (1249).png,550b4e74ff6f0cce131c2e1ecbda3b39
train,no_cancer,LUNG MRI-NC (536).png,train__LUNG MRI-NC (536).png,..\dataset_split\train\no_cancer\train__LUNG MRI-NC (536).png,971f4041aefe20881f418f1e7280b7bc
train,no_cancer,LUNG MRI NC (309).png,validate__LUNG MRI NC (309).png,..\dataset_split\train\no_cancer\validate__LUNG MRI NC (309).png,addc1d6696c3cf8df5db2a35e5d04bf8
train,cancer,Lung MRI (634).png,train__Lung MRI (634).png,..\dataset_split\train\cancer\train__Lung MRI (634).png,3b9e8f7b8cfcbaf3cb3d161173f74e8b
train,cancer,Lung MRI (633).png,train__Lung MRI (633).png,..\dataset_split\train\cancer\train__Lung MRI (633).png,0450069a2528d35abe567fd124038e19
train,no_cancer,LUNG MRI-NC (1022).png,train__LUNG MRI-NC (1022).png,..\dataset_split\train\no_cancer\train__LUNG MRI-NC (1022).png,e191eec755f698b978ea7621d6dd4d02
train,cancer,Lung MRI (497).png,train__Lung MRI (497).png,..\dataset_split\train\cancer\train__Lung MRI (497).png,b9ff4174fecba1732ecb96b124472713
train,cancer,Lung MRI (1460).png,validate__Lung MRI (1460).png,..\dataset_split\train\cancer\validate__Lung MRI (1460).png,e8bbc3937cfe47f01cddfb930b2df2cd
train,no_cancer,LUNG MRI NC (458).png,validate__LUNG MRI NC (458).png,..\dataset_split\train\no_cancer\validate__LUNG MRI NC (458).png,e2652ee19ae2761b16ca905a8405ff90
train,no_cancer,LUNG MRI-NC (1239).png,train__LUNG MRI-NC (1239).png,..\dataset_split\train\no_cancer\train__LUNG MRI-NC (1239).png,1c9f35b03bc7f8a548e17bb0cf060b4c
train,no_cancer,LUNG MRI-NC (499).png,train__LUNG MRI-NC (499).png,..\dataset_split\train\no_cancer\train__LUNG MRI-NC (499).png,4e3c05b689d212a212994a124de34618
train,no_cancer,LUNG MRI NC (276).png,validate__LUNG MRI NC (276).png,..\dataset_split\train\no_cancer\validate__LUNG MRI NC (276).png,f4a3116b3925b29ee3f2bd42e6e299e7
train,no_cancer,LUNG MRI-NC (1246).png,train__LUNG MRI-NC (1246).png,..\dataset_split\train\no_cancer\train__LUNG MRI-NC (1246).png,09370a2fbeaa39c42a6f6b2f2a3072e5
train,cancer,Lung MRI (773).png,train__Lung MRI (773).png,..\dataset_split\train\cancer\train__Lung MRI (773).png,3218de9142e41a550d65485b47ff68cc
train,no_cancer,LUNG MRI NC (400).png,validate__LUNG MRI NC (400).png,..\dataset_split\train\no_cancer\validate__LUNG MRI NC (400).png,86a6ed207bb414fa9083707a855144fc
train,no_cancer,LUNG MRI NC (430).png,validate__LUNG MRI NC (430).png,..\dataset_split\train\no_cancer\validate__LUNG MRI NC (430).png,fb62f679676b7b73ed0c79949914f84d
train,no_cancer,LUNG MRI-NC (825).png,train__LUNG MRI-NC (825).png,..\dataset_split\train\no_cancer\train__LUNG MRI-NC (825).png,041bfd1ca0b7e121dbeedc68703e1729
train,no_cancer,LUNG MRI NC (449).png,validate__LUNG MRI NC (449).png,..\dataset_split\train\no_cancer\validate__LUNG MRI NC (449).png,61ad091f3f1b1446c21c1b37d6e76e1c
train,cancer,Lung MRI (1101).png,train__Lung MRI (1101).png,..\dataset_split\train\cancer\train__Lung MRI (1101).png,206e3dd1441ed428993887b0d44e7779
train,cancer,Lung MRI (1049).png,train__Lung MRI (1049).png,..\dataset_split\train\cancer\train__Lung MRI (1049).png,a96e86562109a9d53ee745a6611df4cb
train,no_cancer,LUNG MRI-NC (1292).png,train__LUNG MRI-NC (1292).png,..\dataset_split\train\no_cancer\train__LUNG MRI-NC (1292).png,ce15240de153c385ac7bb81ec18aa273
train,cancer,Lung MRI (1118).png,train__Lung MRI (1118).png,..\dataset_split\train\cancer\train__Lung MRI (1118).png,9a9cf251a6d63a7caa247e16796b9df4
train,no_cancer,LUNG MRI NC (343).png,validate__LUNG MRI NC (343).png,..\dataset_split\train\no_cancer\validate__LUNG MRI NC (343).png,6765ed86f83c754b127e025329cd76f7
train,no_cancer,LUNG MRI-NC (656).png,train__LUNG MRI-NC (656).png,..\dataset_split\train\no_cancer\train__LUNG MRI-NC (656).png,b2626049d85331e84ee9fadea9dcf98f
train,no_cancer,LUNG MRI NC (186).png,validate__LUNG MRI NC (186).png,..\dataset_split\train\no_cancer\validate__LUNG MRI NC (186).png,093f86f3c53c9c057f9cac840ef85213
train,cancer,Lung MRI (51).png,train__Lung MRI (51).png,..\dataset_split\train\cancer\train__Lung MRI (51).png,291398145b42f4f5ec33ae91081379a0
train,no_cancer,LUNG MRI-NC (12).png,train__LUNG MRI-NC (12).png,..\dataset_split\train\no_cancer\train__LUNG MRI-NC (12).png,0e36c8fbd8bd17ab8909969f6166983b
train,no_cancer,LUNG MRI-NC (394).png,train__LUNG MRI-NC (394).png,..\dataset_split\train\no_cancer\train__LUNG MRI-NC (394).png,a312dd532ec0c0bccba01931e767b9f8
train,no_cancer,LUNG MRI-NC (955).png,train__LUNG MRI-NC (955).png,..\dataset_split\train\no_cancer\train__LUNG MRI-NC (955).png,d39e43ac27c123f8c5cd03412a24e19a
train,no_cancer,LUNG MRI-NC (430).png,train__LUNG MRI-NC (430).png,..\dataset_split\train\no_cancer\train__LUNG MRI-NC (430).png,d117c5fdd43b2bdcac2a4592bb39a038
train,cancer,Lung MRI (252).png,train__Lung MRI (252).png,..\dataset_split\train\cancer\train__Lung MRI (252).png,6215dda5e66c0be22dd32dd1ee96b2fc
train,no_cancer,LUNG MRI NC (193).png,validate__LUNG MRI NC (193).png,..\dataset_split\train\no_cancer\validate__LUNG MRI NC (193).png,dac9e6747006ceb70c652f0c8ad1d9b4
train,no_cancer,LUNG MRI-NC (1043).png,train__LUNG MRI-NC (1043).png,..\dataset_split\train\no_cancer\train__LUNG MRI-NC (1043).png,2a05cfa0ef82dcdb02ec83f3b73a1dca
train,cancer,Lung MRI (872).png,train__Lung MRI (872).png,..\dataset_split\train\cancer\train__Lung MRI (872).png,c99df8efe5b6b9d00954693c41aef5b7
train,no_cancer,LUNG MRI-NC (34).png,train__LUNG MRI-NC (34).png,..\dataset_split\train\no_cancer\train__LUNG MRI-NC (34).png,38276467e14fe7a42392ecba5dd52c78
train,no_cancer,LUNG MRI-NC (229).png,train__LUNG MRI-NC (229).png,..\dataset_split\train\no_cancer\train__LUNG MRI-NC (229).png,79495e1485a244ed654054e597c36726
train,no_cancer,LUNG MRI NC (150).png,validate__LUNG MRI NC (150).png,..\dataset_split\train\no_cancer\validate__LUNG MRI NC (150).png,8bc0b9a0da7b02032e00387364d69e88
train,no_cancer,LUNG MRI NC (366).png,validate__LUNG MRI NC (366).png,..\dataset_split\train\no_cancer\validate__LUNG MRI NC (366).png,d5ebd696f179417ddb8fe960664522bc
train,cancer,Lung MRI (601).png,train__Lung MRI (601).png,..\dataset_split\train\cancer\train__Lung MRI (601).png,4f29d36ab6a31d40ad4d457b1c865721
train,cancer,Lung MRI (156).png,train__Lung MRI (156).png,..\dataset_split\train\cancer\train__Lung MRI (156).png,d074ea7cc8d6ae03bd252339449c76a3
train,no_cancer,LUNG MRI-NC (120).png,train__LUNG MRI-NC (120).png,..\dataset_split\train\no_cancer\train__LUNG MRI-NC (120).png,add04ac70d7e6963e15f7e68067547cf
train,no_cancer,LUNG MRI-NC (992).png,train__LUNG MRI-NC (992).png,..\dataset_split\train\no_cancer\train__LUNG MRI-NC (992).png,5412a2fbe9c30e79aeb152704ad2f633
train,cancer,Lung MRI (477).png,train__Lung MRI (477).png,..\dataset_split\train\cancer\train__Lung MRI (477).png,446475adb2a613285a939333099e5686
train,cancer,Lung MRI (64).png,train__Lung MRI (64).png,..\dataset_split\train\cancer\train__Lung MRI (64).png,3f587c03ba2e2944ef8888167bacdede
train,no_cancer,LUNG MRI-NC (396).png,train__LUNG MRI-NC (396).png,..\dataset_split\train\no_cancer\train__LUNG MRI-NC (396).png,144fed451be8a6384fa0a54ecd936e96
train,no_cancer,LUNG MRI NC (148).png,validate__LUNG MRI NC (148).png,..\dataset_split\train\no_cancer\validate__LUNG MRI NC (148).png,a1ed1210e2e2f269057f5d8e26274bcc
train,cancer,Lung MRI (148).png,train__Lung MRI (148).png,..\dataset_split\train\cancer\train__Lung MRI (148).png,6da3ccaa2c6daf010a2e9c82daa47cf2
train,cancer,Lung MRI (392).png,train__Lung MRI (392).png,..\dataset_split\train\cancer\train__Lung MRI (392).png,28ce8cb9d130dd2944e0c3179f349349
train,no_cancer,LUNG MRI-NC (592).png,train__LUNG MRI-NC (592).png,..\dataset_split\train\no_cancer\train__LUNG MRI-NC (592).png,42a47d390a49ff092c87807fc06fa468
train,no_cancer,LUNG MRI-NC (1184).png,train__LUNG MRI-NC (1184).png,..\dataset_split\train\no_cancer\train__LUNG MRI-NC (1184).png,6e09930d705be83f61cfef1e863c3828
train,cancer,Lung MRI (394).png,train__Lung MRI (394).png,..\dataset_split\train\cancer\train__Lung MRI (394).png,49887a456bd99e483271ba50735be10e
train,no_cancer,LUNG MRI NC (358).png,validate__LUNG MRI NC (358).png,..\dataset_split\train\no_cancer\validate__LUNG MRI NC (358).png,80665df4c4c266efea72da23668fda78
train,cancer,Lung MRI (349).png,train__Lung MRI (349).png,..\dataset_split\train\cancer\train__Lung MRI (349).png,1288e69259287f172dd6a862f3f12659
train,no_cancer,LUNG MRI-NC (1314).png,train__LUNG MRI-NC (1314).png,..\dataset_split\train\no_cancer\train__LUNG MRI-NC (1314).png,e1c76187367a7e7dbf8a0091142fe062
train,cancer,Lung MRI (808).png,train__Lung MRI (808).png,..\dataset_split\train\cancer\train__Lung MRI (808).png,9b215d1320766067d69ff7d320de5822
train,no_cancer,LUNG MRI-NC (824).png,train__LUNG MRI-NC (824).png,..\dataset_split\train\no_cancer\train__LUNG MRI-NC (824).png,d987214a542836357ca532277930c6e8
train,no_cancer,LUNG MRI-NC (132).png,train__LUNG MRI-NC (132).png,..\dataset_split\train\no_cancer\train__LUNG MRI-NC (132).png,01a27ce3b36fdc5c4aff046669256fb5
train,no_cancer,LUNG MRI-NC (803).png,train__LUNG MRI-NC (803).png,..\dataset_split\train\no_cancer\train__LUNG MRI-NC (803).png,98b9340af137c19517aeb82c7c03b8b0
train,cancer,Lung MRI (269).png,train__Lung MRI (269).png,..\dataset_split\train\cancer\train__Lung MRI (269).png,fc66cb9529814cb12b35518efb91d9e1
train,cancer,Lung MRI (108).png,train__Lung MRI (108).png,..\dataset_split\train\cancer\train__Lung MRI (108).png,e126be2e81424ffb38568ad83dac2e19
train,cancer,Lung MRI (211).png,train__Lung MRI (211).png,..\dataset_split\train\cancer\train__Lung MRI (211).png,fe8075ecf27b6ddbc9b13d880e9fa96f
train,no_cancer,LUNG MRI-NC (455).png,train__LUNG MRI-NC (455).png,..\dataset_split\train\no_cancer\train__LUNG MRI-NC (455).png,8b78c30f0cbaf3cae9007530b4558462
train,no_cancer,LUNG MRI-NC (413).png,train__LUNG MRI-NC (413).png,..\dataset_split\train\no_cancer\train__LUNG MRI-NC (413).png,8b659f1a0592caaaa2461091f2477089
train,cancer,Lung MRI (593).png,train__Lung MRI (593).png,..\dataset_split\train\cancer\train__Lung MRI (593).png,b7daf45835977495cd507d9fb44e1cc0
train,no_cancer,LUNG MRI-NC (123).png,train__LUNG MRI-NC (123).png,..\dataset_split\train\no_cancer\train__LUNG MRI-NC (123).png,20b635503179033ddd4e603109040f68
train,no_cancer,LUNG MRI-NC (1253).png,train__LUNG MRI-NC (1253).png,..\dataset_split\train\no_cancer\train__LUNG MRI-NC (1253).png,71e11fa9c64a614690daf5ed53503068
train,no_cancer,LUNG MRI-NC (781).png,train__LUNG MRI-NC (781).png,..\dataset_split\train\no_cancer\train__LUNG MRI-NC (781).png,7a0a7edbeb07961722a37ebc549aa4b8
train,no_cancer,LUNG MRI-NC (735).png,train__LUNG MRI-NC (735).png,..\dataset_split\train\no_cancer\train__LUNG MRI-NC (735).png,8d5de6d25e4737d4d238d042070b8f5a
train,no_cancer,LUNG MRI-NC (142).png,train__LUNG MRI-NC (142).png,..\dataset_split\train\no_cancer\train__LUNG MRI-NC (142).png,bfa92c5b9589d3d5eae77d89ed784b16
train,cancer,Lung MRI (315).png,train__Lung MRI (315).png,..\dataset_split\train\cancer\train__Lung MRI (315).png,923ae90d23a223cf11ef893ab4bb5cca
train,no_cancer,LUNG MRI NC (254).png,validate__LUNG MRI NC (254).png,..\dataset_split\train\no_cancer\validate__LUNG MRI NC (254).png,3bb87394e63b936fea21a65cf761d1f3
train,cancer,Lung MRI (316).png,train__Lung MRI (316).png,..\dataset_split\train\cancer\train__Lung MRI (316).png,df3539a821bb2ef367e4ab6611aaad79
train,cancer,Lung MRI (577).png,train__Lung MRI (577).png,..\dataset_split\train\cancer\train__Lung MRI (577).png,a292c1f6ad848a3a69b32b113d2217e2
train,cancer,Lung MRI (860).png,train__Lung MRI (860).png,..\dataset_split\train\cancer\train__Lung MRI (860).png,4e4654a4337a840cab9a7899852dfeee
train,no_cancer,LUNG MRI-NC (709).png,train__LUNG MRI-NC (709).png,..\dataset_split\train\no_cancer\train__LUNG MRI-NC (709).png,3647e7bffb82cd783e6bcb085bda8263
train,no_cancer,LUNG MRI NC (205).png,validate__LUNG MRI NC (205).png,..\dataset_split\train\no_cancer\validate__LUNG MRI NC (205).png,9c1674045b6c92606a109f7b527f04b2
train,no_cancer,LUNG MRI NC (72).png,validate__LUNG MRI NC (72).png,..\dataset_split\train\no_cancer\validate__LUNG MRI NC (72).png,6cce352d48dbd216104e0c3a0932924d
train,cancer,Lung MRI (612).png,train__Lung MRI (612).png,..\dataset_split\train\cancer\train__Lung MRI (612).png,a25077fa17a46b012fe5e8c76e1a0f21
train,cancer,Lung MRI (44).png,train__Lung MRI (44).png,..\dataset_split\train\cancer\train__Lung MRI (44).png,8dfbc1f1523bfa21e7f955fed85c8347
train,no_cancer,LUNG MRI-NC (878).png,train__LUNG MRI-NC (878).png,..\dataset_split\train\no_cancer\train__LUNG MRI-NC (878).png,8673400d20532d4a369926a45a41adad
train,no_cancer,LUNG MRI-NC (245).png,train__LUNG MRI-NC (245).png,..\dataset_split\train\no_cancer\train__LUNG MRI-NC (245).png,6ae27e3e919493242f628c0b616babb7
train,no_cancer,LUNG MRI-NC (407).png,train__LUNG MRI-NC (407).png,..\dataset_split\train\no_cancer\train__LUNG MRI-NC (407).png,0a34d8800d29e64a35d1b2a2dfdd3445
train,no_cancer,LUNG MRI-NC (854).png,train__LUNG MRI-NC (854).png,..\dataset_split\train\no_cancer\train__LUNG MRI-NC (854).png,f027873dcab5a3093ca6f9767913c105
train,no_cancer,LUNG MRI-NC (1139).png,train__LUNG MRI-NC (1139).png,..\dataset_split\train\no_cancer\train__LUNG MRI-NC (1139).png,fc7e72b30544c600698ee94d9e5c4980
train,cancer,Lung MRI (356).png,train__Lung MRI (356).png,..\dataset_split\train\cancer\train__Lung MRI (356).png,1fe327da9872e424e4ee9dc63c0320f4
train,no_cancer,LUNG MRI-NC (842).png,train__LUNG MRI-NC (842).png,..\dataset_split\train\no_cancer\train__LUNG MRI-NC (842).png,55d3426265a1f8288662899befaba201
train,no_cancer,LUNG MRI-NC (214).png,train__LUNG MRI-NC (214).png,..\dataset_split\train\no_cancer\train__LUNG MRI-NC (214).png,d7c3655b8a78abf558897d493123e319
train,no_cancer,LUNG MRI NC (349).png,validate__LUNG MRI NC (349).png,..\dataset_split\train\no_cancer\validate__LUNG MRI NC (349).png,52ae1d9e31db754fa4a2bfde7a580014
train,cancer,Lung MRI (552).png,train__Lung MRI (552).png,..\dataset_split\train\cancer\train__Lung MRI (552).png,b86c4a094c2c1429b30c43e2b29989a6
train,no_cancer,LUNG MRI NC (154).png,validate__LUNG MRI NC (154).png,..\dataset_split\train\no_cancer\validate__LUNG MRI NC (154).png,cd33d83cdee5c3ad729ad853dcaf3506
train,no_cancer,LUNG MRI NC (118).png,validate__LUNG MRI NC (118).png,..\dataset_split\train\no_cancer\validate__LUNG MRI NC (118).png,a080f0d8bce4dc7cba11279232d9be3f
train,no_cancer,LUNG MRI-NC (31).png,train__LUNG MRI-NC (31).png,..\dataset_split\train\no_cancer\train__LUNG MRI-NC (31).png,f049e15b935c4edc62945d46ee9bc3af
train,cancer,Lung MRI (688).png,train__Lung MRI (688).png,..\dataset_split\train\cancer\train__Lung MRI (688).png,6f52f8be061e0381fbdd947c19ce2b63
train,no_cancer,LUNG MRI-NC (1096).png,train__LUNG MRI-NC (1096).png,..\dataset_split\train\no_cancer\train__LUNG MRI-NC (1096).png,2ff97c739d67c0d77c6b5a381df14f9b
train,no_cancer,LUNG MRI NC (12).png,validate__LUNG MRI NC (12).png,..\dataset_split\train\no_cancer\validate__LUNG MRI NC (12).png,504d23eeb9ea4403b12a2f0e3904c26f
train,no_cancer,LUNG MRI-NC (961).png,train__LUNG MRI-NC (961).png,..\dataset_split\train\no_cancer\train__LUNG MRI-NC (961).png,2153e81435fa3507eb93fd86f3d3a3ac
train,cancer,Lung MRI (863).png,train__Lung MRI (863).png,..\dataset_split\train\cancer\train__Lung MRI (863).png,05ef391ee95f657b970cd3f45ceb6f71
train,cancer,Lung MRI (705).png,train__Lung MRI (705).png,..\dataset_split\train\cancer\train__Lung MRI (705).png,4781b30a575e77a1649816cbc1449ee8
train,no_cancer,LUNG MRI-NC (690).png,train__LUNG MRI-NC (690).png,..\dataset_split\train\no_cancer\train__LUNG MRI-NC (690).png,7229226aac8fd06677f901afa737dc1c
train,cancer,Lung MRI (765).png,train__Lung MRI (765).png,..\dataset_split\train\cancer\train__Lung MRI (765).png,91f2dc647fa1dd0dfbab27d7ab0cf756
train,no_cancer,LUNG MRI-NC (949).png,train__LUNG MRI-NC (949).png,..\dataset_split\train\no_cancer\train__LUNG MRI-NC (949).png,2dd02dc932692695da4dab9457a1e125
train,no_cancer,LUNG MRI-NC (877).png,train__LUNG MRI-NC (877).png,..\dataset_split\train\no_cancer\train__LUNG MRI-NC (877).png,b95d1735fa4e314ddaf2f4b119742918
train,no_cancer,LUNG MRI NC (469).png,validate__LUNG MRI NC (469).png,..\dataset_split\train\no_cancer\validate__LUNG MRI NC (469).png,d51b97f628ca865359053c7a0b7ca084
train,no_cancer,LUNG MRI-NC (960).png,train__LUNG MRI-NC (960).png,..\dataset_split\train\no_cancer\train__LUNG MRI-NC (960).png,c0abcd5f7b7e17a097a3779a848850e6
train,cancer,Lung MRI (887).png,train__Lung MRI (887).png,..\dataset_split\train\cancer\train__Lung MRI (887).png,bb0a18391acdbee865191af2c1fa5bcc
train,no_cancer,LUNG MRI-NC (1070).png,train__LUNG MRI-NC (1070).png,..\dataset_split\train\no_cancer\train__LUNG MRI-NC (1070).png,7152e8cc70a354bcde1412c8d96962ef
train,no_cancer,LUNG MRI NC (180).png,validate__LUNG MRI NC (180).png,..\dataset_split\train\no_cancer\validate__LUNG MRI NC (180).png,993e468fa6675ba25f38c0327f230394
train,no_cancer,LUNG MRI NC (298).png,validate__LUNG MRI NC (298).png,..\dataset_split\train\no_cancer\validate__LUNG MRI NC (298).png,8b4f96fb85fbc0b2371452038f8303be
train,no_cancer,LUNG MRI-NC (348).png,train__LUNG MRI-NC (348).png,..\dataset_split\train\no_cancer\train__LUNG MRI-NC (348).png,616014b185b787dee90cc50ac5a5771e
train,cancer,Lung MRI (940).png,train__Lung MRI (940).png,..\dataset_split\train\cancer\train__Lung MRI (940).png,b535e8540c5230251dfa13ab00ab53c0
train,no_cancer,LUNG MRI-NC (333).png,train__LUNG MRI-NC (333).png,..\dataset_split\train\no_cancer\train__LUNG MRI-NC (333).png,abfcc1174c71e8279f34f70f7116a568
train,no_cancer,LUNG MRI NC (453).png,validate__LUNG MRI NC (453).png,..\dataset_split\train\no_cancer\validate__LUNG MRI NC (453).png,e88c667714d1373182370c46a0bff964
train,cancer,Lung MRI (378).png,train__Lung MRI (378).png,..\dataset_split\train\cancer\train__Lung MRI (378).png,2865c94c9e3dd5bb41a133e4223d52b2
train,no_cancer,LUNG MRI-NC (609).png,train__LUNG MRI-NC (609).png,..\dataset_split\train\no_cancer\train__LUNG MRI-NC (609).png,954582fe07e5b34734db992fd0cda3c2
train,cancer,Lung MRI (944).png,train__Lung MRI (944).png,..\dataset_split\train\cancer\train__Lung MRI (944).png,bee366a96136ef0a62cb973b9a6307d0
train,no_cancer,LUNG MRI-NC (847).png,train__LUNG MRI-NC (847).png,..\dataset_split\train\no_cancer\train__LUNG MRI-NC (847).png,2ce531821022f96ef8c66ba1706de9e0
train,no_cancer,LUNG MRI-NC (381).png,train__LUNG MRI-NC (381).png,..\dataset_split\train\no_cancer\train__LUNG MRI-NC (381).png,013c6804de4a98f2cfad93a20ab65147
train,cancer,Lung MRI (523).png,train__Lung MRI (523).png,..\dataset_split\train\cancer\train__Lung MRI (523).png,ee573e5d0ddbd1b4a5be5f2e67f75625
train,cancer,Lung MRI (884).png,train__Lung MRI (884).png,..\dataset_split\train\cancer\train__Lung MRI (884).png,2355759ac42d749324f2a0e951a7c693
train,no_cancer,LUNG MRI-NC (1106).png,train__LUNG MRI-NC (1106).png,..\dataset_split\train\no_cancer\train__LUNG MRI-NC (1106).png,35583d3b2dde1ae3c878669fc6bf2cc3
train,no_cancer,LUNG MRI-NC (1049).png,train__LUNG MRI-NC (1049).png,..\dataset_split\train\no_cancer\train__LUNG MRI-NC (1049).png,a8378b18c15a995ccb270ff72a40b742
train,cancer,Lung MRI (226).png,train__Lung MRI (226).png,..\dataset_split\train\cancer\train__Lung MRI (226).png,8eb3776fd06030be5708fc9b1e55d60f
train,cancer,Lung MRI (1065).png,train__Lung MRI (1065).png,..\dataset_split\train\cancer\train__Lung MRI (1065).png,a44c6be05bc593d95458a57040e5bbe3
train,no_cancer,LUNG MRI-NC (923).png,train__LUNG MRI-NC (923).png,..\dataset_split\train\no_cancer\train__LUNG MRI-NC (923).png,ee83ccd575d95411edecc3c7b9f1ac09
train,cancer,Lung MRI (920).png,train__Lung MRI (920).png,..\dataset_split\train\cancer\train__Lung MRI (920).png,16a55a49c8d6c135a8db14153bc622bb
train,cancer,Lung MRI (301).png,train__Lung MRI (301).png,..\dataset_split\train\cancer\train__Lung MRI (301).png,da784069f35503c5d2263933d03d7d87
train,cancer,Lung MRI (533).png,train__Lung MRI (533).png,..\dataset_split\train\cancer\train__Lung MRI (533).png,ae402e6c37cae9e6134d8cb205be119c
train,cancer,Lung MRI (404).png,train__Lung MRI (404).png,..\dataset_split\train\cancer\train__Lung MRI (404).png,08884c4e5224e873108c805f4ed81d4f
train,cancer,Lung MRI (1459).png,validate__Lung MRI (1459).png,..\dataset_split\train\cancer\validate__Lung MRI (1459).png,e1da4acb21b9506ba6e95c91893db0a1
train,no_cancer,LUNG MRI NC (326).png,validate__LUNG MRI NC (326).png,..\dataset_split\train\no_cancer\validate__LUNG MRI NC (326).png,8d25fd095b69fe6ea21822c5ca7ca2b4
train,no_cancer,LUNG MRI-NC (707).png,train__LUNG MRI-NC (707).png,..\dataset_split\train\no_cancer\train__LUNG MRI-NC (707).png,5a15feaef9667a682139a150562e8ac6
train,cancer,Lung MRI (1083).png,train__Lung MRI (1083).png,..\dataset_split\train\cancer\train__Lung MRI (1083).png,131af3df90394e59843befe713f1d0fb
train,cancer,Lung MRI (1004).png,train__Lung MRI (1004).png,..\dataset_split\train\cancer\train__Lung MRI (1004).png,54d23ed072c9edc3c7a1c08a768bddd6
train,no_cancer,LUNG MRI-NC (1013).png,train__LUNG MRI-NC (1013).png,..\dataset_split\train\no_cancer\train__LUNG MRI-NC (1013).png,48709f286c11355fc44b01f097460bf9
train,no_cancer,LUNG MRI NC (465).png,validate__LUNG MRI NC (465).png,..\dataset_split\train\no_cancer\validate__LUNG MRI NC (465).png,46cfb73305cc644b8b67b436fa2e9728
train,no_cancer,LUNG MRI NC (340).png,validate__LUNG MRI NC (340).png,..\dataset_split\train\no_cancer\validate__LUNG MRI NC (340).png,d9d8df9eccf629685985325e7aac4544
train,no_cancer,LUNG MRI NC (248).png,validate__LUNG MRI NC (248).png,..\dataset_split\train\no_cancer\validate__LUNG MRI NC (248).png,18fa7a73f0887f3d2ab59958b5ad5d81
train,cancer,Lung MRI (928).png,train__Lung MRI (928).png,..\dataset_split\train\cancer\train__Lung MRI (928).png,b8410b3c3c503d43618aa228f553802d
train,no_cancer,LUNG MRI-NC (773).png,train__LUNG MRI-NC (773).png,..\dataset_split\train\no_cancer\train__LUNG MRI-NC (773).png,8dff109e2715172bdd129e1882eb4a0e
train,no_cancer,LUNG MRI-NC (954).png,train__LUNG MRI-NC (954).png,..\dataset_split\train\no_cancer\train__LUNG MRI-NC (954).png,340f45d46ba3c1ebc91c8d209b16b0a3
train,cancer,Lung MRI (413).png,train__Lung MRI (413).png,..\dataset_split\train\cancer\train__Lung MRI (413).png,b2e4b1b918dbc678e652e684283e04a8
train,cancer,Lung MRI (542).png,train__Lung MRI (542).png,..\dataset_split\train\cancer\train__Lung MRI (542).png,d910dd037f68e941dce66c657de5e78a
train,no_cancer,LUNG MRI-NC (417).png,train__LUNG MRI-NC (417).png,..\dataset_split\train\no_cancer\train__LUNG MRI-NC (417).png,197893f42e6b540654e33df3b194b76a
train,no_cancer,LUNG MRI-NC (412).png,train__LUNG MRI-NC (412).png,..\dataset_split\train\no_cancer\train__LUNG MRI-NC (412).png,f37f7b1c388f5609ae0386f81f462248
train,no_cancer,LUNG MRI-NC (1180).png,train__LUNG MRI-NC (1180).png,..\dataset_split\train\no_cancer\train__LUNG MRI-NC (1180).png,39f08f1548efa8cd571c67af9415bf8a
train,no_cancer,LUNG MRI-NC (917).png,train__LUNG MRI-NC (917).png,..\dataset_split\train\no_cancer\train__LUNG MRI-NC (917).png,47c2fcfc7ce29f2f9ea6a05b2375dbdf
train,no_cancer,LUNG MRI-NC (866).png,train__LUNG MRI-NC (866).png,..\dataset_split\train\no_cancer\train__LUNG MRI-NC (866).png,3538ffd53a0371f5e22553c76fdc493b
train,cancer,Lung MRI (706).png,train__Lung MRI (706).png,..\dataset_split\train\cancer\train__Lung MRI (706).png,d7e721549db25197564cb9ea2dca79a3
train,cancer,Lung MRI (494).png,train__Lung MRI (494).png,..\dataset_split\train\cancer\train__Lung MRI (494).png,5f6502f71fda6cdae6f3ca51c2394e89
train,cancer,Lung MRI (844).png,train__Lung MRI (844).png,..\dataset_split\train\cancer\train__Lung MRI (844).png,a929b279d06db96f4c964118bed42039
train,no_cancer,LUNG MRI-NC (234).png,train__LUNG MRI-NC (234).png,..\dataset_split\train\no_cancer\train__LUNG MRI-NC (234).png,e7cc59517bcb7943b0ac9cabe550f5d0
train,cancer,Lung MRI (480).png,train__Lung MRI (480).png,..\dataset_split\train\cancer\train__Lung MRI (480).png,a7c10f0bb34cfc0c2a383b4779c5a4d5
train,no_cancer,LUNG MRI NC (215).png,validate__LUNG MRI NC (215).png,..\dataset_split\train\no_cancer\validate__LUNG MRI NC (215).png,86f3a175fedfc7b1a92875925d63f378
train,no_cancer,LUNG MRI NC (356).png,validate__LUNG MRI NC (356).png,..\dataset_split\train\no_cancer\validate__LUNG MRI NC (356).png,a9f9dd090ce82ea423979004977d14ad
train,no_cancer,LUNG MRI-NC (826).png,train__LUNG MRI-NC (826).png,..\dataset_split\train\no_cancer\train__LUNG MRI-NC (826).png,f4957fbeae8af5ec8781317c63ae93be
train,cancer,Lung MRI (893).png,train__Lung MRI (893).png,..\dataset_split\train\cancer\train__Lung MRI (893).png,f3b99491600037163785b0cedb09dae5
train,cancer,Lung MRI (116).png,train__Lung MRI (116).png,..\dataset_split\train\cancer\train__Lung MRI (116).png,c989974c4d1fc0973ff71ff389f0491c
train,cancer,Lung MRI (566).png,train__Lung MRI (566).png,..\dataset_split\train\cancer\train__Lung MRI (566).png,6ce41a7f5feae1302ba9cb3a8d9dc58a
train,cancer,Lung MRI (470).png,train__Lung MRI (470).png,..\dataset_split\train\cancer\train__Lung MRI (470).png,18ecbd2c365687022b301e1827aa8b5f
train,cancer,Lung MRI (366).png,train__Lung MRI (366).png,..\dataset_split\train\cancer\train__Lung MRI (366).png,80c84549e72c9c80eb3e0f395b933218
train,no_cancer,LUNG MRI-NC (1045).png,train__LUNG MRI-NC (1045).png,..\dataset_split\train\no_cancer\train__LUNG MRI-NC (1045).png,b6ff8f4851e10c99b6f10ea89b17d978
train,no_cancer,LUNG MRI-NC (240).png,train__LUNG MRI-NC (240).png,..\dataset_split\train\no_cancer\train__LUNG MRI-NC (240).png,2fd617029365a866ec70a2e54659a6c8
train,no_cancer,LUNG MRI-NC (790).png,train__LUNG MRI-NC (790).png,..\dataset_split\train\no_cancer\train__LUNG MRI-NC (790).png,146f4bc79cd710510583e81c7f5a98e0
train,no_cancer,LUNG MRI NC (61).png,validate__LUNG MRI NC (61).png,..\dataset_split\train\no_cancer\validate__LUNG MRI NC (61).png,de822dfb12febd084e99ef51e16d07ca
train,no_cancer,LUNG MRI NC (443).png,validate__LUNG MRI NC (443).png,..\dataset_split\train\no_cancer\validate__LUNG MRI NC (443).png,3325cd895a8d0973b3ffaf307429c8a7
train,cancer,Lung MRI (1003).png,train__Lung MRI (1003).png,..\dataset_split\train\cancer\train__Lung MRI (1003).png,75dd78a4b0dc97614c6d9517231a799f
train,no_cancer,LUNG MRI-NC (510).png,train__LUNG MRI-NC (510).png,..\dataset_split\train\no_cancer\train__LUNG MRI-NC (510).png,2eff58549ad47701b8dfd80936ba8ffa
train,cancer,Lung MRI (311).png,train__Lung MRI (311).png,..\dataset_split\train\cancer\train__Lung MRI (311).png,05b43f4c065627264961fe947bb7dadd
train,no_cancer,LUNG MRI-NC (469).png,train__LUNG MRI-NC (469).png,..\dataset_split\train\no_cancer\train__LUNG MRI-NC (469).png,856294438c19f667cd3f5c8971bcfe97
train,no_cancer,LUNG MRI-NC (832).png,train__LUNG MRI-NC (832).png,..\dataset_split\train\no_cancer\train__LUNG MRI-NC (832).png,a5ec6e65edfd572f0baa1832019bf708
train,cancer,Lung MRI (125).png,train__Lung MRI (125).png,..\dataset_split\train\cancer\train__Lung MRI (125).png,b9f9609d79377090668ecc14c7d8f90e
train,cancer,Lung MRI (1044).png,train__Lung MRI (1044).png,..\dataset_split\train\cancer\train__Lung MRI (1044).png,2cbe22f6983a3b750819d8099e63ae6f
train,no_cancer,LUNG MRI NC (181).png,validate__LUNG MRI NC (181).png,..\dataset_split\train\no_cancer\validate__LUNG MRI NC (181).png,cd904025f73c51a5084cced6ce18eb76
train,cancer,Lung MRI (625).png,train__Lung MRI (625).png,..\dataset_split\train\cancer\train__Lung MRI (625).png,41b69737da0a87be395fdd4a8124b5e2
train,cancer,Lung MRI (397).png,train__Lung MRI (397).png,..\dataset_split\train\cancer\train__Lung MRI (397).png,8e7a9ea92c4427498851c43591ae39cf
train,cancer,Lung MRI (272).png,train__Lung MRI (272).png,..\dataset_split\train\cancer\train__Lung MRI (272).png,3b703b0c157843c5d2cd2a558ecd2fc1
train,no_cancer,LUNG MRI-NC (139).png,train__LUNG MRI-NC (139).png,..\dataset_split\train\no_cancer\train__LUNG MRI-NC (139).png,273309935727e5278016d7bcff9b9f19
train,cancer,Lung MRI (124).png,train__Lung MRI (124).png,..\dataset_split\train\cancer\train__Lung MRI (124).png,3aaebbee64a0ec506836b951bc193d4b
train,cancer,Lung MRI (797).png,train__Lung MRI (797).png,..\dataset_split\train\cancer\train__Lung MRI (797).png,a16828a41cc25bd6cf20500e5a4b36d6
train,cancer,Lung MRI (176).png,train__Lung MRI (176).png,..\dataset_split\train\cancer\train__Lung MRI (176).png,bc1c88e01cc190cfdb2d53a49bcb642e
train,no_cancer,LUNG MRI NC (459).png,validate__LUNG MRI NC (459).png,..\dataset_split\train\no_cancer\validate__LUNG MRI NC (459).png,9e64e9e869485927c10abc80e76d6f8b
train,no_cancer,LUNG MRI-NC (674).png,train__LUNG MRI-NC (674).png,..\dataset_split\train\no_cancer\train__LUNG MRI-NC (674).png,cf8453396431fe96fc196a81f4378898
train,cancer,Lung MRI (309).png,train__Lung MRI (309).png,..\dataset_split\train\cancer\train__Lung MRI (309).png,fadf074e39855b41ef66a6db89e799b6
train,cancer,Lung MRI (1441).png,validate__Lung MRI (1441).png,..\dataset_split\train\cancer\validate__Lung MRI (1441).png,033cc9fa39c90242d4a2569ef6fc5d08
train,cancer,Lung MRI (1456).png,validate__Lung MRI (1456).png,..\dataset_split\train\cancer\validate__Lung MRI (1456).png,6e29c5d1223041cc6f749fa865d07809
train,no_cancer,LUNG MRI NC (238).png,validate__LUNG MRI NC (238).png,..\dataset_split\train\no_cancer\validate__LUNG MRI NC (238).png,7348a836b4584776917b2eea52c35d80
train,cancer,Lung MRI (381).png,train__Lung MRI (381).png,..\dataset_split\train\cancer\train__Lung MRI (381).png,3f9ae81e0e033ba79807c3ecdb48c301
train,cancer,Lung MRI (321).png,train__Lung MRI (321).png,..\dataset_split\train\cancer\train__Lung MRI (321).png,1161849eaca3b21f5f051b02a1949190
train,cancer,Lung MRI (1055).png,train__Lung MRI (1055).png,..\dataset_split\train\cancer\train__Lung MRI (1055).png,cad07efcdf42e623718f909dc6672f0d
train,no_cancer,LUNG MRI-NC (973).png,train__LUNG MRI-NC (973).png,..\dataset_split\train\no_cancer\train__LUNG MRI-NC (973).png,de67b8098d15df94bb7fa882fd16f204
train,cancer,Lung MRI (771).png,train__Lung MRI (771).png,..\dataset_split\train\cancer\train__Lung MRI (771).png,e853e0215de0462f8e2675cb20e9d4f4
train,no_cancer,LUNG MRI-NC (315).png,train__LUNG MRI-NC (315).png,..\dataset_split\train\no_cancer\train__LUNG MRI-NC (315).png,9bbb8ebda736714863f560c2b58d1873
train,cancer,Lung MRI (115).png,train__Lung MRI (115).png,..\dataset_split\train\cancer\train__Lung MRI (115).png,53aba2c99e192b1f84fb6f0196e82f1f
train,cancer,Lung MRI (970).png,train__Lung MRI (970).png,..\dataset_split\train\cancer\train__Lung MRI (970).png,9625f6ea2408081b6b003bcc30551d12
train,no_cancer,LUNG MRI-NC (238).png,train__LUNG MRI-NC (238).png,..\dataset_split\train\no_cancer\train__LUNG MRI-NC (238).png,206c422e166e60fefc46193030cb06a4
train,no_cancer,LUNG MRI-NC (1225).png,train__LUNG MRI-NC (1225).png,..\dataset_split\train\no_cancer\train__LUNG MRI-NC (1225).png,2298dd2fac45e0a9cfcb0554d02bdebe
train,cancer,Lung MRI (616).png,train__Lung MRI (616).png,..\dataset_split\train\cancer\train__Lung MRI (616).png,009a0d8c8ea86052fb65cda122aa7a84
train,no_cancer,LUNG MRI NC (167).png,validate__LUNG MRI NC (167).png,..\dataset_split\train\no_cancer\validate__LUNG MRI NC (167).png,fbc06b19b544282934d2fa1c6eb884ed
train,no_cancer,LUNG MRI-NC (409).png,train__LUNG MRI-NC (409).png,..\dataset_split\train\no_cancer\train__LUNG MRI-NC (409).png,a4c487902d4ec3e0d6a24b516b620352
train,no_cancer,LUNG MRI-NC (580).png,train__LUNG MRI-NC (580).png,..\dataset_split\train\no_cancer\train__LUNG MRI-NC (580).png,a74ae1f66767ba3d8b937188e14149dd
train,cancer,Lung MRI (421).png,train__Lung MRI (421).png,..\dataset_split\train\cancer\train__Lung MRI (421).png,2316f98be189fb950f508c27ce6fe6be
train,cancer,Lung MRI (952).png,train__Lung MRI (952).png,..\dataset_split\train\cancer\train__Lung MRI (952).png,35f24fde65293a1869bcd28c34d4f9bc
train,cancer,Lung MRI (203).png,train__Lung MRI (203).png,..\dataset_split\train\cancer\train__Lung MRI (203).png,5c6fd11e4195ca31d305be2688bd8189
train,no_cancer,LUNG MRI NC (433).png,validate__LUNG MRI NC (433).png,..\dataset_split\train\no_cancer\validate__LUNG MRI NC (433).png,cb02ae793956f07ccb06301daf363446
train,no_cancer,LUNG MRI-NC (935).png,train__LUNG MRI-NC (935).png,..\dataset_split\train\no_cancer\train__LUNG MRI-NC (935).png,045eb480ca7ce0560c92720156705d50
train,no_cancer,LUNG MRI-NC (354).png,train__LUNG MRI-NC (354).png,..\dataset_split\train\no_cancer\train__LUNG MRI-NC (354).png,7283d4360a4993db2b026ae63ff096e1
train,no_cancer,LUNG MRI-NC (911).png,train__LUNG MRI-NC (911).png,..\dataset_split\train\no_cancer\train__LUNG MRI-NC (911).png,6cf4c5050ad2a6c708385d9f8f8d92c6
train,no_cancer,LUNG MRI-NC (1207).png,train__LUNG MRI-NC (1207).png,..\dataset_split\train\no_cancer\train__LUNG MRI-NC (1207).png,1bdf037e774aee03c30906ee404ef245
train,no_cancer,LUNG MRI-NC (324).png,train__LUNG MRI-NC (324).png,..\dataset_split\train\no_cancer\train__LUNG MRI-NC (324).png,433287182b4069116bd3991add3156d3
train,no_cancer,LUNG MRI-NC (319).png,train__LUNG MRI-NC (319).png,..\dataset_split\train\no_cancer\train__LUNG MRI-NC (319).png,0fcb4da3a5dd055c3424dbb7b199a022
train,no_cancer,LUNG MRI-NC (316).png,train__LUNG MRI-NC (316).png,..\dataset_split\train\no_cancer\train__LUNG MRI-NC (316).png,407bd08e0f050c5e7437b085a7a66bba
train,no_cancer,LUNG MRI-NC (1248).png,train__LUNG MRI-NC (1248).png,..\dataset_split\train\no_cancer\train__LUNG MRI-NC (1248).png,8e19cd339f58e24db25c0ea75b67d193
train,cancer,Lung MRI (995).png,train__Lung MRI (995).png,..\dataset_split\train\cancer\train__Lung MRI (995).png,6187052b49d9a3cfbdc135bcc1dcacf9
train,no_cancer,LUNG MRI-NC (523).png,train__LUNG MRI-NC (523).png,..\dataset_split\train\no_cancer\train__LUNG MRI-NC (523).png,f53f01da0fecb67f438c238986c4cd95
train,no_cancer,LUNG MRI-NC (1219).png,train__LUNG MRI-NC (1219).png,..\dataset_split\train\no_cancer\train__LUNG MRI-NC (1219).png,ba89296b9a153a2792f50acc83feaaff
train,cancer,Lung MRI (690).png,train__Lung MRI (690).png,..\dataset_split\train\cancer\train__Lung MRI (690).png,93a4d4718ad72136ced3be4c0c5934cc
train,no_cancer,LUNG MRI-NC (596).png,train__LUNG MRI-NC (596).png,..\dataset_split\train\no_cancer\train__LUNG MRI-NC (596).png,ba39c547b15cc7c3a6e41517ba1550f3
train,no_cancer,LUNG MRI NC (475).png,validate__LUNG MRI NC (475).png,..\dataset_split\train\no_cancer\validate__LUNG MRI NC (475).png,1e55ada6cce531067ec2d5ed8326bf81
train,no_cancer,LUNG MRI-NC (811).png,train__LUNG MRI-NC (811).png,..\dataset_split\train\no_cancer\train__LUNG MRI-NC (811).png,0c1ee32b71ca6603355c19a5ab07f06d
train,no_cancer,LUNG MRI NC (382).png,validate__LUNG MRI NC (382).png,..\dataset_split\train\no_cancer\validate__LUNG MRI NC (382).png,a7cb204e8112333c4bac2046484e9b0a
train,no_cancer,LUNG MRI-NC (991).png,train__LUNG MRI-NC (991).png,..\dataset_split\train\no_cancer\train__LUNG MRI-NC (991).png,485d9bcbab6830f5ab191640a2cf2efa
train,cancer,Lung MRI (712).png,train__Lung MRI (712).png,..\dataset_split\train\cancer\train__Lung MRI (712).png,61557bccb7c2393a31ad36a64b681d89
train,no_cancer,LUNG MRI NC (338).png,validate__LUNG MRI NC (338).png,..\dataset_split\train\no_cancer\validate__LUNG MRI NC (338).png,073de1bb3171f29c89987fb2b0b532ca
train,no_cancer,LUNG MRI-NC (282).png,train__LUNG MRI-NC (282).png,..\dataset_split\train\no_cancer\train__LUNG MRI-NC (282).png,d9756e05dc6e7f0fb5b3e1ed65956def
train,cancer,Lung MRI (273).png,train__Lung MRI (273).png,..\dataset_split\train\cancer\train__Lung MRI (273).png,6244635139aadaefb70cd1540cc6462f
train,no_cancer,LUNG MRI-NC (456).png,train__LUNG MRI-NC (456).png,..\dataset_split\train\no_cancer\train__LUNG MRI-NC (456).png,546f743d5d171f0eb83cd5e8acda90c8
train,cancer,Lung MRI (363).png,train__Lung MRI (363).png,..\dataset_split\train\cancer\train__Lung MRI (363).png,bad5fc56e297af8ce05cf2fe26045eb1
train,no_cancer,LUNG MRI-NC (873).png,train__LUNG MRI-NC (873).png,..\dataset_split\train\no_cancer\train__LUNG MRI-NC (873).png,8a07562354ccdb5df1f92439ff21e3a0
train,no_cancer,LUNG MRI NC (292).png,validate__LUNG MRI NC (292).png,..\dataset_split\train\no_cancer\validate__LUNG MRI NC (292).png,4980d254436042cf826dfdfd426bf932
train,no_cancer,LUNG MRI-NC (1264).png,train__LUNG MRI-NC (1264).png,..\dataset_split\train\no_cancer\train__LUNG MRI-NC (1264).png,38039a018b774e8477d108f431735a55
train,no_cancer,LUNG MRI NC (199).png,validate__LUNG MRI NC (199).png,..\dataset_split\train\no_cancer\validate__LUNG MRI NC (199).png,961f57f0522f46ceeb8b0220a37c0d30
train,no_cancer,LUNG MRI-NC (761).png,train__LUNG MRI-NC (761).png,..\dataset_split\train\no_cancer\train__LUNG MRI-NC (761).png,207c089cca7c08fdf9bca7a2d2e8be98
train,no_cancer,LUNG MRI-NC (255).png,train__LUNG MRI-NC (255).png,..\dataset_split\train\no_cancer\train__LUNG MRI-NC (255).png,13e4823aeec1e2fc41ce496488b7d7d6
train,cancer,Lung MRI (1074).png,train__Lung MRI (1074).png,..\dataset_split\train\cancer\train__Lung MRI (1074).png,4d5764cbf3aedd14fb5e1f2fffb61533
train,no_cancer,LUNG MRI-NC (1039).png,train__LUNG MRI-NC (1039).png,..\dataset_split\train\no_cancer\train__LUNG MRI-NC (1039).png,1125ad42d546bf7f629441b374452c2d
train,cancer,Lung MRI (9).png,train__Lung MRI (9).png,..\dataset_split\train\cancer\train__Lung MRI (9).png,14de2256df3bc80abce9497328063ee9
train,no_cancer,LUNG MRI-NC (50).png,train__LUNG MRI-NC (50).png,..\dataset_split\train\no_cancer\train__LUNG MRI-NC (50).png,22df788e6ae18a4870bd3ae0afae1dbc
train,cancer,Lung MRI (1056).png,train__Lung MRI (1056).png,..\dataset_split\train\cancer\train__Lung MRI (1056).png,3b67a36017f59222b3e252b20adcf077
train,cancer,Lung MRI (436).png,train__Lung MRI (436).png,..\dataset_split\train\cancer\train__Lung MRI (436).png,4bc7f21ea6ee83deb7754b44a31a1504
train,no_cancer,LUNG MRI-NC (95).png,train__LUNG MRI-NC (95).png,..\dataset_split\train\no_cancer\train__LUNG MRI-NC (95).png,d5cb1ceb6f89d153ce33fb1cdbed6228
train,cancer,Lung MRI (266).png,train__Lung MRI (266).png,..\dataset_split\train\cancer\train__Lung MRI (266).png,42e225411af55ab510426966f3e5fc63
train,no_cancer,LUNG MRI-NC (198).png,train__LUNG MRI-NC (198).png,..\dataset_split\train\no_cancer\train__LUNG MRI-NC (198).png,30cb9259ee0f9ee1b014c017b4e64120
train,no_cancer,LUNG MRI NC (422).png,validate__LUNG MRI NC (422).png,..\dataset_split\train\no_cancer\validate__LUNG MRI NC (422).png,5db7470fa0ad00b3c5ee19225d206cbb
train,cancer,Lung MRI (105).png,train__Lung MRI (105).png,..\dataset_split\train\cancer\train__Lung MRI (105).png,2e15885dc6120cec3841e83d235d8857
train,cancer,Lung MRI (614).png,train__Lung MRI (614).png,..\dataset_split\train\cancer\train__Lung MRI (614).png,a051fa3f1002d87fe7ea4d6ae7928313
train,no_cancer,LUNG MRI-NC (1149).png,train__LUNG MRI-NC (1149).png,..\dataset_split\train\no_cancer\train__LUNG MRI-NC (1149).png,3c3bcb3dff16596454de7d3f1cdeb319
train,cancer,Lung MRI (1463).png,validate__Lung MRI (1463).png,..\dataset_split\train\cancer\validate__Lung MRI (1463).png,d7e7437fc733bc61d5038b1a64710ab4
train,cancer,Lung MRI (962).png,train__Lung MRI (962).png,..\dataset_split\train\cancer\train__Lung MRI (962).png,6e1117c84ffd6e752b18bf6e170b1958
train,no_cancer,LUNG MRI NC (227).png,validate__LUNG MRI NC (227).png,..\dataset_split\train\no_cancer\validate__LUNG MRI NC (227).png,72d4b3f4260b8cc5544050be3ceb1bcb
train,cancer,Lung MRI (486).png,train__Lung MRI (486).png,..\dataset_split\train\cancer\train__Lung MRI (486).png,679d0bba20df0a2fd8c11f1ff971ce8f
train,cancer,Lung MRI (684).png,train__Lung MRI (684).png,..\dataset_split\train\cancer\train__Lung MRI (684).png,debc723d94f91730c8032101168611a5
train,no_cancer,LUNG MRI-NC (852).png,train__LUNG MRI-NC (852).png,..\dataset_split\train\no_cancer\train__LUNG MRI-NC (852).png,c73917cb79a962587183f34ddadfc4c7
train,cancer,Lung MRI (237).png,train__Lung MRI (237).png,..\dataset_split\train\cancer\train__Lung MRI (237).png,f0cc6b46ad7a30b45c74e78042075788
train,no_cancer,LUNG MRI-NC (318).png,train__LUNG MRI-NC (318).png,..\dataset_split\train\no_cancer\train__LUNG MRI-NC (318).png,d7e7b2f4efea97a9d4f832b5978f554d
train,no_cancer,LUNG MRI NC (367).png,validate__LUNG MRI NC (367).png,..\dataset_split\train\no_cancer\validate__LUNG MRI NC (367).png,b777b4c3d8b6a65e4af1b77758f912d6
train,no_cancer,LUNG MRI-NC (933).png,train__LUNG MRI-NC (933).png,..\dataset_split\train\no_cancer\train__LUNG MRI-NC (933).png,cf9c1778db1b41c8decd786ba6b48fd7
train,cancer,Lung MRI (474).png,train__Lung MRI (474).png,..\dataset_split\train\cancer\train__Lung MRI (474).png,0418d27f0caf600d380824031e395fa5
train,no_cancer,LUNG MRI-NC (818).png,train__LUNG MRI-NC (818).png,..\dataset_split\train\no_cancer\train__LUNG MRI-NC (818).png,efce649f4410267c5dcb6d4bcefbd762
train,no_cancer,LUNG MRI-NC (1130).png,train__LUNG MRI-NC (1130).png,..\dataset_split\train\no_cancer\train__LUNG MRI-NC (1130).png,1b9e04660e45180dbdf60a74e4cf7631
train,cancer,Lung MRI (867).png,train__Lung MRI (867).png,..\dataset_split\train\cancer\train__Lung MRI (867).png,1edff638c3dbcd3919e64b9686a2c7fa
train,no_cancer,LUNG MRI NC (274).png,validate__LUNG MRI NC (274).png,..\dataset_split\train\no_cancer\validate__LUNG MRI NC (274).png,8847fe7f34f9e6d9e5187b0e22249c46
train,cancer,Lung MRI (434).png,train__Lung MRI (434).png,..\dataset_split\train\cancer\train__Lung MRI (434).png,fd10437983a95f31ce7fd744d23d08b2
train,no_cancer,LUNG MRI-NC (1085).png,train__LUNG MRI-NC (1085).png,..\dataset_split\train\no_cancer\train__LUNG MRI-NC (1085).png,f673955ab05ad0cd6c251615a2525256
train,no_cancer,LUNG MRI-NC (2).png,train__LUNG MRI-NC (2).png,..\dataset_split\train\no_cancer\train__LUNG MRI-NC (2).png,92576434ed06310b8b5cb56a46a5ebdc
train,cancer,Lung MRI (619).png,train__Lung MRI (619).png,..\dataset_split\train\cancer\train__Lung MRI (619).png,2c8554c148f65f11242c41c4ae0b86c4
train,no_cancer,LUNG MRI-NC (703).png,train__LUNG MRI-NC (703).png,..\dataset_split\train\no_cancer\train__LUNG MRI-NC (703).png,ee1b1c4e2fa1ea1189eaf9cbe1a9e9f2
train,no_cancer,LUNG MRI-NC (302).png,train__LUNG MRI-NC (302).png,..\dataset_split\train\no_cancer\train__LUNG MRI-NC (302).png,3d4ac3050ff4f211a65ffa6f8c8ffa33
train,no_cancer,LUNG MRI-NC (637).png,train__LUNG MRI-NC (637).png,..\dataset_split\train\no_cancer\train__LUNG MRI-NC (637).png,8c0d0c215ccefa79b3078e3861ec583f
train,no_cancer,LUNG MRI-NC (1092).png,train__LUNG MRI-NC (1092).png,..\dataset_split\train\no_cancer\train__LUNG MRI-NC (1092).png,f966d77c48cc1843857a9d202a4d4a4e
train,cancer,Lung MRI (737).png,train__Lung MRI (737).png,..\dataset_split\train\cancer\train__Lung MRI (737).png,3a02494e1c0665740a7176f4669175a3
train,no_cancer,LUNG MRI NC (221).png,validate__LUNG MRI NC (221).png,..\dataset_split\train\no_cancer\validate__LUNG MRI NC (221).png,d94523663db9c46194778b6b578e5285
train,cancer,Lung MRI (410).png,train__Lung MRI (410).png,..\dataset_split\train\cancer\train__Lung MRI (410).png,5cb151424adb7d40f54707d44cab7652
train,no_cancer,LUNG MRI-NC (71).png,train__LUNG MRI-NC (71).png,..\dataset_split\train\no_cancer\train__LUNG MRI-NC (71).png,182864a84a243b27d8d15ca264ccb1af
train,no_cancer,LUNG MRI-NC (414).png,train__LUNG MRI-NC (414).png,..\dataset_split\train\no_cancer\train__LUNG MRI-NC (414).png,02039c8f5dc328e05c016e364ccca814
train,no_cancer,LUNG MRI NC (237).png,validate__LUNG MRI NC (237).png,..\dataset_split\train\no_cancer\validate__LUNG MRI NC (237).png,ee352b913c01e5848f431e9afc39e61c
train,no_cancer,LUNG MRI-NC (1114).png,train__LUNG MRI-NC (1114).png,..\dataset_split\train\no_cancer\train__LUNG MRI-NC (1114).png,cfbcaa7f7566ab9fb6c4529399ea0851
train,no_cancer,LUNG MRI-NC (191).png,train__LUNG MRI-NC (191).png,..\dataset_split\train\no_cancer\train__LUNG MRI-NC (191).png,4aed1fc737187abfffed9659535d6560
train,no_cancer,LUNG MRI NC (286).png,validate__LUNG MRI NC (286).png,..\dataset_split\train\no_cancer\validate__LUNG MRI NC (286).png,0fae6c3c86055ef6201731363adf7a4d
train,cancer,Lung MRI (615).png,train__Lung MRI (615).png,..\dataset_split\train\cancer\train__Lung MRI (615).png,2d518379252dab083e42e400da2e5f2f
train,cancer,Lung MRI (337).png,train__Lung MRI (337).png,..\dataset_split\train\cancer\train__Lung MRI (337).png,0fbbd20c315d669797804268a0951acc
train,no_cancer,LUNG MRI-NC (1267).png,train__LUNG MRI-NC (1267).png,..\dataset_split\train\no_cancer\train__LUNG MRI-NC (1267).png,8fb423d94fd698b546e6a566694a50e5
train,cancer,Lung MRI (286).png,train__Lung MRI (286).png,..\dataset_split\train\cancer\train__Lung MRI (286).png,705e69dee32ec2590728a79e7348a784
train,cancer,Lung MRI (118).png,train__Lung MRI (118).png,..\dataset_split\train\cancer\train__Lung MRI (118).png,c0abdd9d336caabfa68e5b3991789c15
train,cancer,Lung MRI (755).png,train__Lung MRI (755).png,..\dataset_split\train\cancer\train__Lung MRI (755).png,0b2fb3af321dc6c513fc1cde74b45fb1
train,no_cancer,LUNG MRI NC (380).png,validate__LUNG MRI NC (380).png,..\dataset_split\train\no_cancer\validate__LUNG MRI NC (380).png,6ae69d429d9ddd4a8b6d8ba7f1bbfdbd
train,cancer,Lung MRI (207).png,train__Lung MRI (207).png,..\dataset_split\train\cancer\train__Lung MRI (207).png,f5e8bc8d0999b7fa53d593fdca6c7bc3
train,cancer,Lung MRI (921).png,train__Lung MRI (921).png,..\dataset_split\train\cancer\train__Lung MRI (921).png,f0390ca93cd488c728347d3541b5a386
train,cancer,Lung MRI (42).png,train__Lung MRI (42).png,..\dataset_split\train\cancer\train__Lung MRI (42).png,c2a522b59953e020ad5a04171c7fc0bb
train,no_cancer,LUNG MRI NC (157).png,validate__LUNG MRI NC (157).png,..\dataset_split\train\no_cancer\validate__LUNG MRI NC (157).png,21c35c6227d9189482687645809f2555
train,no_cancer,LUNG MRI-NC (885).png,train__LUNG MRI-NC (885).png,..\dataset_split\train\no_cancer\train__LUNG MRI-NC (885).png,235d809821dbe08ebf31ba0869b639c6
train,no_cancer,LUNG MRI-NC (41).png,train__LUNG MRI-NC (41).png,..\dataset_split\train\no_cancer\train__LUNG MRI-NC (41).png,1d51a27bab13882e7734565edd51d319
train,no_cancer,LUNG MRI-NC (875).png,train__LUNG MRI-NC (875).png,..\dataset_split\train\no_cancer\train__LUNG MRI-NC (875).png,56027b8fbf45e729020f062bc55d32c6
train,cancer,Lung MRI (1102).png,train__Lung MRI (1102).png,..\dataset_split\train\cancer\train__Lung MRI (1102).png,af9acd27aef3a809b48afb278ac05335
train,cancer,Lung MRI (351).png,train__Lung MRI (351).png,..\dataset_split\train\cancer\train__Lung MRI (351).png,998e1da02f7537558c856f85e18eeb27
train,cancer,Lung MRI (519).png,train__Lung MRI (519).png,..\dataset_split\train\cancer\train__Lung MRI (519).png,135b4433750059c3859d23b9eb852b97
train,cancer,Lung MRI (262).png,train__Lung MRI (262).png,..\dataset_split\train\cancer\train__Lung MRI (262).png,e78d0321b1f644ef7111d76e69c8d9c2
train,cancer,Lung MRI (629).png,train__Lung MRI (629).png,..\dataset_split\train\cancer\train__Lung MRI (629).png,fbffd49c727d1d2a71bf757e57afe787
train,cancer,Lung MRI (151).png,train__Lung MRI (151).png,..\dataset_split\train\cancer\train__Lung MRI (151).png,739ab18e422d35c385d5316f023552aa
train,cancer,Lung MRI (313).png,train__Lung MRI (313).png,..\dataset_split\train\cancer\train__Lung MRI (313).png,deb7faf6272e3cc0b1bad936ceb04167
train,no_cancer,LUNG MRI-NC (226).png,train__LUNG MRI-NC (226).png,..\dataset_split\train\no_cancer\train__LUNG MRI-NC (226).png,d1b110d0832dcd9064c1d7abcdb68716
train,no_cancer,LUNG MRI NC (428).png,validate__LUNG MRI NC (428).png,..\dataset_split\train\no_cancer\validate__LUNG MRI NC (428).png,04782c154cad838b184de57570024e6a
train,no_cancer,LUNG MRI-NC (190).png,train__LUNG MRI-NC (190).png,..\dataset_split\train\no_cancer\train__LUNG MRI-NC (190).png,2f7e0c80420e8e5ea05b7974b3d44e61
train,no_cancer,LUNG MRI-NC (387).png,train__LUNG MRI-NC (387).png,..\dataset_split\train\no_cancer\train__LUNG MRI-NC (387).png,eeff5df9d13920d6902ae6b60aa17c47
train,cancer,Lung MRI (308).png,train__Lung MRI (308).png,..\dataset_split\train\cancer\train__Lung MRI (308).png,4bea3d5d3dd7434aa01f56d07c935d8c
train,cancer,Lung MRI (422).png,train__Lung MRI (422).png,..\dataset_split\train\cancer\train__Lung MRI (422).png,fe0426981bf60c9e25c8a841af9dca29
train,no_cancer,LUNG MRI-NC (538).png,train__LUNG MRI-NC (538).png,..\dataset_split\train\no_cancer\train__LUNG MRI-NC (538).png,ee933658e26bc8114fc62cb9f6ee9b8b
train,no_cancer,LUNG MRI NC (263).png,validate__LUNG MRI NC (263).png,..\dataset_split\train\no_cancer\validate__LUNG MRI NC (263).png,c0fd8052110c90350bfe10ab7df2e1d5
train,no_cancer,LUNG MRI-NC (936).png,train__LUNG MRI-NC (936).png,..\dataset_split\train\no_cancer\train__LUNG MRI-NC (936).png,79bdd619aa44313e4260a9357addb8c6
train,no_cancer,LUNG MRI-NC (1257).png,train__LUNG MRI-NC (1257).png,..\dataset_split\train\no_cancer\train__LUNG MRI-NC (1257).png,a91372f52e873f6a8d47b69b96aae3f0
train,cancer,Lung MRI (551).png,train__Lung MRI (551).png,..\dataset_split\train\cancer\train__Lung MRI (551).png,44e088c5d13f31aed4fd46497c1db3ae
train,no_cancer,LUNG MRI-NC (260).png,train__LUNG MRI-NC (260).png,..\dataset_split\train\no_cancer\train__LUNG MRI-NC (260).png,dac8352ce7956e10fdf249f400f6a307
train,no_cancer,LUNG MRI-NC (898).png,train__LUNG MRI-NC (898).png,..\dataset_split\train\no_cancer\train__LUNG MRI-NC (898).png,6b7b99f75f3e24908995c951e6f3440c
train,no_cancer,LUNG MRI-NC (408).png,train__LUNG MRI-NC (408).png,..\dataset_split\train\no_cancer\train__LUNG MRI-NC (408).png,325749fbb73f9247e12a499cce844bba
train,cancer,Lung MRI (285).png,train__Lung MRI (285).png,..\dataset_split\train\cancer\train__Lung MRI (285).png,d9b11d2aae75fd82af7ddbe4b4abc444
train,cancer,Lung MRI (1453).png,validate__Lung MRI (1453).png,..\dataset_split\train\cancer\validate__Lung MRI (1453).png,0f4309ea1522cbf836f0834d467e18a4
train,no_cancer,LUNG MRI-NC (1090).png,train__LUNG MRI-NC (1090).png,..\dataset_split\train\no_cancer\train__LUNG MRI-NC (1090).png,3422df93cb854625df5e3030c476f618
train,cancer,Lung MRI (828).png,train__Lung MRI (828).png,..\dataset_split\train\cancer\train__Lung MRI (828).png,5c777deb457deb0461516d2c18254931
train,no_cancer,LUNG MRI NC (272).png,validate__LUNG MRI NC (272).png,..\dataset_split\train\no_cancer\validate__LUNG MRI NC (272).png,ebbf8d80654374bf818f13e38d4dfd31
train,no_cancer,LUNG MRI-NC (746).png,train__LUNG MRI-NC (746).png,..\dataset_split\train\no_cancer\train__LUNG MRI-NC (746).png,fabb35e884c70ac023c40de0c3cf8333
train,no_cancer,LUNG MRI NC (109).png,validate__LUNG MRI NC (109).png,..\dataset_split\train\no_cancer\validate__LUNG MRI NC (109).png,7cd5d78597b63c2384cdfe45fa104541
train,no_cancer,LUNG MRI-NC (390).png,train__LUNG MRI-NC (390).png,..\dataset_split\train\no_cancer\train__LUNG MRI-NC (390).png,18615bfee58cfe5a35f225fcb69a1383
train,no_cancer,LUNG MRI-NC (1055).png,train__LUNG MRI-NC (1055).png,..\dataset_split\train\no_cancer\train__LUNG MRI-NC (1055).png,e20a1673365ffaaee7184f2f95321a17
train,no_cancer,LUNG MRI-NC (350).png,train__LUNG MRI-NC (350).png,..\dataset_split\train\no_cancer\train__LUNG MRI-NC (350).png,f80303b5859a30dc4beba82b284dd46e
train,cancer,Lung MRI (1411).png,validate__Lung MRI (1411).png,..\dataset_split\train\cancer\validate__Lung MRI (1411).png,901b9288e9809f2d7f7db96e8c9513fb
train,no_cancer,LUNG MRI-NC (442).png,train__LUNG MRI-NC (442).png,..\dataset_split\train\no_cancer\train__LUNG MRI-NC (442).png,a66032e44f0ff183e7b05cac6c665e17
train,cancer,Lung MRI (623).png,train__Lung MRI (623).png,..\dataset_split\train\cancer\train__Lung MRI (623).png,a0d46047a6c5527e2758855e5001bf49
train,cancer,Lung MRI (1072).png,train__Lung MRI (1072).png,..\dataset_split\train\cancer\train__Lung MRI (1072).png,537d63c0c8a4f71d230cc4d77cede596
train,cancer,Lung MRI (663).png,train__Lung MRI (663).png,..\dataset_split\train\cancer\train__Lung MRI (663).png,72e11e22d50264d9701d3e266c4fee66
train,no_cancer,LUNG MRI-NC (433).png,train__LUNG MRI-NC (433).png,..\dataset_split\train\no_cancer\train__LUNG MRI-NC (433).png,94c3464cf312e448f67a848d09667293
train,cancer,Lung MRI (739).png,train__Lung MRI (739).png,..\dataset_split\train\cancer\train__Lung MRI (739).png,2c2cd60a56500961dd1a90a243bd160c
train,cancer,Lung MRI (1119).png,train__Lung MRI (1119).png,..\dataset_split\train\cancer\train__Lung MRI (1119).png,2d73b15f6cc8bd6f8b63ebf50892f3e5
train,no_cancer,LUNG MRI-NC (1240).png,train__LUNG MRI-NC (1240).png,..\dataset_split\train\no_cancer\train__LUNG MRI-NC (1240).png,55fef3f380091ecabb337ae551d2d73f
train,no_cancer,LUNG MRI-NC (989).png,train__LUNG MRI-NC (989).png,..\dataset_split\train\no_cancer\train__LUNG MRI-NC (989).png,c4096565a5fe7128ff0e00ee680774a3
train,no_cancer,LUNG MRI-NC (192).png,train__LUNG MRI-NC (192).png,..\dataset_split\train\no_cancer\train__LUNG MRI-NC (192).png,080efd8ddf50eba7cebb57f52c221286
train,cancer,Lung MRI (1091).png,train__Lung MRI (1091).png,..\dataset_split\train\cancer\train__Lung MRI (1091).png,8ccc40f4224c4b95d6909fe7d0c8db06
train,cancer,Lung MRI (674).png,train__Lung MRI (674).png,..\dataset_split\train\cancer\train__Lung MRI (674).png,b275a55459b7c50878b761541b690a32
train,no_cancer,LUNG MRI NC (403).png,validate__LUNG MRI NC (403).png,..\dataset_split\train\no_cancer\validate__LUNG MRI NC (403).png,ff64539b8eb5eaa42fe602e25b8a5e36
train,cancer,Lung MRI (270).png,train__Lung MRI (270).png,..\dataset_split\train\cancer\train__Lung MRI (270).png,0d9d9bdc29883775be52db8565aadc16
train,cancer,Lung MRI (293).png,train__Lung MRI (293).png,..\dataset_split\train\cancer\train__Lung MRI (293).png,d1976631ed35d4d544c843de20254db2
train,no_cancer,LUNG MRI-NC (418).png,train__LUNG MRI-NC (418).png,..\dataset_split\train\no_cancer\train__LUNG MRI-NC (418).png,faef8ca5836b5570acd53120e42e8b19
train,no_cancer,LUNG MRI-NC (577).png,train__LUNG MRI-NC (577).png,..\dataset_split\train\no_cancer\train__LUNG MRI-NC (577).png,1c9c97b7766d6b3e18a79bc316779296
train,cancer,Lung MRI (27).png,train__Lung MRI (27).png,..\dataset_split\train\cancer\train__Lung MRI (27).png,5c28e1c503bbae989742903f3f2b9487
train,no_cancer,LUNG MRI-NC (340).png,train__LUNG MRI-NC (340).png,..\dataset_split\train\no_cancer\train__LUNG MRI-NC (340).png,fe00e5ed2c96bd734d0ca6fbdb95cdee
train,cancer,Lung MRI (730).png,train__Lung MRI (730).png,..\dataset_split\train\cancer\train__Lung MRI (730).png,357375f0f9d17177f52b55216744a1ed
train,no_cancer,LUNG MRI-NC (1220).png,train__LUNG MRI-NC (1220).png,..\dataset_split\train\no_cancer\train__LUNG MRI-NC (1220).png,ab2ca9afa66b349125ec9d83e279b577
train,cancer,Lung MRI (656).png,train__Lung MRI (656).png,..\dataset_split\train\cancer\train__Lung MRI (656).png,b9b68652502b8b32ff01b08781479177
train,no_cancer,LUNG MRI-NC (30).png,train__LUNG MRI-NC (30).png,..\dataset_split\train\no_cancer\train__LUNG MRI-NC (30).png,d8f6b1dbc24db3f52a52b9c3e3f534fb
train,cancer,Lung MRI (482).png,train__Lung MRI (482).png,..\dataset_split\train\cancer\train__Lung MRI (482).png,0ecb64698c8101c87255fdf3a72211c4
train,cancer,Lung MRI (898).png,train__Lung MRI (898).png,..\dataset_split\train\cancer\train__Lung MRI (898).png,b99448c243d2226bea6e084544d6d469
train,no_cancer,LUNG MRI NC (37).png,validate__LUNG MRI NC (37).png,..\dataset_split\train\no_cancer\validate__LUNG MRI NC (37).png,6ca80151d14e07b8f0156c4840ab95f1
train,no_cancer,LUNG MRI-NC (1097).png,train__LUNG MRI-NC (1097).png,..\dataset_split\train\no_cancer\train__LUNG MRI-NC (1097).png,43b6be98da632731d666b15643cb8492
train,no_cancer,LUNG MRI-NC (14).png,train__LUNG MRI-NC (14).png,..\dataset_split\train\no_cancer\train__LUNG MRI-NC (14).png,4387143d9f375bd377c4a8f42033996a
train,no_cancer,LUNG MRI-NC (962).png,train__LUNG MRI-NC (962).png,..\dataset_split\train\no_cancer\train__LUNG MRI-NC (962).png,0d49fecc06f0691e63414b231322d3ee
train,cancer,Lung MRI (297).png,train__Lung MRI (297).png,..\dataset_split\train\cancer\train__Lung MRI (297).png,902f77b51016aeeaba14719e667abeda
train,cancer,Lung MRI (12).png,train__Lung MRI (12).png,..\dataset_split\train\cancer\train__Lung MRI (12).png,6e0e65f18739257174410623d12e0b0f
train,cancer,Lung MRI (518).png,train__Lung MRI (518).png,..\dataset_split\train\cancer\train__Lung MRI (518).png,82d9c46ac2e8eb295de229bcd2917459
train,no_cancer,LUNG MRI-NC (810).png,train__LUNG MRI-NC (810).png,..\dataset_split\train\no_cancer\train__LUNG MRI-NC (810).png,5f0b8871c1d92d53f40d06618d629489
train,no_cancer,LUNG MRI-NC (610).png,train__LUNG MRI-NC (610).png,..\dataset_split\train\no_cancer\train__LUNG MRI-NC (610).png,450331697ea622f2f0f2ad7a0c9acccd
train,no_cancer,LUNG MRI-NC (1069).png,train__LUNG MRI-NC (1069).png,..\dataset_split\train\no_cancer\train__LUNG MRI-NC (1069).png,816ff320e59d8661025dbca2d13b8605
train,cancer,Lung MRI (989).png,train__Lung MRI (989).png,..\dataset_split\train\cancer\train__Lung MRI (989).png,b484c088de0f7de1df7c09f560c93599
train,no_cancer,LUNG MRI-NC (58).png,train__LUNG MRI-NC (58).png,..\dataset_split\train\no_cancer\train__LUNG MRI-NC (58).png,d54c9862adcaaab79b77673695bd76ed
train,no_cancer,LUNG MRI NC (378).png,validate__LUNG MRI NC (378).png,..\dataset_split\train\no_cancer\validate__LUNG MRI NC (378).png,ece22e416b174ecf7deee328aeb3fd19
train,no_cancer,LUNG MRI NC (58).png,validate__LUNG MRI NC (58).png,..\dataset_split\train\no_cancer\validate__LUNG MRI NC (58).png,53a7cd6c1efa667b98f270c18900ff5b
train,cancer,Lung MRI (407).png,train__Lung MRI (407).png,..\dataset_split\train\cancer\train__Lung MRI (407).png,627314d40288b016a6a22a8dc85f88f6
train,no_cancer,LUNG MRI-NC (26).png,train__LUNG MRI-NC (26).png,..\dataset_split\train\no_cancer\train__LUNG MRI-NC (26).png,dca43a0bf7102832836d39c968ab4c13
train,no_cancer,LUNG MRI-NC (1195).png,train__LUNG MRI-NC (1195).png,..\dataset_split\train\no_cancer\train__LUNG MRI-NC (1195).png,de4a9e43b1d8657936f86db29e443979
train,cancer,Lung MRI (1430).png,validate__Lung MRI (1430).png,..\dataset_split\train\cancer\validate__Lung MRI (1430).png,8142876ad164b9f6a8e1255c554f276f
train,cancer,Lung MRI (121).png,train__Lung MRI (121).png,..\dataset_split\train\cancer\train__Lung MRI (121).png,19c18bd88e6c84fad4c235c9bf9eeb5f
train,no_cancer,LUNG MRI-NC (855).png,train__LUNG MRI-NC (855).png,..\dataset_split\train\no_cancer\train__LUNG MRI-NC (855).png,86d7f9eeb77a46af83f545e3f657cc07
train,no_cancer,LUNG MRI NC (20).png,validate__LUNG MRI NC (20).png,..\dataset_split\train\no_cancer\validate__LUNG MRI NC (20).png,845c131008971fa2b272714aceb141d3
train,no_cancer,LUNG MRI NC (146).png,validate__LUNG MRI NC (146).png,..\dataset_split\train\no_cancer\validate__LUNG MRI NC (146).png,0a1613b8eb5fc392233404b7777557a3
train,no_cancer,LUNG MRI-NC (924).png,train__LUNG MRI-NC (924).png,..\dataset_split\train\no_cancer\train__LUNG MRI-NC (924).png,295d28f6be844c548ce54b63fd99c64b
train,cancer,Lung MRI (395).png,train__Lung MRI (395).png,..\dataset_split\train\cancer\train__Lung MRI (395).png,4f9147459dbaf8b39877f048c0b80c85
train,no_cancer,LUNG MRI NC (69).png,validate__LUNG MRI NC (69).png,..\dataset_split\train\no_cancer\validate__LUNG MRI NC (69).png,0ae2ca62acb1270360b49533d2157a9f
train,no_cancer,LUNG MRI-NC (748).png,train__LUNG MRI-NC (748).png,..\dataset_split\train\no_cancer\train__LUNG MRI-NC (748).png,905af8f961f9a79fb8e4da9e2551a66f
train,cancer,Lung MRI (291).png,train__Lung MRI (291).png,..\dataset_split\train\cancer\train__Lung MRI (291).png,0e12fc44cbcc9ad0b027f05cb4bdce6d
train,no_cancer,LUNG MRI-NC (865).png,train__LUNG MRI-NC (865).png,..\dataset_split\train\no_cancer\train__LUNG MRI-NC (865).png,1fbca78283becc0ae78c2026c8a6f0b8
train,no_cancer,LUNG MRI-NC (792).png,train__LUNG MRI-NC (792).png,..\dataset_split\train\no_cancer\train__LUNG MRI-NC (792).png,47f9a4de429fd57dd6c985af40407620
train,no_cancer,LUNG MRI NC (287).png,validate__LUNG MRI NC (287).png,..\dataset_split\train\no_cancer\validate__LUNG MRI NC (287).png,8783e185b75c826c31506c05fb629e77
train,no_cancer,LUNG MRI-NC (995).png,train__LUNG MRI-NC (995).png,..\dataset_split\train\no_cancer\train__LUNG MRI-NC (995).png,12b4b3a1039df08086b9e9365b0657b1
train,cancer,Lung MRI (795).png,train__Lung MRI (795).png,..\dataset_split\train\cancer\train__Lung MRI (795).png,46d31cd59fdbeb6a786b2c1f198359bd
train,no_cancer,LUNG MRI-NC (751).png,train__LUNG MRI-NC (751).png,..\dataset_split\train\no_cancer\train__LUNG MRI-NC (751).png,cb17fe41e8e31f62f27ff6e399824522
train,no_cancer,LUNG MRI-NC (1001).png,train__LUNG MRI-NC (1001).png,..\dataset_split\train\no_cancer\train__LUNG MRI-NC (1001).png,641360a2f771313ccf969e2da0024bea
train,no_cancer,LUNG MRI NC (240).png,validate__LUNG MRI NC (240).png,..\dataset_split\train\no_cancer\validate__LUNG MRI NC (240).png,cba2830d60b155b95dfa58a0418bb50f
train,no_cancer,LUNG MRI NC (299).png,validate__LUNG MRI NC (299).png,..\dataset_split\train\no_cancer\validate__LUNG MRI NC (299).png,2aa94a64d174673a82bfc2a5d3bf4da3
train,cancer,Lung MRI (1497).png,validate__Lung MRI (1497).png,..\dataset_split\train\cancer\validate__Lung MRI (1497).png,117e3e0e76925248805231a5572ff185
train,cancer,Lung MRI (1088).png,train__Lung MRI (1088).png,..\dataset_split\train\cancer\train__Lung MRI (1088).png,56b43ec6edba8b2fb484d135c3e79489
train,no_cancer,LUNG MRI-NC (334).png,train__LUNG MRI-NC (334).png,..\dataset_split\train\no_cancer\train__LUNG MRI-NC (334).png,e48203b2e830f97ed76ca7c64da55a25
train,no_cancer,LUNG MRI NC (242).png,validate__LUNG MRI NC (242).png,..\dataset_split\train\no_cancer\validate__LUNG MRI NC (242).png,b128f21d3cae2be326fcae2c6cd7046d
train,no_cancer,LUNG MRI-NC (323).png,train__LUNG MRI-NC (323).png,..\dataset_split\train\no_cancer\train__LUNG MRI-NC (323).png,152b222ce3b172d4e2143e8d678a78af
train,no_cancer,LUNG MRI NC (321).png,validate__LUNG MRI NC (321).png,..\dataset_split\train\no_cancer\validate__LUNG MRI NC (321).png,1001263913a835f7a7ac4cfebf9c6051
train,no_cancer,LUNG MRI-NC (1262).png,train__LUNG MRI-NC (1262).png,..\dataset_split\train\no_cancer\train__LUNG MRI-NC (1262).png,4ec0fc7f8a6248777aa012556e2be1ae
train,no_cancer,LUNG MRI-NC (135).png,train__LUNG MRI-NC (135).png,..\dataset_split\train\no_cancer\train__LUNG MRI-NC (135).png,5a36c08ccdac557838208f0f0c5573d6
train,cancer,Lung MRI (235).png,train__Lung MRI (235).png,..\dataset_split\train\cancer\train__Lung MRI (235).png,424328b0ac720cfda63ea4d737db6021
train,cancer,Lung MRI (1098).png,train__Lung MRI (1098).png,..\dataset_split\train\cancer\train__Lung MRI (1098).png,8af9b493c7f84755efdc7ad5c01f834b
train,no_cancer,LUNG MRI-NC (133).png,train__LUNG MRI-NC (133).png,..\dataset_split\train\no_cancer\train__LUNG MRI-NC (133).png,24eeab77fb2ad1c7dba0ac8c38f03970
train,no_cancer,LUNG MRI-NC (908).png,train__LUNG MRI-NC (908).png,..\dataset_split\train\no_cancer\train__LUNG MRI-NC (908).png,99eb9f16903bd602a29669ec137adb6b
train,no_cancer,LUNG MRI-NC (1216).png,train__LUNG MRI-NC (1216).png,..\dataset_split\train\no_cancer\train__LUNG MRI-NC (1216).png,0c87b38cdb63f61588a93605cb3aafc4
train,cancer,Lung MRI (489).png,train__Lung MRI (489).png,..\dataset_split\train\cancer\train__Lung MRI (489).png,d710882267973bb5bbbd63e1d97a4187
train,no_cancer,LUNG MRI-NC (519).png,train__LUNG MRI-NC (519).png,..\dataset_split\train\no_cancer\train__LUNG MRI-NC (519).png,e0aa963538d2e5f72508b4f1489ceb88
train,no_cancer,LUNG MRI-NC (424).png,train__LUNG MRI-NC (424).png,..\dataset_split\train\no_cancer\train__LUNG MRI-NC (424).png,faa82a347ee6de4b1c8f04555ea39f71
train,cancer,Lung MRI (547).png,train__Lung MRI (547).png,..\dataset_split\train\cancer\train__Lung MRI (547).png,dd55510fde8959a4f24c57d50ba11f8a
train,no_cancer,LUNG MRI NC (416).png,validate__LUNG MRI NC (416).png,..\dataset_split\train\no_cancer\validate__LUNG MRI NC (416).png,c9dd80985044271ad78f408f94be2a98
train,cancer,Lung MRI (1035).png,train__Lung MRI (1035).png,..\dataset_split\train\cancer\train__Lung MRI (1035).png,121859252b7fdb79dc592129df066bf6
train,no_cancer,LUNG MRI-NC (5).png,train__LUNG MRI-NC (5).png,..\dataset_split\train\no_cancer\train__LUNG MRI-NC (5).png,3e1fa205c53ef4cf6b4f3d5d862af254
train,no_cancer,LUNG MRI-NC (881).png,train__LUNG MRI-NC (881).png,..\dataset_split\train\no_cancer\train__LUNG MRI-NC (881).png,9ae3390d91aa48e9b1c126c068295c14
train,no_cancer,LUNG MRI-NC (789).png,train__LUNG MRI-NC (789).png,..\dataset_split\train\no_cancer\train__LUNG MRI-NC (789).png,6c4f59842d2f7b094e0090b7e8c96452
train,no_cancer,LUNG MRI-NC (453).png,train__LUNG MRI-NC (453).png,..\dataset_split\train\no_cancer\train__LUNG MRI-NC (453).png,25fa2f6e393d1107a03b2a3e6dad4f85
train,no_cancer,LUNG MRI NC (334).png,validate__LUNG MRI NC (334).png,..\dataset_split\train\no_cancer\validate__LUNG MRI NC (334).png,f68e78cb309ece9a2af11a9c20eab038
train,cancer,Lung MRI (292).png,train__Lung MRI (292).png,..\dataset_split\train\cancer\train__Lung MRI (292).png,e175db22d687c8d7683c2fe3e5a7d924
train,cancer,Lung MRI (1410).png,validate__Lung MRI (1410).png,..\dataset_split\train\cancer\validate__Lung MRI (1410).png,d9f1e7263ee9874133b1ad5f9c18aa0d
train,cancer,Lung MRI (968).png,train__Lung MRI (968).png,..\dataset_split\train\cancer\train__Lung MRI (968).png,2f079d1bb22a5b02e16af2304d745aaa
train,no_cancer,LUNG MRI-NC (780).png,train__LUNG MRI-NC (780).png,..\dataset_split\train\no_cancer\train__LUNG MRI-NC (780).png,e1de75490fded6a244c841affc48679c
train,no_cancer,LUNG MRI-NC (827).png,train__LUNG MRI-NC (827).png,..\dataset_split\train\no_cancer\train__LUNG MRI-NC (827).png,8defa925cdf4226714f4a9b0f29d4c90
train,no_cancer,LUNG MRI-NC (145).png,train__LUNG MRI-NC (145).png,..\dataset_split\train\no_cancer\train__LUNG MRI-NC (145).png,269ea238825dab24b10d425995314f68
train,no_cancer,LUNG MRI NC (285).png,validate__LUNG MRI NC (285).png,..\dataset_split\train\no_cancer\validate__LUNG MRI NC (285).png,24e023d1aff1b35dc59eee21fbe1ea62
train,cancer,Lung MRI (335).png,train__Lung MRI (335).png,..\dataset_split\train\cancer\train__Lung MRI (335).png,e849b314ee8539b3f3446fedd987b601
train,no_cancer,LUNG MRI-NC (821).png,train__LUNG MRI-NC (821).png,..\dataset_split\train\no_cancer\train__LUNG MRI-NC (821).png,bdcae93f37b2cd937ea29911b956ae76
train,no_cancer,LUNG MRI-NC (1169).png,train__LUNG MRI-NC (1169).png,..\dataset_split\train\no_cancer\train__LUNG MRI-NC (1169).png,d96403021dadb6cc697739c05e3417a1
train,no_cancer,LUNG MRI-NC (300).png,train__LUNG MRI-NC (300).png,..\dataset_split\train\no_cancer\train__LUNG MRI-NC (300).png,624d0b219498a8dacc732e77f0b75129
train,no_cancer,LUNG MRI-NC (1018).png,train__LUNG MRI-NC (1018).png,..\dataset_split\train\no_cancer\train__LUNG MRI-NC (1018).png,657d92eba95d8654237f08b97f6a1606
train,no_cancer,LUNG MRI-NC (1010).png,train__LUNG MRI-NC (1010).png,..\dataset_split\train\no_cancer\train__LUNG MRI-NC (1010).png,e727685aa587dbf8fd2fa66fec957442
train,no_cancer,LUNG MRI-NC (290).png,train__LUNG MRI-NC (290).png,..\dataset_split\train\no_cancer\train__LUNG MRI-NC (290).png,e250dac90d1b13a47f8cc54f63cdd11a
train,no_cancer,LUNG MRI NC (362).png,validate__LUNG MRI NC (362).png,..\dataset_split\train\no_cancer\validate__LUNG MRI NC (362).png,d7899b435fc8098ae8051642e18185a6
train,cancer,Lung MRI (319).png,train__Lung MRI (319).png,..\dataset_split\train\cancer\train__Lung MRI (319).png,daa393bbffa561b7b19070792bbd5b44
train,cancer,Lung MRI (150).png,train__Lung MRI (150).png,..\dataset_split\train\cancer\train__Lung MRI (150).png,65f24b43e9836cec1da0ffc6d08497c1
train,no_cancer,LUNG MRI NC (151).png,validate__LUNG MRI NC (151).png,..\dataset_split\train\no_cancer\validate__LUNG MRI NC (151).png,1b2812b0c6a1379dcc0c64fed8a76555
train,no_cancer,LUNG MRI NC (85).png,validate__LUNG MRI NC (85).png,..\dataset_split\train\no_cancer\validate__LUNG MRI NC (85).png,56a217177e906447b0060a27df2c6b9d
train,no_cancer,LUNG MRI-NC (64).png,train__LUNG MRI-NC (64).png,..\dataset_split\train\no_cancer\train__LUNG MRI-NC (64).png,6d261da09b379b5d920d40aa5af0d507
train,no_cancer,LUNG MRI-NC (1156).png,train__LUNG MRI-NC (1156).png,..\dataset_split\train\no_cancer\train__LUNG MRI-NC (1156).png,cbbc77f2ef4db9efb772af1b78134339
train,cancer,Lung MRI (198).png,train__Lung MRI (198).png,..\dataset_split\train\cancer\train__Lung MRI (198).png,986e45d5ca89da7af6d18099a7e015e8
train,no_cancer,LUNG MRI-NC (984).png,train__LUNG MRI-NC (984).png,..\dataset_split\train\no_cancer\train__LUNG MRI-NC (984).png,70c46a47fd41aa2e9da8f81e21b2aa6e
train,no_cancer,LUNG MRI-NC (491).png,train__LUNG MRI-NC (491).png,..\dataset_split\train\no_cancer\train__LUNG MRI-NC (491).png,8c1a3f27a46625397a18257204f029d7
train,no_cancer,LUNG MRI-NC (426).png,train__LUNG MRI-NC (426).png,..\dataset_split\train\no_cancer\train__LUNG MRI-NC (426).png,221347b1308a0d4adaffd00d87229680
train,cancer,Lung MRI (229).png,train__Lung MRI (229).png,..\dataset_split\train\cancer\train__Lung MRI (229).png,45742d7fef87bd9947630a7f6e346135
train,no_cancer,LUNG MRI-NC (728).png,train__LUNG MRI-NC (728).png,..\dataset_split\train\no_cancer\train__LUNG MRI-NC (728).png,8fcec1059d947263a79add4a83fb427f
train,cancer,Lung MRI (584).png,train__Lung MRI (584).png,..\dataset_split\train\cancer\train__Lung MRI (584).png,b9f11ae53ea69a09fec445232aa8af4f
train,cancer,Lung MRI (406).png,train__Lung MRI (406).png,..\dataset_split\train\cancer\train__Lung MRI (406).png,e2394c521d9fbeed0bfe8b8501c01fd5
train,no_cancer,LUNG MRI-NC (349).png,train__LUNG MRI-NC (349).png,..\dataset_split\train\no_cancer\train__LUNG MRI-NC (349).png,dc04ce4084eb2c7aea8158fd025843d4
train,no_cancer,LUNG MRI-NC (1).png,train__LUNG MRI-NC (1).png,..\dataset_split\train\no_cancer\train__LUNG MRI-NC (1).png,4b220645515ecc8d80402aae5266fa03
train,cancer,Lung MRI (222).png,train__Lung MRI (222).png,..\dataset_split\train\cancer\train__Lung MRI (222).png,8d6aade896e4f94f5da1ef3701a55d55
train,no_cancer,LUNG MRI-NC (1255).png,train__LUNG MRI-NC (1255).png,..\dataset_split\train\no_cancer\train__LUNG MRI-NC (1255).png,f65e90b8e8b533a1ba3ed650f0c1503e
train,no_cancer,LUNG MRI-NC (482).png,train__LUNG MRI-NC (482).png,..\dataset_split\train\no_cancer\train__LUNG MRI-NC (482).png,78c2607ce75291d2095c60751f034b0c
train,cancer,Lung MRI (1403).png,validate__Lung MRI (1403).png,..\dataset_split\train\cancer\validate__Lung MRI (1403).png,6eaf1f164d44bc6baa869186e72c93ec
train,no_cancer,LUNG MRI-NC (940).png,train__LUNG MRI-NC (940).png,..\dataset_split\train\no_cancer\train__LUNG MRI-NC (940).png,91f0b77529e9bd0513a90e69d39150e5
train,no_cancer,LUNG MRI NC (33).png,validate__LUNG MRI NC (33).png,..\dataset_split\train\no_cancer\validate__LUNG MRI NC (33).png,7a023b2670539cba9ec45c688d191f6d
train,cancer,Lung MRI (816).png,train__Lung MRI (816).png,..\dataset_split\train\cancer\train__Lung MRI (816).png,d5a53eaf6e0a64b51b5d08e912bc4ac8
train,no_cancer,LUNG MRI-NC (1280).png,train__LUNG MRI-NC (1280).png,..\dataset_split\train\no_cancer\train__LUNG MRI-NC (1280).png,112789405ce47e619f37b3b3a1d0890a
train,no_cancer,LUNG MRI-NC (267).png,train__LUNG MRI-NC (267).png,..\dataset_split\train\no_cancer\train__LUNG MRI-NC (267).png,3cb5bfc8088be01a4b6da9d982103215
train,cancer,Lung MRI (600).png,train__Lung MRI (600).png,..\dataset_split\train\cancer\train__Lung MRI (600).png,bfbe11b5ba7fca26547689e5ae08b937
train,no_cancer,LUNG MRI-NC (700).png,train__LUNG MRI-NC (700).png,..\dataset_split\train\no_cancer\train__LUNG MRI-NC (700).png,fc7596d135a03be8188487005b18789a
train,no_cancer,LUNG MRI-NC (1296).png,train__LUNG MRI-NC (1296).png,..\dataset_split\train\no_cancer\train__LUNG MRI-NC (1296).png,e7332d37d02f1d9a577f36ab71d013d2
train,no_cancer,LUNG MRI-NC (374).png,train__LUNG MRI-NC (374).png,..\dataset_split\train\no_cancer\train__LUNG MRI-NC (374).png,1175501172e0ffc308ba9820f4572365
train,no_cancer,LUNG MRI NC (371).png,validate__LUNG MRI NC (371).png,..\dataset_split\train\no_cancer\validate__LUNG MRI NC (371).png,fd1a671e5eee12021c32426e607af82c
train,cancer,Lung MRI (1052).png,train__Lung MRI (1052).png,..\dataset_split\train\cancer\train__Lung MRI (1052).png,2cd44d838abe6608ca1fe07902f436c0
train,no_cancer,LUNG MRI-NC (106).png,train__LUNG MRI-NC (106).png,..\dataset_split\train\no_cancer\train__LUNG MRI-NC (106).png,2ec910d71dc5b7a132e735f4455102d5
train,cancer,Lung MRI (267).png,train__Lung MRI (267).png,..\dataset_split\train\cancer\train__Lung MRI (267).png,5cb028f629c4e13e6907c38cff63828b
train,cancer,Lung MRI (966).png,train__Lung MRI (966).png,..\dataset_split\train\cancer\train__Lung MRI (966).png,2d6b53b22fdc0ea2b24ad69184563c55
train,no_cancer,LUNG MRI-NC (1144).png,train__LUNG MRI-NC (1144).png,..\dataset_split\train\no_cancer\train__LUNG MRI-NC (1144).png,dc1c9dd5df3879845c9b6b06d73d0e8a
train,no_cancer,LUNG MRI-NC (1076).png,train__LUNG MRI-NC (1076).png,..\dataset_split\train\no_cancer\train__LUNG MRI-NC (1076).png,310a872f4d92ba26dfd0b991328e2d26
train,cancer,Lung MRI (259).png,train__Lung MRI (259).png,..\dataset_split\train\cancer\train__Lung MRI (259).png,418f21e07dd7dcdc1fc912ceac97f516
train,cancer,Lung MRI (487).png,train__Lung MRI (487).png,..\dataset_split\train\cancer\train__Lung MRI (487).png,9a96265ca262476679a6e768afb75e10
train,no_cancer,LUNG MRI-NC (614).png,train__LUNG MRI-NC (614).png,..\dataset_split\train\no_cancer\train__LUNG MRI-NC (614).png,da604ddcb31b4906b4dc20b12a4e2472
train,cancer,Lung MRI (809).png,train__Lung MRI (809).png,..\dataset_split\train\cancer\train__Lung MRI (809).png,b5cac34c91dc985093435124b1a0c41e
train,no_cancer,LUNG MRI NC (474).png,validate__LUNG MRI NC (474).png,..\dataset_split\train\no_cancer\validate__LUNG MRI NC (474).png,18bd88453ba43928f562d92ef5b1a8dc
train,cancer,Lung MRI (204).png,train__Lung MRI (204).png,..\dataset_split\train\cancer\train__Lung MRI (204).png,e44e52bd4efe8b5213841d8761fa01aa
train,cancer,Lung MRI (38).png,train__Lung MRI (38).png,..\dataset_split\train\cancer\train__Lung MRI (38).png,90a3cc6e0d027eb044861dacd4886187
train,no_cancer,LUNG MRI-NC (594).png,train__LUNG MRI-NC (594).png,..\dataset_split\train\no_cancer\train__LUNG MRI-NC (594).png,b81eb237a036789c6ab4cb5ebcaa4ed6
train,no_cancer,LUNG MRI NC (441).png,validate__LUNG MRI NC (441).png,..\dataset_split\train\no_cancer\validate__LUNG MRI NC (441).png,6d51c58d3b2f080ffa953ae78ddfb070
train,cancer,Lung MRI (1493).png,validate__Lung MRI (1493).png,..\dataset_split\train\cancer\validate__Lung MRI (1493).png,fbcad18cb825131846fc2dbd0e1b365a
train,cancer,Lung MRI (509).png,train__Lung MRI (509).png,..\dataset_split\train\cancer\train__Lung MRI (509).png,efde45306b5ce03213ac9b82fe0b00b6
train,cancer,Lung MRI (1491).png,validate__Lung MRI (1491).png,..\dataset_split\train\cancer\validate__Lung MRI (1491).png,0f98df1e5db7f6ac5fd4074cd7bcdb0b
train,no_cancer,LUNG MRI-NC (1099).png,train__LUNG MRI-NC (1099).png,..\dataset_split\train\no_cancer\train__LUNG MRI-NC (1099).png,ca96bc501f90aba9a05dc658a30543b8
train,no_cancer,LUNG MRI-NC (489).png,train__LUNG MRI-NC (489).png,..\dataset_split\train\no_cancer\train__LUNG MRI-NC (489).png,c71c8866f8f0e822d56e85dd1b676332
train,cancer,Lung MRI (1426).png,validate__Lung MRI (1426).png,..\dataset_split\train\cancer\validate__Lung MRI (1426).png,60133e872f8c0b72aa2a3c3aac8efc76
train,no_cancer,LUNG MRI NC (86).png,validate__LUNG MRI NC (86).png,..\dataset_split\train\no_cancer\validate__LUNG MRI NC (86).png,a1c24a40f89c5bfb9584e8d79795ba30
train,cancer,Lung MRI (289).png,train__Lung MRI (289).png,..\dataset_split\train\cancer\train__Lung MRI (289).png,48c1090262e37cda2316ed200632a98b
train,no_cancer,LUNG MRI-NC (930).png,train__LUNG MRI-NC (930).png,..\dataset_split\train\no_cancer\train__LUNG MRI-NC (930).png,1d7a289d3f7a666333cdd8752bf1584f
train,cancer,Lung MRI (465).png,train__Lung MRI (465).png,..\dataset_split\train\cancer\train__Lung MRI (465).png,6921ad4e87e02c542292a58eb1891df2
train,no_cancer,LUNG MRI NC (98).png,validate__LUNG MRI NC (98).png,..\dataset_split\train\no_cancer\validate__LUNG MRI NC (98).png,bd7ef3617f45b5e5bae1ddaecf8e37f2
train,no_cancer,LUNG MRI-NC (475).png,train__LUNG MRI-NC (475).png,..\dataset_split\train\no_cancer\train__LUNG MRI-NC (475).png,461d047fd1413d0ad634004a9545e469
train,cancer,Lung MRI (1446).png,validate__Lung MRI (1446).png,..\dataset_split\train\cancer\validate__Lung MRI (1446).png,a638a4730f39086602f62c372332fcfa
train,cancer,Lung MRI (145).png,train__Lung MRI (145).png,..\dataset_split\train\cancer\train__Lung MRI (145).png,806ce287fb5cd2868fa5e43c6bbb786e
train,no_cancer,LUNG MRI NC (252).png,validate__LUNG MRI NC (252).png,..\dataset_split\train\no_cancer\validate__LUNG MRI NC (252).png,a6d4e0b06c05a0db4f67b562f13b069e
train,cancer,Lung MRI (845).png,train__Lung MRI (845).png,..\dataset_split\train\cancer\train__Lung MRI (845).png,2b13d5228c4651854d4e4103dae54056
train,cancer,Lung MRI (1391).png,validate__Lung MRI (1391).png,..\dataset_split\train\cancer\validate__Lung MRI (1391).png,12c04f6bb83c9d9a04d418427e451f21
train,no_cancer,LUNG MRI-NC (528).png,train__LUNG MRI-NC (528).png,..\dataset_split\train\no_cancer\train__LUNG MRI-NC (528).png,cd04783f661fb51c565126f172b28fdf
train,cancer,Lung MRI (1042).png,train__Lung MRI (1042).png,..\dataset_split\train\cancer\train__Lung MRI (1042).png,a2977df6362338e4c34c556efa99bc69
train,no_cancer,LUNG MRI NC (337).png,validate__LUNG MRI NC (337).png,..\dataset_split\train\no_cancer\validate__LUNG MRI NC (337).png,791ee49e40b1f4ea1a811dd68a29dc7c
train,cancer,Lung MRI (117).png,train__Lung MRI (117).png,..\dataset_split\train\cancer\train__Lung MRI (117).png,1b12539cf3995ff0bd20a3bd6563c361
train,cancer,Lung MRI (225).png,train__Lung MRI (225).png,..\dataset_split\train\cancer\train__Lung MRI (225).png,7fda2b39df165591dcc66521a61fae69
train,cancer,Lung MRI (1105).png,train__Lung MRI (1105).png,..\dataset_split\train\cancer\train__Lung MRI (1105).png,64da517c6a0de6c58252de8a9cf2832e
train,cancer,Lung MRI (526).png,train__Lung MRI (526).png,..\dataset_split\train\cancer\train__Lung MRI (526).png,1c9e2f72aff54b2022bbe6eadf7e254c
train,cancer,Lung MRI (794).png,train__Lung MRI (794).png,..\dataset_split\train\cancer\train__Lung MRI (794).png,2b59c313654e7a3835e99608d73c3b97
train,no_cancer,LUNG MRI-NC (110).png,train__LUNG MRI-NC (110).png,..\dataset_split\train\no_cancer\train__LUNG MRI-NC (110).png,291713fa5000cb8e975d879e4db91840
train,no_cancer,LUNG MRI-NC (44).png,train__LUNG MRI-NC (44).png,..\dataset_split\train\no_cancer\train__LUNG MRI-NC (44).png,acca9d88dbcb5ac4d249e88cc48035ee
train,no_cancer,LUNG MRI-NC (1265).png,train__LUNG MRI-NC (1265).png,..\dataset_split\train\no_cancer\train__LUNG MRI-NC (1265).png,97ec1a884a6fabb9ead2993bf1b01d3d
train,cancer,Lung MRI (736).png,train__Lung MRI (736).png,..\dataset_split\train\cancer\train__Lung MRI (736).png,a77359202aa095fd8196dd60fb8e5112
train,cancer,Lung MRI (1112).png,train__Lung MRI (1112).png,..\dataset_split\train\cancer\train__Lung MRI (1112).png,a6011364a607cf050c0e33d83941ac97
train,no_cancer,LUNG MRI-NC (53).png,train__LUNG MRI-NC (53).png,..\dataset_split\train\no_cancer\train__LUNG MRI-NC (53).png,0d5e49d6eb14e0de811e1c1e67c6e37b
train,no_cancer,LUNG MRI NC (409).png,validate__LUNG MRI NC (409).png,..\dataset_split\train\no_cancer\validate__LUNG MRI NC (409).png,c018d7746b9a4ca47b6aacc59b64dc29
train,cancer,Lung MRI (762).png,train__Lung MRI (762).png,..\dataset_split\train\cancer\train__Lung MRI (762).png,3096b43e3b6f13fbf78a9d2ce77a21cd
train,cancer,Lung MRI (236).png,train__Lung MRI (236).png,..\dataset_split\train\cancer\train__Lung MRI (236).png,88ecca4f415bb7388bc054962fe57325
train,cancer,Lung MRI (433).png,train__Lung MRI (433).png,..\dataset_split\train\cancer\train__Lung MRI (433).png,60a384c2c97ca0036b3b76a1ac3a5e06
train,no_cancer,LUNG MRI NC (229).png,validate__LUNG MRI NC (229).png,..\dataset_split\train\no_cancer\validate__LUNG MRI NC (229).png,8fe56112fca638f7be11bfc724188ef2
train,no_cancer,LUNG MRI NC (206).png,validate__LUNG MRI NC (206).png,..\dataset_split\train\no_cancer\validate__LUNG MRI NC (206).png,bf4604a22d275b4fda9f739a79fa5aec
train,no_cancer,LUNG MRI-NC (152).png,train__LUNG MRI-NC (152).png,..\dataset_split\train\no_cancer\train__LUNG MRI-NC (152).png,b77ad8df0d19ba883bdf0d8a35ce4e9c
train,no_cancer,LUNG MRI NC (184).png,validate__LUNG MRI NC (184).png,..\dataset_split\train\no_cancer\validate__LUNG MRI NC (184).png,91bb081bf5428a69fa36d1221361a09e
train,no_cancer,LUNG MRI-NC (874).png,train__LUNG MRI-NC (874).png,..\dataset_split\train\no_cancer\train__LUNG MRI-NC (874).png,6bd35df8f0ef1c346df13bc9a60e2d7b
train,no_cancer,LUNG MRI-NC (196).png,train__LUNG MRI-NC (196).png,..\dataset_split\train\no_cancer\train__LUNG MRI-NC (196).png,332fd87b3b17be637074ffa9bc8cbe33
train,no_cancer,LUNG MRI-NC (1256).png,train__LUNG MRI-NC (1256).png,..\dataset_split\train\no_cancer\train__LUNG MRI-NC (1256).png,728a641a15436ccb770178a0c3151d94
train,no_cancer,LUNG MRI-NC (1005).png,train__LUNG MRI-NC (1005).png,..\dataset_split\train\no_cancer\train__LUNG MRI-NC (1005).png,bc15386d7946e940aedc7e4ddff8adeb
train,cancer,Lung MRI (275).png,train__Lung MRI (275).png,..\dataset_split\train\cancer\train__Lung MRI (275).png,8830aae79f6f7cbd30ad9fce7547365f
train,cancer,Lung MRI (40).png,train__Lung MRI (40).png,..\dataset_split\train\cancer\train__Lung MRI (40).png,5397497388f1f4a20b8131dd887596ae
train,no_cancer,LUNG MRI NC (251).png,validate__LUNG MRI NC (251).png,..\dataset_split\train\no_cancer\validate__LUNG MRI NC (251).png,603dde46e1c993bd5634b822d1750652
train,no_cancer,LUNG MRI-NC (671).png,train__LUNG MRI-NC (671).png,..\dataset_split\train\no_cancer\train__LUNG MRI-NC (671).png,fcc76868cccd31b9639a6d4781ac5d23
train,no_cancer,LUNG MRI-NC (925).png,train__LUNG MRI-NC (925).png,..\dataset_split\train\no_cancer\train__LUNG MRI-NC (925).png,ad40176ac6f3718687b311021a0a7d4f
train,cancer,Lung MRI (462).png,train__Lung MRI (462).png,..\dataset_split\train\cancer\train__Lung MRI (462).png,242bc81d29322756ee6dfda7ffb127c8
train,cancer,Lung MRI (323).png,train__Lung MRI (323).png,..\dataset_split\train\cancer\train__Lung MRI (323).png,b834351c61955e64cfba7851642099d2
train,no_cancer,LUNG MRI NC (283).png,validate__LUNG MRI NC (283).png,..\dataset_split\train\no_cancer\validate__LUNG MRI NC (283).png,da72b0f8378128f1c894c1bc6be10e37
train,no_cancer,LUNG MRI-NC (670).png,train__LUNG MRI-NC (670).png,..\dataset_split\train\no_cancer\train__LUNG MRI-NC (670).png,d5359e83a1a87cab76c9d2d7804cdc77
train,no_cancer,LUNG MRI-NC (1289).png,train__LUNG MRI-NC (1289).png,..\dataset_split\train\no_cancer\train__LUNG MRI-NC (1289).png,7a5fcea6eb0f2c89ae0b63ca1849cd1a
train,cancer,Lung MRI (670).png,train__Lung MRI (670).png,..\dataset_split\train\cancer\train__Lung MRI (670).png,a574299ce05ea43dfbdcf665640b3c68
train,cancer,Lung MRI (1081).png,train__Lung MRI (1081).png,..\dataset_split\train\cancer\train__Lung MRI (1081).png,7e78e3b0c6fbdc6cfb556482579a5c78
train,cancer,Lung MRI (639).png,train__Lung MRI (639).png,..\dataset_split\train\cancer\train__Lung MRI (639).png,b49adcfe4d4865ecf11371a34264a61e
train,no_cancer,LUNG MRI-NC (6).png,train__LUNG MRI-NC (6).png,..\dataset_split\train\no_cancer\train__LUNG MRI-NC (6).png,e0c0f2ba46abd8c4807b999590009260
train,cancer,Lung MRI (1289).png,validate__Lung MRI (1289).png,..\dataset_split\train\cancer\validate__Lung MRI (1289).png,17ad6908cb04a4d032e2d5a666750d32
train,cancer,Lung MRI (388).png,train__Lung MRI (388).png,..\dataset_split\train\cancer\train__Lung MRI (388).png,9c93c3dc41f4628af4d7cdbe28b327ab
train,cancer,Lung MRI (1018).png,train__Lung MRI (1018).png,..\dataset_split\train\cancer\train__Lung MRI (1018).png,1dc477935764d4010bfcf25304c66b07
train,cancer,Lung MRI (469).png,train__Lung MRI (469).png,..\dataset_split\train\cancer\train__Lung MRI (469).png,688da7b4584afb51bb9ed3b4bdd35b68
val,cancer,Lung MRI (154).png,train__Lung MRI (154).png,..\dataset_split\val\cancer\train__Lung MRI (154).png,9ff61ceaa1162787f09afadbd721c22e
val,no_cancer,LUNG MRI-NC (273).png,train__LUNG MRI-NC (273).png,..\dataset_split\val\no_cancer\train__LUNG MRI-NC (273).png,582b820d0e17478a459b764056845c9c
val,cancer,Lung MRI (167).png,train__Lung MRI (167).png,..\dataset_split\val\cancer\train__Lung MRI (167).png,1f8981bce0d30b1ab0afb076a91630a1
val,no_cancer,LUNG MRI-NC (248).png,train__LUNG MRI-NC (248).png,..\dataset_split\val\no_cancer\train__LUNG MRI-NC (248).png,5379ed645f37e4bcc153d580c3179f55
val,no_cancer,LUNG MRI NC (222).png,validate__LUNG MRI NC (222).png,..\dataset_split\val\no_cancer\validate__LUNG MRI NC (222).png,228bb76cc3bcc52d331c1995c8355a75
val,cancer,Lung MRI (740).png,train__Lung MRI (740).png,..\dataset_split\val\cancer\train__Lung MRI (740).png,e2ffb21ca76dde11cf376c6f0e9271ac
val,cancer,Lung MRI (234).png,train__Lung MRI (234).png,..\dataset_split\val\cancer\train__Lung MRI (234).png,757228d68a410fc0c5959653abceec25
val,no_cancer,LUNG MRI-NC (576).png,train__LUNG MRI-NC (576).png,..\dataset_split\val\no_cancer\train__LUNG MRI-NC (576).png,5b39a874075ece7b0c83dee35de206f5
val,cancer,Lung MRI (127).png,train__Lung MRI (127).png,..\dataset_split\val\cancer\train__Lung MRI (127).png,9ed9ed537c310a4f81e958d6585021c6
val,no_cancer,LUNG MRI NC (472).png,validate__LUNG MRI NC (472).png,..\dataset_split\val\no_cancer\validate__LUNG MRI NC (472).png,1ce899b0aa5a94eeac3ad63e5aade039
val,no_cancer,LUNG MRI-NC (43).png,train__LUNG MRI-NC (43).png,..\dataset_split\val\no_cancer\train__LUNG MRI-NC (43).png,ef7aa1db1d5d14f6b0e59baee471401c
val,no_cancer,LUNG MRI-NC (612).png,train__LUNG MRI-NC (612).png,..\dataset_split\val\no_cancer\train__LUNG MRI-NC (612).png,4cb5a46d46fafd8a43bd219da0c5eddc
val,no_cancer,LUNG MRI-NC (36).png,train__LUNG MRI-NC (36).png,..\dataset_split\val\no_cancer\train__LUNG MRI-NC (36).png,59ccb64413aeb38ead1b8c1b60267fa5
val,cancer,Lung MRI (579).png,train__Lung MRI (579).png,..\dataset_split\val\cancer\train__Lung MRI (579).png,0606a919a22e91defe9626c264c6f2f8
val,cancer,Lung MRI (444).png,train__Lung MRI (444).png,..\dataset_split\val\cancer\train__Lung MRI (444).png,4be92bfa1966388830e53dea5ab56caf
val,cancer,Lung MRI (543).png,train__Lung MRI (543).png,..\dataset_split\val\cancer\train__Lung MRI (543).png,ff2befdaba577df3aafc374ee5474ce1
val,no_cancer,LUNG MRI-NC (658).png,train__LUNG MRI-NC (658).png,..\dataset_split\val\no_cancer\train__LUNG MRI-NC (658).png,5fbf652a88a8cc059eac33a876f2f8c0
val,cancer,Lung MRI (711).png,train__Lung MRI (711).png,..\dataset_split\val\cancer\train__Lung MRI (711).png,616f3d442fa7a33023cb8f432afd7f48
val,no_cancer,LUNG MRI-NC (174).png,train__LUNG MRI-NC (174).png,..\dataset_split\val\no_cancer\train__LUNG MRI-NC (174).png,733090185aa67e22df48fb4676f263f4
val,no_cancer,LUNG MRI-NC (868).png,train__LUNG MRI-NC (868).png,..\dataset_split\val\no_cancer\train__LUNG MRI-NC (868).png,7c04fa4f7416ba77270a06c339a27565
val,no_cancer,LUNG MRI-NC (795).png,train__LUNG MRI-NC (795).png,..\dataset_split\val\no_cancer\train__LUNG MRI-NC (795).png,98fc5c2477f209e75b9fb12627361f02
val,cancer,Lung MRI (99).png,train__Lung MRI (99).png,..\dataset_split\val\cancer\train__Lung MRI (99).png,54c01b2b72567c2db4727e86c4c10985
val,cancer,Lung MRI (789).png,train__Lung MRI (789).png,..\dataset_split\val\cancer\train__Lung MRI (789).png,8fff2290a202f046f658930d39fb7345
val,no_cancer,LUNG MRI-NC (879).png,train__LUNG MRI-NC (879).png,..\dataset_split\val\no_cancer\train__LUNG MRI-NC (879).png,46c8eef0de0884dd192d0536a46aa1e0
val,no_cancer,LUNG MRI-NC (102).png,train__LUNG MRI-NC (102).png,..\dataset_split\val\no_cancer\train__LUNG MRI-NC (102).png,4c692a3527e33afeab92fd842bcaaaaa
val,no_cancer,LUNG MRI NC (212).png,validate__LUNG MRI NC (212).png,..\dataset_split\val\no_cancer\validate__LUNG MRI NC (212).png,891204aa2478331106a1479476062b3e
val,no_cancer,LUNG MRI-NC (859).png,train__LUNG MRI-NC (859).png,..\dataset_split\val\no_cancer\train__LUNG MRI-NC (859).png,495cc1ab2808ddf97867d8d3f4f1e9fe
val,cancer,Lung MRI (806).png,train__Lung MRI (806).png,..\dataset_split\val\cancer\train__Lung MRI (806).png,48a49bc3019627a61a178e35752bb7f3
val,no_cancer,LUNG MRI-NC (1035).png,train__LUNG MRI-NC (1035).png,..\dataset_split\val\no_cancer\train__LUNG MRI-NC (1035).png,7bad7d1ebc976103db11039875452568
val,cancer,Lung MRI (861).png,train__Lung MRI (861).png,..\dataset_split\val\cancer\train__Lung MRI (861).png,f6a65ff6e8cc2feeaec768448827d882
val,cancer,Lung MRI (586).png,train__Lung MRI (586).png,..\dataset_split\val\cancer\train__Lung MRI (586).png,99bd88b5161c6b0af83cb96940ed8777
val,no_cancer,LUNG MRI NC (451).png,validate__LUNG MRI NC (451).png,..\dataset_split\val\no_cancer\validate__LUNG MRI NC (451).png,8b6899e894a5a97d9473de0ff2239db1
val,cancer,Lung MRI (748).png,train__Lung MRI (748).png,..\dataset_split\val\cancer\train__Lung MRI (748).png,8c6fea6b5f7ab532e512cd543a5449bc
val,cancer,Lung MRI (969).png,train__Lung MRI (969).png,..\dataset_split\val\cancer\train__Lung MRI (969).png,c33f35a6030c2d3602fc5291a65053cb
val,cancer,Lung MRI (196).png,train__Lung MRI (196).png,..\dataset_split\val\cancer\train__Lung MRI (196).png,ea030122846b410610cf0db1207ad0ac
val,no_cancer,LUNG MRI-NC (225).png,train__LUNG MRI-NC (225).png,..\dataset_split\val\no_cancer\train__LUNG MRI-NC (225).png,b8c30eb45dd1bda592e3597284f16e74
val,no_cancer,LUNG MRI NC (217).png,validate__LUNG MRI NC (217).png,..\dataset_split\val\no_cancer\validate__LUNG MRI NC (217).png,0d4ad5effacf0ccb6a8aedd4e7a84647
val,no_cancer,LUNG MRI-NC (343).png,train__LUNG MRI-NC (343).png,..\dataset_split\val\no_cancer\train__LUNG MRI-NC (343).png,7bc87d8b727e218c0267d756131ad424
val,cancer,Lung MRI (567).png,train__Lung MRI (567).png,..\dataset_split\val\cancer\train__Lung MRI (567).png,16a77fc88c1ecbe248acaae18182edc1
val,no_cancer,LUNG MRI-NC (942).png,train__LUNG MRI-NC (942).png,..\dataset_split\val\no_cancer\train__LUNG MRI-NC (942).png,5f5f717ce3bd9b5ab02be17c798eb530
val,cancer,Lung MRI (353).png,train__Lung MRI (353).png,..\dataset_split\val\cancer\train__Lung MRI (353).png,838c1e4ca04f39657609000cb950c6d9
val,no_cancer,LUNG MRI NC (361).png,validate__LUNG MRI NC (361).png,..\dataset_split\val\no_cancer\validate__LUNG MRI NC (361).png,959cef48c3b1b14f12d95e5a4248deef
val,no_cancer,LUNG MRI-NC (587).png,train__LUNG MRI-NC (587).png,..\dataset_split\val\no_cancer\train__LUNG MRI-NC (587).png,86ecf9ad9860b043cfa8a8fc9c3b9a8e
val,no_cancer,LUNG MRI-NC (629).png,train__LUNG MRI-NC (629).png,..\dataset_split\val\no_cancer\train__LUNG MRI-NC (629).png,559fe2f59d50b2fe4eb11e8ea5db7435
val,no_cancer,LUNG MRI-NC (1142).png,train__LUNG MRI-NC (1142).png,..\dataset_split\val\no_cancer\train__LUNG MRI-NC (1142).png,111c60c6e8b5f7286fa6ebbc3d8f1f12
val,no_cancer,LUNG MRI-NC (1054).png,train__LUNG MRI-NC (1054).png,..\dataset_split\val\no_cancer\train__LUNG MRI-NC (1054).png,82d89c100cb48c1d22ce04a70f9ab786
val,no_cancer,LUNG MRI-NC (235).png,train__LUNG MRI-NC (235).png,..\dataset_split\val\no_cancer\train__LUNG MRI-NC (235).png,c00230293128ffc691d9640b4b8cdf76
val,cancer,Lung MRI (85).png,train__Lung MRI (85).png,..\dataset_split\val\cancer\train__Lung MRI (85).png,cec4b3eddf74e610fcbcf640fe769d29
val,cancer,Lung MRI (73).png,train__Lung MRI (73).png,..\dataset_split\val\cancer\train__Lung MRI (73).png,e3adf2f34b3b22157a824b3184bf423a
val,cancer,Lung MRI (950).png,train__Lung MRI (950).png,..\dataset_split\val\cancer\train__Lung MRI (950).png,3d448c5b067685077d5b49f663313f30
val,no_cancer,LUNG MRI NC (74).png,validate__LUNG MRI NC (74).png,..\dataset_split\val\no_cancer\validate__LUNG MRI NC (74).png,83fe7676349ec65dc0d2356fc263515a
val,cancer,Lung MRI (647).png,train__Lung MRI (647).png,..\dataset_split\val\cancer\train__Lung MRI (647).png,e600eb63dc35a3698a6a37e9b06e8dad
val,no_cancer,LUNG MRI NC (236).png,validate__LUNG MRI NC (236).png,..\dataset_split\val\no_cancer\validate__LUNG MRI NC (236).png,4b2a214ab66133a62402ec775cf78f53
val,no_cancer,LUNG MRI-NC (285).png,train__LUNG MRI-NC (285).png,..\dataset_split\val\no_cancer\train__LUNG MRI-NC (285).png,00ebc5a06b8b38153bd08414d6fa6d43
val,cancer,Lung MRI (15).png,train__Lung MRI (15).png,..\dataset_split\val\cancer\train__Lung MRI (15).png,107cf0d0e102166784112cb821773951
val,no_cancer,LUNG MRI-NC (899).png,train__LUNG MRI-NC (899).png,..\dataset_split\val\no_cancer\train__LUNG MRI-NC (899).png,1ecd8ec89c7a4e7ae761c37a64d67563
val,no_cancer,LUNG MRI-NC (27).png,train__LUNG MRI-NC (27).png,..\dataset_split\val\no_cancer\train__LUNG MRI-NC (27).png,ebc05ac69b8911a507c602f85d443a2f
val,no_cancer,LUNG MRI-NC (425).png,train__LUNG MRI-NC (425).png,..\dataset_split\val\no_cancer\train__LUNG MRI-NC (425).png,6894075d4ef9f87e5885c76ec5686bbd
val,no_cancer,LUNG MRI-NC (713).png,train__LUNG MRI-NC (713).png,..\dataset_split\val\no_cancer\train__LUNG MRI-NC (713).png,e99ab8bf3fb2f3e240eff9c13e128152
val,no_cancer,LUNG MRI-NC (1278).png,train__LUNG MRI-NC (1278).png,..\dataset_split\val\no_cancer\train__LUNG MRI-NC (1278).png,3f7966e0d27e1412c87dff8ac942daa7
val,no_cancer,LUNG MRI-NC (1033).png,train__LUNG MRI-NC (1033).png,..\dataset_split\val\no_cancer\train__LUNG MRI-NC (1033).png,c95c154ae78ffc85607c55b919951602
val,cancer,Lung MRI (1486).png,validate__Lung MRI (1486).png,..\dataset_split\val\cancer\validate__Lung MRI (1486).png,f1bb16d7e45ae8d65d6b1b493973336f
val,cancer,Lung MRI (57).png,train__Lung MRI (57).png,..\dataset_split\val\cancer\train__Lung MRI (57).png,ece08a135a28ad4196f55f259f4302f3
val,no_cancer,LUNG MRI-NC (722).png,train__LUNG MRI-NC (722).png,..\dataset_split\val\no_cancer\train__LUNG MRI-NC (722).png,0224ed208f89b94c4b0d74bf8fff97f9
val,no_cancer,LUNG MRI-NC (461).png,train__LUNG MRI-NC (461).png,..\dataset_split\val\no_cancer\train__LUNG MRI-NC (461).png,c288b66beb52a5cd38e33653406d62e5
val,no_cancer,LUNG MRI NC (279).png,validate__LUNG MRI NC (279).png,..\dataset_split\val\no_cancer\validate__LUNG MRI NC (279).png,e9a551f11bdbf247d570f9dd3274b432
val,no_cancer,LUNG MRI-NC (597).png,train__LUNG MRI-NC (597).png,..\dataset_split\val\no_cancer\train__LUNG MRI-NC (597).png,57a84d3d2ec7b50258b751b53ddae327
val,cancer,Lung MRI (103).png,train__Lung MRI (103).png,..\dataset_split\val\cancer\train__Lung MRI (103).png,14ee96406f879be725a4e25448bf1d55
val,cancer,Lung MRI (123).png,train__Lung MRI (123).png,..\dataset_split\val\cancer\train__Lung MRI (123).png,208b46649635d2ce42f6defd4ae68ec6
val,cancer,Lung MRI (1462).png,validate__Lung MRI (1462).png,..\dataset_split\val\cancer\validate__Lung MRI (1462).png,5315af0709d95c85147d9236eb77a6d4
val,no_cancer,LUNG MRI NC (188).png,validate__LUNG MRI NC (188).png,..\dataset_split\val\no_cancer\validate__LUNG MRI NC (188).png,f878d2bb557700701ce07d16a3236b2e
val,no_cancer,LUNG MRI-NC (271).png,train__LUNG MRI-NC (271).png,..\dataset_split\val\no_cancer\train__LUNG MRI-NC (271).png,7f0374c59619dac85b4a63f6c767dbfd
val,cancer,Lung MRI (994).png,train__Lung MRI (994).png,..\dataset_split\val\cancer\train__Lung MRI (994).png,a75bf340afcfbf0ac8ae294f309c0f5d
val,cancer,Lung MRI (1416).png,validate__Lung MRI (1416).png,..\dataset_split\val\cancer\validate__Lung MRI (1416).png,f449e9c156c0f29224b4e6e0a455bb4b
val,cancer,Lung MRI (620).png,train__Lung MRI (620).png,..\dataset_split\val\cancer\train__Lung MRI (620).png,1b8ed80483b2d1f41e2e3200546cb1a4
val,cancer,Lung MRI (926).png,train__Lung MRI (926).png,..\dataset_split\val\cancer\train__Lung MRI (926).png,97e6e14cc0228ef40d84f8a54e334333
val,no_cancer,LUNG MRI NC (88).png,validate__LUNG MRI NC (88).png,..\dataset_split\val\no_cancer\validate__LUNG MRI NC (88).png,ff4ef342d21e7488dd4362d1179e5778
val,cancer,Lung MRI (915).png,train__Lung MRI (915).png,..\dataset_split\val\cancer\train__Lung MRI (915).png,c0b4e9f65bca2b1ce8c60a3996e3ba50
val,no_cancer,LUNG MRI-NC (358).png,train__LUNG MRI-NC (358).png,..\dataset_split\val\no_cancer\train__LUNG MRI-NC (358).png,621c52bc34046b2a738db7e85602d2af
val,no_cancer,LUNG MRI-NC (502).png,train__LUNG MRI-NC (502).png,..\dataset_split\val\no_cancer\train__LUNG MRI-NC (502).png,984818da8758e2e9c7bb59095a376deb
val,cancer,Lung MRI (247).png,train__Lung MRI (247).png,..\dataset_split\val\cancer\train__Lung MRI (247).png,6489a22c7424de06d9c624df167b373b
val,no_cancer,LUNG MRI-NC (242).png,train__LUNG MRI-NC (242).png,..\dataset_split\val\no_cancer\train__LUNG MRI-NC (242).png,e3e215ec1c9e4eeeb21df4b5c1ccd51a
val,no_cancer,LUNG MRI NC (288).png,validate__LUNG MRI NC (288).png,..\dataset_split\val\no_cancer\validate__LUNG MRI NC (288).png,8a3c0a1758fdf84062b99c805792e247
val,cancer,Lung MRI (138).png,train__Lung MRI (138).png,..\dataset_split\val\cancer\train__Lung MRI (138).png,3e46111671a2ca305bec7edad6e95b81
val,no_cancer,LUNG MRI-NC (1012).png,train__LUNG MRI-NC (1012).png,..\dataset_split\val\no_cancer\train__LUNG MRI-NC (1012).png,5267273fca5721f47d2215647a1b147f
val,no_cancer,LUNG MRI-NC (990).png,train__LUNG MRI-NC (990).png,..\dataset_split\val\no_cancer\train__LUNG MRI-NC (990).png,de52b4a081c493746f912fb7eb13f254
val,no_cancer,LUNG MRI-NC (1299).png,train__LUNG MRI-NC (1299).png,..\dataset_split\val\no_cancer\train__LUNG MRI-NC (1299).png,f0455828e74e517cb2ce9684874bb5ba
val,no_cancer,LUNG MRI NC (209).png,validate__LUNG MRI NC (209).png,..\dataset_split\val\no_cancer\validate__LUNG MRI NC (209).png,c883d5b6fa02a3d4e7590993fc377640
val,no_cancer,LUNG MRI-NC (449).png,train__LUNG MRI-NC (449).png,..\dataset_split\val\no_cancer\train__LUNG MRI-NC (449).png,935ddbec30126294735e7884b87736b1
val,no_cancer,LUNG MRI-NC (639).png,train__LUNG MRI-NC (639).png,..\dataset_split\val\no_cancer\train__LUNG MRI-NC (639).png,d53c703693cb2f7c189e890cf1a3c201
val,no_cancer,LUNG MRI NC (296).png,validate__LUNG MRI NC (296).png,..\dataset_split\val\no_cancer\validate__LUNG MRI NC (296).png,e637e6e3acbd534711b6fa559dce7d41
val,no_cancer,LUNG MRI-NC (119).png,train__LUNG MRI-NC (119).png,..\dataset_split\val\no_cancer\train__LUNG MRI-NC (119).png,5cad1952fe4828fff86cfee75bbeed1e
val,no_cancer,LUNG MRI-NC (1008).png,train__LUNG MRI-NC (1008).png,..\dataset_split\val\no_cancer\train__LUNG MRI-NC (1008).png,fe2b4377798726e76886fb60c1dd0ea9
val,cancer,Lung MRI (141).png,train__Lung MRI (141).png,..\dataset_split\val\cancer\train__Lung MRI (141).png,40833de2cab12ea818ae9a3d2c23997b
val,cancer,Lung MRI (781).png,train__Lung MRI (781).png,..\dataset_split\val\cancer\train__Lung MRI (781).png,cb12986a2358d7d7080b9a3b5cfbb6e1
val,no_cancer,LUNG MRI-NC (999).png,train__LUNG MRI-NC (999).png,..\dataset_split\val\no_cancer\train__LUNG MRI-NC (999).png,c603a294bd5fc4fb708026ff90fd70eb
val,no_cancer,LUNG MRI-NC (518).png,train__LUNG MRI-NC (518).png,..\dataset_split\val\no_cancer\train__LUNG MRI-NC (518).png,597936d325a0726e0919b3a7d39ac098
val,cancer,Lung MRI (1470).png,validate__Lung MRI (1470).png,..\dataset_split\val\cancer\validate__Lung MRI (1470).png,fdb35217b0380ab52aa1ef52bac91a09
val,cancer,Lung MRI (1466).png,validate__Lung MRI (1466).png,..\dataset_split\val\cancer\validate__Lung MRI (1466).png,b974a592b118722f8ef3b81878c20c1a
val,no_cancer,LUNG MRI-NC (265).png,train__LUNG MRI-NC (265).png,..\dataset_split\val\no_cancer\train__LUNG MRI-NC (265).png,0c6a2e3ec29ca6db02766f28a9f9c5af
val,no_cancer,LUNG MRI-NC (454).png,train__LUNG MRI-NC (454).png,..\dataset_split\val\no_cancer\train__LUNG MRI-NC (454).png,7dfee4fc53ab27c8465a7f4d4510e2c4
val,cancer,Lung MRI (130).png,train__Lung MRI (130).png,..\dataset_split\val\cancer\train__Lung MRI (130).png,0d31de8ff9edee6f21502a782a58afa3
val,no_cancer,LUNG MRI-NC (294).png,train__LUNG MRI-NC (294).png,..\dataset_split\val\no_cancer\train__LUNG MRI-NC (294).png,6e8fd66eb626a7b49a4fb33ad7548d32
val,no_cancer,LUNG MRI NC (156).png,validate__LUNG MRI NC (156).png,..\dataset_split\val\no_cancer\validate__LUNG MRI NC (156).png,4c092d3f6890f717271db43734b0bfa1
val,no_cancer,LUNG MRI-NC (695).png,train__LUNG MRI-NC (695).png,..\dataset_split\val\no_cancer\train__LUNG MRI-NC (695).png,a4c4d73a6b16cdc173e8915330d49d2a
val,no_cancer,LUNG MRI NC (140).png,validate__LUNG MRI NC (140).png,..\dataset_split\val\no_cancer\validate__LUNG MRI NC (140).png,7af5dc8977b79d2a6a80f5d861411e22
val,cancer,Lung MRI (1444).png,validate__Lung MRI (1444).png,..\dataset_split\val\cancer\validate__Lung MRI (1444).png,bff897ecad020de034dba8698b92b1fa
val,cancer,Lung MRI (263).png,train__Lung MRI (263).png,..\dataset_split\val\cancer\train__Lung MRI (263).png,d749bc1f797bd3a0eed60aba473f4867
val,cancer,Lung MRI (575).png,train__Lung MRI (575).png,..\dataset_split\val\cancer\train__Lung MRI (575).png,0ae120ecc8e102db0224b595ef10cb91
val,cancer,Lung MRI (624).png,train__Lung MRI (624).png,..\dataset_split\val\cancer\train__Lung MRI (624).png,b5a338207e17c4b1fb234d1a39a18450
val,cancer,Lung MRI (977).png,train__Lung MRI (977).png,..\dataset_split\val\cancer\train__Lung MRI (977).png,70779f26b729cf4d2059f33d43bc64f2
val,cancer,Lung MRI (775).png,train__Lung MRI (775).png,..\dataset_split\val\cancer\train__Lung MRI (775).png,7b6a3f5c1a42c8707f1a4c9c5956c428
val,cancer,Lung MRI (664).png,train__Lung MRI (664).png,..\dataset_split\val\cancer\train__Lung MRI (664).png,cf7009660ed2a4330a74ebe57ec2e2a2
val,no_cancer,LUNG MRI-NC (84).png,train__LUNG MRI-NC (84).png,..\dataset_split\val\no_cancer\train__LUNG MRI-NC (84).png,e8d53f57ad8c7b432d7cd763950dce4a
val,no_cancer,LUNG MRI-NC (180).png,train__LUNG MRI-NC (180).png,..\dataset_split\val\no_cancer\train__LUNG MRI-NC (180).png,35a5ab320a05fbdf03b21f9a7dce5bc3
val,cancer,Lung MRI (918).png,train__Lung MRI (918).png,..\dataset_split\val\cancer\train__Lung MRI (918).png,9cc73ad00332ffc7ad7f230c8733ccf6
val,cancer,Lung MRI (1423).png,validate__Lung MRI (1423).png,..\dataset_split\val\cancer\validate__Lung MRI (1423).png,83541aae7a6819a36d5ac299e12915d1
val,no_cancer,LUNG MRI-NC (114).png,train__LUNG MRI-NC (114).png,..\dataset_split\val\no_cancer\train__LUNG MRI-NC (114).png,7d9556a0ab78e555343e1218e52ce04a
val,no_cancer,LUNG MRI-NC (466).png,train__LUNG MRI-NC (466).png,..\dataset_split\val\no_cancer\train__LUNG MRI-NC (466).png,1d3f57c7e2763357358db01c46d98272
val,cancer,Lung MRI (1175).png,validate__Lung MRI (1175).png,..\dataset_split\val\cancer\validate__Lung MRI (1175).png,55ed45f15b5d82ade677313fb1e475c2
val,cancer,Lung MRI (1121).png,train__Lung MRI (1121).png,..\dataset_split\val\cancer\train__Lung MRI (1121).png,38fddcc2dbe893fe93705762be0d9e13
val,cancer,Lung MRI (610).png,train__Lung MRI (610).png,..\dataset_split\val\cancer\train__Lung MRI (610).png,51984aacfe27fb506e5084a288f143bd
val,no_cancer,LUNG MRI-NC (668).png,train__LUNG MRI-NC (668).png,..\dataset_split\val\no_cancer\train__LUNG MRI-NC (668).png,1dc910d017fe6a0ffac9846e68e8cf56
val,no_cancer,LUNG MRI-NC (725).png,train__LUNG MRI-NC (725).png,..\dataset_split\val\no_cancer\train__LUNG MRI-NC (725).png,50fa871f51357fa075c7c0b92baf3414
val,cancer,Lung MRI (825).png,train__Lung MRI (825).png,..\dataset_split\val\cancer\train__Lung MRI (825).png,ba2955a96f40eb617a90df2bd3586d99
val,cancer,Lung MRI (859).png,train__Lung MRI (859).png,..\dataset_split\val\cancer\train__Lung MRI (859).png,02c24dabc8b80763dabbf68eca4e30c3
val,cancer,Lung MRI (511).png,train__Lung MRI (511).png,..\dataset_split\val\cancer\train__Lung MRI (511).png,e307786bd92d54471fd61b98ed9e1587
val,no_cancer,LUNG MRI-NC (156).png,train__LUNG MRI-NC (156).png,..\dataset_split\val\no_cancer\train__LUNG MRI-NC (156).png,350b308dc6615553bfd18cae74e8bf75
val,no_cancer,LUNG MRI-NC (1047).png,train__LUNG MRI-NC (1047).png,..\dataset_split\val\no_cancer\train__LUNG MRI-NC (1047).png,dbcdec448dc7c356ad7bcb58dc790ef9
val,no_cancer,LUNG MRI-NC (1088).png,train__LUNG MRI-NC (1088).png,..\dataset_split\val\no_cancer\train__LUNG MRI-NC (1088).png,e415e91c27aeff733ce3ab7fd3040b0f
val,no_cancer,LUNG MRI-NC (912).png,train__LUNG MRI-NC (912).png,..\dataset_split\val\no_cancer\train__LUNG MRI-NC (912).png,a7f05dd2c29c6e822dad61370c4c1acd
val,no_cancer,LUNG MRI-NC (397).png,train__LUNG MRI-NC (397).png,..\dataset_split\val\no_cancer\train__LUNG MRI-NC (397).png,373108ba932f21ea043dc0b9b92ef03c
val,cancer,Lung MRI (450).png,train__Lung MRI (450).png,..\dataset_split\val\cancer\train__Lung MRI (450).png,827de38d999721a79c05779b7926ac1e
val,no_cancer,LUNG MRI NC (235).png,validate__LUNG MRI NC (235).png,..\dataset_split\val\no_cancer\validate__LUNG MRI NC (235).png,c0072f1ccca68ec550b5fc6e137b7415
val,cancer,Lung MRI (641).png,train__Lung MRI (641).png,..\dataset_split\val\cancer\train__Lung MRI (641).png,254fe2813213727c752f58d30dbe9231
val,cancer,Lung MRI (1317).png,validate__Lung MRI (1317).png,..\dataset_split\val\cancer\validate__Lung MRI (1317).png,c9ad7271b5e3cccf35097f0ad4b88cac
val,cancer,Lung MRI (947).png,train__Lung MRI (947).png,..\dataset_split\val\cancer\train__Lung MRI (947).png,c777140602be9f3f333564f3eb8f92dd
val,no_cancer,LUNG MRI-NC (107).png,train__LUNG MRI-NC (107).png,..\dataset_split\val\no_cancer\train__LUNG MRI-NC (107).png,6b87fb0262ec473c298eb57e84d13d43
val,cancer,Lung MRI (177).png,train__Lung MRI (177).png,..\dataset_split\val\cancer\train__Lung MRI (177).png,f1d2c9a6f503102036defa3a0a643d49
val,cancer,Lung MRI (604).png,train__Lung MRI (604).png,..\dataset_split\val\cancer\train__Lung MRI (604).png,acc64983315f199a49931350509543b9
val,no_cancer,LUNG MRI-NC (721).png,train__LUNG MRI-NC (721).png,..\dataset_split\val\no_cancer\train__LUNG MRI-NC (721).png,07d9099f0b5a89e0d2d4d5395c3a77c2
val,cancer,Lung MRI (265).png,train__Lung MRI (265).png,..\dataset_split\val\cancer\train__Lung MRI (265).png,f28fe259969822a49b150ab5766d1453
val,cancer,Lung MRI (974).png,train__Lung MRI (974).png,..\dataset_split\val\cancer\train__Lung MRI (974).png,bd69d7ae373c465f78c53b6f3974c147
val,cancer,Lung MRI (608).png,train__Lung MRI (608).png,..\dataset_split\val\cancer\train__Lung MRI (608).png,6d127942ef921b26d6cb2b6e06ee68e0
val,cancer,Lung MRI (1114).png,train__Lung MRI (1114).png,..\dataset_split\val\cancer\train__Lung MRI (1114).png,3153de18cb19f4507888edead0d8d8d1
val,cancer,Lung MRI (409).png,train__Lung MRI (409).png,..\dataset_split\val\cancer\train__Lung MRI (409).png,46441d32b54315190b4ac2f839aec899
val,no_cancer,LUNG MRI-NC (718).png,train__LUNG MRI-NC (718).png,..\dataset_split\val\no_cancer\train__LUNG MRI-NC (718).png,ea7e9f0fd3d4a3883aac077adb79df9c
val,no_cancer,LUNG MRI-NC (743).png,train__LUNG MRI-NC (743).png,..\dataset_split\val\no_cancer\train__LUNG MRI-NC (743).png,737f50b9ba61a8cd3a8c71585700ad61
val,no_cancer,LUNG MRI-NC (968).png,train__LUNG MRI-NC (968).png,..\dataset_split\val\no_cancer\train__LUNG MRI-NC (968).png,3c43819be90f0191fb8f73ba5e53c953
val,cancer,Lung MRI (752).png,train__Lung MRI (752).png,..\dataset_split\val\cancer\train__Lung MRI (752).png,b2d51b93212721d9d45e95b4a78811e5
val,no_cancer,LUNG MRI-NC (23).png,train__LUNG MRI-NC (23).png,..\dataset_split\val\no_cancer\train__LUNG MRI-NC (23).png,8c2a1b3a6dd10aace326dfc3870e1396
val,cancer,Lung MRI (679).png,train__Lung MRI (679).png,..\dataset_split\val\cancer\train__Lung MRI (679).png,3ebbbf64b22f1882855833c2aa35a478
val,no_cancer,LUNG MRI-NC (558).png,train__LUNG MRI-NC (558).png,..\dataset_split\val\no_cancer\train__LUNG MRI-NC (558).png,1f69c64b04b3118c09dafdd73aacfdcd
val,cancer,Lung MRI (258).png,train__Lung MRI (258).png,..\dataset_split\val\cancer\train__Lung MRI (258).png,fe40f058f61d75e503989f2b0303bbbf
val,no_cancer,LUNG MRI NC (165).png,validate__LUNG MRI NC (165).png,..\dataset_split\val\no_cancer\validate__LUNG MRI NC (165).png,7589810b956ac2faf4504c9d24ab5ae7
val,no_cancer,LUNG MRI NC (149).png,validate__LUNG MRI NC (149).png,..\dataset_split\val\no_cancer\validate__LUNG MRI NC (149).png,f04d12d7045f4adbd31fbe487eae1348
val,cancer,Lung MRI (54).png,train__Lung MRI (54).png,..\dataset_split\val\cancer\train__Lung MRI (54).png,c53193522ca6bc7e78118d077fbed911
val,no_cancer,LUNG MRI-NC (697).png,train__LUNG MRI-NC (697).png,..\dataset_split\val\no_cancer\train__LUNG MRI-NC (697).png,ad33b04967f537603986e4a638fc2cf8
val,no_cancer,LUNG MRI-NC (513).png,train__LUNG MRI-NC (513).png,..\dataset_split\val\no_cancer\train__LUNG MRI-NC (513).png,a66905502d4ab492cf33f359ed0de75b
val,no_cancer,LUNG MRI-NC (1205).png,train__LUNG MRI-NC (1205).png,..\dataset_split\val\no_cancer\train__LUNG MRI-NC (1205).png,b20006d0bddf73622d8e3783202fdcd4
val,cancer,Lung MRI (35).png,train__Lung MRI (35).png,..\dataset_split\val\cancer\train__Lung MRI (35).png,f720f278e3a80e33f6f8d94ef91bfb74
val,no_cancer,LUNG MRI-NC (509).png,train__LUNG MRI-NC (509).png,..\dataset_split\val\no_cancer\train__LUNG MRI-NC (509).png,601cfd89183fcfb3f6622ad8e7969950
val,no_cancer,LUNG MRI-NC (19).png,train__LUNG MRI-NC (19).png,..\dataset_split\val\no_cancer\train__LUNG MRI-NC (19).png,3b90b93d41aeff799e723acede125c30
val,cancer,Lung MRI (983).png,train__Lung MRI (983).png,..\dataset_split\val\cancer\train__Lung MRI (983).png,05ec0a88acfef05785da2ec35ba840ab
val,no_cancer,LUNG MRI NC (126).png,validate__LUNG MRI NC (126).png,..\dataset_split\val\no_cancer\validate__LUNG MRI NC (126).png,24357e2448bb011cccf262da889d9351
val,cancer,Lung MRI (935).png,train__Lung MRI (935).png,..\dataset_split\val\cancer\train__Lung MRI (935).png,a56641fc7ed8ccecc589ce6e93af29f2
val,no_cancer,LUNG MRI-NC (481).png,train__LUNG MRI-NC (481).png,..\dataset_split\val\no_cancer\train__LUNG MRI-NC (481).png,02bafd2d8a80a84830946db74388430a
val,cancer,Lung MRI (945).png,train__Lung MRI (945).png,..\dataset_split\val\cancer\train__Lung MRI (945).png,ce4df82186e903ab44c0c27a8120de71
val,no_cancer,LUNG MRI-NC (702).png,train__LUNG MRI-NC (702).png,..\dataset_split\val\no_cancer\train__LUNG MRI-NC (702).png,b51ffffcf1df0a72e5355726e89a4e33
val,no_cancer,LUNG MRI-NC (733).png,train__LUNG MRI-NC (733).png,..\dataset_split\val\no_cancer\train__LUNG MRI-NC (733).png,c94633ec025ecf22567234f3dd72c6eb
val,no_cancer,LUNG MRI NC (357).png,validate__LUNG MRI NC (357).png,..\dataset_split\val\no_cancer\validate__LUNG MRI NC (357).png,f95bc6f0f3b7cb05543ca8d92c365f00
val,cancer,Lung MRI (965).png,train__Lung MRI (965).png,..\dataset_split\val\cancer\train__Lung MRI (965).png,eeaa963acdfdc3da6942d987dcd6063f
val,no_cancer,LUNG MRI-NC (920).png,train__LUNG MRI-NC (920).png,..\dataset_split\val\no_cancer\train__LUNG MRI-NC (920).png,2f16a2ee52e47ad1c58b11d8d8a8f92f
val,cancer,Lung MRI (1017).png,train__Lung MRI (1017).png,..\dataset_split\val\cancer\train__Lung MRI (1017).png,957c9c95b9e591b6e2aa6b9bcc3d4bd2
val,no_cancer,LUNG MRI-NC (45).png,train__LUNG MRI-NC (45).png,..\dataset_split\val\no_cancer\train__LUNG MRI-NC (45).png,8d62e9206a3ac4dc7fd78fe69b68841d
val,cancer,Lung MRI (1082).png,train__Lung MRI (1082).png,..\dataset_split\val\cancer\train__Lung MRI (1082).png,3e4d62322f170fa0dae1464497d1b50f
val,cancer,Lung MRI (555).png,train__Lung MRI (555).png,..\dataset_split\val\cancer\train__Lung MRI (555).png,d368b3b2b5d29152602b880c31718590
val,no_cancer,LUNG MRI NC (398).png,validate__LUNG MRI NC (398).png,..\dataset_split\val\no_cancer\validate__LUNG MRI NC (398).png,a3ba37dcb538896b480c24cd5d19ebb5
val,cancer,Lung MRI (424).png,train__Lung MRI (424).png,..\dataset_split\val\cancer\train__Lung MRI (424).png,723b063b7ec57ce9bd1f294b8808ad65
val,no_cancer,LUNG MRI NC (332).png,validate__LUNG MRI NC (332).png,..\dataset_split\val\no_cancer\validate__LUNG MRI NC (332).png,924b7f750bdfbc54fabbd1857f45aaa4
val,cancer,Lung MRI (1109).png,train__Lung MRI (1109).png,..\dataset_split\val\cancer\train__Lung MRI (1109).png,0947acba6dd774a722de9850874a098f
val,cancer,Lung MRI (766).png,train__Lung MRI (766).png,..\dataset_split\val\cancer\train__Lung MRI (766).png,b75ea99dcc61b548bd7e72aea1473225
val,cancer,Lung MRI (128).png,train__Lung MRI (128).png,..\dataset_split\val\cancer\train__Lung MRI (128).png,83417cc0039946bd317019c5dee97995
val,cancer,Lung MRI (689).png,train__Lung MRI (689).png,..\dataset_split\val\cancer\train__Lung MRI (689).png,dd05cfb9450820276d2b53a30fca29a5
val,cancer,Lung MRI (219).png,train__Lung MRI (219).png,..\dataset_split\val\cancer\train__Lung MRI (219).png,98e565916dd12c3a2c5bd11915dfc435
val,cancer,Lung MRI (86).png,train__Lung MRI (86).png,..\dataset_split\val\cancer\train__Lung MRI (86).png,f315c2a316d6ed9ea7225793b4dd3328
val,no_cancer,LUNG MRI-NC (566).png,train__LUNG MRI-NC (566).png,..\dataset_split\val\no_cancer\train__LUNG MRI-NC (566).png,d5b2ee4007e35e281361347d3f77d82a
val,no_cancer,LUNG MRI-NC (775).png,train__LUNG MRI-NC (775).png,..\dataset_split\val\no_cancer\train__LUNG MRI-NC (775).png,8771a11fff63bd04153cff191bf8a99f
val,cancer,Lung MRI (504).png,train__Lung MRI (504).png,..\dataset_split\val\cancer\train__Lung MRI (504).png,6ffb9c0ba1533a347e3dc91f5ef6b710
val,cancer,Lung MRI (172).png,train__Lung MRI (172).png,..\dataset_split\val\cancer\train__Lung MRI (172).png,bc0b6861c2aaebb123ff13dc4e18faa6
val,no_cancer,LUNG MRI-NC (65).png,train__LUNG MRI-NC (65).png,..\dataset_split\val\no_cancer\train__LUNG MRI-NC (65).png,375f4182ac766a73dc79c2af38d23470
val,no_cancer,LUNG MRI NC (64).png,validate__LUNG MRI NC (64).png,..\dataset_split\val\no_cancer\validate__LUNG MRI NC (64).png,05ac5ba3572ac9b87fdafa4d72ad9b2d
val,no_cancer,LUNG MRI-NC (809).png,train__LUNG MRI-NC (809).png,..\dataset_split\val\no_cancer\train__LUNG MRI-NC (809).png,2bae717e2b4ea93301c05fae0e35a50c
val,no_cancer,LUNG MRI-NC (681).png,train__LUNG MRI-NC (681).png,..\dataset_split\val\no_cancer\train__LUNG MRI-NC (681).png,478f0df86dc38be61576d23f711de949
val,no_cancer,LUNG MRI-NC (565).png,train__LUNG MRI-NC (565).png,..\dataset_split\val\no_cancer\train__LUNG MRI-NC (565).png,1b681f141829c9a8311b9c9011b3cecd
val,no_cancer,LUNG MRI NC (55).png,validate__LUNG MRI NC (55).png,..\dataset_split\val\no_cancer\validate__LUNG MRI NC (55).png,8a5d1bb183af04285cdee0b03d959baa
val,no_cancer,LUNG MRI-NC (663).png,train__LUNG MRI-NC (663).png,..\dataset_split\val\no_cancer\train__LUNG MRI-NC (663).png,b32f4415b64129339f0c263a5bba6b1a
val,cancer,Lung MRI (708).png,train__Lung MRI (708).png,..\dataset_split\val\cancer\train__Lung MRI (708).png,15e2bd85454054f7611484fd5c2535fe
val,cancer,Lung MRI (767).png,train__Lung MRI (767).png,..\dataset_split\val\cancer\train__Lung MRI (767).png,a054e5b43185fb23d311215755433eb3
val,no_cancer,LUNG MRI NC (82).png,validate__LUNG MRI NC (82).png,..\dataset_split\val\no_cancer\validate__LUNG MRI NC (82).png,5235e61c018ff63b9aeb3ab2f03cb433
val,no_cancer,LUNG MRI NC (377).png,validate__LUNG MRI NC (377).png,..\dataset_split\val\no_cancer\validate__LUNG MRI NC (377).png,9283e6bac20f510b5458645f49833180
val,no_cancer,LUNG MRI-NC (689).png,train__LUNG MRI-NC (689).png,..\dataset_split\val\no_cancer\train__LUNG MRI-NC (689).png,51f41108c8da4cc4195f3df8bac98adf
val,no_cancer,LUNG MRI NC (333).png,validate__LUNG MRI NC (333).png,..\dataset_split\val\no_cancer\validate__LUNG MRI NC (333).png,06baf1b1b9355457153345309947adbd
val,no_cancer,LUNG MRI-NC (988).png,train__LUNG MRI-NC (988).png,..\dataset_split\val\no_cancer\train__LUNG MRI-NC (988).png,ef8f2539340cbe069ce6e473471af4aa
val,no_cancer,LUNG MRI-NC (742).png,train__LUNG MRI-NC (742).png,..\dataset_split\val\no_cancer\train__LUNG MRI-NC (742).png,fa70f24e785ad9d21db0c1291cb97873
val,no_cancer,LUNG MRI NC (62).png,validate__LUNG MRI NC (62).png,..\dataset_split\val\no_cancer\validate__LUNG MRI NC (62).png,261663476d01e5e1195f4ffcc3ac17c2
val,no_cancer,LUNG MRI-NC (115).png,train__LUNG MRI-NC (115).png,..\dataset_split\val\no_cancer\train__LUNG MRI-NC (115).png,4e126f685c9b821b35c012c019679fbb
val,cancer,Lung MRI (136).png,train__Lung MRI (136).png,..\dataset_split\val\cancer\train__Lung MRI (136).png,cf7d7d417bae0b7af6c5c4c82d5e84a2
val,cancer,Lung MRI (788).png,train__Lung MRI (788).png,..\dataset_split\val\cancer\train__Lung MRI (788).png,2a5e16dede5bbaf352a5983bb20f55ec
val,no_cancer,LUNG MRI-NC (364).png,train__LUNG MRI-NC (364).png,..\dataset_split\val\no_cancer\train__LUNG MRI-NC (364).png,3675f2a4984a8eb55050cd4fb00f96cd
val,cancer,Lung MRI (958).png,train__Lung MRI (958).png,..\dataset_split\val\cancer\train__Lung MRI (958).png,37f1cab24e814c80a98f6c35ef987567
val,cancer,Lung MRI (209).png,train__Lung MRI (209).png,..\dataset_split\val\cancer\train__Lung MRI (209).png,21362081391a17ca58de3fdd94867f15
val,no_cancer,LUNG MRI-NC (1082).png,train__LUNG MRI-NC (1082).png,..\dataset_split\val\no_cancer\train__LUNG MRI-NC (1082).png,658917defee7c7076776812d8d1d293f
val,no_cancer,LUNG MRI-NC (476).png,train__LUNG MRI-NC (476).png,..\dataset_split\val\no_cancer\train__LUNG MRI-NC (476).png,102ea8b5d3dd9f6e51305e805061aef5
val,no_cancer,LUNG MRI-NC (1118).png,train__LUNG MRI-NC (1118).png,..\dataset_split\val\no_cancer\train__LUNG MRI-NC (1118).png,3f3b635b8ef2ab04cc68aa52afe0c71d
val,cancer,Lung MRI (709).png,train__Lung MRI (709).png,..\dataset_split\val\cancer\train__Lung MRI (709).png,35fb4738bcc60f0b0f807626dfff5434
val,no_cancer,LUNG MRI-NC (1147).png,train__LUNG MRI-NC (1147).png,..\dataset_split\val\no_cancer\train__LUNG MRI-NC (1147).png,2eeeede872bb08808f3056cbb61f09d3
val,no_cancer,LUNG MRI-NC (184).png,train__LUNG MRI-NC (184).png,..\dataset_split\val\no_cancer\train__LUNG MRI-NC (184).png,1935dc9242fbc83f2798d247a01694ba
val,no_cancer,LUNG MRI-NC (546).png,train__LUNG MRI-NC (546).png,..\dataset_split\val\no_cancer\train__LUNG MRI-NC (546).png,6b175bdd068a150e468e0f7a0eaea3a2
val,no_cancer,LUNG MRI NC (228).png,validate__LUNG MRI NC (228).png,..\dataset_split\val\no_cancer\validate__LUNG MRI NC (228).png,51b09de5644dc20c31e908d2af085bec
val,no_cancer,LUNG MRI-NC (1275).png,train__LUNG MRI-NC (1275).png,..\dataset_split\val\no_cancer\train__LUNG MRI-NC (1275).png,62a8ddb199bd7e363590e48c2aa284be
val,no_cancer,LUNG MRI-NC (801).png,train__LUNG MRI-NC (801).png,..\dataset_split\val\no_cancer\train__LUNG MRI-NC (801).png,a75349e619dea89d12483fc00400d22e
val,no_cancer,LUNG MRI NC (232).png,validate__LUNG MRI NC (232).png,..\dataset_split\val\no_cancer\validate__LUNG MRI NC (232).png,17894007d547aa69d7b83f8b14abf628
val,no_cancer,LUNG MRI NC (351).png,validate__LUNG MRI NC (351).png,..\dataset_split\val\no_cancer\validate__LUNG MRI NC (351).png,12b94868f5cc4ab168358e7f2a91d889
val,no_cancer,LUNG MRI-NC (677).png,train__LUNG MRI-NC (677).png,..\dataset_split\val\no_cancer\train__LUNG MRI-NC (677).png,f235080f3351c7f9f693e65506153d05
val,cancer,Lung MRI (744).png,train__Lung MRI (744).png,..\dataset_split\val\cancer\train__Lung MRI (744).png,07766d0dcbdfafcf0ab0c790da85c1b8
val,no_cancer,LUNG MRI-NC (69).png,train__LUNG MRI-NC (69).png,..\dataset_split\val\no_cancer\train__LUNG MRI-NC (69).png,93917b5d1ce7a1b8cec2272e383a95f7
val,no_cancer,LUNG MRI-NC (857).png,train__LUNG MRI-NC (857).png,..\dataset_split\val\no_cancer\train__LUNG MRI-NC (857).png,9ddc61c1872ad6c8b625b8178ad78ffe
val,no_cancer,LUNG MRI-NC (1247).png,train__LUNG MRI-NC (1247).png,..\dataset_split\val\no_cancer\train__LUNG MRI-NC (1247).png,79c9d00ee3dfa2ea65ab1b3ddc6908a9
val,no_cancer,LUNG MRI-NC (486).png,train__LUNG MRI-NC (486).png,..\dataset_split\val\no_cancer\train__LUNG MRI-NC (486).png,dae79df419dd9a641d4ad85cc9be33ab
val,no_cancer,LUNG MRI NC (213).png,validate__LUNG MRI NC (213).png,..\dataset_split\val\no_cancer\validate__LUNG MRI NC (213).png,3aeaca24ff61dfdce57c99707d49b6a7
val,no_cancer,LUNG MRI NC (425).png,validate__LUNG MRI NC (425).png,..\dataset_split\val\no_cancer\validate__LUNG MRI NC (425).png,d0283d1d8e7f83434c1281bdc96c2132
val,no_cancer,LUNG MRI-NC (741).png,train__LUNG MRI-NC (741).png,..\dataset_split\val\no_cancer\train__LUNG MRI-NC (741).png,8fd3ac318c892dcd3079e5b197ebe86f
val,no_cancer,LUNG MRI-NC (632).png,train__LUNG MRI-NC (632).png,..\dataset_split\val\no_cancer\train__LUNG MRI-NC (632).png,b53061bce0b13240a03cd104abd017db
val,cancer,Lung MRI (883).png,train__Lung MRI (883).png,..\dataset_split\val\cancer\train__Lung MRI (883).png,e5d872a3cf5757a56db719fb7302ff7b
val,cancer,Lung MRI (80).png,train__Lung MRI (80).png,..\dataset_split\val\cancer\train__Lung MRI (80).png,ccbb82f18d2f1352bdd3eb7a195f3cf2
val,no_cancer,LUNG MRI NC (155).png,validate__LUNG MRI NC (155).png,..\dataset_split\val\no_cancer\validate__LUNG MRI NC (155).png,6af54012b16230e7d656728d4afdfcf6
val,no_cancer,LUNG MRI-NC (982).png,train__LUNG MRI-NC (982).png,..\dataset_split\val\no_cancer\train__LUNG MRI-NC (982).png,94b4b24f80d90d979c50c91ec140b67e
val,no_cancer,LUNG MRI-NC (575).png,train__LUNG MRI-NC (575).png,..\dataset_split\val\no_cancer\train__LUNG MRI-NC (575).png,02b2e3a4eedb494848d408cd8e958651
val,cancer,Lung MRI (1117).png,train__Lung MRI (1117).png,..\dataset_split\val\cancer\train__Lung MRI (1117).png,f358e91af8d820b18b1cba23b5b39a68
val,cancer,Lung MRI (195).png,train__Lung MRI (195).png,..\dataset_split\val\cancer\train__Lung MRI (195).png,af015d8a783ca74684cb6186e21da55a
val,no_cancer,LUNG MRI NC (312).png,validate__LUNG MRI NC (312).png,..\dataset_split\val\no_cancer\validate__LUNG MRI NC (312).png,da289fb462cf6d2e016ed01d34f39d07
val,no_cancer,LUNG MRI-NC (263).png,train__LUNG MRI-NC (263).png,..\dataset_split\val\no_cancer\train__LUNG MRI-NC (263).png,a4d2d8061418a8879a43e6a6a7d3712c
val,cancer,Lung MRI (1419).png,validate__Lung MRI (1419).png,..\dataset_split\val\cancer\validate__Lung MRI (1419).png,f0a30ecfc165a685a0b7d1fbf660beda
val,no_cancer,LUNG MRI NC (144).png,validate__LUNG MRI NC (144).png,..\dataset_split\val\no_cancer\validate__LUNG MRI NC (144).png,70b24a785a20184a0aadae204319d30b
val,no_cancer,LUNG MRI-NC (1132).png,train__LUNG MRI-NC (1132).png,..\dataset_split\val\no_cancer\train__LUNG MRI-NC (1132).png,b9c4aa003194cb380a0a1b08fe8222d7
val,cancer,Lung MRI (554).png,train__Lung MRI (554).png,..\dataset_split\val\cancer\train__Lung MRI (554).png,a712d27573d42e6a8a0da561537140d7
val,no_cancer,LUNG MRI-NC (1021).png,train__LUNG MRI-NC (1021).png,..\dataset_split\val\no_cancer\train__LUNG MRI-NC (1021).png,60a84877823349980206d20958aa1a38
val,no_cancer,LUNG MRI-NC (129).png,train__LUNG MRI-NC (129).png,..\dataset_split\val\no_cancer\train__LUNG MRI-NC (129).png,02833457c957d4ee252872a7131c72aa
val,no_cancer,LUNG MRI-NC (778).png,train__LUNG MRI-NC (778).png,..\dataset_split\val\no_cancer\train__LUNG MRI-NC (778).png,146e1f931aec98eaf7691aea05e0f827
val,cancer,Lung MRI (506).png,train__Lung MRI (506).png,..\dataset_split\val\cancer\train__Lung MRI (506).png,de08c068052f4def49428c8a71f5d8c0
val,no_cancer,LUNG MRI-NC (1167).png,train__LUNG MRI-NC (1167).png,..\dataset_split\val\no_cancer\train__LUNG MRI-NC (1167).png,e2f90c875044c7815807a0a47b8c79b4
val,no_cancer,LUNG MRI-NC (1309).png,train__LUNG MRI-NC (1309).png,..\dataset_split\val\no_cancer\train__LUNG MRI-NC (1309).png,1da66b6190d370dfc3c4919dc403041d
val,no_cancer,LUNG MRI-NC (500).png,train__LUNG MRI-NC (500).png,..\dataset_split\val\no_cancer\train__LUNG MRI-NC (500).png,cf380d3a6adae8972ae54fa1f4203069
val,cancer,Lung MRI (240).png,train__Lung MRI (240).png,..\dataset_split\val\cancer\train__Lung MRI (240).png,4d33c2bd9d70b4085d3fe1d5fe331462
val,cancer,Lung MRI (1478).png,validate__Lung MRI (1478).png,..\dataset_split\val\cancer\validate__Lung MRI (1478).png,4aa230d784bce3322b5a7108f2681958
val,no_cancer,LUNG MRI-NC (650).png,train__LUNG MRI-NC (650).png,..\dataset_split\val\no_cancer\train__LUNG MRI-NC (650).png,91baea8ae5bd34f1583659d22a3074e1
val,cancer,Lung MRI (858).png,train__Lung MRI (858).png,..\dataset_split\val\cancer\train__Lung MRI (858).png,7d262fd48e848511ff18aafeecf150e7
val,no_cancer,LUNG MRI-NC (428).png,train__LUNG MRI-NC (428).png,..\dataset_split\val\no_cancer\train__LUNG MRI-NC (428).png,d1fd208ccdf9c4b9dd92ba78fefbdede
val,no_cancer,LUNG MRI NC (225).png,validate__LUNG MRI NC (225).png,..\dataset_split\val\no_cancer\validate__LUNG MRI NC (225).png,73839e44e06c51ffed768d116ff7e2c7
val,no_cancer,LUNG MRI-NC (450).png,train__LUNG MRI-NC (450).png,..\dataset_split\val\no_cancer\train__LUNG MRI-NC (450).png,23ed3848798a9faadac3a31480c0d3ac
val,no_cancer,LUNG MRI-NC (1031).png,train__LUNG MRI-NC (1031).png,..\dataset_split\val\no_cancer\train__LUNG MRI-NC (1031).png,ac37fa442ca75e935b263b67e856062c
val,no_cancer,LUNG MRI NC (245).png,validate__LUNG MRI NC (245).png,..\dataset_split\val\no_cancer\validate__LUNG MRI NC (245).png,e204f1859f8d1a9b8fda9cbd7cae3606
val,no_cancer,LUNG MRI NC (319).png,validate__LUNG MRI NC (319).png,..\dataset_split\val\no_cancer\validate__LUNG MRI NC (319).png,e9309046c0ba4a77c521cef241e224b3
val,no_cancer,LUNG MRI-NC (1048).png,train__LUNG MRI-NC (1048).png,..\dataset_split\val\no_cancer\train__LUNG MRI-NC (1048).png,3742c831661371c761a58b396410fd92
val,no_cancer,LUNG MRI-NC (438).png,train__LUNG MRI-NC (438).png,..\dataset_split\val\no_cancer\train__LUNG MRI-NC (438).png,c5dcef2a9b9ef809c9c0ae65153ea5a0
val,no_cancer,LUNG MRI-NC (274).png,train__LUNG MRI-NC (274).png,..\dataset_split\val\no_cancer\train__LUNG MRI-NC (274).png,6e4dfaa042d5920523be882211d558c2
val,no_cancer,LUNG MRI-NC (544).png,train__LUNG MRI-NC (544).png,..\dataset_split\val\no_cancer\train__LUNG MRI-NC (544).png,a8d209eee787db4fda58e3f594abad9b
val,no_cancer,LUNG MRI-NC (1017).png,train__LUNG MRI-NC (1017).png,..\dataset_split\val\no_cancer\train__LUNG MRI-NC (1017).png,6f7157b498453a8f37d616fed60a7f98
val,no_cancer,LUNG MRI-NC (292).png,train__LUNG MRI-NC (292).png,..\dataset_split\val\no_cancer\train__LUNG MRI-NC (292).png,3001a186006c7008c2618226b845a9a3
val,cancer,Lung MRI (354).png,train__Lung MRI (354).png,..\dataset_split\val\cancer\train__Lung MRI (354).png,d1f11f25b170df6f5865a979d5a122f1
val,cancer,Lung MRI (698).png,train__Lung MRI (698).png,..\dataset_split\val\cancer\train__Lung MRI (698).png,7dfd5b7e2579f22a4e180d35525a4325
val,cancer,Lung MRI (200).png,train__Lung MRI (200).png,..\dataset_split\val\cancer\train__Lung MRI (200).png,240d0e0a5256de67e163ccfb1b43b8b7
val,cancer,Lung MRI (1079).png,train__Lung MRI (1079).png,..\dataset_split\val\cancer\train__Lung MRI (1079).png,74b6e2a0ade4c7d4aa3b497569430d52
val,cancer,Lung MRI (256).png,train__Lung MRI (256).png,..\dataset_split\val\cancer\train__Lung MRI (256).png,8b9f958b6da275c9085d21eb58d889a6
val,cancer,Lung MRI (296).png,train__Lung MRI (296).png,..\dataset_split\val\cancer\train__Lung MRI (296).png,11a5c22bd90fd8f9426eb830528b30b9
val,no_cancer,LUNG MRI-NC (710).png,train__LUNG MRI-NC (710).png,..\dataset_split\val\no_cancer\train__LUNG MRI-NC (710).png,f965c0702780333da7fac28b4dbf165f
val,cancer,Lung MRI (930).png,train__Lung MRI (930).png,..\dataset_split\val\cancer\train__Lung MRI (930).png,45037ece9baab022927efd1ad465694b
val,no_cancer,LUNG MRI-NC (849).png,train__LUNG MRI-NC (849).png,..\dataset_split\val\no_cancer\train__LUNG MRI-NC (849).png,88aeabdb39b82e85ac04f0ec426ca734
val,no_cancer,LUNG MRI-NC (185).png,train__LUNG MRI-NC (185).png,..\dataset_split\val\no_cancer\train__LUNG MRI-NC (185).png,ca97b9f6aed034f671aa7edbb895e8bd
val,no_cancer,LUNG MRI-NC (92).png,train__LUNG MRI-NC (92).png,..\dataset_split\val\no_cancer\train__LUNG MRI-NC (92).png,da6853ca723c04f9d5e47c4d3536e785
val,cancer,Lung MRI (853).png,train__Lung MRI (853).png,..\dataset_split\val\cancer\train__Lung MRI (853).png,50d9a278aa8ee0042275a68e10562a83
val,cancer,Lung MRI (59).png,train__Lung MRI (59).png,..\dataset_split\val\cancer\train__Lung MRI (59).png,c673ec285089888b2453a9417d383d9c
val,no_cancer,LUNG MRI-NC (1023).png,train__LUNG MRI-NC (1023).png,..\dataset_split\val\no_cancer\train__LUNG MRI-NC (1023).png,bd2bc5a775f4e59d430bc5a4b2f770f2
val,cancer,Lung MRI (1494).png,validate__Lung MRI (1494).png,..\dataset_split\val\cancer\validate__Lung MRI (1494).png,996d9e9179cfe2a1ff0f6f215d85cce5
val,cancer,Lung MRI (355).png,train__Lung MRI (355).png,..\dataset_split\val\cancer\train__Lung MRI (355).png,3944333d4cada10b780e2af310293d81
val,cancer,Lung MRI (173).png,train__Lung MRI (173).png,..\dataset_split\val\cancer\train__Lung MRI (173).png,51c76d88ab6d1c7bda561c23132654ef
val,no_cancer,LUNG MRI-NC (888).png,train__LUNG MRI-NC (888).png,..\dataset_split\val\no_cancer\train__LUNG MRI-NC (888).png,cdf5bb0f10d0186fccb6fd4b8c00e598
val,no_cancer,LUNG MRI-NC (38).png,train__LUNG MRI-NC (38).png,..\dataset_split\val\no_cancer\train__LUNG MRI-NC (38).png,3a7eb4a6908b863d3c9ad004c8127d9d
val,no_cancer,LUNG MRI-NC (921).png,train__LUNG MRI-NC (921).png,..\dataset_split\val\no_cancer\train__LUNG MRI-NC (921).png,51c7a3ad516510ece85b0b758e7462d8
val,no_cancer,LUNG MRI-NC (1237).png,train__LUNG MRI-NC (1237).png,..\dataset_split\val\no_cancer\train__LUNG MRI-NC (1237).png,284ef4b9dc43cef498270ac65a99da96
val,no_cancer,LUNG MRI-NC (1030).png,train__LUNG MRI-NC (1030).png,..\dataset_split\val\no_cancer\train__LUNG MRI-NC (1030).png,06019ad840cba4c306f54d9eb743d079
val,cancer,Lung MRI (358).png,train__Lung MRI (358).png,..\dataset_split\val\cancer\train__Lung MRI (358).png,8232e20118ecc308cf27294c4b461a70
val,no_cancer,LUNG MRI NC (202).png,validate__LUNG MRI NC (202).png,..\dataset_split\val\no_cancer\validate__LUNG MRI NC (202).png,f1cecebc1e7561b7de2c0303ebffcaf4
val,cancer,Lung MRI (957).png,train__Lung MRI (957).png,..\dataset_split\val\cancer\train__Lung MRI (957).png,82847284f82cda221740b5fba7e421c3
val,cancer,Lung MRI (833).png,train__Lung MRI (833).png,..\dataset_split\val\cancer\train__Lung MRI (833).png,1b2d8d9bdd4bc0909c1e52b2e9be3f71
val,no_cancer,LUNG MRI NC (185).png,validate__LUNG MRI NC (185).png,..\dataset_split\val\no_cancer\validate__LUNG MRI NC (185).png,73200d1969bcb2bbc46c880f5d834b59
val,no_cancer,LUNG MRI NC (322).png,validate__LUNG MRI NC (322).png,..\dataset_split\val\no_cancer\validate__LUNG MRI NC (322).png,403a8288c84097b1b856383a2e3e18e9
val,cancer,Lung MRI (246).png,train__Lung MRI (246).png,..\dataset_split\val\cancer\train__Lung MRI (246).png,6fb204811a565b74fbd943b34b52b921
val,no_cancer,LUNG MRI-NC (549).png,train__LUNG MRI-NC (549).png,..\dataset_split\val\no_cancer\train__LUNG MRI-NC (549).png,f338b1aacfe13c38ca25b759adf63b8f
val,no_cancer,LUNG MRI-NC (208).png,train__LUNG MRI-NC (208).png,..\dataset_split\val\no_cancer\train__LUNG MRI-NC (208).png,5ff9034836fe2315e2d7cb89f657f8be
val,no_cancer,LUNG MRI-NC (858).png,train__LUNG MRI-NC (858).png,..\dataset_split\val\no_cancer\train__LUNG MRI-NC (858).png,c483c6184112d75be0a98e21e9bc11a1
val,no_cancer,LUNG MRI NC (432).png,validate__LUNG MRI NC (432).png,..\dataset_split\val\no_cancer\validate__LUNG MRI NC (432).png,3e8c0b8454b82fad9eb7158c49f0d54c
val,no_cancer,LUNG MRI-NC (572).png,train__LUNG MRI-NC (572).png,..\dataset_split\val\no_cancer\train__LUNG MRI-NC (572).png,e7efdbb569d3d8f9a068aa948f03d49f
val,no_cancer,LUNG MRI-NC (1153).png,train__LUNG MRI-NC (1153).png,..\dataset_split\val\no_cancer\train__LUNG MRI-NC (1153).png,326dd29c23f0e1653a70d7b8ee64a27b
val,cancer,Lung MRI (919).png,train__Lung MRI (919).png,..\dataset_split\val\cancer\train__Lung MRI (919).png,84aff9d7be7bd66677fdf2a4b70f163a
val,cancer,Lung MRI (2).png,train__Lung MRI (2).png,..\dataset_split\val\cancer\train__Lung MRI (2).png,18c29b513c3c7732e9e765a4a01198ee
val,cancer,Lung MRI (570).png,train__Lung MRI (570).png,..\dataset_split\val\cancer\train__Lung MRI (570).png,cbb86f0e1ce8eb25b9b2e371120a51d8
val,no_cancer,LUNG MRI-NC (470).png,train__LUNG MRI-NC (470).png,..\dataset_split\val\no_cancer\train__LUNG MRI-NC (470).png,da034cb78cfd55daf827b15eddc8682f
val,cancer,Lung MRI (913).png,train__Lung MRI (913).png,..\dataset_split\val\cancer\train__Lung MRI (913).png,9307df0c9ce8fd316ce59e2d608e6689
val,cancer,Lung MRI (890).png,train__Lung MRI (890).png,..\dataset_split\val\cancer\train__Lung MRI (890).png,3b9d0c1f3e641f1d74501f7df665ac2e
val,no_cancer,LUNG MRI-NC (494).png,train__LUNG MRI-NC (494).png,..\dataset_split\val\no_cancer\train__LUNG MRI-NC (494).png,a2bdaffdef698eacd65a4ab6e9e29d5a
val,cancer,Lung MRI (993).png,train__Lung MRI (993).png,..\dataset_split\val\cancer\train__Lung MRI (993).png,6e1e3d468d3b608c3a26cfddec97fc79
val,cancer,Lung MRI (332).png,train__Lung MRI (332).png,..\dataset_split\val\cancer\train__Lung MRI (332).png,230682cb9756b189294d472dbc3fd9e4
val,cancer,Lung MRI (499).png,train__Lung MRI (499).png,..\dataset_split\val\cancer\train__Lung MRI (499).png,6e3d4937d9a515abf73c5b064311c590
val,no_cancer,LUNG MRI-NC (1227).png,train__LUNG MRI-NC (1227).png,..\dataset_split\val\no_cancer\train__LUNG MRI-NC (1227).png,dddf4269fca0f8ddd626b7515739aa80
val,cancer,Lung MRI (569).png,train__Lung MRI (569).png,..\dataset_split\val\cancer\train__Lung MRI (569).png,0066779453b10e92cb87200742e18803
val,no_cancer,LUNG MRI NC (125).png,validate__LUNG MRI NC (125).png,..\dataset_split\val\no_cancer\validate__LUNG MRI NC (125).png,7260c150386c13181f59bb931b6249a1
val,cancer,Lung MRI (857).png,train__Lung MRI (857).png,..\dataset_split\val\cancer\train__Lung MRI (857).png,c9a04ae3b90636e16d7c5e62ce653ff3
val,cancer,Lung MRI (493).png,train__Lung MRI (493).png,..\dataset_split\val\cancer\train__Lung MRI (493).png,f6a02bf54b1872e2af9fd95caf2f5dd0
val,cancer,Lung MRI (1495).png,validate__Lung MRI (1495).png,..\dataset_split\val\cancer\validate__Lung MRI (1495).png,36ab2950b6e58721ad157db200af3ae8
val,cancer,Lung MRI (964).png,train__Lung MRI (964).png,..\dataset_split\val\cancer\train__Lung MRI (964).png,fc9ceaff7c2c3bb675d8bbe93823544d
val,cancer,Lung MRI (790).png,train__Lung MRI (790).png,..\dataset_split\val\cancer\train__Lung MRI (790).png,57234361e1621ec975a3b44991a3cfe0
val,cancer,Lung MRI (93).png,train__Lung MRI (93).png,..\dataset_split\val\cancer\train__Lung MRI (93).png,5864e0621462019206555a95524a48f1
val,cancer,Lung MRI (37).png,train__Lung MRI (37).png,..\dataset_split\val\cancer\train__Lung MRI (37).png,eec63f8bfc2cd7902b6939462e34c1cb
val,cancer,Lung MRI (250).png,train__Lung MRI (250).png,..\dataset_split\val\cancer\train__Lung MRI (250).png,b182c2a12ff97bb614e493fc6f0ff792
val,no_cancer,LUNG MRI-NC (4).png,train__LUNG MRI-NC (4).png,..\dataset_split\val\no_cancer\train__LUNG MRI-NC (4).png,5671010cbc1a871a305c8fcb16d32ca7
val,no_cancer,LUNG MRI NC (117).png,validate__LUNG MRI NC (117).png,..\dataset_split\val\no_cancer\validate__LUNG MRI NC (117).png,d2197098fab9ea49fb490f54f3bbb35c
val,no_cancer,LUNG MRI-NC (979).png,train__LUNG MRI-NC (979).png,..\dataset_split\val\no_cancer\train__LUNG MRI-NC (979).png,475ab9997ba736defde90ae9da0cb3ff
val,no_cancer,LUNG MRI NC (302).png,validate__LUNG MRI NC (302).png,..\dataset_split\val\no_cancer\validate__LUNG MRI NC (302).png,08327a1a7122788a8a19414c44240a49
val,no_cancer,LUNG MRI NC (267).png,validate__LUNG MRI NC (267).png,..\dataset_split\val\no_cancer\validate__LUNG MRI NC (267).png,ad19c20f4caa840af1f10bb5a908d329
val,no_cancer,LUNG MRI-NC (680).png,train__LUNG MRI-NC (680).png,..\dataset_split\val\no_cancer\train__LUNG MRI-NC (680).png,a638d035ee5379b21af1331eaef38fda
val,cancer,Lung MRI (769).png,train__Lung MRI (769).png,..\dataset_split\val\cancer\train__Lung MRI (769).png,9120deadc1531f533912878e3547ddd8
val,no_cancer,LUNG MRI NC (293).png,validate__LUNG MRI NC (293).png,..\dataset_split\val\no_cancer\validate__LUNG MRI NC (293).png,8d7b3e924ab90ff3b5303f7098059c79
val,cancer,Lung MRI (420).png,train__Lung MRI (420).png,..\dataset_split\val\cancer\train__Lung MRI (420).png,516e1b8a57a7325d973b692c3a474921
val,cancer,Lung MRI (598).png,train__Lung MRI (598).png,..\dataset_split\val\cancer\train__Lung MRI (598).png,115f145c391add2db09605e8a4c1f0f4
val,no_cancer,LUNG MRI-NC (1000).png,train__LUNG MRI-NC (1000).png,..\dataset_split\val\no_cancer\train__LUNG MRI-NC (1000).png,0bdc95bbbcd0e530a0344035263dd460
val,no_cancer,LUNG MRI-NC (1166).png,train__LUNG MRI-NC (1166).png,..\dataset_split\val\no_cancer\train__LUNG MRI-NC (1166).png,009a2fb6e7d10a37c15078d1e1c64325
val,no_cancer,LUNG MRI-NC (47).png,train__LUNG MRI-NC (47).png,..\dataset_split\val\no_cancer\train__LUNG MRI-NC (47).png,f26c99882dd7b04d94679bd456496b21
val,cancer,Lung MRI (683).png,train__Lung MRI (683).png,..\dataset_split\val\cancer\train__Lung MRI (683).png,2e27913e0ad0a3b6f802cdb1788209e2
val,cancer,Lung MRI (595).png,train__Lung MRI (595).png,..\dataset_split\val\cancer\train__Lung MRI (595).png,bff606f611d2a1326a67c81de95a931d
val,cancer,Lung MRI (986).png,train__Lung MRI (986).png,..\dataset_split\val\cancer\train__Lung MRI (986).png,41ad8b4927e8462ef7866d67b2398f89
val,cancer,Lung MRI (333).png,train__Lung MRI (333).png,..\dataset_split\val\cancer\train__Lung MRI (333).png,50423adf97262c0754650c663f4cb950
val,no_cancer,LUNG MRI-NC (615).png,train__LUNG MRI-NC (615).png,..\dataset_split\val\no_cancer\train__LUNG MRI-NC (615).png,f0aeb0871ab055acfc80c24315b916de
val,no_cancer,LUNG MRI-NC (1235).png,train__LUNG MRI-NC (1235).png,..\dataset_split\val\no_cancer\train__LUNG MRI-NC (1235).png,2e42608ae0018fa2089f73c5d11c634c
val,cancer,Lung MRI (94).png,train__Lung MRI (94).png,..\dataset_split\val\cancer\train__Lung MRI (94).png,f3a036cb064c83d5a16aa86320b2cfd9
val,no_cancer,LUNG MRI-NC (675).png,train__LUNG MRI-NC (675).png,..\dataset_split\val\no_cancer\train__LUNG MRI-NC (675).png,71d4fb7b93a058702fd123c694574ba1
val,no_cancer,LUNG MRI-NC (411).png,train__LUNG MRI-NC (411).png,..\dataset_split\val\no_cancer\train__LUNG MRI-NC (411).png,c3f1d326f426cf86757f9c59dd63812d
val,no_cancer,LUNG MRI-NC (338).png,train__LUNG MRI-NC (338).png,..\dataset_split\val\no_cancer\train__LUNG MRI-NC (338).png,9678ba6e92811af8b78e7091b0ba5921
val,no_cancer,LUNG MRI-NC (149).png,train__LUNG MRI-NC (149).png,..\dataset_split\val\no_cancer\train__LUNG MRI-NC (149).png,c5882fe02b4f46cd290d487a1e2cfaf0
val,cancer,Lung MRI (52).png,train__Lung MRI (52).png,..\dataset_split\val\cancer\train__Lung MRI (52).png,80f4186562745de2677a2bae471e678a
val,no_cancer,LUNG MRI-NC (344).png,train__LUNG MRI-NC (344).png,..\dataset_split\val\no_cancer\train__LUNG MRI-NC (344).png,00f571b0e28c06a978a8bc57139271e9
val,cancer,Lung MRI (621).png,train__Lung MRI (621).png,..\dataset_split\val\cancer\train__Lung MRI (621).png,af4df533daaf51b96edefc04074fe989
val,cancer,Lung MRI (574).png,train__Lung MRI (574).png,..\dataset_split\val\cancer\train__Lung MRI (574).png,c65d86f1bc3b8d651745ecfe3cf0b908
val,no_cancer,LUNG MRI-NC (1075).png,train__LUNG MRI-NC (1075).png,..\dataset_split\val\no_cancer\train__LUNG MRI-NC (1075).png,6eade820be9e13ca8ea3e7da0c494e76
val,no_cancer,LUNG MRI-NC (531).png,train__LUNG MRI-NC (531).png,..\dataset_split\val\no_cancer\train__LUNG MRI-NC (531).png,ece8b6802cfde21ac72913a33b07bb4b
val,cancer,Lung MRI (1479).png,validate__Lung MRI (1479).png,..\dataset_split\val\cancer\validate__Lung MRI (1479).png,93412b298e503e252c40b5d675a9ee9f
val,no_cancer,LUNG MRI NC (402).png,validate__LUNG MRI NC (402).png,..\dataset_split\val\no_cancer\validate__LUNG MRI NC (402).png,986fcfbe4cbc06e0f6cd5c73c914ae6b
val,cancer,Lung MRI (72).png,train__Lung MRI (72).png,..\dataset_split\val\cancer\train__Lung MRI (72).png,24002e4b52a6995e51ea7c7e827205c7
val,cancer,Lung MRI (101).png,train__Lung MRI (101).png,..\dataset_split\val\cancer\train__Lung MRI (101).png,aa7eceea25e61e2f42aa22fd66a43651
val,no_cancer,LUNG MRI-NC (1174).png,train__LUNG MRI-NC (1174).png,..\dataset_split\val\no_cancer\train__LUNG MRI-NC (1174).png,31047f00b457c57e35725336bb2dbc6c
val,no_cancer,LUNG MRI NC (25).png,validate__LUNG MRI NC (25).png,..\dataset_split\val\no_cancer\validate__LUNG MRI NC (25).png,727f2cf408baaa02f3ef13cff90dc2ab
val,no_cancer,LUNG MRI NC (411).png,validate__LUNG MRI NC (411).png,..\dataset_split\val\no_cancer\validate__LUNG MRI NC (411).png,874738e1ac72d24397033e1f163765dd
val,no_cancer,LUNG MRI NC (231).png,validate__LUNG MRI NC (231).png,..\dataset_split\val\no_cancer\validate__LUNG MRI NC (231).png,a94c11d528173169e961cfb1d1344765
val,cancer,Lung MRI (32).png,train__Lung MRI (32).png,..\dataset_split\val\cancer\train__Lung MRI (32).png,cecdce712514fe9583d54c428d91fa8f
val,cancer,Lung MRI (686).png,train__Lung MRI (686).png,..\dataset_split\val\cancer\train__Lung MRI (686).png,6244393462ea4f6d63db32e31319434c
val,cancer,Lung MRI (1481).png,validate__Lung MRI (1481).png,..\dataset_split\val\cancer\validate__Lung MRI (1481).png,596009d3d0b175fcb8b5a932a905b11a
val,no_cancer,LUNG MRI-NC (892).png,train__LUNG MRI-NC (892).png,..\dataset_split\val\no_cancer\train__LUNG MRI-NC (892).png,42b159a99ef870e99ed159e19bc3a459
val,no_cancer,LUNG MRI-NC (872).png,train__LUNG MRI-NC (872).png,..\dataset_split\val\no_cancer\train__LUNG MRI-NC (872).png,9b3ddcbfef052c90eee631babb7c900d
val,cancer,Lung MRI (81).png,train__Lung MRI (81).png,..\dataset_split\val\cancer\train__Lung MRI (81).png,03ef174c400c64723869768f9d3171da
val,no_cancer,LUNG MRI-NC (983).png,train__LUNG MRI-NC (983).png,..\dataset_split\val\no_cancer\train__LUNG MRI-NC (983).png,1e79cd1ffdefc20201700324048ccf0f
val,no_cancer,LUNG MRI-NC (628).png,train__LUNG MRI-NC (628).png,..\dataset_split\val\no_cancer\train__LUNG MRI-NC (628).png,b1a05f9a3a177270a89cedf83e29f510
val,no_cancer,LUNG MRI-NC (13).png,train__LUNG MRI-NC (13).png,..\dataset_split\val\no_cancer\train__LUNG MRI-NC (13).png,b3062d1c5b4820f4823a25c328d4f931
val,no_cancer,LUNG MRI-NC (766).png,train__LUNG MRI-NC (766).png,..\dataset_split\val\no_cancer\train__LUNG MRI-NC (766).png,d9dc078d87e36fa59baabcab6fee5b22
val,no_cancer,LUNG MRI-NC (802).png,train__LUNG MRI-NC (802).png,..\dataset_split\val\no_cancer\train__LUNG MRI-NC (802).png,9dec0fb613082f5e629155228104ad7d
val,no_cancer,LUNG MRI NC (329).png,validate__LUNG MRI NC (329).png,..\dataset_split\val\no_cancer\validate__LUNG MRI NC (329).png,3449f85544b247213a2a1178b9c60a1d
val,no_cancer,LUNG MRI-NC (938).png,train__LUNG MRI-NC (938).png,..\dataset_split\val\no_cancer\train__LUNG MRI-NC (938).png,921a10316abfa7e712ec58c3f80e5e62
val,cancer,Lung MRI (329).png,train__Lung MRI (329).png,..\dataset_split\val\cancer\train__Lung MRI (329).png,1a280d33e87b4dc796f35c2ce9e22fb9
val,cancer,Lung MRI (982).png,train__Lung MRI (982).png,..\dataset_split\val\cancer\train__Lung MRI (982).png,6484b31972fb68c5e7bf7848bc7de9ad
val,cancer,Lung MRI (1030).png,train__Lung MRI (1030).png,..\dataset_split\val\cancer\train__Lung MRI (1030).png,06edcfd5576d9043df03baca584f5fd4
val,cancer,Lung MRI (525).png,train__Lung MRI (525).png,..\dataset_split\val\cancer\train__Lung MRI (525).png,db2cae61259f289262b8be8be8210241
val,cancer,Lung MRI (488).png,train__Lung MRI (488).png,..\dataset_split\val\cancer\train__Lung MRI (488).png,05a507c3dbdfbc782d411de4952f5776
val,no_cancer,LUNG MRI-NC (836).png,train__LUNG MRI-NC (836).png,..\dataset_split\val\no_cancer\train__LUNG MRI-NC (836).png,2b093ae11c5adc3f274e81a2368b849b
val,no_cancer,LUNG MRI NC (46).png,validate__LUNG MRI NC (46).png,..\dataset_split\val\no_cancer\validate__LUNG MRI NC (46).png,f0725691c6b31ad945d789f3947055fc
val,no_cancer,LUNG MRI-NC (685).png,train__LUNG MRI-NC (685).png,..\dataset_split\val\no_cancer\train__LUNG MRI-NC (685).png,3894c5e1a3832f9f2b1da4a99da4377e
val,no_cancer,LUNG MRI NC (138).png,validate__LUNG MRI NC (138).png,..\dataset_split\val\no_cancer\validate__LUNG MRI NC (138).png,d92c824c6ea3204ec2675457c559a0b7
val,cancer,Lung MRI (479).png,train__Lung MRI (479).png,..\dataset_split\val\cancer\train__Lung MRI (479).png,bbf73a6cddb8fad2f9c01ae2f6364848
val,no_cancer,LUNG MRI NC (318).png,validate__LUNG MRI NC (318).png,..\dataset_split\val\no_cancer\validate__LUNG MRI NC (318).png,9c31155b8d1b183debc723cb7f971c4c
val,no_cancer,LUNG MRI-NC (943).png,train__LUNG MRI-NC (943).png,..\dataset_split\val\no_cancer\train__LUNG MRI-NC (943).png,b52c684cb43612e84dd9ee653e17dd0e
val,no_cancer,LUNG MRI-NC (1175).png,train__LUNG MRI-NC (1175).png,..\dataset_split\val\no_cancer\train__LUNG MRI-NC (1175).png,6db9e84a5e5ed20d20e5591d26c57e09
val,cancer,Lung MRI (532).png,train__Lung MRI (532).png,..\dataset_split\val\cancer\train__Lung MRI (532).png,779e2347615c616ce9929e76affbcc58
val,cancer,Lung MRI (98).png,train__Lung MRI (98).png,..\dataset_split\val\cancer\train__Lung MRI (98).png,8a84e69dc0d1e6f69806255d64698649
val,no_cancer,LUNG MRI-NC (1222).png,train__LUNG MRI-NC (1222).png,..\dataset_split\val\no_cancer\train__LUNG MRI-NC (1222).png,f6a3272dba60c18018398fd2d0d4365e
val,cancer,Lung MRI (925).png,train__Lung MRI (925).png,..\dataset_split\val\cancer\train__Lung MRI (925).png,a25ffcb6fe41f314a7288a90dc7bb3d4
val,no_cancer,LUNG MRI-NC (465).png,train__LUNG MRI-NC (465).png,..\dataset_split\val\no_cancer\train__LUNG MRI-NC (465).png,0007b04250ee6a77c07ee844373d3977
val,cancer,Lung MRI (1165).png,validate__Lung MRI (1165).png,..\dataset_split\val\cancer\validate__Lung MRI (1165).png,f1a8d9ae0cde73b2d3019ddf04033b7a
val,no_cancer,LUNG MRI NC (166).png,validate__LUNG MRI NC (166).png,..\dataset_split\val\no_cancer\validate__LUNG MRI NC (166).png,d97c81bdc4587474755bcb0914e74143
val,no_cancer,LUNG MRI-NC (16).png,train__LUNG MRI-NC (16).png,..\dataset_split\val\no_cancer\train__LUNG MRI-NC (16).png,fcf54e93948c7f4703b98f4e31d7ae54
val,cancer,Lung MRI (803).png,train__Lung MRI (803).png,..\dataset_split\val\cancer\train__Lung MRI (803).png,3cb88d768c62b5486911ae753c30d249
val,cancer,Lung MRI (922).png,train__Lung MRI (922).png,..\dataset_split\val\cancer\train__Lung MRI (922).png,5d38e4445bfb12d7aa0afd15c52e7aab
val,cancer,Lung MRI (386).png,train__Lung MRI (386).png,..\dataset_split\val\cancer\train__Lung MRI (386).png,a316f0646dd7f58da090f14d721a9fc6
val,no_cancer,LUNG MRI-NC (3).png,train__LUNG MRI-NC (3).png,..\dataset_split\val\no_cancer\train__LUNG MRI-NC (3).png,8064b47a1c48434e6414fe2fdc955588
val,cancer,Lung MRI (67).png,train__Lung MRI (67).png,..\dataset_split\val\cancer\train__Lung MRI (67).png,d70d12410499654e04f16599aa3bca34
val,cancer,Lung MRI (26).png,train__Lung MRI (26).png,..\dataset_split\val\cancer\train__Lung MRI (26).png,0c0c977cbd483d871170143b2abe330a
val,no_cancer,LUNG MRI-NC (172).png,train__LUNG MRI-NC (172).png,..\dataset_split\val\no_cancer\train__LUNG MRI-NC (172).png,5fe4fbc1ea3bd9bd0b92cd3581d59574
val,no_cancer,LUNG MRI NC (389).png,validate__LUNG MRI NC (389).png,..\dataset_split\val\no_cancer\validate__LUNG MRI NC (389).png,3eb79404ad1b4e4aeab8d66a5dff71ef
val,cancer,Lung MRI (278).png,train__Lung MRI (278).png,..\dataset_split\val\cancer\train__Lung MRI (278).png,e64a9808109fb7bd8fc3465e8c029a10
val,no_cancer,LUNG MRI-NC (624).png,train__LUNG MRI-NC (624).png,..\dataset_split\val\no_cancer\train__LUNG MRI-NC (624).png,4312eb0f363fcd7c564052aef9876e45
val,cancer,Lung MRI (359).png,train__Lung MRI (359).png,..\dataset_split\val\cancer\train__Lung MRI (359).png,256d0039bf8142251756660159b26713
val,cancer,Lung MRI (894).png,train__Lung MRI (894).png,..\dataset_split\val\cancer\train__Lung MRI (894).png,dd7eb7da822507c1b6c67a1e09c94ce8
val,no_cancer,LUNG MRI-NC (252).png,train__LUNG MRI-NC (252).png,..\dataset_split\val\no_cancer\train__LUNG MRI-NC (252).png,2b920c151bb4d6d7ad88349b7353e9d8
val,cancer,Lung MRI (605).png,train__Lung MRI (605).png,..\dataset_split\val\cancer\train__Lung MRI (605).png,50107c48084bb84203bfd9622351765d
val,no_cancer,LUNG MRI-NC (130).png,train__LUNG MRI-NC (130).png,..\dataset_split\val\no_cancer\train__LUNG MRI-NC (130).png,19b9d662ea22bb354de5f1b4fa209bff
val,no_cancer,LUNG MRI-NC (1243).png,train__LUNG MRI-NC (1243).png,..\dataset_split\val\no_cancer\train__LUNG MRI-NC (1243).png,e477ae310108a8187becee6ce53cba33
val,no_cancer,LUNG MRI-NC (250).png,train__LUNG MRI-NC (250).png,..\dataset_split\val\no_cancer\train__LUNG MRI-NC (250).png,96e76b8c1ab108b4b78a96304da6300a
val,no_cancer,LUNG MRI-NC (473).png,train__LUNG MRI-NC (473).png,..\dataset_split\val\no_cancer\train__LUNG MRI-NC (473).png,656ba67f163cf8268ad6638a22722e5b
val,no_cancer,LUNG MRI-NC (1191).png,train__LUNG MRI-NC (1191).png,..\dataset_split\val\no_cancer\train__LUNG MRI-NC (1191).png,a04ba5930f79afe1f02efc3fe4ebe97c
val,no_cancer,LUNG MRI-NC (471).png,train__LUNG MRI-NC (471).png,..\dataset_split\val\no_cancer\train__LUNG MRI-NC (471).png,dbdf021a13cd60c2ef78a72e45c4b56d
val,no_cancer,LUNG MRI-NC (497).png,train__LUNG MRI-NC (497).png,..\dataset_split\val\no_cancer\train__LUNG MRI-NC (497).png,76601a03b5faf0e17db7708ccf786f2b
val,no_cancer,LUNG MRI NC (352).png,validate__LUNG MRI NC (352).png,..\dataset_split\val\no_cancer\validate__LUNG MRI NC (352).png,557e32f676cfc0819a2d93e5388cda8f
val,cancer,Lung MRI (187).png,train__Lung MRI (187).png,..\dataset_split\val\cancer\train__Lung MRI (187).png,65426fbce030f5a175d445eb18b8fb61
val,cancer,Lung MRI (1027).png,train__Lung MRI (1027).png,..\dataset_split\val\cancer\train__Lung MRI (1027).png,f346a2c9f3c122c24682a8debb4e70f9
val,cancer,Lung MRI (576).png,train__Lung MRI (576).png,..\dataset_split\val\cancer\train__Lung MRI (576).png,22867de56ec7f82768cfc053cefdf361
val,no_cancer,LUNG MRI-NC (504).png,train__LUNG MRI-NC (504).png,..\dataset_split\val\no_cancer\train__LUNG MRI-NC (504).png,862969325808a30356b1ae6b55e9684d
val,no_cancer,LUNG MRI-NC (676).png,train__LUNG MRI-NC (676).png,..\dataset_split\val\no_cancer\train__LUNG MRI-NC (676).png,66d96412b60e23a761b962a498861ffc
val,no_cancer,LUNG MRI-NC (806).png,train__LUNG MRI-NC (806).png,..\dataset_split\val\no_cancer\train__LUNG MRI-NC (806).png,6faa365b882e244600702cc11efc144b
val,cancer,Lung MRI (1477).png,validate__Lung MRI (1477).png,..\dataset_split\val\cancer\validate__Lung MRI (1477).png,9a86042a89b2bd3e9cb34b35812f3b41
val,cancer,Lung MRI (911).png,train__Lung MRI (911).png,..\dataset_split\val\cancer\train__Lung MRI (911).png,5a3fb3c64bbfdc5bf504ce26a5ba998e
val,no_cancer,LUNG MRI-NC (893).png,train__LUNG MRI-NC (893).png,..\dataset_split\val\no_cancer\train__LUNG MRI-NC (893).png,9f41b98d6fc8fa0eacbc52180820d603
val,no_cancer,LUNG MRI-NC (1117).png,train__LUNG MRI-NC (1117).png,..\dataset_split\val\no_cancer\train__LUNG MRI-NC (1117).png,c4994766e817b62fd6dcf4e6fba8b6eb
val,no_cancer,LUNG MRI-NC (1003).png,train__LUNG MRI-NC (1003).png,..\dataset_split\val\no_cancer\train__LUNG MRI-NC (1003).png,3b1f1e71e2e0ded454737203d17d1449
test,no_cancer,LUNG MRI-NC (600).png,train__LUNG MRI-NC (600).png,..\dataset_split\test\no_cancer\train__LUNG MRI-NC (600).png,ecd95571a62d2296e781b532b735126a
test,cancer,Lung MRI (16).png,train__Lung MRI (16).png,..\dataset_split\test\cancer\train__Lung MRI (16).png,7609640e31137dd8ce11d541e2aa676b
test,cancer,Lung MRI (302).png,train__Lung MRI (302).png,..\dataset_split\test\cancer\train__Lung MRI (302).png,aa6353c8fd9223458317a0ec2962da04
test,no_cancer,LUNG MRI-NC (719).png,train__LUNG MRI-NC (719).png,..\dataset_split\test\no_cancer\train__LUNG MRI-NC (719).png,5889b9b93eabb4d1ad630d7a58baf73b
test,cancer,Lung MRI (371).png,train__Lung MRI (371).png,..\dataset_split\test\cancer\train__Lung MRI (371).png,17f7e822f5139bdb86b93211496186cf
test,cancer,Lung MRI (908).png,train__Lung MRI (908).png,..\dataset_split\test\cancer\train__Lung MRI (908).png,9b0e092a4fd89bdc103be9df4cca22fe
test,cancer,Lung MRI (199).png,train__Lung MRI (199).png,..\dataset_split\test\cancer\train__Lung MRI (199).png,62ce1d2544d86e42eb33381ab0205d22
test,no_cancer,LUNG MRI-NC (1203).png,train__LUNG MRI-NC (1203).png,..\dataset_split\test\no_cancer\train__LUNG MRI-NC (1203).png,c9020e9dd5966d1c974060809bc250f1
test,no_cancer,LUNG MRI NC (216).png,validate__LUNG MRI NC (216).png,..\dataset_split\test\no_cancer\validate__LUNG MRI NC (216).png,5a1c2a2edba44346a76e04e52ccfee7a
test,cancer,Lung MRI (300).png,train__Lung MRI (300).png,..\dataset_split\test\cancer\train__Lung MRI (300).png,65fc605c73ab291e6eb0d0854a6b60dd
test,cancer,Lung MRI (856).png,train__Lung MRI (856).png,..\dataset_split\test\cancer\train__Lung MRI (856).png,7ef73aa7f4bb514cdbd5f14b0944f23a
test,no_cancer,LUNG MRI-NC (249).png,train__LUNG MRI-NC (249).png,..\dataset_split\test\no_cancer\train__LUNG MRI-NC (249).png,b301cbf0a6fabf9c8998cae837ee0d45
test,no_cancer,LUNG MRI-NC (165).png,train__LUNG MRI-NC (165).png,..\dataset_split\test\no_cancer\train__LUNG MRI-NC (165).png,6f64b02f91ed905a69d4f61b6431ce83
test,no_cancer,LUNG MRI-NC (85).png,train__LUNG MRI-NC (85).png,..\dataset_split\test\no_cancer\train__LUNG MRI-NC (85).png,42b3fab177f031e68c7e6e12a197c25e
test,no_cancer,LUNG MRI-NC (256).png,train__LUNG MRI-NC (256).png,..\dataset_split\test\no_cancer\train__LUNG MRI-NC (256).png,38cddaf90e892560544fefd8b17b5ef9
test,no_cancer,LUNG MRI-NC (1197).png,train__LUNG MRI-NC (1197).png,..\dataset_split\test\no_cancer\train__LUNG MRI-NC (1197).png,e9180462b32f5c52367b3c38dc5d37e1
test,cancer,Lung MRI (869).png,train__Lung MRI (869).png,..\dataset_split\test\cancer\train__Lung MRI (869).png,27d29837110ffd6f789f3c35ddf49903
test,no_cancer,LUNG MRI-NC (89).png,train__LUNG MRI-NC (89).png,..\dataset_split\test\no_cancer\train__LUNG MRI-NC (89).png,9801fa296eb070dbf88e48033c992869
test,cancer,Lung MRI (338).png,train__Lung MRI (338).png,..\dataset_split\test\cancer\train__Lung MRI (338).png,c24c2dbbe34dafe9453f670e24bb771e
test,no_cancer,LUNG MRI-NC (147).png,train__LUNG MRI-NC (147).png,..\dataset_split\test\no_cancer\train__LUNG MRI-NC (147).png,478581e3206feee9b0b4aa504a1e63bc
test,cancer,Lung MRI (340).png,train__Lung MRI (340).png,..\dataset_split\test\cancer\train__Lung MRI (340).png,407ca8ee53957fd3bf0c7c97fde904dd
test,cancer,Lung MRI (414).png,train__Lung MRI (414).png,..\dataset_split\test\cancer\train__Lung MRI (414).png,6d035e09b214b635916ff5a3df7912a5
test,no_cancer,LUNG MRI-NC (570).png,train__LUNG MRI-NC (570).png,..\dataset_split\test\no_cancer\train__LUNG MRI-NC (570).png,b8ea202c4f3f095e7e9bdf3e5ce445af
test,cancer,Lung MRI (174).png,train__Lung MRI (174).png,..\dataset_split\test\cancer\train__Lung MRI (174).png,7be5c904e4d8f014c86e37be7727aac3
test,cancer,Lung MRI (938).png,train__Lung MRI (938).png,..\dataset_split\test\cancer\train__Lung MRI (938).png,5e4d43032094b94b35e7fba364ca884e
test,no_cancer,LUNG MRI NC (163).png,validate__LUNG MRI NC (163).png,..\dataset_split\test\no_cancer\validate__LUNG MRI NC (163).png,dc6ff0f5cf92f5470f5e24b7f48a50dc
test,no_cancer,LUNG MRI NC (101).png,validate__LUNG MRI NC (101).png,..\dataset_split\test\no_cancer\validate__LUNG MRI NC (101).png,5512c509073c5f4af18aeaf55e456d3f
test,cancer,Lung MRI (417).png,train__Lung MRI (417).png,..\dataset_split\test\cancer\train__Lung MRI (417).png,ca035b8afdaafde686c412ee04dc57e7
test,cancer,Lung MRI (484).png,train__Lung MRI (484).png,..\dataset_split\test\cancer\train__Lung MRI (484).png,5e67909f5c65e7b14d83a183520f6322
test,cancer,Lung MRI (735).png,train__Lung MRI (735).png,..\dataset_split\test\cancer\train__Lung MRI (735).png,451bb5b300baf2f3c31891afd44d9a5a
test,cancer,Lung MRI (5).png,train__Lung MRI (5).png,..\dataset_split\test\cancer\train__Lung MRI (5).png,27a1eeb299473ef73e4bcdc39e2c6453
test,no_cancer,LUNG MRI-NC (660).png,train__LUNG MRI-NC (660).png,..\dataset_split\test\no_cancer\train__LUNG MRI-NC (660).png,e97558d4fa987363587c0f3fcd6e69ed
test,no_cancer,LUNG MRI-NC (301).png,train__LUNG MRI-NC (301).png,..\dataset_split\test\no_cancer\train__LUNG MRI-NC (301).png,8383d8ceda587b50f29448b35625c818
test,cancer,Lung MRI (589).png,train__Lung MRI (589).png,..\dataset_split\test\cancer\train__Lung MRI (589).png,bcb20cee52327dc5950d7ba7836bfa57
test,no_cancer,LUNG MRI-NC (765).png,train__LUNG MRI-NC (765).png,..\dataset_split\test\no_cancer\train__LUNG MRI-NC (765).png,76e3ea2667b0f3f05db007bf8e20b9f2
test,no_cancer,LUNG MRI-NC (468).png,train__LUNG MRI-NC (468).png,..\dataset_split\test\no_cancer\train__LUNG MRI-NC (468).png,a3a5b850fe1587d8cc475937736e481f
test,no_cancer,LUNG MRI NC (450).png,validate__LUNG MRI NC (450).png,..\dataset_split\test\no_cancer\validate__LUNG MRI NC (450).png,47b23884ea0af193092b5043cd077e59
test,cancer,Lung MRI (1015).png,train__Lung MRI (1015).png,..\dataset_split\test\cancer\train__Lung MRI (1015).png,e7ff491ff8703de6507e52c9b6144c39
test,cancer,Lung MRI (1021).png,train__Lung MRI (1021).png,..\dataset_split\test\cancer\train__Lung MRI (1021).png,26684854e5b5d3a1bc8ffc56b4917c33
test,no_cancer,LUNG MRI-NC (720).png,train__LUNG MRI-NC (720).png,..\dataset_split\test\no_cancer\train__LUNG MRI-NC (720).png,15442329cf42b4ca3cf1d40a2a7ebcb5
test,no_cancer,LUNG MRI NC (122).png,validate__LUNG MRI NC (122).png,..\dataset_split\test\no_cancer\validate__LUNG MRI NC (122).png,3bb63ddbb2035add78737bb324d7776a
test,no_cancer,LUNG MRI-NC (1028).png,train__LUNG MRI-NC (1028).png,..\dataset_split\test\no_cancer\train__LUNG MRI-NC (1028).png,5b4f7c98362ab56ece93c8044c5175c3
test,cancer,Lung MRI (694).png,train__Lung MRI (694).png,..\dataset_split\test\cancer\train__Lung MRI (694).png,2458ee6cde9ecb95ea65a5eaa05f5bb9
test,no_cancer,LUNG MRI NC (291).png,validate__LUNG MRI NC (291).png,..\dataset_split\test\no_cancer\validate__LUNG MRI NC (291).png,376b24d78a0035810db695f065d1aa31
test,no_cancer,LUNG MRI-NC (965).png,train__LUNG MRI-NC (965).png,..\dataset_split\test\no_cancer\train__LUNG MRI-NC (965).png,97db8ff586114ab84d7e33a75b95d9ef
test,no_cancer,LUNG MRI-NC (814).png,train__LUNG MRI-NC (814).png,..\dataset_split\test\no_cancer\train__LUNG MRI-NC (814).png,1371127b90348d9d55a7045392ecbfe9
test,cancer,Lung MRI (1039).png,train__Lung MRI (1039).png,..\dataset_split\test\cancer\train__Lung MRI (1039).png,e5570197fc314c5b4dd580076ee0e2a7
test,cancer,Lung MRI (821).png,train__Lung MRI (821).png,..\dataset_split\test\cancer\train__Lung MRI (821).png,dd6f2b7da60fb62d20b8093eac748d06
test,no_cancer,LUNG MRI-NC (125).png,train__LUNG MRI-NC (125).png,..\dataset_split\test\no_cancer\train__LUNG MRI-NC (125).png,a1c7dde6e0a19cfa7b005498bc0446de
test,cancer,Lung MRI (1468).png,validate__Lung MRI (1468).png,..\dataset_split\test\cancer\validate__Lung MRI (1468).png,4db129953c9d2c0974dc741cf6687866
test,cancer,Lung MRI (4).png,train__Lung MRI (4).png,..\dataset_split\test\cancer\train__Lung MRI (4).png,d9eaf6d56968a9248d4b0847939b4d6c
test,cancer,Lung MRI (1034).png,train__Lung MRI (1034).png,..\dataset_split\test\cancer\train__Lung MRI (1034).png,0066f2593bde2977eaeb91c10ef855f0
test,no_cancer,LUNG MRI-NC (311).png,train__LUNG MRI-NC (311).png,..\dataset_split\test\no_cancer\train__LUNG MRI-NC (311).png,a699f159ab60858e752f03c0eb62dc29
test,no_cancer,LUNG MRI-NC (1304).png,train__LUNG MRI-NC (1304).png,..\dataset_split\test\no_cancer\train__LUNG MRI-NC (1304).png,781c8ba89681e100481e594216126f51
test,cancer,Lung MRI (1041).png,train__Lung MRI (1041).png,..\dataset_split\test\cancer\train__Lung MRI (1041).png,a9589e69d3b83df7950e0deb6dadd07a
test,no_cancer,LUNG MRI-NC (598).png,train__LUNG MRI-NC (598).png,..\dataset_split\test\no_cancer\train__LUNG MRI-NC (598).png,92e237bf7f92856b819fbe82f5ab6654
test,no_cancer,LUNG MRI NC (66).png,validate__LUNG MRI NC (66).png,..\dataset_split\test\no_cancer\validate__LUNG MRI NC (66).png,909793690faab7d06d1b461259eae0a1
test,no_cancer,LUNG MRI NC (420).png,validate__LUNG MRI NC (420).png,..\dataset_split\test\no_cancer\validate__LUNG MRI NC (420).png,435cc43247d1269656ad4706c4c48ff6
test,no_cancer,LUNG MRI-NC (134).png,train__LUNG MRI-NC (134).png,..\dataset_split\test\no_cancer\train__LUNG MRI-NC (134).png,828651daa8c9979011cd2eae1bf26e87
test,no_cancer,LUNG MRI-NC (830).png,train__LUNG MRI-NC (830).png,..\dataset_split\test\no_cancer\train__LUNG MRI-NC (830).png,b1621b1bd96d0a425ebf8a2e77808af4
test,cancer,Lung MRI (667).png,train__Lung MRI (667).png,..\dataset_split\test\cancer\train__Lung MRI (667).png,f7c9df90134f4718fe5f82111d62ae7f
test,no_cancer,LUNG MRI-NC (698).png,train__LUNG MRI-NC (698).png,..\dataset_split\test\no_cancer\train__LUNG MRI-NC (698).png,bbee5b7a1ecf6300a84b2ed886b47ef4
test,no_cancer,LUNG MRI-NC (1145).png,train__LUNG MRI-NC (1145).png,..\dataset_split\test\no_cancer\train__LUNG MRI-NC (1145).png,41ee3c7091b1e0b24443a430d0839109
test,no_cancer,LUNG MRI-NC (967).png,train__LUNG MRI-NC (967).png,..\dataset_split\test\no_cancer\train__LUNG MRI-NC (967).png,2c162645051dee8f6bf198cd4211ca59
test,no_cancer,LUNG MRI-NC (529).png,train__LUNG MRI-NC (529).png,..\dataset_split\test\no_cancer\train__LUNG MRI-NC (529).png,1cc1e3c367558cbb715942f28bb61bf2
test,no_cancer,LUNG MRI-NC (1199).png,train__LUNG MRI-NC (1199).png,..\dataset_split\test\no_cancer\train__LUNG MRI-NC (1199).png,ecfb8c2e98e57bc1f1c46cc3acd35037
test,cancer,Lung MRI (1005).png,train__Lung MRI (1005).png,..\dataset_split\test\cancer\train__Lung MRI (1005).png,6cce58658ea2aefe0a2b7d666f77f1d7
test,cancer,Lung MRI (212).png,train__Lung MRI (212).png,..\dataset_split\test\cancer\train__Lung MRI (212).png,57c9f2b00186917fb21c68281383b76b
test,no_cancer,LUNG MRI-NC (1034).png,train__LUNG MRI-NC (1034).png,..\dataset_split\test\no_cancer\train__LUNG MRI-NC (1034).png,69fa91a9b69e65e7d8beac25deaa6318
test,no_cancer,LUNG MRI NC (208).png,validate__LUNG MRI NC (208).png,..\dataset_split\test\no_cancer\validate__LUNG MRI NC (208).png,b9690838a45671093564fe8b99f8c6f5
test,no_cancer,LUNG MRI NC (471).png,validate__LUNG MRI NC (471).png,..\dataset_split\test\no_cancer\validate__LUNG MRI NC (471).png,81ffa27efd460bac1f28a6e2fdbff388
test,no_cancer,LUNG MRI-NC (46).png,train__LUNG MRI-NC (46).png,..\dataset_split\test\no_cancer\train__LUNG MRI-NC (46).png,c4682e18a26cd8fb49a6bef7c1fa8ade
test,no_cancer,LUNG MRI NC (4).png,validate__LUNG MRI NC (4).png,..\dataset_split\test\no_cancer\validate__LUNG MRI NC (4).png,69ca866a3ce3c318d99f57a996ef38b0
test,no_cancer,LUNG MRI-NC (581).png,train__LUNG MRI-NC (581).png,..\dataset_split\test\no_cancer\train__LUNG MRI-NC (581).png,617f21c513b844ec63aae83c7465813c
test,no_cancer,LUNG MRI-NC (958).png,train__LUNG MRI-NC (958).png,..\dataset_split\test\no_cancer\train__LUNG MRI-NC (958).png,890c0ebc5b7e54d2a59e344ee1854453
test,no_cancer,LUNG MRI-NC (360).png,train__LUNG MRI-NC (360).png,..\dataset_split\test\no_cancer\train__LUNG MRI-NC (360).png,3a72c1a454c7f589033d6b76090f8842
test,no_cancer,LUNG MRI-NC (331).png,train__LUNG MRI-NC (331).png,..\dataset_split\test\no_cancer\train__LUNG MRI-NC (331).png,018007250bbaaa61dbafb21b325da8ad
test,no_cancer,LUNG MRI-NC (837).png,train__LUNG MRI-NC (837).png,..\dataset_split\test\no_cancer\train__LUNG MRI-NC (837).png,e685f3636630a0c5debbdc418862f2de
test,no_cancer,LUNG MRI-NC (351).png,train__LUNG MRI-NC (351).png,..\dataset_split\test\no_cancer\train__LUNG MRI-NC (351).png,4337fe93c4bdcaec505566dfa9b32334
test,no_cancer,LUNG MRI-NC (840).png,train__LUNG MRI-NC (840).png,..\dataset_split\test\no_cancer\train__LUNG MRI-NC (840).png,6963dfb58b3268eea2956ea7cb4dde21
test,cancer,Lung MRI (1414).png,validate__Lung MRI (1414).png,..\dataset_split\test\cancer\validate__Lung MRI (1414).png,9bf57c3df571443b2171cedd1acb566a
test,cancer,Lung MRI (878).png,train__Lung MRI (878).png,..\dataset_split\test\cancer\train__Lung MRI (878).png,57d0221860d4ab0c96e8045a2621b3a4
test,no_cancer,LUNG MRI-NC (272).png,train__LUNG MRI-NC (272).png,..\dataset_split\test\no_cancer\train__LUNG MRI-NC (272).png,421dfb92aa11ea3c4875eaac24d0e875
test,no_cancer,LUNG MRI NC (246).png,validate__LUNG MRI NC (246).png,..\dataset_split\test\no_cancer\validate__LUNG MRI NC (246).png,dd6572a9cd442882e8561d466a991be1
test,cancer,Lung MRI (716).png,train__Lung MRI (716).png,..\dataset_split\test\cancer\train__Lung MRI (716).png,142fab64d94ea2c971fe123c35ffdf2f
test,no_cancer,LUNG MRI-NC (80).png,train__LUNG MRI-NC (80).png,..\dataset_split\test\no_cancer\train__LUNG MRI-NC (80).png,0339f0ea34b12bb0f8a67a39ccd754c6
test,cancer,Lung MRI (864).png,train__Lung MRI (864).png,..\dataset_split\test\cancer\train__Lung MRI (864).png,1b78210cd3f97f0d0ac07954468d4f59
test,cancer,Lung MRI (541).png,train__Lung MRI (541).png,..\dataset_split\test\cancer\train__Lung MRI (541).png,818a243978b40852557fdc4c1695c164
test,cancer,Lung MRI (662).png,train__Lung MRI (662).png,..\dataset_split\test\cancer\train__Lung MRI (662).png,d75df4ae0815fa1bd00192bbdefe7570
test,no_cancer,LUNG MRI NC (460).png,validate__LUNG MRI NC (460).png,..\dataset_split\test\no_cancer\validate__LUNG MRI NC (460).png,bc1585762b6b9891d413c706a5ccf15f
test,cancer,Lung MRI (445).png,train__Lung MRI (445).png,..\dataset_split\test\cancer\train__Lung MRI (445).png,3989d0a2278aa88f9622388dd1cf71dc
test,no_cancer,LUNG MRI-NC (1266).png,train__LUNG MRI-NC (1266).png,..\dataset_split\test\no_cancer\train__LUNG MRI-NC (1266).png,e85de48ec9251563178127aaacc241a7
test,no_cancer,LUNG MRI NC (201).png,validate__LUNG MRI NC (201).png,..\dataset_split\test\no_cancer\validate__LUNG MRI NC (201).png,0da3d7269bf7a5caea77ae40e0345615
test,no_cancer,LUNG MRI-NC (1228).png,train__LUNG MRI-NC (1228).png,..\dataset_split\test\no_cancer\train__LUNG MRI-NC (1228).png,7fd808e62d13fdae9c1cb6f1e1c38745
test,cancer,Lung MRI (538).png,train__Lung MRI (538).png,..\dataset_split\test\cancer\train__Lung MRI (538).png,7efa8aedc3c24e36fcec0770bbd18752
test,cancer,Lung MRI (345).png,train__Lung MRI (345).png,..\dataset_split\test\cancer\train__Lung MRI (345).png,5c69a8c14e00118c821181b3d51765e6
test,no_cancer,LUNG MRI-NC (659).png,train__LUNG MRI-NC (659).png,..\dataset_split\test\no_cancer\train__LUNG MRI-NC (659).png,54c46fdff22192505d1359931b2f1527
test,cancer,Lung MRI (452).png,train__Lung MRI (452).png,..\dataset_split\test\cancer\train__Lung MRI (452).png,8837e61209e172893a1f8b9eb0a3e7fa
test,cancer,Lung MRI (405).png,train__Lung MRI (405).png,..\dataset_split\test\cancer\train__Lung MRI (405).png,611c30a500bd8c3ae71cc15ef7353aef
test,cancer,Lung MRI (228).png,train__Lung MRI (228).png,..\dataset_split\test\cancer\train__Lung MRI (228).png,760a04ca65016d3349c7278bc73ad52d
test,no_cancer,LUNG MRI-NC (158).png,train__LUNG MRI-NC (158).png,..\dataset_split\test\no_cancer\train__LUNG MRI-NC (158).png,144c6d34d72993e1dc5b6ae49380ed81
test,no_cancer,LUNG MRI-NC (73).png,train__LUNG MRI-NC (73).png,..\dataset_split\test\no_cancer\train__LUNG MRI-NC (73).png,a6e74d1f9e3ce0c58093030f26672a5f
test,no_cancer,LUNG MRI-NC (458).png,train__LUNG MRI-NC (458).png,..\dataset_split\test\no_cancer\train__LUNG MRI-NC (458).png,ecfc169b71b9e56e56f8e4d3dc4fd6ef
test,no_cancer,LUNG MRI NC (142).png,validate__LUNG MRI NC (142).png,..\dataset_split\test\no_cancer\validate__LUNG MRI NC (142).png,0e3d44ccf3d5e9e65985dad34141a42c
test,no_cancer,LUNG MRI-NC (950).png,train__LUNG MRI-NC (950).png,..\dataset_split\test\no_cancer\train__LUNG MRI-NC (950).png,397a39bcc017a61b73eddba5850b6b6d
test,cancer,Lung MRI (1057).png,train__Lung MRI (1057).png,..\dataset_split\test\cancer\train__Lung MRI (1057).png,9499f88084f138892e3719a103e0b9c3
test,cancer,Lung MRI (1476).png,validate__Lung MRI (1476).png,..\dataset_split\test\cancer\validate__Lung MRI (1476).png,718818738309b6725e8247e447d5f412
test,cancer,Lung MRI (447).png,train__Lung MRI (447).png,..\dataset_split\test\cancer\train__Lung MRI (447).png,2a4d76c38b7c982970ba608f4bb7c5b6
test,cancer,Lung MRI (1031).png,train__Lung MRI (1031).png,..\dataset_split\test\cancer\train__Lung MRI (1031).png,09a144ff8fcc6a238aff4343a82c3d2c
test,cancer,Lung MRI (738).png,train__Lung MRI (738).png,..\dataset_split\test\cancer\train__Lung MRI (738).png,e409ee764ef15e9fe490ea7e6c8580c6
test,cancer,Lung MRI (146).png,train__Lung MRI (146).png,..\dataset_split\test\cancer\train__Lung MRI (146).png,a699da757a65664376002d659bb6d422
test,no_cancer,LUNG MRI-NC (233).png,train__LUNG MRI-NC (233).png,..\dataset_split\test\no_cancer\train__LUNG MRI-NC (233).png,e15fd0f4a80aca6357681342fc6b3e16
test,no_cancer,LUNG MRI-NC (1011).png,train__LUNG MRI-NC (1011).png,..\dataset_split\test\no_cancer\train__LUNG MRI-NC (1011).png,1aeee8ff27917d6dd6293453c1c033a1
test,no_cancer,LUNG MRI-NC (321).png,train__LUNG MRI-NC (321).png,..\dataset_split\test\no_cancer\train__LUNG MRI-NC (321).png,1aebb78c62036121cb8f3ebe50525d33
test,cancer,Lung MRI (870).png,train__Lung MRI (870).png,..\dataset_split\test\cancer\train__Lung MRI (870).png,3433ad86fdfe95838829d07861010612
test,cancer,Lung MRI (1480).png,validate__Lung MRI (1480).png,..\dataset_split\test\cancer\validate__Lung MRI (1480).png,b1735bad5a587c5cc3dd2a1938507077
test,no_cancer,LUNG MRI NC (306).png,validate__LUNG MRI NC (306).png,..\dataset_split\test\no_cancer\validate__LUNG MRI NC (306).png,fa3cbb303f9a9b9465a2072077a00db8
test,no_cancer,LUNG MRI-NC (100).png,train__LUNG MRI-NC (100).png,..\dataset_split\test\no_cancer\train__LUNG MRI-NC (100).png,d71efc9ec1c1197259f0f2c3667e6a25
test,no_cancer,LUNG MRI-NC (904).png,train__LUNG MRI-NC (904).png,..\dataset_split\test\no_cancer\train__LUNG MRI-NC (904).png,968c63c9c5c59af10153ea0b2aecf220
test,no_cancer,LUNG MRI-NC (653).png,train__LUNG MRI-NC (653).png,..\dataset_split\test\no_cancer\train__LUNG MRI-NC (653).png,c7cf25225179eeb015bb7c67133a899f
test,no_cancer,LUNG MRI-NC (712).png,train__LUNG MRI-NC (712).png,..\dataset_split\test\no_cancer\train__LUNG MRI-NC (712).png,e8a06fa772dca48aebc0c15606397674
test,no_cancer,LUNG MRI-NC (1137).png,train__LUNG MRI-NC (1137).png,..\dataset_split\test\no_cancer\train__LUNG MRI-NC (1137).png,7621c0eca7366148920cec22f861baf9
test,no_cancer,LUNG MRI-NC (567).png,train__LUNG MRI-NC (567).png,..\dataset_split\test\no_cancer\train__LUNG MRI-NC (567).png,03e6c0b27855445dfb6ede67e8fee904
test,no_cancer,LUNG MRI-NC (277).png,train__LUNG MRI-NC (277).png,..\dataset_split\test\no_cancer\train__LUNG MRI-NC (277).png,fc595990cfc700773167f94c8776526a
test,cancer,Lung MRI (741).png,train__Lung MRI (741).png,..\dataset_split\test\cancer\train__Lung MRI (741).png,bfa3fac1b9695a896f4bdac9f59acf71
test,no_cancer,LUNG MRI-NC (1215).png,train__LUNG MRI-NC (1215).png,..\dataset_split\test\no_cancer\train__LUNG MRI-NC (1215).png,d5533fce8610df5a0415300fa0dccb6b
test,no_cancer,LUNG MRI NC (284).png,validate__LUNG MRI NC (284).png,..\dataset_split\test\no_cancer\validate__LUNG MRI NC (284).png,c6aa67abe6f68738ccd61b8af7080105
test,cancer,Lung MRI (1445).png,validate__Lung MRI (1445).png,..\dataset_split\test\cancer\validate__Lung MRI (1445).png,a8fd6e877e526f5c65ec4ae098633cac
test,no_cancer,LUNG MRI NC (10).jpg,validate__LUNG MRI NC (10).jpg,..\dataset_split\test\no_cancer\validate__LUNG MRI NC (10).jpg,63395e136c9b4eb5ca467ed6ba142648
test,cancer,Lung MRI (352).png,train__Lung MRI (352).png,..\dataset_split\test\cancer\train__Lung MRI (352).png,e3e4b575a787effcf01ca7a1fd219aeb
test,no_cancer,LUNG MRI NC (347).png,validate__LUNG MRI NC (347).png,..\dataset_split\test\no_cancer\validate__LUNG MRI NC (347).png,e5022b0991ef83dae2bb887796447910
test,no_cancer,LUNG MRI NC (438).png,validate__LUNG MRI NC (438).png,..\dataset_split\test\no_cancer\validate__LUNG MRI NC (438).png,3794e3f2cc57f455e5c9075376ec0a1d
test,no_cancer,LUNG MRI-NC (9).png,train__LUNG MRI-NC (9).png,..\dataset_split\test\no_cancer\train__LUNG MRI-NC (9).png,78702ce102258de90169b7f44a20a32c
test,cancer,Lung MRI (916).png,train__Lung MRI (916).png,..\dataset_split\test\cancer\train__Lung MRI (916).png,ac78537d18cd97f66b67267594bb6044
test,cancer,Lung MRI (630).png,train__Lung MRI (630).png,..\dataset_split\test\cancer\train__Lung MRI (630).png,c9c3d289a4f7fba88ffed0d87b8e7cf5
test,cancer,Lung MRI (221).png,train__Lung MRI (221).png,..\dataset_split\test\cancer\train__Lung MRI (221).png,43d0416bf4e10f098506325dc9d50244
test,cancer,Lung MRI (1424).png,validate__Lung MRI (1424).png,..\dataset_split\test\cancer\validate__Lung MRI (1424).png,b2434dfe5bbeaa930aac79b87ca5f8d6
test,no_cancer,LUNG MRI-NC (1060).png,train__LUNG MRI-NC (1060).png,..\dataset_split\test\no_cancer\train__LUNG MRI-NC (1060).png,4bbaffc2de5fd87f131a98bec740a3bb
test,no_cancer,LUNG MRI NC (436).png,validate__LUNG MRI NC (436).png,..\dataset_split\test\no_cancer\validate__LUNG MRI NC (436).png,a8aaa1009ad2285ad89b4d4bfc20cf98
test,no_cancer,LUNG MRI NC (220).png,validate__LUNG MRI NC (220).png,..\dataset_split\test\no_cancer\validate__LUNG MRI NC (220).png,253bce627d299cbb7e6f4985b3f01378
test,cancer,Lung MRI (731).png,train__Lung MRI (731).png,..\dataset_split\test\cancer\train__Lung MRI (731).png,f838a11aff5935fc38fd7d6f28cf6b19
test,no_cancer,LUNG MRI-NC (796).png,train__LUNG MRI-NC (796).png,..\dataset_split\test\no_cancer\train__LUNG MRI-NC (796).png,61bc54c7437e97d0433f4a0da723e39e
test,no_cancer,LUNG MRI NC (446).png,validate__LUNG MRI NC (446).png,..\dataset_split\test\no_cancer\validate__LUNG MRI NC (446).png,f8e33135ef6a914f49346db7d8080248
test,no_cancer,LUNG MRI-NC (474).png,train__LUNG MRI-NC (474).png,..\dataset_split\test\no_cancer\train__LUNG MRI-NC (474).png,fef0ec8374dd5d95d5c5e1f7268e360b
test,no_cancer,LUNG MRI-NC (148).png,train__LUNG MRI-NC (148).png,..\dataset_split\test\no_cancer\train__LUNG MRI-NC (148).png,235b7c3f3c46f53e487471455f6e60d1
test,cancer,Lung MRI (553).png,train__Lung MRI (553).png,..\dataset_split\test\cancer\train__Lung MRI (553).png,ad29f35e17e4b6eed210de92dc7a7159
test,no_cancer,LUNG MRI-NC (1308).png,train__LUNG MRI-NC (1308).png,..\dataset_split\test\no_cancer\train__LUNG MRI-NC (1308).png,195ad76cc3eecb4023f2dec0d7288c21
test,no_cancer,LUNG MRI NC (141).png,validate__LUNG MRI NC (141).png,..\dataset_split\test\no_cancer\validate__LUNG MRI NC (141).png,ef54fad863efd5817d372f75b941f757
test,cancer,Lung MRI (1465).png,validate__Lung MRI (1465).png,..\dataset_split\test\cancer\validate__Lung MRI (1465).png,aeabd0935f4de382022dba6df99576ee
test,cancer,Lung MRI (460).png,train__Lung MRI (460).png,..\dataset_split\test\cancer\train__Lung MRI (460).png,12df61a9cd1b0425ac1e1074cfc3e4f9
test,no_cancer,LUNG MRI-NC (259).png,train__LUNG MRI-NC (259).png,..\dataset_split\test\no_cancer\train__LUNG MRI-NC (259).png,d04cd64d98fa0db3f1684d1c8b7f7747
test,cancer,Lung MRI (22).png,train__Lung MRI (22).png,..\dataset_split\test\cancer\train__Lung MRI (22).png,b4e263bafbcc1fb50ed2d3d3ba566a23
test,no_cancer,LUNG MRI NC (407).png,validate__LUNG MRI NC (407).png,..\dataset_split\test\no_cancer\validate__LUNG MRI NC (407).png,df823e871dad8957ce96cdf57765e310
test,cancer,Lung MRI (1100).png,train__Lung MRI (1100).png,..\dataset_split\test\cancer\train__Lung MRI (1100).png,ea854faccc442576db16ca772192163b
test,cancer,Lung MRI (934).png,train__Lung MRI (934).png,..\dataset_split\test\cancer\train__Lung MRI (934).png,b9d2653db8df71c7099c9f29ac79464f
test,no_cancer,LUNG MRI-NC (435).png,train__LUNG MRI-NC (435).png,..\dataset_split\test\no_cancer\train__LUNG MRI-NC (435).png,39b3a0b50d92edfa3b39307df9e46be7
test,no_cancer,LUNG MRI-NC (1310).png,train__LUNG MRI-NC (1310).png,..\dataset_split\test\no_cancer\train__LUNG MRI-NC (1310).png,8732d680cbf9134ab44549627e2d38de
test,no_cancer,LUNG MRI-NC (724).png,train__LUNG MRI-NC (724).png,..\dataset_split\test\no_cancer\train__LUNG MRI-NC (724).png,1423b8b0db735bd668c99a2d18c0cd0b
test,cancer,Lung MRI (953).png,train__Lung MRI (953).png,..\dataset_split\test\cancer\train__Lung MRI (953).png,36009e42bdca499831ef17bf5ff6f86e
test,no_cancer,LUNG MRI-NC (895).png,train__LUNG MRI-NC (895).png,..\dataset_split\test\no_cancer\train__LUNG MRI-NC (895).png,b3a0a8f03e17e8cd2821288df4d79ffb
test,cancer,Lung MRI (568).png,train__Lung MRI (568).png,..\dataset_split\test\cancer\train__Lung MRI (568).png,5cb18f4f1d4e7cb808789856d28bd93f
test,no_cancer,LUNG MRI-NC (863).png,train__LUNG MRI-NC (863).png,..\dataset_split\test\no_cancer\train__LUNG MRI-NC (863).png,83a77e2906073eef070bc08db58a90b9
test,no_cancer,LUNG MRI-NC (638).png,train__LUNG MRI-NC (638).png,..\dataset_split\test\no_cancer\train__LUNG MRI-NC (638).png,f3ac47f3751379754ba727762c40d97f
test,cancer,Lung MRI (500).png,train__Lung MRI (500).png,..\dataset_split\test\cancer\train__Lung MRI (500).png,2e9b06e9705fe3f6c1aa40d8969dd5c5
test,cancer,Lung MRI (561).png,train__Lung MRI (561).png,..\dataset_split\test\cancer\train__Lung MRI (561).png,15b5ed940c8a209a4f4b45015650c69a
test,cancer,Lung MRI (895).png,train__Lung MRI (895).png,..\dataset_split\test\cancer\train__Lung MRI (895).png,c230a41a56772538877f7dde67577f31
test,no_cancer,LUNG MRI-NC (730).png,train__LUNG MRI-NC (730).png,..\dataset_split\test\no_cancer\train__LUNG MRI-NC (730).png,b559dc9f25c1d2c616e9ebb80ee698fc
test,cancer,Lung MRI (573).png,train__Lung MRI (573).png,..\dataset_split\test\cancer\train__Lung MRI (573).png,685736723a5b98bf15ec9db760b79d74
test,cancer,Lung MRI (1439).png,validate__Lung MRI (1439).png,..\dataset_split\test\cancer\validate__Lung MRI (1439).png,9c49014bea3065f7fd1707e27ff46c5a
test,no_cancer,LUNG MRI NC (224).png,validate__LUNG MRI NC (224).png,..\dataset_split\test\no_cancer\validate__LUNG MRI NC (224).png,ed09482950802338cc731ee22880716e
test,no_cancer,LUNG MRI NC (159).png,validate__LUNG MRI NC (159).png,..\dataset_split\test\no_cancer\validate__LUNG MRI NC (159).png,2e2a3ad8af78027e88868a98252d59fa
test,cancer,Lung MRI (1029).png,train__Lung MRI (1029).png,..\dataset_split\test\cancer\train__Lung MRI (1029).png,f96ae766661cb23e88db65beffdfd133
test,cancer,Lung MRI (251).png,train__Lung MRI (251).png,..\dataset_split\test\cancer\train__Lung MRI (251).png,be9d38359d1896ae4151f1d75b7aac6b
test,no_cancer,LUNG MRI NC (455).png,validate__LUNG MRI NC (455).png,..\dataset_split\test\no_cancer\validate__LUNG MRI NC (455).png,58bac3728157fd45cd2154549f6929eb
test,cancer,Lung MRI (401).png,train__Lung MRI (401).png,..\dataset_split\test\cancer\train__Lung MRI (401).png,1d8496d660ec5f74f05d1ab8bfb77cfd
test,no_cancer,LUNG MRI-NC (439).png,train__LUNG MRI-NC (439).png,..\dataset_split\test\no_cancer\train__LUNG MRI-NC (439).png,cc0156271dcfcc642dab11899cfe4995
test,cancer,Lung MRI (725).png,train__Lung MRI (725).png,..\dataset_split\test\cancer\train__Lung MRI (725).png,ff925dfafe15e93860a3d1012edaf9c3
test,no_cancer,LUNG MRI NC (102).png,validate__LUNG MRI NC (102).png,..\dataset_split\test\no_cancer\validate__LUNG MRI NC (102).png,d7918a03911a045a992e5a1909b5397b
test,no_cancer,LUNG MRI-NC (569).png,train__LUNG MRI-NC (569).png,..\dataset_split\test\no_cancer\train__LUNG MRI-NC (569).png,314e7e429bf08debef09a85586500864
test,cancer,Lung MRI (720).png,train__Lung MRI (720).png,..\dataset_split\test\cancer\train__Lung MRI (720).png,e4ce2376d84ef8c30710243c5d9141e9
test,no_cancer,LUNG MRI-NC (869).png,train__LUNG MRI-NC (869).png,..\dataset_split\test\no_cancer\train__LUNG MRI-NC (869).png,89459a0ae0b5ff3f99ae0155fd6c33a6
test,no_cancer,LUNG MRI-NC (985).png,train__LUNG MRI-NC (985).png,..\dataset_split\test\no_cancer\train__LUNG MRI-NC (985).png,1eaf96c1d9323ce0cfe85509554e5337
test,no_cancer,LUNG MRI NC (273).png,validate__LUNG MRI NC (273).png,..\dataset_split\test\no_cancer\validate__LUNG MRI NC (273).png,ef5805fc2b5cad253b0d66a67133a36e
test,no_cancer,LUNG MRI-NC (35).png,train__LUNG MRI-NC (35).png,..\dataset_split\test\no_cancer\train__LUNG MRI-NC (35).png,80e889a6502f2909fc56f87c2d88e6d3
test,no_cancer,LUNG MRI NC (308).png,validate__LUNG MRI NC (308).png,..\dataset_split\test\no_cancer\validate__LUNG MRI NC (308).png,77f7972e6dbbf2fa26912cd7e8d93a7e
test,no_cancer,LUNG MRI-NC (391).png,train__LUNG MRI-NC (391).png,..\dataset_split\test\no_cancer\train__LUNG MRI-NC (391).png,d68ffa5e7239c99ddb329061e9be7871
test,no_cancer,LUNG MRI-NC (1066).png,train__LUNG MRI-NC (1066).png,..\dataset_split\test\no_cancer\train__LUNG MRI-NC (1066).png,f05438fce59c5843939e7d4d009ecacd
test,cancer,Lung MRI (764).png,train__Lung MRI (764).png,..\dataset_split\test\cancer\train__Lung MRI (764).png,3bb383c84f366e1cdd8ebd4465ffcc4e
test,no_cancer,LUNG MRI-NC (994).png,train__LUNG MRI-NC (994).png,..\dataset_split\test\no_cancer\train__LUNG MRI-NC (994).png,502da89acc4c89c208ea71ea80cccedd
test,cancer,Lung MRI (1012).png,train__Lung MRI (1012).png,..\dataset_split\test\cancer\train__Lung MRI (1012).png,7a3522798663c3c8b9407e5f426b282a
test,no_cancer,LUNG MRI-NC (493).png,train__LUNG MRI-NC (493).png,..\dataset_split\test\no_cancer\train__LUNG MRI-NC (493).png,804ce67f9c7079fc60375361f2f383c5
test,no_cancer,LUNG MRI-NC (401).png,train__LUNG MRI-NC (401).png,..\dataset_split\test\no_cancer\train__LUNG MRI-NC (401).png,19327242c1842c601e0208a7e672b276
test,no_cancer,LUNG MRI-NC (179).png,train__LUNG MRI-NC (179).png,..\dataset_split\test\no_cancer\train__LUNG MRI-NC (179).png,d0b9c6ab1a41cddff6358212e71ad338
test,no_cancer,LUNG MRI-NC (1305).png,train__LUNG MRI-NC (1305).png,..\dataset_split\test\no_cancer\train__LUNG MRI-NC (1305).png,bbde447def2f85683b94e9651e379ff8
test,cancer,Lung MRI (875).png,train__Lung MRI (875).png,..\dataset_split\test\cancer\train__Lung MRI (875).png,5ab3fe7dafe969ff91af898c780b0f62
test,no_cancer,LUNG MRI-NC (630).png,train__LUNG MRI-NC (630).png,..\dataset_split\test\no_cancer\train__LUNG MRI-NC (630).png,263f96738690fbe0cec6f4d56c6ce8c6
test,no_cancer,LUNG MRI-NC (964).png,train__LUNG MRI-NC (964).png,..\dataset_split\test\no_cancer\train__LUNG MRI-NC (964).png,aea55ab2a0e11304b74c449e3702accb
test,cancer,Lung MRI (160).png,train__Lung MRI (160).png,..\dataset_split\test\cancer\train__Lung MRI (160).png,b05d67af29f87716ab9d9fd9b80a2aa6
test,no_cancer,LUNG MRI-NC (952).png,train__LUNG MRI-NC (952).png,..\dataset_split\test\no_cancer\train__LUNG MRI-NC (952).png,93777c3f8baeb05ce3eb98b49f14ee87
test,cancer,Lung MRI (792).png,train__Lung MRI (792).png,..\dataset_split\test\cancer\train__Lung MRI (792).png,0a6b3af77f450501955d45a501dcdf88
test,cancer,Lung MRI (428).png,train__Lung MRI (428).png,..\dataset_split\test\cancer\train__Lung MRI (428).png,f0804e1b11e71a364ee40d9c09c9efdb
test,no_cancer,LUNG MRI-NC (602).png,train__LUNG MRI-NC (602).png,..\dataset_split\test\no_cancer\train__LUNG MRI-NC (602).png,18180156420e2cfda565c78d6843f512
test,cancer,Lung MRI (464).png,train__Lung MRI (464).png,..\dataset_split\test\cancer\train__Lung MRI (464).png,c568cdbfe1c95d5375cfdc1a3df07972
test,no_cancer,LUNG MRI-NC (352).png,train__LUNG MRI-NC (352).png,..\dataset_split\test\no_cancer\train__LUNG MRI-NC (352).png,dcea5bd1b389adc6000a17d48222369b
test,no_cancer,LUNG MRI-NC (975).png,train__LUNG MRI-NC (975).png,..\dataset_split\test\no_cancer\train__LUNG MRI-NC (975).png,a0b27dde2337a82e39e94f938a7cd08e
test,cancer,Lung MRI (896).png,train__Lung MRI (896).png,..\dataset_split\test\cancer\train__Lung MRI (896).png,4627817eac29ad54e30b46dada3b2c18
test,cancer,Lung MRI (946).png,train__Lung MRI (946).png,..\dataset_split\test\cancer\train__Lung MRI (946).png,89d5d28a4e94d00a683e83408a45978a
test,cancer,Lung MRI (1089).png,train__Lung MRI (1089).png,..\dataset_split\test\cancer\train__Lung MRI (1089).png,acaeb6beed23d2c9c9ec24fdfd5d4954
test,no_cancer,LUNG MRI-NC (864).png,train__LUNG MRI-NC (864).png,..\dataset_split\test\no_cancer\train__LUNG MRI-NC (864).png,d063cc60f673456edfe1a2c2f8ca2caa
test,no_cancer,LUNG MRI-NC (200).png,train__LUNG MRI-NC (200).png,..\dataset_split\test\no_cancer\train__LUNG MRI-NC (200).png,cc1118346a7f9d37d623c8cc6f2d5ab6
test,cancer,Lung MRI (1474).png,validate__Lung MRI (1474).png,..\dataset_split\test\cancer\validate__Lung MRI (1474).png,f86b6e323dc21e23707f1e051aa87785
test,cancer,Lung MRI (917).png,train__Lung MRI (917).png,..\dataset_split\test\cancer\train__Lung MRI (917).png,099f3087325c290b871fef7e9e998d40
test,cancer,Lung MRI (179).png,train__Lung MRI (179).png,..\dataset_split\test\cancer\train__Lung MRI (179).png,c8af371f2edb7abbb6ae0147e401e62e
test,no_cancer,LUNG MRI-NC (389).png,train__LUNG MRI-NC (389).png,..\dataset_split\test\no_cancer\train__LUNG MRI-NC (389).png,8ebead4dc9f6c930fb47a10df2e0a251
test,no_cancer,LUNG MRI NC (170).png,validate__LUNG MRI NC (170).png,..\dataset_split\test\no_cancer\validate__LUNG MRI NC (170).png,0a847a3be644e5741ea1445d2cb0274a
test,no_cancer,LUNG MRI-NC (182).png,train__LUNG MRI-NC (182).png,..\dataset_split\test\no_cancer\train__LUNG MRI-NC (182).png,c3c42e3e54a43a85f7bc3c375a13a10b
test,no_cancer,LUNG MRI NC (114).png,validate__LUNG MRI NC (114).png,..\dataset_split\test\no_cancer\validate__LUNG MRI NC (114).png,1507be27347bdc2b176fd3236a569597
test,no_cancer,LUNG MRI NC (331).png,validate__LUNG MRI NC (331).png,..\dataset_split\test\no_cancer\validate__LUNG MRI NC (331).png,51c6df70b89ad0f3722948a84b6f7882
test,cancer,Lung MRI (1418).png,validate__Lung MRI (1418).png,..\dataset_split\test\cancer\validate__Lung MRI (1418).png,e1d2010d2fbff3d24d289488f8941c25
test,cancer,Lung MRI (910).png,train__Lung MRI (910).png,..\dataset_split\test\cancer\train__Lung MRI (910).png,3488324c114e62d5f3bc7223e7306815
test,cancer,Lung MRI (476).png,train__Lung MRI (476).png,..\dataset_split\test\cancer\train__Lung MRI (476).png,b048850d113700dd1897cc8b5e07df24
test,no_cancer,LUNG MRI-NC (514).png,train__LUNG MRI-NC (514).png,..\dataset_split\test\no_cancer\train__LUNG MRI-NC (514).png,b6d918bcff944ab5d570e2757a920e11
test,cancer,Lung MRI (967).png,train__Lung MRI (967).png,..\dataset_split\test\cancer\train__Lung MRI (967).png,bfdceaff6c6ce1385ac198670973078b
test,no_cancer,LUNG MRI NC (350).png,validate__LUNG MRI NC (350).png,..\dataset_split\test\no_cancer\validate__LUNG MRI NC (350).png,d7f5b82252f6b0de1ef966aefc491e6c
test,no_cancer,LUNG MRI-NC (906).png,train__LUNG MRI-NC (906).png,..\dataset_split\test\no_cancer\train__LUNG MRI-NC (906).png,a50e33066d41e4ebe12f6a6c9ddb5dff
test,no_cancer,LUNG MRI-NC (692).png,train__LUNG MRI-NC (692).png,..\dataset_split\test\no_cancer\train__LUNG MRI-NC (692).png,2692d881950192a5b29bdb1b1179fd24
test,cancer,Lung MRI (82).png,train__Lung MRI (82).png,..\dataset_split\test\cancer\train__Lung MRI (82).png,caa571b8d4785c3490c66203cb7e856a
test,cancer,Lung MRI (650).png,train__Lung MRI (650).png,..\dataset_split\test\cancer\train__Lung MRI (650).png,b22e07458add6e125c231b1032f47cce
test,cancer,Lung MRI (976).png,train__Lung MRI (976).png,..\dataset_split\test\cancer\train__Lung MRI (976).png,24dfd4841e08817105daffa017dcb275
test,no_cancer,LUNG MRI-NC (828).png,train__LUNG MRI-NC (828).png,..\dataset_split\test\no_cancer\train__LUNG MRI-NC (828).png,4571ca8705523b47d1aba9baab206e04
test,cancer,Lung MRI (10).png,train__Lung MRI (10).png,..\dataset_split\test\cancer\train__Lung MRI (10).png,4a1346407a0dfeb1869740e029476066
test,no_cancer,LUNG MRI-NC (1252).png,train__LUNG MRI-NC (1252).png,..\dataset_split\test\no_cancer\train__LUNG MRI-NC (1252).png,7efd7fe1b0bab00efaf1d06b02141e67
test,cancer,Lung MRI (1032).png,train__Lung MRI (1032).png,..\dataset_split\test\cancer\train__Lung MRI (1032).png,3ff99631d8a19c0030353708df3d03f1
test,no_cancer,LUNG MRI NC (325).png,validate__LUNG MRI NC (325).png,..\dataset_split\test\no_cancer\validate__LUNG MRI NC (325).png,84f3f1404c6b1c664205b137f9a9e9f3
test,cancer,Lung MRI (1046).png,train__Lung MRI (1046).png,..\dataset_split\test\cancer\train__Lung MRI (1046).png,ec0b350301686aeff8c611d88e1a8188
test,no_cancer,LUNG MRI-NC (1295).png,train__LUNG MRI-NC (1295).png,..\dataset_split\test\no_cancer\train__LUNG MRI-NC (1295).png,727126850d32b500d879dd2f76addd25
test,no_cancer,LUNG MRI NC (473).png,validate__LUNG MRI NC (473).png,..\dataset_split\test\no_cancer\validate__LUNG MRI NC (473).png,aa0532d194d6c565b11bd8152c4a1a4f
test,cancer,Lung MRI (695).png,train__Lung MRI (695).png,..\dataset_split\test\cancer\train__Lung MRI (695).png,11858ca3fc38f8b70c1191ec719b0fab
test,no_cancer,LUNG MRI-NC (303).png,train__LUNG MRI-NC (303).png,..\dataset_split\test\no_cancer\train__LUNG MRI-NC (303).png,c0718af214a490cd6149b98ab3ae86c8
test,no_cancer,LUNG MRI-NC (774).png,train__LUNG MRI-NC (774).png,..\dataset_split\test\no_cancer\train__LUNG MRI-NC (774).png,af225a422dd0173f7db1e60771d5cf3f
test,no_cancer,LUNG MRI NC (112).png,validate__LUNG MRI NC (112).png,..\dataset_split\test\no_cancer\validate__LUNG MRI NC (112).png,f13a7db40355ac1039ec13708e66583d
test,cancer,Lung MRI (854).png,train__Lung MRI (854).png,..\dataset_split\test\cancer\train__Lung MRI (854).png,546ff2042ed33dcd972f468dbfa1656e
test,cancer,Lung MRI (914).png,train__Lung MRI (914).png,..\dataset_split\test\cancer\train__Lung MRI (914).png,481fa8c282ca0fb277d6fdf8fd3aa6dc
test,no_cancer,LUNG MRI-NC (1259).png,train__LUNG MRI-NC (1259).png,..\dataset_split\test\no_cancer\train__LUNG MRI-NC (1259).png,cdcd249c521f88fa349f6473048658ef
test,cancer,Lung MRI (419).png,train__Lung MRI (419).png,..\dataset_split\test\cancer\train__Lung MRI (419).png,b103fade60b0c25b0091f67dbd7f0936
test,no_cancer,LUNG MRI-NC (1086).png,train__LUNG MRI-NC (1086).png,..\dataset_split\test\no_cancer\train__LUNG MRI-NC (1086).png,92b18ee74d927fda399a630ea5919103
test,cancer,Lung MRI (137).png,train__Lung MRI (137).png,..\dataset_split\test\cancer\train__Lung MRI (137).png,ee91b71b3c7090f833592ad42e4c8a1e
test,no_cancer,LUNG MRI-NC (1007).png,train__LUNG MRI-NC (1007).png,..\dataset_split\test\no_cancer\train__LUNG MRI-NC (1007).png,ee59b8b550582c6888fe4dae48c67f60
test,no_cancer,LUNG MRI-NC (1051).png,train__LUNG MRI-NC (1051).png,..\dataset_split\test\no_cancer\train__LUNG MRI-NC (1051).png,5e20cc4a2899abe0a31572d160d26158
test,no_cancer,LUNG MRI-NC (914).png,train__LUNG MRI-NC (914).png,..\dataset_split\test\no_cancer\train__LUNG MRI-NC (914).png,fa9add6fb2269b2616974978bf68fe4c
test,cancer,Lung MRI (458).png,train__Lung MRI (458).png,..\dataset_split\test\cancer\train__Lung MRI (458).png,1476c39762ad2ae932c5084c734f3cd7
test,no_cancer,LUNG MRI-NC (384).png,train__LUNG MRI-NC (384).png,..\dataset_split\test\no_cancer\train__LUNG MRI-NC (384).png,3734ccc28390754dd41738b026f8e614
test,no_cancer,LUNG MRI-NC (894).png,train__LUNG MRI-NC (894).png,..\dataset_split\test\no_cancer\train__LUNG MRI-NC (894).png,cd5b25e4aa4ce43c94edd93664fbf696
test,no_cancer,LUNG MRI-NC (833).png,train__LUNG MRI-NC (833).png,..\dataset_split\test\no_cancer\train__LUNG MRI-NC (833).png,d89e1f2e68983f01b984afad3747c530
test,cancer,Lung MRI (439).png,train__Lung MRI (439).png,..\dataset_split\test\cancer\train__Lung MRI (439).png,7ad9f85a0ca6cc9b8fb54fe6bcac8504
test,no_cancer,LUNG MRI-NC (753).png,train__LUNG MRI-NC (753).png,..\dataset_split\test\no_cancer\train__LUNG MRI-NC (753).png,b51f2b0fe35be162fc3ad47dbe3d8a6c
test,no_cancer,LUNG MRI-NC (1098).png,train__LUNG MRI-NC (1098).png,..\dataset_split\test\no_cancer\train__LUNG MRI-NC (1098).png,b6f6e8242744e8277b4463e86dd8445e
test,cancer,Lung MRI (39).png,train__Lung MRI (39).png,..\dataset_split\test\cancer\train__Lung MRI (39).png,358144f850500f38ac6be8d2e905690c
test,no_cancer,LUNG MRI NC (369).png,validate__LUNG MRI NC (369).png,..\dataset_split\test\no_cancer\validate__LUNG MRI NC (369).png,487398cfaa2f2eb3f1273e8c9a78fb96
test,no_cancer,LUNG MRI NC (271).png,validate__LUNG MRI NC (271).png,..\dataset_split\test\no_cancer\validate__LUNG MRI NC (271).png,2e5e86bf6390bf7b0c45efa7e99534c6
test,no_cancer,LUNG MRI-NC (1123).png,train__LUNG MRI-NC (1123).png,..\dataset_split\test\no_cancer\train__LUNG MRI-NC (1123).png,a092a04a4d9fe507348807675c0a34c4
test,cancer,Lung MRI (655).png,train__Lung MRI (655).png,..\dataset_split\test\cancer\train__Lung MRI (655).png,2eeffdd677a3177635981be63d90d108
test,cancer,Lung MRI (897).png,train__Lung MRI (897).png,..\dataset_split\test\cancer\train__Lung MRI (897).png,8b177cab295dc08a168abc6801ef6282
test,cancer,Lung MRI (710).png,train__Lung MRI (710).png,..\dataset_split\test\cancer\train__Lung MRI (710).png,d34be3bd2e60a22b784d9e955fbc4cd0
test,cancer,Lung MRI (110).png,train__Lung MRI (110).png,..\dataset_split\test\cancer\train__Lung MRI (110).png,4b5ea121ab8c1f46714a61cd98426fe3
test,cancer,Lung MRI (1438).png,validate__Lung MRI (1438).png,..\dataset_split\test\cancer\validate__Lung MRI (1438).png,0b4e5298518fb0106dc1e706d85e03c1
test,cancer,Lung MRI (45).png,train__Lung MRI (45).png,..\dataset_split\test\cancer\train__Lung MRI (45).png,e2aef09e44bcd7a4989dd79cc6531d10
test,no_cancer,LUNG MRI-NC (548).png,train__LUNG MRI-NC (548).png,..\dataset_split\test\no_cancer\train__LUNG MRI-NC (548).png,d219e5e38420346ed51b63eaa1382d00
test,no_cancer,LUNG MRI NC (355).png,validate__LUNG MRI NC (355).png,..\dataset_split\test\no_cancer\validate__LUNG MRI NC (355).png,f6ef5b0ec07dde49f91432144e19917b
test,no_cancer,LUNG MRI-NC (574).png,train__LUNG MRI-NC (574).png,..\dataset_split\test\no_cancer\train__LUNG MRI-NC (574).png,9ebbf11b470e8ec64d2d5d76b06827e3
test,no_cancer,LUNG MRI-NC (97).png,train__LUNG MRI-NC (97).png,..\dataset_split\test\no_cancer\train__LUNG MRI-NC (97).png,72b719f1b584c3a0e6e3ca8d3c00a34b
test,no_cancer,LUNG MRI NC (464).png,validate__LUNG MRI NC (464).png,..\dataset_split\test\no_cancer\validate__LUNG MRI NC (464).png,824b1947d7febdf307f961c1019b77f0
test,no_cancer,LUNG MRI-NC (144).png,train__LUNG MRI-NC (144).png,..\dataset_split\test\no_cancer\train__LUNG MRI-NC (144).png,d9e6ea2c88ad1d9610642ea0bd8c6a02
test,no_cancer,LUNG MRI NC (323).png,validate__LUNG MRI NC (323).png,..\dataset_split\test\no_cancer\validate__LUNG MRI NC (323).png,cb08b7558e08c825173c5b361df88f6a
test,no_cancer,LUNG MRI-NC (160).png,train__LUNG MRI-NC (160).png,..\dataset_split\test\no_cancer\train__LUNG MRI-NC (160).png,d4bd2ba2433059e16443bd2c20fdd80a
test,no_cancer,LUNG MRI-NC (1091).png,train__LUNG MRI-NC (1091).png,..\dataset_split\test\no_cancer\train__LUNG MRI-NC (1091).png,59f1c3bce96f2bfeb87cb579339eaec2
test,cancer,Lung MRI (1412).png,validate__Lung MRI (1412).png,..\dataset_split\test\cancer\validate__Lung MRI (1412).png,34882f285dc28d2389b664269c0f9505
test,no_cancer,LUNG MRI-NC (463).png,train__LUNG MRI-NC (463).png,..\dataset_split\test\no_cancer\train__LUNG MRI-NC (463).png,96d2f74b186e00052cc7c911f1c7001d
test,cancer,Lung MRI (889).png,train__Lung MRI (889).png,..\dataset_split\test\cancer\train__Lung MRI (889).png,e68dfb2a018dd2d446d39b2bc163e60b
test,no_cancer,LUNG MRI-NC (526).png,train__LUNG MRI-NC (526).png,..\dataset_split\test\no_cancer\train__LUNG MRI-NC (526).png,37c9963036904183fe88da50d60742fc
test,no_cancer,LUNG MRI-NC (838).png,train__LUNG MRI-NC (838).png,..\dataset_split\test\no_cancer\train__LUNG MRI-NC (838).png,0682d837c2ed4d9abe72aeca9e056c65
test,no_cancer,LUNG MRI-NC (211).png,train__LUNG MRI-NC (211).png,..\dataset_split\test\no_cancer\train__LUNG MRI-NC (211).png,49eaf2ebc4ee9e94c8b49152f2986bdd
test,no_cancer,LUNG MRI-NC (203).png,train__LUNG MRI-NC (203).png,..\dataset_split\test\no_cancer\train__LUNG MRI-NC (203).png,87f09f4e727af924e8a08e19e5d93694
test,cancer,Lung MRI (1016).png,train__Lung MRI (1016).png,..\dataset_split\test\cancer\train__Lung MRI (1016).png,86a35ea8721af2db9b5215dff0942da4
test,no_cancer,LUNG MRI-NC (99).png,train__LUNG MRI-NC (99).png,..\dataset_split\test\no_cancer\train__LUNG MRI-NC (99).png,aef7d1ff512a7dda4b49f9a0269d3ce4
test,no_cancer,LUNG MRI-NC (197).png,train__LUNG MRI-NC (197).png,..\dataset_split\test\no_cancer\train__LUNG MRI-NC (197).png,d42c475a74a61fa483991340fc64219f
test,no_cancer,LUNG MRI-NC (534).png,train__LUNG MRI-NC (534).png,..\dataset_split\test\no_cancer\train__LUNG MRI-NC (534).png,f1560056f615ea0414de49aea2c9b506
test,cancer,Lung MRI (133).png,train__Lung MRI (133).png,..\dataset_split\test\cancer\train__Lung MRI (133).png,d912abca0230bbf00c8635c96cd6c5bb
test,no_cancer,LUNG MRI-NC (564).png,train__LUNG MRI-NC (564).png,..\dataset_split\test\no_cancer\train__LUNG MRI-NC (564).png,05aeed24ebf0e1ffcbfd929f3b3a9016
test,cancer,Lung MRI (1434).png,validate__Lung MRI (1434).png,..\dataset_split\test\cancer\validate__Lung MRI (1434).png,c5f44880b5f942113e0504242a2aee7f
test,cancer,Lung MRI (585).png,train__Lung MRI (585).png,..\dataset_split\test\cancer\train__Lung MRI (585).png,7b0eaae8abbc0e85b1be9ad6e2b8d9eb
test,no_cancer,LUNG MRI-NC (726).png,train__LUNG MRI-NC (726).png,..\dataset_split\test\no_cancer\train__LUNG MRI-NC (726).png,e93374d3348b6e329122faad550d8e55
test,no_cancer,LUNG MRI-NC (451).png,train__LUNG MRI-NC (451).png,..\dataset_split\test\no_cancer\train__LUNG MRI-NC (451).png,bdf85148bd01f74788afae7ed5c1b623
test,cancer,Lung MRI (120).png,train__Lung MRI (120).png,..\dataset_split\test\cancer\train__Lung MRI (120).png,b4f542c274ebba16c83b5c318cf61453
test,no_cancer,LUNG MRI-NC (1053).png,train__LUNG MRI-NC (1053).png,..\dataset_split\test\no_cancer\train__LUNG MRI-NC (1053).png,83534576e5e15f1e5ee237fde9212827
test,no_cancer,LUNG MRI-NC (1103).png,train__LUNG MRI-NC (1103).png,..\dataset_split\test\no_cancer\train__LUNG MRI-NC (1103).png,d9ed9148455f4009047d72f92fd4c287
test,no_cancer,LUNG MRI NC (354).png,validate__LUNG MRI NC (354).png,..\dataset_split\test\no_cancer\validate__LUNG MRI NC (354).png,562ed2974dda0737cb0707cb8d749f44
test,no_cancer,LUNG MRI-NC (236).png,train__LUNG MRI-NC (236).png,..\dataset_split\test\no_cancer\train__LUNG MRI-NC (236).png,daa9536035c825481091b2223d53b6aa
test,no_cancer,LUNG MRI-NC (1155).png,train__LUNG MRI-NC (1155).png,..\dataset_split\test\no_cancer\train__LUNG MRI-NC (1155).png,916d6aa0c33a30d38ef689ff498243fc
test,no_cancer,LUNG MRI-NC (915).png,train__LUNG MRI-NC (915).png,..\dataset_split\test\no_cancer\train__LUNG MRI-NC (915).png,da05764a35d729fe606296e7e8169ec8
test,cancer,Lung MRI (178).png,train__Lung MRI (178).png,..\dataset_split\test\cancer\train__Lung MRI (178).png,b11735b314ee1d2fae025e703d363cba
test,cancer,Lung MRI (1103).png,train__Lung MRI (1103).png,..\dataset_split\test\cancer\train__Lung MRI (1103).png,ac51074b69f17592d2d93c269351a327
test,no_cancer,LUNG MRI NC (392).png,validate__LUNG MRI NC (392).png,..\dataset_split\test\no_cancer\validate__LUNG MRI NC (392).png,67988a5ec794e38563c26e9297deb0fa
test,cancer,Lung MRI (793).png,train__Lung MRI (793).png,..\dataset_split\test\cancer\train__Lung MRI (793).png,9b60c5236d428c4556920035a2393c4d
test,no_cancer,LUNG MRI NC (311).png,validate__LUNG MRI NC (311).png,..\dataset_split\test\no_cancer\validate__LUNG MRI NC (311).png,9fad8a0f04af81e3d7cd446ac7cdcc35
test,cancer,Lung MRI (697).png,train__Lung MRI (697).png,..\dataset_split\test\cancer\train__Lung MRI (697).png,91af38d31c52ccd5aed937d53a2a0872
test,no_cancer,LUNG MRI-NC (556).png,train__LUNG MRI-NC (556).png,..\dataset_split\test\no_cancer\train__LUNG MRI-NC (556).png,06b4d7196409798807489293236548d1
test,cancer,Lung MRI (243).png,train__Lung MRI (243).png,..\dataset_split\test\cancer\train__Lung MRI (243).png,eaad823cf68bc0a9a84991fe0a5ec730
test,cancer,Lung MRI (276).png,train__Lung MRI (276).png,..\dataset_split\test\cancer\train__Lung MRI (276).png,a599d3645cd520271be6ec2dc8009ccd
test,cancer,Lung MRI (627).png,train__Lung MRI (627).png,..\dataset_split\test\cancer\train__Lung MRI (627).png,109f8adc1997fea1946a95d877005d24
test,no_cancer,LUNG MRI-NC (1078).png,train__LUNG MRI-NC (1078).png,..\dataset_split\test\no_cancer\train__LUNG MRI-NC (1078).png,52c5541cea3497d1035c4b0fed97968c
test,no_cancer,LUNG MRI-NC (400).png,train__LUNG MRI-NC (400).png,..\dataset_split\test\no_cancer\train__LUNG MRI-NC (400).png,117dc1f46833695e6e9f784aa163e18f
test,no_cancer,LUNG MRI NC (241).png,validate__LUNG MRI NC (241).png,..\dataset_split\test\no_cancer\validate__LUNG MRI NC (241).png,c9b56804359ea53cddd628c0fe840a56
test,cancer,Lung MRI (451).png,train__Lung MRI (451).png,..\dataset_split\test\cancer\train__Lung MRI (451).png,a05a99128a2055102362a85370eb9b62
test,no_cancer,LUNG MRI NC (480).png,validate__LUNG MRI NC (480).png,..\dataset_split\test\no_cancer\validate__LUNG MRI NC (480).png,2153178cbd9f24a67d67c6f8de144fba
test,no_cancer,LUNG MRI-NC (711).png,train__LUNG MRI-NC (711).png,..\dataset_split\test\no_cancer\train__LUNG MRI-NC (711).png,2357442f59a9fcb9f9dcb0e821a27bd2
test,cancer,Lung MRI (84).png,train__Lung MRI (84).png,..\dataset_split\test\cancer\train__Lung MRI (84).png,68570cdd213f178174eef136c33f4d4b
test,no_cancer,LUNG MRI-NC (223).png,train__LUNG MRI-NC (223).png,..\dataset_split\test\no_cancer\train__LUNG MRI-NC (223).png,a0098e1f5b019d737792a1db780795d2
test,no_cancer,LUNG MRI NC (387).png,validate__LUNG MRI NC (387).png,..\dataset_split\test\no_cancer\validate__LUNG MRI NC (387).png,0fc08d0d4e6eddc00114ad9bec2ee54c
test,cancer,Lung MRI (164).png,train__Lung MRI (164).png,..\dataset_split\test\cancer\train__Lung MRI (164).png,0a6732c481a6965466d423680334540f
test,cancer,Lung MRI (135).png,train__Lung MRI (135).png,..\dataset_split\test\cancer\train__Lung MRI (135).png,2a0f1374576fa07291b3f36eb4531dee
test,cancer,Lung MRI (163).png,train__Lung MRI (163).png,..\dataset_split\test\cancer\train__Lung MRI (163).png,f0b7542ec67df2557fdba411c86c3c00
test,cancer,Lung MRI (834).png,train__Lung MRI (834).png,..\dataset_split\test\cancer\train__Lung MRI (834).png,5b24acfb38009a9ec57a4ea7d5416d64
test,no_cancer,LUNG MRI-NC (889).png,train__LUNG MRI-NC (889).png,..\dataset_split\test\no_cancer\train__LUNG MRI-NC (889).png,616f318ca85ed414e8ecad88f5936a49
test,cancer,Lung MRI (772).png,train__Lung MRI (772).png,..\dataset_split\test\cancer\train__Lung MRI (772).png,794a01f58d35b31f87592d93a2b48cd2
test,no_cancer,LUNG MRI-NC (1115).png,train__LUNG MRI-NC (1115).png,..\dataset_split\test\no_cancer\train__LUNG MRI-NC (1115).png,8bfb873b786a28885e7e207f10ab9958
test,no_cancer,LUNG MRI-NC (213).png,train__LUNG MRI-NC (213).png,..\dataset_split\test\no_cancer\train__LUNG MRI-NC (213).png,b6e3ccffd90b49ff035bbbc00d124e14
test,no_cancer,LUNG MRI NC (145).png,validate__LUNG MRI NC (145).png,..\dataset_split\test\no_cancer\validate__LUNG MRI NC (145).png,573a638e4f214e2d148a8a4b17203def
test,no_cancer,LUNG MRI-NC (657).png,train__LUNG MRI-NC (657).png,..\dataset_split\test\no_cancer\train__LUNG MRI-NC (657).png,7ea2d79c4a00e2df719ff1e1e33a8887
test,cancer,Lung MRI (432).png,train__Lung MRI (432).png,..\dataset_split\test\cancer\train__Lung MRI (432).png,8c2facc4e5bf15521b37fabdafbe2559
test,no_cancer,LUNG MRI-NC (788).png,train__LUNG MRI-NC (788).png,..\dataset_split\test\no_cancer\train__LUNG MRI-NC (788).png,d910fe820d00a26fa3b48c59a5a05aa4
test,no_cancer,LUNG MRI NC (386).png,validate__LUNG MRI NC (386).png,..\dataset_split\test\no_cancer\validate__LUNG MRI NC (386).png,5b34433bcff6b2cb6c3f5e45cdb6bf2b
test,no_cancer,LUNG MRI-NC (480).png,train__LUNG MRI-NC (480).png,..\dataset_split\test\no_cancer\train__LUNG MRI-NC (480).png,92270ca366d55686164689a53a0ec67d
test,cancer,Lung MRI (435).png,train__Lung MRI (435).png,..\dataset_split\test\cancer\train__Lung MRI (435).png,e99088b5260b40fa3f3a6eeb6e0a9c12
test,no_cancer,LUNG MRI-NC (1170).png,train__LUNG MRI-NC (1170).png,..\dataset_split\test\no_cancer\train__LUNG MRI-NC (1170).png,8b10b9bde4acbe3adae3c9cbb0ca31ae
test,no_cancer,LUNG MRI-NC (631).png,train__LUNG MRI-NC (631).png,..\dataset_split\test\no_cancer\train__LUNG MRI-NC (631).png,233beda5b5153a6076afb880e50a4f3f
test,no_cancer,LUNG MRI NC (172).png,validate__LUNG MRI NC (172).png,..\dataset_split\test\no_cancer\validate__LUNG MRI NC (172).png,ddc9bdd4105ca821b8d55b0eea32268b
test,no_cancer,LUNG MRI-NC (1135).png,train__LUNG MRI-NC (1135).png,..\dataset_split\test\no_cancer\train__LUNG MRI-NC (1135).png,bd7c8406f9a044b082443adce3820d39
test,cancer,Lung MRI (344).png,train__Lung MRI (344).png,..\dataset_split\test\cancer\train__Lung MRI (344).png,f8f0883ac9cf043fca7e8fdcb0b7b5aa
test,no_cancer,LUNG MRI-NC (1032).png,train__LUNG MRI-NC (1032).png,..\dataset_split\test\no_cancer\train__LUNG MRI-NC (1032).png,a731846c8ed99bfeffebc7d9007f8c6a
test,no_cancer,LUNG MRI-NC (862).png,train__LUNG MRI-NC (862).png,..\dataset_split\test\no_cancer\train__LUNG MRI-NC (862).png,0302dee6888b7cc59156302f5e7e38e9
test,no_cancer,LUNG MRI-NC (140).png,train__LUNG MRI-NC (140).png,..\dataset_split\test\no_cancer\train__LUNG MRI-NC (140).png,6c646e957de2d80ad84f6d2c24cafcb8
test,cancer,Lung MRI (213).png,train__Lung MRI (213).png,..\dataset_split\test\cancer\train__Lung MRI (213).png,90d1b5a3de0aa3fb108fe138a0fbc8ec
test,cancer,Lung MRI (305).png,train__Lung MRI (305).png,..\dataset_split\test\cancer\train__Lung MRI (305).png,5a4fa57e4ae5afe70952c755b04cd8f1
test,no_cancer,LUNG MRI-NC (78).png,train__LUNG MRI-NC (78).png,..\dataset_split\test\no_cancer\train__LUNG MRI-NC (78).png,2927dde5ff781d12c5d2801979c4dc60
test,cancer,Lung MRI (713).png,train__Lung MRI (713).png,..\dataset_split\test\cancer\train__Lung MRI (713).png,469f29ee67cc43ad3bd334687da7fd30
test,cancer,Lung MRI (701).png,train__Lung MRI (701).png,..\dataset_split\test\cancer\train__Lung MRI (701).png,d2311fbcc19e165a4d2abc808172ad82
test,cancer,Lung MRI (17).png,train__Lung MRI (17).png,..\dataset_split\test\cancer\train__Lung MRI (17).png,6e265602424bc1147d1794be623f2120
test,cancer,Lung MRI (1086).png,train__Lung MRI (1086).png,..\dataset_split\test\cancer\train__Lung MRI (1086).png,b05d5b4230eac1eb5fd62c3b74a76cec
test,no_cancer,LUNG MRI-NC (1133).png,train__LUNG MRI-NC (1133).png,..\dataset_split\test\no_cancer\train__LUNG MRI-NC (1133).png,e86d1c5b2d57a29eb1ea1baffcc8499b
test,cancer,Lung MRI (607).png,train__Lung MRI (607).png,..\dataset_split\test\cancer\train__Lung MRI (607).png,886263cb50a399a2f3c07130969e80e9
test,no_cancer,LUNG MRI NC (397).png,validate__LUNG MRI NC (397).png,..\dataset_split\test\no_cancer\validate__LUNG MRI NC (397).png,a53794a1913c1167f695d79b6f301b43
test,cancer,Lung MRI (1421).png,validate__Lung MRI (1421).png,..\dataset_split\test\cancer\validate__Lung MRI (1421).png,1619ea30d6d83e7e9e9384dc5ffa1b58
test,cancer,Lung MRI (29).png,train__Lung MRI (29).png,..\dataset_split\test\cancer\train__Lung MRI (29).png,187bcf517f338056096f89da88e2b312
test,cancer,Lung MRI (369).png,train__Lung MRI (369).png,..\dataset_split\test\cancer\train__Lung MRI (369).png,322458cf7af47b211a19bd433f5e730c
test,cancer,Lung MRI (513).png,train__Lung MRI (513).png,..\dataset_split\test\cancer\train__Lung MRI (513).png,a4031990e28e97a1623b2683ff9fc873
test,cancer,Lung MRI (865).png,train__Lung MRI (865).png,..\dataset_split\test\cancer\train__Lung MRI (865).png,12640d116f9414a38c31ad7fd1853ce6
test,no_cancer,LUNG MRI NC (256).png,validate__LUNG MRI NC (256).png,..\dataset_split\test\no_cancer\validate__LUNG MRI NC (256).png,9828c423ef690b39e1dac675221966c0
test,cancer,Lung MRI (162).png,train__Lung MRI (162).png,..\dataset_split\test\cancer\train__Lung MRI (162).png,f389b5ecc2f12eb9bb2f7c2f960ebc19
test,no_cancer,LUNG MRI NC (104).png,validate__LUNG MRI NC (104).png,..\dataset_split\test\no_cancer\validate__LUNG MRI NC (104).png,b18b69c4704dac28a007773b4ebd3590
test,no_cancer,LUNG MRI-NC (1283).png,train__LUNG MRI-NC (1283).png,..\dataset_split\test\no_cancer\train__LUNG MRI-NC (1283).png,36e74b07497b1b56a288b6399285906e
test,no_cancer,LUNG MRI-NC (816).png,train__LUNG MRI-NC (816).png,..\dataset_split\test\no_cancer\train__LUNG MRI-NC (816).png,adb9dc376914ba9b56e8f91c097dbc52
test,cancer,Lung MRI (791).png,train__Lung MRI (791).png,..\dataset_split\test\cancer\train__Lung MRI (791).png,7e76538462f57f92ca2c52b5b30858b9
test,cancer,Lung MRI (50).png,train__Lung MRI (50).png,..\dataset_split\test\cancer\train__Lung MRI (50).png,d7891c7bcaf38018ccec2cc10d32f601
test,no_cancer,LUNG MRI-NC (1285).png,train__LUNG MRI-NC (1285).png,..\dataset_split\test\no_cancer\train__LUNG MRI-NC (1285).png,c9ccd9a3fed3d7cfe1fcc93a4d52e2be
test,no_cancer,LUNG MRI-NC (72).png,train__LUNG MRI-NC (72).png,..\dataset_split\test\no_cancer\train__LUNG MRI-NC (72).png,860df1511880ce64de331e6cce46857a
test,no_cancer,LUNG MRI-NC (664).png,train__LUNG MRI-NC (664).png,..\dataset_split\test\no_cancer\train__LUNG MRI-NC (664).png,c3a238011331c2dd83fb63643e3a218f
test,no_cancer,LUNG MRI-NC (1171).png,train__LUNG MRI-NC (1171).png,..\dataset_split\test\no_cancer\train__LUNG MRI-NC (1171).png,5bf0fcc27cbf30fc53dbc1623761f9f8
test,no_cancer,LUNG MRI NC (120).png,validate__LUNG MRI NC (120).png,..\dataset_split\test\no_cancer\validate__LUNG MRI NC (120).png,417f8c7e49808593907d04bb9e496ff3
test,cancer,Lung MRI (431).png,train__Lung MRI (431).png,..\dataset_split\test\cancer\train__Lung MRI (431).png,7575a3d14812060c7ba2526a0eaad598
test,no_cancer,LUNG MRI NC (90).png,validate__LUNG MRI NC (90).png,..\dataset_split\test\no_cancer\validate__LUNG MRI NC (90).png,b5ab4603bc8a2c6354b2ce563d187065
test,cancer,Lung MRI (609).png,train__Lung MRI (609).png,..\dataset_split\test\cancer\train__Lung MRI (609).png,b1079dd0cdac5d3f9c07ae12e72c12cf
test,no_cancer,LUNG MRI-NC (241).png,train__LUNG MRI-NC (241).png,..\dataset_split\test\no_cancer\train__LUNG MRI-NC (241).png,7bb43d1a44d26bd1918e719a6bbd3a67
test,no_cancer,LUNG MRI-NC (49).png,train__LUNG MRI-NC (49).png,..\dataset_split\test\no_cancer\train__LUNG MRI-NC (49).png,b07acfbbf34410c59b0092a5f4958c71
test,no_cancer,LUNG MRI-NC (138).png,train__LUNG MRI-NC (138).png,..\dataset_split\test\no_cancer\train__LUNG MRI-NC (138).png,55758aff3ebb329c408d1e7894100b44
test,cancer,Lung MRI (339).png,train__Lung MRI (339).png,..\dataset_split\test\cancer\train__Lung MRI (339).png,1ca81830377c5ef58668b51cb1fc4766
test,no_cancer,LUNG MRI-NC (679).png,train__LUNG MRI-NC (679).png,..\dataset_split\test\no_cancer\train__LUNG MRI-NC (679).png,f47a175af5eca80497572e39dc9d5651
test,cancer,Lung MRI (19).png,train__Lung MRI (19).png,..\dataset_split\test\cancer\train__Lung MRI (19).png,2951269ecc00e11d88dadf7501ec9b71
test,cancer,Lung MRI (1425).png,validate__Lung MRI (1425).png,..\dataset_split\test\cancer\validate__Lung MRI (1425).png,e56a4c0c030703975a2f4b96fc4c27e7
test,cancer,Lung MRI (61).png,train__Lung MRI (61).png,..\dataset_split\test\cancer\train__Lung MRI (61).png,ca71c970b6322e21bd93d4d798a8f69a
test,no_cancer,LUNG MRI-NC (808).png,train__LUNG MRI-NC (808).png,..\dataset_split\test\no_cancer\train__LUNG MRI-NC (808).png,9146a75f4e31c56a3bf16f3bd7363bbe
test,no_cancer,LUNG MRI-NC (516).png,train__LUNG MRI-NC (516).png,..\dataset_split\test\no_cancer\train__LUNG MRI-NC (516).png,00b3dfe567d6a4ea92e00f6a4a12667b
test,no_cancer,LUNG MRI-NC (1183).png,train__LUNG MRI-NC (1183).png,..\dataset_split\test\no_cancer\train__LUNG MRI-NC (1183).png,6ed0d2688ebdfc3b5b2bb1b9f3dfd9dd
test,no_cancer,LUNG MRI-NC (1268).png,train__LUNG MRI-NC (1268).png,..\dataset_split\test\no_cancer\train__LUNG MRI-NC (1268).png,93f2d8b169c9ceae6aa6f316b6fef32d
test,no_cancer,LUNG MRI-NC (357).png,train__LUNG MRI-NC (357).png,..\dataset_split\test\no_cancer\train__LUNG MRI-NC (357).png,6a04bbe35957973322c33ad57834d6d1
test,no_cancer,LUNG MRI-NC (345).png,train__LUNG MRI-NC (345).png,..\dataset_split\test\no_cancer\train__LUNG MRI-NC (345).png,724644d10966df1c5dd336f43c562189
test,cancer,Lung MRI (1485).png,validate__Lung MRI (1485).png,..\dataset_split\test\cancer\validate__Lung MRI (1485).png,6f470024db479b3a4c9017dc807dd608
test,cancer,Lung MRI (804).png,train__Lung MRI (804).png,..\dataset_split\test\cancer\train__Lung MRI (804).png,4e0a7c2d781b875745d4186e75989606
test,cancer,Lung MRI (282).png,train__Lung MRI (282).png,..\dataset_split\test\cancer\train__Lung MRI (282).png,c629002910534e31495336dcb9a832f6
test,no_cancer,LUNG MRI-NC (1064).png,train__LUNG MRI-NC (1064).png,..\dataset_split\test\no_cancer\train__LUNG MRI-NC (1064).png,1f7dc82ce5f3ccda8458a992cd34fe37
test,no_cancer,LUNG MRI-NC (1016).png,train__LUNG MRI-NC (1016).png,..\dataset_split\test\no_cancer\train__LUNG MRI-NC (1016).png,10707f7857485033b62fba009577916f
test,cancer,Lung MRI (1013).png,train__Lung MRI (1013).png,..\dataset_split\test\cancer\train__Lung MRI (1013).png,41f5168ca904de6059402a199f27d7a2
test,cancer,Lung MRI (557).png,train__Lung MRI (557).png,..\dataset_split\test\cancer\train__Lung MRI (557).png,32c546ae8f0d03e706700ec50373933c
test,no_cancer,LUNG MRI NC (335).png,validate__LUNG MRI NC (335).png,..\dataset_split\test\no_cancer\validate__LUNG MRI NC (335).png,f3a36efeb9208d7a4ceaa5ef2969a488
test,no_cancer,LUNG MRI-NC (545).png,train__LUNG MRI-NC (545).png,..\dataset_split\test\no_cancer\train__LUNG MRI-NC (545).png,78f263dd507a78defe31889461290eb9
test,no_cancer,LUNG MRI NC (468).png,validate__LUNG MRI NC (468).png,..\dataset_split\test\no_cancer\validate__LUNG MRI NC (468).png,ed1143331185947d211fe0c740058448
test,cancer,Lung MRI (1093).png,train__Lung MRI (1093).png,..\dataset_split\test\cancer\train__Lung MRI (1093).png,82708898ef83974df77a6344bf97b913
test,no_cancer,LUNG MRI-NC (79).png,train__LUNG MRI-NC (79).png,..\dataset_split\test\no_cancer\train__LUNG MRI-NC (79).png,641d0b02f21020e4bf9d6d576bbb95ed
test,no_cancer,LUNG MRI-NC (757).png,train__LUNG MRI-NC (757).png,..\dataset_split\test\no_cancer\train__LUNG MRI-NC (757).png,eb5c183c17ab29a8a4ebcda318f2104b
test,no_cancer,LUNG MRI-NC (365).png,train__LUNG MRI-NC (365).png,..\dataset_split\test\no_cancer\train__LUNG MRI-NC (365).png,9624c1621fb75fdea3dc4af3cec4cdc3
test,no_cancer,LUNG MRI NC (435).png,validate__LUNG MRI NC (435).png,..\dataset_split\test\no_cancer\validate__LUNG MRI NC (435).png,64414df132f77deaccdf003ccf3ecb3e
test,cancer,Lung MRI (327).png,train__Lung MRI (327).png,..\dataset_split\test\cancer\train__Lung MRI (327).png,d46a68aaac59ad36f494df681203f59c
test,cancer,Lung MRI (782).png,train__Lung MRI (782).png,..\dataset_split\test\cancer\train__Lung MRI (782).png,e27bf13d3102d0d076abe906bde8b29d
test,cancer,Lung MRI (1010).png,train__Lung MRI (1010).png,..\dataset_split\test\cancer\train__Lung MRI (1010).png,f0e65e4aac463bf6b27793b9c1936507
test,cancer,Lung MRI (805).png,train__Lung MRI (805).png,..\dataset_split\test\cancer\train__Lung MRI (805).png,26a7073bc117e6b83e49b17ab7ccb83a
test,no_cancer,LUNG MRI-NC (327).png,train__LUNG MRI-NC (327).png,..\dataset_split\test\no_cancer\train__LUNG MRI-NC (327).png,323903f40b0b2a08c175f5a8e02cfa9a
test,no_cancer,LUNG MRI-NC (104).png,train__LUNG MRI-NC (104).png,..\dataset_split\test\no_cancer\train__LUNG MRI-NC (104).png,4aa75f354ed5ae6b3c068df565195cd5
test,cancer,Lung MRI (456).png,train__Lung MRI (456).png,..\dataset_split\test\cancer\train__Lung MRI (456).png,064b3242f9bd4378b00d848fd4f1c07c
test,no_cancer,LUNG MRI-NC (496).png,train__LUNG MRI-NC (496).png,..\dataset_split\test\no_cancer\train__LUNG MRI-NC (496).png,591f9b262eaad7ddf3b8add0009c2acb
test,no_cancer,LUNG MRI-NC (649).png,train__LUNG MRI-NC (649).png,..\dataset_split\test\no_cancer\train__LUNG MRI-NC (649).png,1c89f5d0999177083b133783ad7c077a
test,no_cancer,LUNG MRI-NC (112).png,train__LUNG MRI-NC (112).png,..\dataset_split\test\no_cancer\train__LUNG MRI-NC (112).png,cdfddf1cdafefc01acf0a9f071c4f0a4
test,no_cancer,LUNG MRI-NC (507).png,train__LUNG MRI-NC (507).png,..\dataset_split\test\no_cancer\train__LUNG MRI-NC (507).png,786888b3782f7c8b8f2e9265ff33efb7
test,cancer,Lung MRI (671).png,train__Lung MRI (671).png,..\dataset_split\test\cancer\train__Lung MRI (671).png,392779c5908c946eaeb8a5e7e7eebdfe
test,cancer,Lung MRI (129).png,train__Lung MRI (129).png,..\dataset_split\test\cancer\train__Lung MRI (129).png,19766712c9f2dfaaa1988b5a109c4b0e
test,no_cancer,LUNG MRI NC (70).png,validate__LUNG MRI NC (70).png,..\dataset_split\test\no_cancer\validate__LUNG MRI NC (70).png,d1011fabc54e27d94ec45a1f53a04c76
test,cancer,Lung MRI (1107).png,train__Lung MRI (1107).png,..\dataset_split\test\cancer\train__Lung MRI (1107).png,ee35346b6b34c4482d1d32d7a58784c2
test,no_cancer,LUNG MRI-NC (688).png,train__LUNG MRI-NC (688).png,..\dataset_split\test\no_cancer\train__LUNG MRI-NC (688).png,cfec0b5fb79b41f7410575f656b2e09f
test,no_cancer,LUNG MRI-NC (937).png,train__LUNG MRI-NC (937).png,..\dataset_split\test\no_cancer\train__LUNG MRI-NC (937).png,a629fb833adaf1366d24a1b91b6cb16d
test,cancer,Lung MRI (669).png,train__Lung MRI (669).png,..\dataset_split\test\cancer\train__Lung MRI (669).png,8c5d287e37d1a35134a76d5a66e0e400
test,no_cancer,LUNG MRI-NC (1241).png,train__LUNG MRI-NC (1241).png,..\dataset_split\test\no_cancer\train__LUNG MRI-NC (1241).png,6a024b4942c2ac474b81c9a20076145d
test,no_cancer,LUNG MRI-NC (1157).png,train__LUNG MRI-NC (1157).png,..\dataset_split\test\no_cancer\train__LUNG MRI-NC (1157).png,a9624fa5a3de51878eb9e6273fe4dfed
test,cancer,Lung MRI (978).png,train__Lung MRI (978).png,..\dataset_split\test\cancer\train__Lung MRI (978).png,6baed4a7fe430c9c851335c25cdfd3db
test,cancer,Lung MRI (89).png,train__Lung MRI (89).png,..\dataset_split\test\cancer\train__Lung MRI (89).png,877dabb3bc9ae18820c1289b84643fba
test,cancer,Lung MRI (999).png,train__Lung MRI (999).png,..\dataset_split\test\cancer\train__Lung MRI (999).png,51e3f8658b801d1bc675281111b73968
test,no_cancer,LUNG MRI-NC (1072).png,train__LUNG MRI-NC (1072).png,..\dataset_split\test\no_cancer\train__LUNG MRI-NC (1072).png,93f2123808efcc57983b294d34dbd09e
test,cancer,Lung MRI (411).png,train__Lung MRI (411).png,..\dataset_split\test\cancer\train__Lung MRI (411).png,a7fac39683636cb733197cce60b7b640
test,cancer,Lung MRI (1429).png,validate__Lung MRI (1429).png,..\dataset_split\test\cancer\validate__Lung MRI (1429).png,3ab97d3cbbec27830200527c29cff68d
test,cancer,Lung MRI (365).png,train__Lung MRI (365).png,..\dataset_split\test\cancer\train__Lung MRI (365).png,20a67c7a3a6761bf985a98a2bdb4adc3
test,cancer,Lung MRI (990).png,train__Lung MRI (990).png,..\dataset_split\test\cancer\train__Lung MRI (990).png,c1e2f5304442b2603b75c32d998e3807
test,no_cancer,LUNG MRI-NC (903).png,train__LUNG MRI-NC (903).png,..\dataset_split\test\no_cancer\train__LUNG MRI-NC (903).png,e00fcf6e08e394ec14ea029df8d7ea48
test,cancer,Lung MRI (111).png,train__Lung MRI (111).png,..\dataset_split\test\cancer\train__Lung MRI (111).png,c2edf3bc433d3474f0c561f60c989d0b
test,no_cancer,LUNG MRI-NC (1269).png,train__LUNG MRI-NC (1269).png,..\dataset_split\test\no_cancer\train__LUNG MRI-NC (1269).png,12c99127fdec3ae9d449697db5c4c9d1
