split,label,filename,ext,path,width,height,mode
train,cancer,Lung MRI (1).png,.png,..\dataset\lung_cancer_MRI_dataset\train\cancer\Lung MRI (1).png,409,264,RGBA
train,cancer,Lung MRI (10).png,.png,..\dataset\lung_cancer_MRI_dataset\train\cancer\Lung MRI (10).png,409,328,RGBA
train,cancer,Lung MRI (100).png,.png,..\dataset\lung_cancer_MRI_dataset\train\cancer\Lung MRI (100).png,423,287,RGBA
train,cancer,Lung MRI (1000).png,.png,..\dataset\lung_cancer_MRI_dataset\train\cancer\Lung MRI (1000).png,512,512,RGBA
train,cancer,Lung MRI (1001).png,.png,..\dataset\lung_cancer_MRI_dataset\train\cancer\Lung MRI (1001).png,512,512,RGBA
train,cancer,Lung MRI (1002).png,.png,..\dataset\lung_cancer_MRI_dataset\train\cancer\Lung MRI (1002).png,512,512,RGBA
train,cancer,Lung MRI (1003).png,.png,..\dataset\lung_cancer_MRI_dataset\train\cancer\Lung MRI (1003).png,512,512,RGBA
train,cancer,Lung MRI (1004).png,.png,..\dataset\lung_cancer_MRI_dataset\train\cancer\Lung MRI (1004).png,512,512,RGBA
train,cancer,Lung MRI (1005).png,.png,..\dataset\lung_cancer_MRI_dataset\train\cancer\Lung MRI (1005).png,512,512,RGBA
train,cancer,Lung MRI (1006).png,.png,..\dataset\lung_cancer_MRI_dataset\train\cancer\Lung MRI (1006).png,512,512,RGBA
train,cancer,Lung MRI (1007).png,.png,..\dataset\lung_cancer_MRI_dataset\train\cancer\Lung MRI (1007).png,512,512,RGBA
train,cancer,Lung MRI (1008).png,.png,..\dataset\lung_cancer_MRI_dataset\train\cancer\Lung MRI (1008).png,512,512,RGBA
train,cancer,Lung MRI (1009).png,.png,..\dataset\lung_cancer_MRI_dataset\train\cancer\Lung MRI (1009).png,512,512,RGBA
train,cancer,Lung MRI (101).png,.png,..\dataset\lung_cancer_MRI_dataset\train\cancer\Lung MRI (101).png,385,263,RGBA
train,cancer,Lung MRI (1010).png,.png,..\dataset\lung_cancer_MRI_dataset\train\cancer\Lung MRI (1010).png,512,512,RGBA
train,cancer,Lung MRI (1011).png,.png,..\dataset\lung_cancer_MRI_dataset\train\cancer\Lung MRI (1011).png,512,512,RGBA
train,cancer,Lung MRI (1012).png,.png,..\dataset\lung_cancer_MRI_dataset\train\cancer\Lung MRI (1012).png,512,512,RGBA
train,cancer,Lung MRI (1013).png,.png,..\dataset\lung_cancer_MRI_dataset\train\cancer\Lung MRI (1013).png,512,512,RGBA
train,cancer,Lung MRI (1014).png,.png,..\dataset\lung_cancer_MRI_dataset\train\cancer\Lung MRI (1014).png,512,512,RGBA
train,cancer,Lung MRI (1015).png,.png,..\dataset\lung_cancer_MRI_dataset\train\cancer\Lung MRI (1015).png,512,512,RGBA
train,cancer,Lung MRI (1016).png,.png,..\dataset\lung_cancer_MRI_dataset\train\cancer\Lung MRI (1016).png,512,512,RGBA
train,cancer,Lung MRI (1017).png,.png,..\dataset\lung_cancer_MRI_dataset\train\cancer\Lung MRI (1017).png,512,512,RGBA
train,cancer,Lung MRI (1018).png,.png,..\dataset\lung_cancer_MRI_dataset\train\cancer\Lung MRI (1018).png,512,512,RGBA
train,cancer,Lung MRI (1019).png,.png,..\dataset\lung_cancer_MRI_dataset\train\cancer\Lung MRI (1019).png,512,512,RGBA
train,cancer,Lung MRI (102).png,.png,..\dataset\lung_cancer_MRI_dataset\train\cancer\Lung MRI (102).png,381,236,RGBA
train,cancer,Lung MRI (1020).png,.png,..\dataset\lung_cancer_MRI_dataset\train\cancer\Lung MRI (1020).png,512,512,RGBA
train,cancer,Lung MRI (1021).png,.png,..\dataset\lung_cancer_MRI_dataset\train\cancer\Lung MRI (1021).png,512,512,RGBA
train,cancer,Lung MRI (1022).png,.png,..\dataset\lung_cancer_MRI_dataset\train\cancer\Lung MRI (1022).png,512,512,RGBA
train,cancer,Lung MRI (1023).png,.png,..\dataset\lung_cancer_MRI_dataset\train\cancer\Lung MRI (1023).png,512,512,RGBA
train,cancer,Lung MRI (1024).png,.png,..\dataset\lung_cancer_MRI_dataset\train\cancer\Lung MRI (1024).png,512,512,RGBA
train,cancer,Lung MRI (1025).png,.png,..\dataset\lung_cancer_MRI_dataset\train\cancer\Lung MRI (1025).png,512,512,RGBA
train,cancer,Lung MRI (1026).png,.png,..\dataset\lung_cancer_MRI_dataset\train\cancer\Lung MRI (1026).png,512,512,RGBA
train,cancer,Lung MRI (1027).png,.png,..\dataset\lung_cancer_MRI_dataset\train\cancer\Lung MRI (1027).png,512,512,RGBA
train,cancer,Lung MRI (1028).png,.png,..\dataset\lung_cancer_MRI_dataset\train\cancer\Lung MRI (1028).png,512,512,RGBA
train,cancer,Lung MRI (1029).png,.png,..\dataset\lung_cancer_MRI_dataset\train\cancer\Lung MRI (1029).png,512,512,RGBA
train,cancer,Lung MRI (103).png,.png,..\dataset\lung_cancer_MRI_dataset\train\cancer\Lung MRI (103).png,411,211,RGBA
train,cancer,Lung MRI (1030).png,.png,..\dataset\lung_cancer_MRI_dataset\train\cancer\Lung MRI (1030).png,512,512,RGBA
train,cancer,Lung MRI (1031).png,.png,..\dataset\lung_cancer_MRI_dataset\train\cancer\Lung MRI (1031).png,512,512,RGBA
train,cancer,Lung MRI (1032).png,.png,..\dataset\lung_cancer_MRI_dataset\train\cancer\Lung MRI (1032).png,512,512,RGBA
train,cancer,Lung MRI (1033).png,.png,..\dataset\lung_cancer_MRI_dataset\train\cancer\Lung MRI (1033).png,512,512,RGBA
train,cancer,Lung MRI (1034).png,.png,..\dataset\lung_cancer_MRI_dataset\train\cancer\Lung MRI (1034).png,512,512,RGBA
train,cancer,Lung MRI (1035).png,.png,..\dataset\lung_cancer_MRI_dataset\train\cancer\Lung MRI (1035).png,512,512,RGBA
train,cancer,Lung MRI (1036).png,.png,..\dataset\lung_cancer_MRI_dataset\train\cancer\Lung MRI (1036).png,512,512,RGBA
train,cancer,Lung MRI (1037).png,.png,..\dataset\lung_cancer_MRI_dataset\train\cancer\Lung MRI (1037).png,512,512,RGBA
train,cancer,Lung MRI (1038).png,.png,..\dataset\lung_cancer_MRI_dataset\train\cancer\Lung MRI (1038).png,512,512,RGBA
train,cancer,Lung MRI (1039).png,.png,..\dataset\lung_cancer_MRI_dataset\train\cancer\Lung MRI (1039).png,512,512,RGBA
train,cancer,Lung MRI (104).png,.png,..\dataset\lung_cancer_MRI_dataset\train\cancer\Lung MRI (104).png,409,273,RGBA
train,cancer,Lung MRI (1040).png,.png,..\dataset\lung_cancer_MRI_dataset\train\cancer\Lung MRI (1040).png,512,512,RGBA
train,cancer,Lung MRI (1041).png,.png,..\dataset\lung_cancer_MRI_dataset\train\cancer\Lung MRI (1041).png,512,512,RGBA
train,cancer,Lung MRI (1042).png,.png,..\dataset\lung_cancer_MRI_dataset\train\cancer\Lung MRI (1042).png,512,512,RGBA
train,cancer,Lung MRI (1043).png,.png,..\dataset\lung_cancer_MRI_dataset\train\cancer\Lung MRI (1043).png,512,512,RGBA
train,cancer,Lung MRI (1044).png,.png,..\dataset\lung_cancer_MRI_dataset\train\cancer\Lung MRI (1044).png,512,512,RGBA
train,cancer,Lung MRI (1045).png,.png,..\dataset\lung_cancer_MRI_dataset\train\cancer\Lung MRI (1045).png,512,512,RGBA
train,cancer,Lung MRI (1046).png,.png,..\dataset\lung_cancer_MRI_dataset\train\cancer\Lung MRI (1046).png,512,512,RGBA
train,cancer,Lung MRI (1047).png,.png,..\dataset\lung_cancer_MRI_dataset\train\cancer\Lung MRI (1047).png,512,512,RGBA
train,cancer,Lung MRI (1048).png,.png,..\dataset\lung_cancer_MRI_dataset\train\cancer\Lung MRI (1048).png,512,512,RGBA
train,cancer,Lung MRI (1049).png,.png,..\dataset\lung_cancer_MRI_dataset\train\cancer\Lung MRI (1049).png,512,512,RGBA
train,cancer,Lung MRI (105).png,.png,..\dataset\lung_cancer_MRI_dataset\train\cancer\Lung MRI (105).png,368,249,RGBA
train,cancer,Lung MRI (1050).png,.png,..\dataset\lung_cancer_MRI_dataset\train\cancer\Lung MRI (1050).png,512,512,RGBA
train,cancer,Lung MRI (1051).png,.png,..\dataset\lung_cancer_MRI_dataset\train\cancer\Lung MRI (1051).png,512,512,RGBA
train,cancer,Lung MRI (1052).png,.png,..\dataset\lung_cancer_MRI_dataset\train\cancer\Lung MRI (1052).png,512,512,RGBA
train,cancer,Lung MRI (1053).png,.png,..\dataset\lung_cancer_MRI_dataset\train\cancer\Lung MRI (1053).png,512,512,RGBA
train,cancer,Lung MRI (1054).png,.png,..\dataset\lung_cancer_MRI_dataset\train\cancer\Lung MRI (1054).png,512,512,RGBA
train,cancer,Lung MRI (1055).png,.png,..\dataset\lung_cancer_MRI_dataset\train\cancer\Lung MRI (1055).png,512,512,RGBA
train,cancer,Lung MRI (1056).png,.png,..\dataset\lung_cancer_MRI_dataset\train\cancer\Lung MRI (1056).png,512,512,RGBA
train,cancer,Lung MRI (1057).png,.png,..\dataset\lung_cancer_MRI_dataset\train\cancer\Lung MRI (1057).png,512,512,RGBA
train,cancer,Lung MRI (1058).png,.png,..\dataset\lung_cancer_MRI_dataset\train\cancer\Lung MRI (1058).png,512,512,RGBA
train,cancer,Lung MRI (1059).png,.png,..\dataset\lung_cancer_MRI_dataset\train\cancer\Lung MRI (1059).png,512,512,RGBA
train,cancer,Lung MRI (106).png,.png,..\dataset\lung_cancer_MRI_dataset\train\cancer\Lung MRI (106).png,404,300,RGBA
train,cancer,Lung MRI (1060).png,.png,..\dataset\lung_cancer_MRI_dataset\train\cancer\Lung MRI (1060).png,512,512,RGBA
train,cancer,Lung MRI (1061).png,.png,..\dataset\lung_cancer_MRI_dataset\train\cancer\Lung MRI (1061).png,512,512,RGBA
train,cancer,Lung MRI (1062).png,.png,..\dataset\lung_cancer_MRI_dataset\train\cancer\Lung MRI (1062).png,512,512,RGBA
train,cancer,Lung MRI (1063).png,.png,..\dataset\lung_cancer_MRI_dataset\train\cancer\Lung MRI (1063).png,512,512,RGBA
train,cancer,Lung MRI (1064).png,.png,..\dataset\lung_cancer_MRI_dataset\train\cancer\Lung MRI (1064).png,512,512,RGBA
train,cancer,Lung MRI (1065).png,.png,..\dataset\lung_cancer_MRI_dataset\train\cancer\Lung MRI (1065).png,512,512,RGBA
train,cancer,Lung MRI (1066).png,.png,..\dataset\lung_cancer_MRI_dataset\train\cancer\Lung MRI (1066).png,512,512,RGBA
train,cancer,Lung MRI (1067).png,.png,..\dataset\lung_cancer_MRI_dataset\train\cancer\Lung MRI (1067).png,512,512,RGBA
train,cancer,Lung MRI (1068).png,.png,..\dataset\lung_cancer_MRI_dataset\train\cancer\Lung MRI (1068).png,512,512,RGBA
train,cancer,Lung MRI (1069).png,.png,..\dataset\lung_cancer_MRI_dataset\train\cancer\Lung MRI (1069).png,512,512,RGBA
train,cancer,Lung MRI (107).png,.png,..\dataset\lung_cancer_MRI_dataset\train\cancer\Lung MRI (107).png,389,308,RGBA
train,cancer,Lung MRI (1070).png,.png,..\dataset\lung_cancer_MRI_dataset\train\cancer\Lung MRI (1070).png,512,512,RGBA
train,cancer,Lung MRI (1071).png,.png,..\dataset\lung_cancer_MRI_dataset\train\cancer\Lung MRI (1071).png,512,512,RGBA
train,cancer,Lung MRI (1072).png,.png,..\dataset\lung_cancer_MRI_dataset\train\cancer\Lung MRI (1072).png,512,512,RGBA
train,cancer,Lung MRI (1073).png,.png,..\dataset\lung_cancer_MRI_dataset\train\cancer\Lung MRI (1073).png,512,512,RGBA
train,cancer,Lung MRI (1074).png,.png,..\dataset\lung_cancer_MRI_dataset\train\cancer\Lung MRI (1074).png,512,512,RGBA
train,cancer,Lung MRI (1075).png,.png,..\dataset\lung_cancer_MRI_dataset\train\cancer\Lung MRI (1075).png,512,512,RGBA
train,cancer,Lung MRI (1076).png,.png,..\dataset\lung_cancer_MRI_dataset\train\cancer\Lung MRI (1076).png,512,512,RGBA
train,cancer,Lung MRI (1077).png,.png,..\dataset\lung_cancer_MRI_dataset\train\cancer\Lung MRI (1077).png,512,512,RGBA
train,cancer,Lung MRI (1078).png,.png,..\dataset\lung_cancer_MRI_dataset\train\cancer\Lung MRI (1078).png,512,512,RGBA
train,cancer,Lung MRI (1079).png,.png,..\dataset\lung_cancer_MRI_dataset\train\cancer\Lung MRI (1079).png,512,512,RGBA
train,cancer,Lung MRI (108).png,.png,..\dataset\lung_cancer_MRI_dataset\train\cancer\Lung MRI (108).png,420,243,RGBA
train,cancer,Lung MRI (1080).png,.png,..\dataset\lung_cancer_MRI_dataset\train\cancer\Lung MRI (1080).png,512,512,RGBA
train,cancer,Lung MRI (1081).png,.png,..\dataset\lung_cancer_MRI_dataset\train\cancer\Lung MRI (1081).png,512,512,RGBA
train,cancer,Lung MRI (1082).png,.png,..\dataset\lung_cancer_MRI_dataset\train\cancer\Lung MRI (1082).png,512,512,RGBA
train,cancer,Lung MRI (1083).png,.png,..\dataset\lung_cancer_MRI_dataset\train\cancer\Lung MRI (1083).png,512,512,RGBA
train,cancer,Lung MRI (1084).png,.png,..\dataset\lung_cancer_MRI_dataset\train\cancer\Lung MRI (1084).png,512,512,RGBA
train,cancer,Lung MRI (1085).png,.png,..\dataset\lung_cancer_MRI_dataset\train\cancer\Lung MRI (1085).png,512,512,RGBA
train,cancer,Lung MRI (1086).png,.png,..\dataset\lung_cancer_MRI_dataset\train\cancer\Lung MRI (1086).png,512,512,RGBA
train,cancer,Lung MRI (1087).png,.png,..\dataset\lung_cancer_MRI_dataset\train\cancer\Lung MRI (1087).png,512,512,RGBA
train,cancer,Lung MRI (1088).png,.png,..\dataset\lung_cancer_MRI_dataset\train\cancer\Lung MRI (1088).png,512,512,RGBA
train,cancer,Lung MRI (1089).png,.png,..\dataset\lung_cancer_MRI_dataset\train\cancer\Lung MRI (1089).png,512,512,RGBA
train,cancer,Lung MRI (109).png,.png,..\dataset\lung_cancer_MRI_dataset\train\cancer\Lung MRI (109).png,376,228,RGBA
train,cancer,Lung MRI (1090).png,.png,..\dataset\lung_cancer_MRI_dataset\train\cancer\Lung MRI (1090).png,512,512,RGBA
train,cancer,Lung MRI (1091).png,.png,..\dataset\lung_cancer_MRI_dataset\train\cancer\Lung MRI (1091).png,512,512,RGBA
train,cancer,Lung MRI (1092).png,.png,..\dataset\lung_cancer_MRI_dataset\train\cancer\Lung MRI (1092).png,512,512,RGBA
train,cancer,Lung MRI (1093).png,.png,..\dataset\lung_cancer_MRI_dataset\train\cancer\Lung MRI (1093).png,512,512,RGBA
train,cancer,Lung MRI (1094).png,.png,..\dataset\lung_cancer_MRI_dataset\train\cancer\Lung MRI (1094).png,512,512,RGBA
train,cancer,Lung MRI (1095).png,.png,..\dataset\lung_cancer_MRI_dataset\train\cancer\Lung MRI (1095).png,512,512,RGBA
train,cancer,Lung MRI (1096).png,.png,..\dataset\lung_cancer_MRI_dataset\train\cancer\Lung MRI (1096).png,512,512,RGBA
train,cancer,Lung MRI (1097).png,.png,..\dataset\lung_cancer_MRI_dataset\train\cancer\Lung MRI (1097).png,512,512,RGBA
train,cancer,Lung MRI (1098).png,.png,..\dataset\lung_cancer_MRI_dataset\train\cancer\Lung MRI (1098).png,512,512,RGBA
train,cancer,Lung MRI (1099).png,.png,..\dataset\lung_cancer_MRI_dataset\train\cancer\Lung MRI (1099).png,512,512,RGBA
train,cancer,Lung MRI (11).png,.png,..\dataset\lung_cancer_MRI_dataset\train\cancer\Lung MRI (11).png,397,243,RGBA
train,cancer,Lung MRI (110).png,.png,..\dataset\lung_cancer_MRI_dataset\train\cancer\Lung MRI (110).png,371,240,RGBA
train,cancer,Lung MRI (1100).png,.png,..\dataset\lung_cancer_MRI_dataset\train\cancer\Lung MRI (1100).png,512,512,RGBA
train,cancer,Lung MRI (1101).png,.png,..\dataset\lung_cancer_MRI_dataset\train\cancer\Lung MRI (1101).png,512,512,RGBA
train,cancer,Lung MRI (1102).png,.png,..\dataset\lung_cancer_MRI_dataset\train\cancer\Lung MRI (1102).png,512,512,RGBA
train,cancer,Lung MRI (1103).png,.png,..\dataset\lung_cancer_MRI_dataset\train\cancer\Lung MRI (1103).png,512,512,RGBA
train,cancer,Lung MRI (1104).png,.png,..\dataset\lung_cancer_MRI_dataset\train\cancer\Lung MRI (1104).png,512,512,RGBA
train,cancer,Lung MRI (1105).png,.png,..\dataset\lung_cancer_MRI_dataset\train\cancer\Lung MRI (1105).png,512,512,RGBA
train,cancer,Lung MRI (1106).png,.png,..\dataset\lung_cancer_MRI_dataset\train\cancer\Lung MRI (1106).png,512,512,RGBA
train,cancer,Lung MRI (1107).png,.png,..\dataset\lung_cancer_MRI_dataset\train\cancer\Lung MRI (1107).png,512,512,RGBA
train,cancer,Lung MRI (1108).png,.png,..\dataset\lung_cancer_MRI_dataset\train\cancer\Lung MRI (1108).png,512,512,RGBA
train,cancer,Lung MRI (1109).png,.png,..\dataset\lung_cancer_MRI_dataset\train\cancer\Lung MRI (1109).png,512,512,RGBA
train,cancer,Lung MRI (111).png,.png,..\dataset\lung_cancer_MRI_dataset\train\cancer\Lung MRI (111).png,403,272,RGBA
train,cancer,Lung MRI (1110).png,.png,..\dataset\lung_cancer_MRI_dataset\train\cancer\Lung MRI (1110).png,512,512,RGBA
train,cancer,Lung MRI (1111).png,.png,..\dataset\lung_cancer_MRI_dataset\train\cancer\Lung MRI (1111).png,512,512,RGBA
train,cancer,Lung MRI (1112).png,.png,..\dataset\lung_cancer_MRI_dataset\train\cancer\Lung MRI (1112).png,512,512,RGBA
train,cancer,Lung MRI (1113).png,.png,..\dataset\lung_cancer_MRI_dataset\train\cancer\Lung MRI (1113).png,512,512,RGBA
train,cancer,Lung MRI (1114).png,.png,..\dataset\lung_cancer_MRI_dataset\train\cancer\Lung MRI (1114).png,512,512,RGBA
train,cancer,Lung MRI (1115).png,.png,..\dataset\lung_cancer_MRI_dataset\train\cancer\Lung MRI (1115).png,512,512,RGBA
train,cancer,Lung MRI (1116).png,.png,..\dataset\lung_cancer_MRI_dataset\train\cancer\Lung MRI (1116).png,512,512,RGBA
train,cancer,Lung MRI (1117).png,.png,..\dataset\lung_cancer_MRI_dataset\train\cancer\Lung MRI (1117).png,289,174,RGB
train,cancer,Lung MRI (1118).png,.png,..\dataset\lung_cancer_MRI_dataset\train\cancer\Lung MRI (1118).png,240,210,RGB
train,cancer,Lung MRI (1119).png,.png,..\dataset\lung_cancer_MRI_dataset\train\cancer\Lung MRI (1119).png,265,190,RGB
train,cancer,Lung MRI (112).png,.png,..\dataset\lung_cancer_MRI_dataset\train\cancer\Lung MRI (112).png,439,255,RGBA
train,cancer,Lung MRI (1120).png,.png,..\dataset\lung_cancer_MRI_dataset\train\cancer\Lung MRI (1120).png,265,190,RGB
train,cancer,Lung MRI (1121).png,.png,..\dataset\lung_cancer_MRI_dataset\train\cancer\Lung MRI (1121).png,282,179,RGB
train,cancer,Lung MRI (1122).png,.png,..\dataset\lung_cancer_MRI_dataset\train\cancer\Lung MRI (1122).png,282,179,RGB
train,cancer,Lung MRI (113).png,.png,..\dataset\lung_cancer_MRI_dataset\train\cancer\Lung MRI (113).png,426,288,RGBA
train,cancer,Lung MRI (114).png,.png,..\dataset\lung_cancer_MRI_dataset\train\cancer\Lung MRI (114).png,434,329,RGBA
train,cancer,Lung MRI (115).png,.png,..\dataset\lung_cancer_MRI_dataset\train\cancer\Lung MRI (115).png,423,304,RGBA
train,cancer,Lung MRI (116).png,.png,..\dataset\lung_cancer_MRI_dataset\train\cancer\Lung MRI (116).png,438,299,RGBA
train,cancer,Lung MRI (117).png,.png,..\dataset\lung_cancer_MRI_dataset\train\cancer\Lung MRI (117).png,430,254,RGBA
train,cancer,Lung MRI (118).png,.png,..\dataset\lung_cancer_MRI_dataset\train\cancer\Lung MRI (118).png,435,266,RGBA
train,cancer,Lung MRI (119).png,.png,..\dataset\lung_cancer_MRI_dataset\train\cancer\Lung MRI (119).png,419,161,RGBA
train,cancer,Lung MRI (12).png,.png,..\dataset\lung_cancer_MRI_dataset\train\cancer\Lung MRI (12).png,392,244,RGBA
train,cancer,Lung MRI (120).png,.png,..\dataset\lung_cancer_MRI_dataset\train\cancer\Lung MRI (120).png,374,244,RGBA
train,cancer,Lung MRI (121).png,.png,..\dataset\lung_cancer_MRI_dataset\train\cancer\Lung MRI (121).png,438,236,RGBA
train,cancer,Lung MRI (122).png,.png,..\dataset\lung_cancer_MRI_dataset\train\cancer\Lung MRI (122).png,309,248,RGBA
train,cancer,Lung MRI (123).png,.png,..\dataset\lung_cancer_MRI_dataset\train\cancer\Lung MRI (123).png,397,263,RGBA
train,cancer,Lung MRI (124).png,.png,..\dataset\lung_cancer_MRI_dataset\train\cancer\Lung MRI (124).png,422,259,RGBA
train,cancer,Lung MRI (125).png,.png,..\dataset\lung_cancer_MRI_dataset\train\cancer\Lung MRI (125).png,352,256,RGBA
train,cancer,Lung MRI (126).png,.png,..\dataset\lung_cancer_MRI_dataset\train\cancer\Lung MRI (126).png,450,303,RGBA
train,cancer,Lung MRI (127).png,.png,..\dataset\lung_cancer_MRI_dataset\train\cancer\Lung MRI (127).png,404,281,RGBA
train,cancer,Lung MRI (128).png,.png,..\dataset\lung_cancer_MRI_dataset\train\cancer\Lung MRI (128).png,415,281,RGBA
train,cancer,Lung MRI (129).png,.png,..\dataset\lung_cancer_MRI_dataset\train\cancer\Lung MRI (129).png,399,215,RGBA
train,cancer,Lung MRI (13).png,.png,..\dataset\lung_cancer_MRI_dataset\train\cancer\Lung MRI (13).png,363,270,RGBA
train,cancer,Lung MRI (130).png,.png,..\dataset\lung_cancer_MRI_dataset\train\cancer\Lung MRI (130).png,332,225,RGBA
train,cancer,Lung MRI (131).png,.png,..\dataset\lung_cancer_MRI_dataset\train\cancer\Lung MRI (131).png,435,180,RGBA
train,cancer,Lung MRI (132).png,.png,..\dataset\lung_cancer_MRI_dataset\train\cancer\Lung MRI (132).png,401,309,RGBA
train,cancer,Lung MRI (133).png,.png,..\dataset\lung_cancer_MRI_dataset\train\cancer\Lung MRI (133).png,370,246,RGBA
train,cancer,Lung MRI (134).png,.png,..\dataset\lung_cancer_MRI_dataset\train\cancer\Lung MRI (134).png,442,304,RGBA
train,cancer,Lung MRI (135).png,.png,..\dataset\lung_cancer_MRI_dataset\train\cancer\Lung MRI (135).png,401,280,RGBA
train,cancer,Lung MRI (136).png,.png,..\dataset\lung_cancer_MRI_dataset\train\cancer\Lung MRI (136).png,348,222,RGBA
train,cancer,Lung MRI (137).png,.png,..\dataset\lung_cancer_MRI_dataset\train\cancer\Lung MRI (137).png,381,255,RGBA
train,cancer,Lung MRI (138).png,.png,..\dataset\lung_cancer_MRI_dataset\train\cancer\Lung MRI (138).png,345,272,RGBA
train,cancer,Lung MRI (139).png,.png,..\dataset\lung_cancer_MRI_dataset\train\cancer\Lung MRI (139).png,436,292,RGBA
train,cancer,Lung MRI (14).png,.png,..\dataset\lung_cancer_MRI_dataset\train\cancer\Lung MRI (14).png,396,209,RGBA
train,cancer,Lung MRI (140).png,.png,..\dataset\lung_cancer_MRI_dataset\train\cancer\Lung MRI (140).png,419,241,RGBA
train,cancer,Lung MRI (141).png,.png,..\dataset\lung_cancer_MRI_dataset\train\cancer\Lung MRI (141).png,432,294,RGBA
train,cancer,Lung MRI (142).png,.png,..\dataset\lung_cancer_MRI_dataset\train\cancer\Lung MRI (142).png,355,274,RGBA
train,cancer,Lung MRI (143).png,.png,..\dataset\lung_cancer_MRI_dataset\train\cancer\Lung MRI (143).png,401,176,RGBA
train,cancer,Lung MRI (144).png,.png,..\dataset\lung_cancer_MRI_dataset\train\cancer\Lung MRI (144).png,414,307,RGBA
train,cancer,Lung MRI (145).png,.png,..\dataset\lung_cancer_MRI_dataset\train\cancer\Lung MRI (145).png,405,329,RGBA
train,cancer,Lung MRI (146).png,.png,..\dataset\lung_cancer_MRI_dataset\train\cancer\Lung MRI (146).png,383,292,RGBA
train,cancer,Lung MRI (147).png,.png,..\dataset\lung_cancer_MRI_dataset\train\cancer\Lung MRI (147).png,398,214,RGBA
train,cancer,Lung MRI (148).png,.png,..\dataset\lung_cancer_MRI_dataset\train\cancer\Lung MRI (148).png,374,303,RGBA
train,cancer,Lung MRI (149).png,.png,..\dataset\lung_cancer_MRI_dataset\train\cancer\Lung MRI (149).png,467,210,RGBA
train,cancer,Lung MRI (15).png,.png,..\dataset\lung_cancer_MRI_dataset\train\cancer\Lung MRI (15).png,337,272,RGBA
train,cancer,Lung MRI (150).png,.png,..\dataset\lung_cancer_MRI_dataset\train\cancer\Lung MRI (150).png,390,274,RGBA
train,cancer,Lung MRI (151).png,.png,..\dataset\lung_cancer_MRI_dataset\train\cancer\Lung MRI (151).png,432,302,RGBA
train,cancer,Lung MRI (152).png,.png,..\dataset\lung_cancer_MRI_dataset\train\cancer\Lung MRI (152).png,357,263,RGBA
train,cancer,Lung MRI (153).png,.png,..\dataset\lung_cancer_MRI_dataset\train\cancer\Lung MRI (153).png,413,258,RGBA
train,cancer,Lung MRI (154).png,.png,..\dataset\lung_cancer_MRI_dataset\train\cancer\Lung MRI (154).png,408,258,RGBA
train,cancer,Lung MRI (155).png,.png,..\dataset\lung_cancer_MRI_dataset\train\cancer\Lung MRI (155).png,446,281,RGBA
train,cancer,Lung MRI (156).png,.png,..\dataset\lung_cancer_MRI_dataset\train\cancer\Lung MRI (156).png,398,291,RGBA
train,cancer,Lung MRI (157).png,.png,..\dataset\lung_cancer_MRI_dataset\train\cancer\Lung MRI (157).png,385,300,RGBA
train,cancer,Lung MRI (158).png,.png,..\dataset\lung_cancer_MRI_dataset\train\cancer\Lung MRI (158).png,351,291,RGBA
train,cancer,Lung MRI (159).png,.png,..\dataset\lung_cancer_MRI_dataset\train\cancer\Lung MRI (159).png,372,249,RGBA
train,cancer,Lung MRI (16).png,.png,..\dataset\lung_cancer_MRI_dataset\train\cancer\Lung MRI (16).png,381,229,RGBA
train,cancer,Lung MRI (160).png,.png,..\dataset\lung_cancer_MRI_dataset\train\cancer\Lung MRI (160).png,377,248,RGBA
train,cancer,Lung MRI (161).png,.png,..\dataset\lung_cancer_MRI_dataset\train\cancer\Lung MRI (161).png,327,231,RGBA
train,cancer,Lung MRI (162).png,.png,..\dataset\lung_cancer_MRI_dataset\train\cancer\Lung MRI (162).png,421,294,RGBA
train,cancer,Lung MRI (163).png,.png,..\dataset\lung_cancer_MRI_dataset\train\cancer\Lung MRI (163).png,351,288,RGBA
train,cancer,Lung MRI (164).png,.png,..\dataset\lung_cancer_MRI_dataset\train\cancer\Lung MRI (164).png,424,221,RGBA
train,cancer,Lung MRI (165).png,.png,..\dataset\lung_cancer_MRI_dataset\train\cancer\Lung MRI (165).png,412,259,RGBA
train,cancer,Lung MRI (166).png,.png,..\dataset\lung_cancer_MRI_dataset\train\cancer\Lung MRI (166).png,421,261,RGBA
train,cancer,Lung MRI (167).png,.png,..\dataset\lung_cancer_MRI_dataset\train\cancer\Lung MRI (167).png,440,297,RGBA
train,cancer,Lung MRI (168).png,.png,..\dataset\lung_cancer_MRI_dataset\train\cancer\Lung MRI (168).png,404,240,RGBA
train,cancer,Lung MRI (169).png,.png,..\dataset\lung_cancer_MRI_dataset\train\cancer\Lung MRI (169).png,466,252,RGBA
train,cancer,Lung MRI (17).png,.png,..\dataset\lung_cancer_MRI_dataset\train\cancer\Lung MRI (17).png,437,280,RGBA
train,cancer,Lung MRI (170).png,.png,..\dataset\lung_cancer_MRI_dataset\train\cancer\Lung MRI (170).png,429,291,RGBA
train,cancer,Lung MRI (171).png,.png,..\dataset\lung_cancer_MRI_dataset\train\cancer\Lung MRI (171).png,434,261,RGBA
train,cancer,Lung MRI (172).png,.png,..\dataset\lung_cancer_MRI_dataset\train\cancer\Lung MRI (172).png,370,324,RGBA
train,cancer,Lung MRI (173).png,.png,..\dataset\lung_cancer_MRI_dataset\train\cancer\Lung MRI (173).png,430,278,RGBA
train,cancer,Lung MRI (174).png,.png,..\dataset\lung_cancer_MRI_dataset\train\cancer\Lung MRI (174).png,429,271,RGBA
train,cancer,Lung MRI (175).png,.png,..\dataset\lung_cancer_MRI_dataset\train\cancer\Lung MRI (175).png,416,318,RGBA
train,cancer,Lung MRI (176).png,.png,..\dataset\lung_cancer_MRI_dataset\train\cancer\Lung MRI (176).png,420,320,RGBA
train,cancer,Lung MRI (177).png,.png,..\dataset\lung_cancer_MRI_dataset\train\cancer\Lung MRI (177).png,423,233,RGBA
train,cancer,Lung MRI (178).png,.png,..\dataset\lung_cancer_MRI_dataset\train\cancer\Lung MRI (178).png,429,270,RGBA
train,cancer,Lung MRI (179).png,.png,..\dataset\lung_cancer_MRI_dataset\train\cancer\Lung MRI (179).png,390,218,RGBA
train,cancer,Lung MRI (18).png,.png,..\dataset\lung_cancer_MRI_dataset\train\cancer\Lung MRI (18).png,377,220,RGBA
train,cancer,Lung MRI (180).png,.png,..\dataset\lung_cancer_MRI_dataset\train\cancer\Lung MRI (180).png,429,299,RGBA
train,cancer,Lung MRI (181).png,.png,..\dataset\lung_cancer_MRI_dataset\train\cancer\Lung MRI (181).png,401,254,RGBA
train,cancer,Lung MRI (182).png,.png,..\dataset\lung_cancer_MRI_dataset\train\cancer\Lung MRI (182).png,416,284,RGBA
train,cancer,Lung MRI (183).png,.png,..\dataset\lung_cancer_MRI_dataset\train\cancer\Lung MRI (183).png,367,306,RGBA
train,cancer,Lung MRI (184).png,.png,..\dataset\lung_cancer_MRI_dataset\train\cancer\Lung MRI (184).png,422,293,RGBA
train,cancer,Lung MRI (185).png,.png,..\dataset\lung_cancer_MRI_dataset\train\cancer\Lung MRI (185).png,421,276,RGBA
train,cancer,Lung MRI (186).png,.png,..\dataset\lung_cancer_MRI_dataset\train\cancer\Lung MRI (186).png,422,328,RGBA
train,cancer,Lung MRI (187).png,.png,..\dataset\lung_cancer_MRI_dataset\train\cancer\Lung MRI (187).png,413,302,RGBA
train,cancer,Lung MRI (188).png,.png,..\dataset\lung_cancer_MRI_dataset\train\cancer\Lung MRI (188).png,376,263,RGBA
train,cancer,Lung MRI (189).png,.png,..\dataset\lung_cancer_MRI_dataset\train\cancer\Lung MRI (189).png,426,260,RGBA
train,cancer,Lung MRI (19).png,.png,..\dataset\lung_cancer_MRI_dataset\train\cancer\Lung MRI (19).png,449,274,RGBA
train,cancer,Lung MRI (190).png,.png,..\dataset\lung_cancer_MRI_dataset\train\cancer\Lung MRI (190).png,425,273,RGBA
train,cancer,Lung MRI (191).png,.png,..\dataset\lung_cancer_MRI_dataset\train\cancer\Lung MRI (191).png,424,302,RGBA
train,cancer,Lung MRI (192).png,.png,..\dataset\lung_cancer_MRI_dataset\train\cancer\Lung MRI (192).png,426,330,RGBA
train,cancer,Lung MRI (193).png,.png,..\dataset\lung_cancer_MRI_dataset\train\cancer\Lung MRI (193).png,358,298,RGBA
train,cancer,Lung MRI (194).png,.png,..\dataset\lung_cancer_MRI_dataset\train\cancer\Lung MRI (194).png,368,221,RGBA
train,cancer,Lung MRI (195).png,.png,..\dataset\lung_cancer_MRI_dataset\train\cancer\Lung MRI (195).png,361,245,RGBA
train,cancer,Lung MRI (196).png,.png,..\dataset\lung_cancer_MRI_dataset\train\cancer\Lung MRI (196).png,390,295,RGBA
train,cancer,Lung MRI (197).png,.png,..\dataset\lung_cancer_MRI_dataset\train\cancer\Lung MRI (197).png,377,350,RGBA
train,cancer,Lung MRI (198).png,.png,..\dataset\lung_cancer_MRI_dataset\train\cancer\Lung MRI (198).png,393,284,RGBA
train,cancer,Lung MRI (199).png,.png,..\dataset\lung_cancer_MRI_dataset\train\cancer\Lung MRI (199).png,403,310,RGBA
train,cancer,Lung MRI (2).png,.png,..\dataset\lung_cancer_MRI_dataset\train\cancer\Lung MRI (2).png,342,252,RGBA
train,cancer,Lung MRI (20).png,.png,..\dataset\lung_cancer_MRI_dataset\train\cancer\Lung MRI (20).png,440,270,RGBA
train,cancer,Lung MRI (200).png,.png,..\dataset\lung_cancer_MRI_dataset\train\cancer\Lung MRI (200).png,399,300,RGBA
train,cancer,Lung MRI (201).png,.png,..\dataset\lung_cancer_MRI_dataset\train\cancer\Lung MRI (201).png,414,228,RGBA
train,cancer,Lung MRI (202).png,.png,..\dataset\lung_cancer_MRI_dataset\train\cancer\Lung MRI (202).png,430,295,RGBA
train,cancer,Lung MRI (203).png,.png,..\dataset\lung_cancer_MRI_dataset\train\cancer\Lung MRI (203).png,423,247,RGBA
train,cancer,Lung MRI (204).png,.png,..\dataset\lung_cancer_MRI_dataset\train\cancer\Lung MRI (204).png,414,262,RGBA
train,cancer,Lung MRI (205).png,.png,..\dataset\lung_cancer_MRI_dataset\train\cancer\Lung MRI (205).png,446,296,RGBA
train,cancer,Lung MRI (206).png,.png,..\dataset\lung_cancer_MRI_dataset\train\cancer\Lung MRI (206).png,315,280,RGBA
train,cancer,Lung MRI (207).png,.png,..\dataset\lung_cancer_MRI_dataset\train\cancer\Lung MRI (207).png,397,226,RGBA
train,cancer,Lung MRI (208).png,.png,..\dataset\lung_cancer_MRI_dataset\train\cancer\Lung MRI (208).png,418,208,RGBA
train,cancer,Lung MRI (209).png,.png,..\dataset\lung_cancer_MRI_dataset\train\cancer\Lung MRI (209).png,381,251,RGBA
train,cancer,Lung MRI (21).png,.png,..\dataset\lung_cancer_MRI_dataset\train\cancer\Lung MRI (21).png,423,267,RGBA
train,cancer,Lung MRI (210).png,.png,..\dataset\lung_cancer_MRI_dataset\train\cancer\Lung MRI (210).png,396,291,RGBA
train,cancer,Lung MRI (211).png,.png,..\dataset\lung_cancer_MRI_dataset\train\cancer\Lung MRI (211).png,400,308,RGBA
train,cancer,Lung MRI (212).png,.png,..\dataset\lung_cancer_MRI_dataset\train\cancer\Lung MRI (212).png,415,304,RGBA
train,cancer,Lung MRI (213).png,.png,..\dataset\lung_cancer_MRI_dataset\train\cancer\Lung MRI (213).png,406,253,RGBA
train,cancer,Lung MRI (214).png,.png,..\dataset\lung_cancer_MRI_dataset\train\cancer\Lung MRI (214).png,425,293,RGBA
train,cancer,Lung MRI (215).png,.png,..\dataset\lung_cancer_MRI_dataset\train\cancer\Lung MRI (215).png,384,231,RGBA
train,cancer,Lung MRI (216).png,.png,..\dataset\lung_cancer_MRI_dataset\train\cancer\Lung MRI (216).png,357,239,RGBA
train,cancer,Lung MRI (217).png,.png,..\dataset\lung_cancer_MRI_dataset\train\cancer\Lung MRI (217).png,367,194,RGBA
train,cancer,Lung MRI (218).png,.png,..\dataset\lung_cancer_MRI_dataset\train\cancer\Lung MRI (218).png,446,257,RGBA
train,cancer,Lung MRI (219).png,.png,..\dataset\lung_cancer_MRI_dataset\train\cancer\Lung MRI (219).png,404,311,RGBA
train,cancer,Lung MRI (22).png,.png,..\dataset\lung_cancer_MRI_dataset\train\cancer\Lung MRI (22).png,449,288,RGBA
train,cancer,Lung MRI (220).png,.png,..\dataset\lung_cancer_MRI_dataset\train\cancer\Lung MRI (220).png,413,310,RGBA
train,cancer,Lung MRI (221).png,.png,..\dataset\lung_cancer_MRI_dataset\train\cancer\Lung MRI (221).png,428,329,RGBA
train,cancer,Lung MRI (222).png,.png,..\dataset\lung_cancer_MRI_dataset\train\cancer\Lung MRI (222).png,351,243,RGBA
train,cancer,Lung MRI (223).png,.png,..\dataset\lung_cancer_MRI_dataset\train\cancer\Lung MRI (223).png,386,198,RGBA
train,cancer,Lung MRI (224).png,.png,..\dataset\lung_cancer_MRI_dataset\train\cancer\Lung MRI (224).png,414,284,RGBA
train,cancer,Lung MRI (225).png,.png,..\dataset\lung_cancer_MRI_dataset\train\cancer\Lung MRI (225).png,357,217,RGBA
train,cancer,Lung MRI (226).png,.png,..\dataset\lung_cancer_MRI_dataset\train\cancer\Lung MRI (226).png,409,272,RGBA
train,cancer,Lung MRI (227).png,.png,..\dataset\lung_cancer_MRI_dataset\train\cancer\Lung MRI (227).png,332,241,RGBA
train,cancer,Lung MRI (228).png,.png,..\dataset\lung_cancer_MRI_dataset\train\cancer\Lung MRI (228).png,386,277,RGBA
train,cancer,Lung MRI (229).png,.png,..\dataset\lung_cancer_MRI_dataset\train\cancer\Lung MRI (229).png,400,314,RGBA
train,cancer,Lung MRI (23).png,.png,..\dataset\lung_cancer_MRI_dataset\train\cancer\Lung MRI (23).png,416,242,RGBA
train,cancer,Lung MRI (230).png,.png,..\dataset\lung_cancer_MRI_dataset\train\cancer\Lung MRI (230).png,418,289,RGBA
train,cancer,Lung MRI (231).png,.png,..\dataset\lung_cancer_MRI_dataset\train\cancer\Lung MRI (231).png,378,306,RGBA
train,cancer,Lung MRI (232).png,.png,..\dataset\lung_cancer_MRI_dataset\train\cancer\Lung MRI (232).png,448,287,RGBA
train,cancer,Lung MRI (233).png,.png,..\dataset\lung_cancer_MRI_dataset\train\cancer\Lung MRI (233).png,389,248,RGBA
train,cancer,Lung MRI (234).png,.png,..\dataset\lung_cancer_MRI_dataset\train\cancer\Lung MRI (234).png,418,231,RGBA
train,cancer,Lung MRI (235).png,.png,..\dataset\lung_cancer_MRI_dataset\train\cancer\Lung MRI (235).png,398,284,RGBA
train,cancer,Lung MRI (236).png,.png,..\dataset\lung_cancer_MRI_dataset\train\cancer\Lung MRI (236).png,410,220,RGBA
train,cancer,Lung MRI (237).png,.png,..\dataset\lung_cancer_MRI_dataset\train\cancer\Lung MRI (237).png,332,238,RGBA
train,cancer,Lung MRI (238).png,.png,..\dataset\lung_cancer_MRI_dataset\train\cancer\Lung MRI (238).png,410,196,RGBA
train,cancer,Lung MRI (239).png,.png,..\dataset\lung_cancer_MRI_dataset\train\cancer\Lung MRI (239).png,420,265,RGBA
train,cancer,Lung MRI (24).png,.png,..\dataset\lung_cancer_MRI_dataset\train\cancer\Lung MRI (24).png,369,281,RGBA
train,cancer,Lung MRI (240).png,.png,..\dataset\lung_cancer_MRI_dataset\train\cancer\Lung MRI (240).png,410,298,RGBA
train,cancer,Lung MRI (241).png,.png,..\dataset\lung_cancer_MRI_dataset\train\cancer\Lung MRI (241).png,426,255,RGBA
train,cancer,Lung MRI (242).png,.png,..\dataset\lung_cancer_MRI_dataset\train\cancer\Lung MRI (242).png,425,307,RGBA
train,cancer,Lung MRI (243).png,.png,..\dataset\lung_cancer_MRI_dataset\train\cancer\Lung MRI (243).png,415,271,RGBA
train,cancer,Lung MRI (244).png,.png,..\dataset\lung_cancer_MRI_dataset\train\cancer\Lung MRI (244).png,388,205,RGBA
train,cancer,Lung MRI (245).png,.png,..\dataset\lung_cancer_MRI_dataset\train\cancer\Lung MRI (245).png,449,266,RGBA
train,cancer,Lung MRI (246).png,.png,..\dataset\lung_cancer_MRI_dataset\train\cancer\Lung MRI (246).png,436,261,RGBA
train,cancer,Lung MRI (247).png,.png,..\dataset\lung_cancer_MRI_dataset\train\cancer\Lung MRI (247).png,416,308,RGBA
train,cancer,Lung MRI (248).png,.png,..\dataset\lung_cancer_MRI_dataset\train\cancer\Lung MRI (248).png,349,255,RGBA
train,cancer,Lung MRI (249).png,.png,..\dataset\lung_cancer_MRI_dataset\train\cancer\Lung MRI (249).png,397,336,RGBA
train,cancer,Lung MRI (25).png,.png,..\dataset\lung_cancer_MRI_dataset\train\cancer\Lung MRI (25).png,389,276,RGBA
train,cancer,Lung MRI (250).png,.png,..\dataset\lung_cancer_MRI_dataset\train\cancer\Lung MRI (250).png,416,272,RGBA
train,cancer,Lung MRI (251).png,.png,..\dataset\lung_cancer_MRI_dataset\train\cancer\Lung MRI (251).png,395,259,RGBA
train,cancer,Lung MRI (252).png,.png,..\dataset\lung_cancer_MRI_dataset\train\cancer\Lung MRI (252).png,393,295,RGBA
train,cancer,Lung MRI (253).png,.png,..\dataset\lung_cancer_MRI_dataset\train\cancer\Lung MRI (253).png,412,298,RGBA
train,cancer,Lung MRI (254).png,.png,..\dataset\lung_cancer_MRI_dataset\train\cancer\Lung MRI (254).png,426,316,RGBA
train,cancer,Lung MRI (255).png,.png,..\dataset\lung_cancer_MRI_dataset\train\cancer\Lung MRI (255).png,388,302,RGBA
train,cancer,Lung MRI (256).png,.png,..\dataset\lung_cancer_MRI_dataset\train\cancer\Lung MRI (256).png,388,303,RGBA
train,cancer,Lung MRI (257).png,.png,..\dataset\lung_cancer_MRI_dataset\train\cancer\Lung MRI (257).png,417,283,RGBA
train,cancer,Lung MRI (258).png,.png,..\dataset\lung_cancer_MRI_dataset\train\cancer\Lung MRI (258).png,369,212,RGBA
train,cancer,Lung MRI (259).png,.png,..\dataset\lung_cancer_MRI_dataset\train\cancer\Lung MRI (259).png,378,269,RGBA
train,cancer,Lung MRI (26).png,.png,..\dataset\lung_cancer_MRI_dataset\train\cancer\Lung MRI (26).png,413,255,RGBA
train,cancer,Lung MRI (260).png,.png,..\dataset\lung_cancer_MRI_dataset\train\cancer\Lung MRI (260).png,385,304,RGBA
train,cancer,Lung MRI (261).png,.png,..\dataset\lung_cancer_MRI_dataset\train\cancer\Lung MRI (261).png,409,225,RGBA
train,cancer,Lung MRI (262).png,.png,..\dataset\lung_cancer_MRI_dataset\train\cancer\Lung MRI (262).png,373,239,RGBA
train,cancer,Lung MRI (263).png,.png,..\dataset\lung_cancer_MRI_dataset\train\cancer\Lung MRI (263).png,430,303,RGBA
train,cancer,Lung MRI (264).png,.png,..\dataset\lung_cancer_MRI_dataset\train\cancer\Lung MRI (264).png,354,230,RGBA
train,cancer,Lung MRI (265).png,.png,..\dataset\lung_cancer_MRI_dataset\train\cancer\Lung MRI (265).png,401,221,RGBA
train,cancer,Lung MRI (266).png,.png,..\dataset\lung_cancer_MRI_dataset\train\cancer\Lung MRI (266).png,421,256,RGBA
train,cancer,Lung MRI (267).png,.png,..\dataset\lung_cancer_MRI_dataset\train\cancer\Lung MRI (267).png,428,309,RGBA
train,cancer,Lung MRI (268).png,.png,..\dataset\lung_cancer_MRI_dataset\train\cancer\Lung MRI (268).png,429,316,RGBA
train,cancer,Lung MRI (269).png,.png,..\dataset\lung_cancer_MRI_dataset\train\cancer\Lung MRI (269).png,386,210,RGBA
train,cancer,Lung MRI (27).png,.png,..\dataset\lung_cancer_MRI_dataset\train\cancer\Lung MRI (27).png,384,328,RGBA
train,cancer,Lung MRI (270).png,.png,..\dataset\lung_cancer_MRI_dataset\train\cancer\Lung MRI (270).png,381,284,RGBA
train,cancer,Lung MRI (271).png,.png,..\dataset\lung_cancer_MRI_dataset\train\cancer\Lung MRI (271).png,379,229,RGBA
train,cancer,Lung MRI (272).png,.png,..\dataset\lung_cancer_MRI_dataset\train\cancer\Lung MRI (272).png,446,274,RGBA
train,cancer,Lung MRI (273).png,.png,..\dataset\lung_cancer_MRI_dataset\train\cancer\Lung MRI (273).png,349,266,RGBA
train,cancer,Lung MRI (274).png,.png,..\dataset\lung_cancer_MRI_dataset\train\cancer\Lung MRI (274).png,392,238,RGBA
train,cancer,Lung MRI (275).png,.png,..\dataset\lung_cancer_MRI_dataset\train\cancer\Lung MRI (275).png,352,260,RGBA
train,cancer,Lung MRI (276).png,.png,..\dataset\lung_cancer_MRI_dataset\train\cancer\Lung MRI (276).png,442,276,RGBA
train,cancer,Lung MRI (277).png,.png,..\dataset\lung_cancer_MRI_dataset\train\cancer\Lung MRI (277).png,371,224,RGBA
train,cancer,Lung MRI (278).png,.png,..\dataset\lung_cancer_MRI_dataset\train\cancer\Lung MRI (278).png,416,308,RGBA
train,cancer,Lung MRI (279).png,.png,..\dataset\lung_cancer_MRI_dataset\train\cancer\Lung MRI (279).png,429,295,RGBA
train,cancer,Lung MRI (28).png,.png,..\dataset\lung_cancer_MRI_dataset\train\cancer\Lung MRI (28).png,417,323,RGBA
train,cancer,Lung MRI (280).png,.png,..\dataset\lung_cancer_MRI_dataset\train\cancer\Lung MRI (280).png,418,311,RGBA
train,cancer,Lung MRI (281).png,.png,..\dataset\lung_cancer_MRI_dataset\train\cancer\Lung MRI (281).png,404,304,RGBA
train,cancer,Lung MRI (282).png,.png,..\dataset\lung_cancer_MRI_dataset\train\cancer\Lung MRI (282).png,378,257,RGBA
train,cancer,Lung MRI (283).png,.png,..\dataset\lung_cancer_MRI_dataset\train\cancer\Lung MRI (283).png,424,325,RGBA
train,cancer,Lung MRI (284).png,.png,..\dataset\lung_cancer_MRI_dataset\train\cancer\Lung MRI (284).png,362,226,RGBA
train,cancer,Lung MRI (285).png,.png,..\dataset\lung_cancer_MRI_dataset\train\cancer\Lung MRI (285).png,375,261,RGBA
train,cancer,Lung MRI (286).png,.png,..\dataset\lung_cancer_MRI_dataset\train\cancer\Lung MRI (286).png,392,251,RGBA
train,cancer,Lung MRI (287).png,.png,..\dataset\lung_cancer_MRI_dataset\train\cancer\Lung MRI (287).png,404,257,RGBA
train,cancer,Lung MRI (288).png,.png,..\dataset\lung_cancer_MRI_dataset\train\cancer\Lung MRI (288).png,388,261,RGBA
train,cancer,Lung MRI (289).png,.png,..\dataset\lung_cancer_MRI_dataset\train\cancer\Lung MRI (289).png,396,325,RGBA
train,cancer,Lung MRI (29).png,.png,..\dataset\lung_cancer_MRI_dataset\train\cancer\Lung MRI (29).png,386,232,RGBA
train,cancer,Lung MRI (290).png,.png,..\dataset\lung_cancer_MRI_dataset\train\cancer\Lung MRI (290).png,354,263,RGBA
train,cancer,Lung MRI (291).png,.png,..\dataset\lung_cancer_MRI_dataset\train\cancer\Lung MRI (291).png,364,249,RGBA
train,cancer,Lung MRI (292).png,.png,..\dataset\lung_cancer_MRI_dataset\train\cancer\Lung MRI (292).png,377,320,RGBA
train,cancer,Lung MRI (293).png,.png,..\dataset\lung_cancer_MRI_dataset\train\cancer\Lung MRI (293).png,362,322,RGBA
train,cancer,Lung MRI (294).png,.png,..\dataset\lung_cancer_MRI_dataset\train\cancer\Lung MRI (294).png,416,284,RGBA
train,cancer,Lung MRI (295).png,.png,..\dataset\lung_cancer_MRI_dataset\train\cancer\Lung MRI (295).png,386,248,RGBA
train,cancer,Lung MRI (296).png,.png,..\dataset\lung_cancer_MRI_dataset\train\cancer\Lung MRI (296).png,375,253,RGBA
train,cancer,Lung MRI (297).png,.png,..\dataset\lung_cancer_MRI_dataset\train\cancer\Lung MRI (297).png,442,275,RGBA
train,cancer,Lung MRI (298).png,.png,..\dataset\lung_cancer_MRI_dataset\train\cancer\Lung MRI (298).png,437,254,RGBA
train,cancer,Lung MRI (299).png,.png,..\dataset\lung_cancer_MRI_dataset\train\cancer\Lung MRI (299).png,383,228,RGBA
train,cancer,Lung MRI (3).png,.png,..\dataset\lung_cancer_MRI_dataset\train\cancer\Lung MRI (3).png,400,273,RGBA
train,cancer,Lung MRI (30).png,.png,..\dataset\lung_cancer_MRI_dataset\train\cancer\Lung MRI (30).png,430,261,RGBA
train,cancer,Lung MRI (300).png,.png,..\dataset\lung_cancer_MRI_dataset\train\cancer\Lung MRI (300).png,363,243,RGBA
train,cancer,Lung MRI (301).png,.png,..\dataset\lung_cancer_MRI_dataset\train\cancer\Lung MRI (301).png,442,284,RGBA
train,cancer,Lung MRI (302).png,.png,..\dataset\lung_cancer_MRI_dataset\train\cancer\Lung MRI (302).png,410,292,RGBA
train,cancer,Lung MRI (303).png,.png,..\dataset\lung_cancer_MRI_dataset\train\cancer\Lung MRI (303).png,405,292,RGBA
train,cancer,Lung MRI (304).png,.png,..\dataset\lung_cancer_MRI_dataset\train\cancer\Lung MRI (304).png,361,220,RGBA
train,cancer,Lung MRI (305).png,.png,..\dataset\lung_cancer_MRI_dataset\train\cancer\Lung MRI (305).png,356,255,RGBA
train,cancer,Lung MRI (306).png,.png,..\dataset\lung_cancer_MRI_dataset\train\cancer\Lung MRI (306).png,388,248,RGBA
train,cancer,Lung MRI (307).png,.png,..\dataset\lung_cancer_MRI_dataset\train\cancer\Lung MRI (307).png,389,295,RGBA
train,cancer,Lung MRI (308).png,.png,..\dataset\lung_cancer_MRI_dataset\train\cancer\Lung MRI (308).png,438,287,RGBA
train,cancer,Lung MRI (309).png,.png,..\dataset\lung_cancer_MRI_dataset\train\cancer\Lung MRI (309).png,362,250,RGBA
train,cancer,Lung MRI (31).png,.png,..\dataset\lung_cancer_MRI_dataset\train\cancer\Lung MRI (31).png,438,302,RGBA
train,cancer,Lung MRI (310).png,.png,..\dataset\lung_cancer_MRI_dataset\train\cancer\Lung MRI (310).png,384,239,RGBA
train,cancer,Lung MRI (311).png,.png,..\dataset\lung_cancer_MRI_dataset\train\cancer\Lung MRI (311).png,435,276,RGBA
train,cancer,Lung MRI (312).png,.png,..\dataset\lung_cancer_MRI_dataset\train\cancer\Lung MRI (312).png,399,314,RGBA
train,cancer,Lung MRI (313).png,.png,..\dataset\lung_cancer_MRI_dataset\train\cancer\Lung MRI (313).png,395,303,RGBA
train,cancer,Lung MRI (314).png,.png,..\dataset\lung_cancer_MRI_dataset\train\cancer\Lung MRI (314).png,406,239,RGBA
train,cancer,Lung MRI (315).png,.png,..\dataset\lung_cancer_MRI_dataset\train\cancer\Lung MRI (315).png,439,279,RGBA
train,cancer,Lung MRI (316).png,.png,..\dataset\lung_cancer_MRI_dataset\train\cancer\Lung MRI (316).png,437,260,RGBA
train,cancer,Lung MRI (317).png,.png,..\dataset\lung_cancer_MRI_dataset\train\cancer\Lung MRI (317).png,368,259,RGBA
train,cancer,Lung MRI (318).png,.png,..\dataset\lung_cancer_MRI_dataset\train\cancer\Lung MRI (318).png,399,243,RGBA
train,cancer,Lung MRI (319).png,.png,..\dataset\lung_cancer_MRI_dataset\train\cancer\Lung MRI (319).png,357,264,RGBA
train,cancer,Lung MRI (32).png,.png,..\dataset\lung_cancer_MRI_dataset\train\cancer\Lung MRI (32).png,410,246,RGBA
train,cancer,Lung MRI (320).png,.png,..\dataset\lung_cancer_MRI_dataset\train\cancer\Lung MRI (320).png,378,220,RGBA
train,cancer,Lung MRI (321).png,.png,..\dataset\lung_cancer_MRI_dataset\train\cancer\Lung MRI (321).png,388,325,RGBA
train,cancer,Lung MRI (322).png,.png,..\dataset\lung_cancer_MRI_dataset\train\cancer\Lung MRI (322).png,425,279,RGBA
train,cancer,Lung MRI (323).png,.png,..\dataset\lung_cancer_MRI_dataset\train\cancer\Lung MRI (323).png,441,293,RGBA
train,cancer,Lung MRI (324).png,.png,..\dataset\lung_cancer_MRI_dataset\train\cancer\Lung MRI (324).png,418,218,RGBA
train,cancer,Lung MRI (325).png,.png,..\dataset\lung_cancer_MRI_dataset\train\cancer\Lung MRI (325).png,393,263,RGBA
train,cancer,Lung MRI (326).png,.png,..\dataset\lung_cancer_MRI_dataset\train\cancer\Lung MRI (326).png,456,269,RGBA
train,cancer,Lung MRI (327).png,.png,..\dataset\lung_cancer_MRI_dataset\train\cancer\Lung MRI (327).png,438,248,RGBA
train,cancer,Lung MRI (328).png,.png,..\dataset\lung_cancer_MRI_dataset\train\cancer\Lung MRI (328).png,445,279,RGBA
train,cancer,Lung MRI (329).png,.png,..\dataset\lung_cancer_MRI_dataset\train\cancer\Lung MRI (329).png,341,268,RGBA
train,cancer,Lung MRI (33).png,.png,..\dataset\lung_cancer_MRI_dataset\train\cancer\Lung MRI (33).png,341,247,RGBA
train,cancer,Lung MRI (330).png,.png,..\dataset\lung_cancer_MRI_dataset\train\cancer\Lung MRI (330).png,338,243,RGBA
train,cancer,Lung MRI (331).png,.png,..\dataset\lung_cancer_MRI_dataset\train\cancer\Lung MRI (331).png,428,288,RGBA
train,cancer,Lung MRI (332).png,.png,..\dataset\lung_cancer_MRI_dataset\train\cancer\Lung MRI (332).png,444,271,RGBA
train,cancer,Lung MRI (333).png,.png,..\dataset\lung_cancer_MRI_dataset\train\cancer\Lung MRI (333).png,426,255,RGBA
train,cancer,Lung MRI (334).png,.png,..\dataset\lung_cancer_MRI_dataset\train\cancer\Lung MRI (334).png,344,268,RGBA
train,cancer,Lung MRI (335).png,.png,..\dataset\lung_cancer_MRI_dataset\train\cancer\Lung MRI (335).png,410,315,RGBA
train,cancer,Lung MRI (336).png,.png,..\dataset\lung_cancer_MRI_dataset\train\cancer\Lung MRI (336).png,380,224,RGBA
train,cancer,Lung MRI (337).png,.png,..\dataset\lung_cancer_MRI_dataset\train\cancer\Lung MRI (337).png,414,267,RGBA
train,cancer,Lung MRI (338).png,.png,..\dataset\lung_cancer_MRI_dataset\train\cancer\Lung MRI (338).png,339,260,RGBA
train,cancer,Lung MRI (339).png,.png,..\dataset\lung_cancer_MRI_dataset\train\cancer\Lung MRI (339).png,388,284,RGBA
train,cancer,Lung MRI (34).png,.png,..\dataset\lung_cancer_MRI_dataset\train\cancer\Lung MRI (34).png,401,266,RGBA
train,cancer,Lung MRI (340).png,.png,..\dataset\lung_cancer_MRI_dataset\train\cancer\Lung MRI (340).png,376,267,RGBA
train,cancer,Lung MRI (341).png,.png,..\dataset\lung_cancer_MRI_dataset\train\cancer\Lung MRI (341).png,325,241,RGBA
train,cancer,Lung MRI (342).png,.png,..\dataset\lung_cancer_MRI_dataset\train\cancer\Lung MRI (342).png,371,226,RGBA
train,cancer,Lung MRI (343).png,.png,..\dataset\lung_cancer_MRI_dataset\train\cancer\Lung MRI (343).png,403,193,RGBA
train,cancer,Lung MRI (344).png,.png,..\dataset\lung_cancer_MRI_dataset\train\cancer\Lung MRI (344).png,361,251,RGBA
train,cancer,Lung MRI (345).png,.png,..\dataset\lung_cancer_MRI_dataset\train\cancer\Lung MRI (345).png,394,252,RGBA
train,cancer,Lung MRI (346).png,.png,..\dataset\lung_cancer_MRI_dataset\train\cancer\Lung MRI (346).png,445,287,RGBA
train,cancer,Lung MRI (347).png,.png,..\dataset\lung_cancer_MRI_dataset\train\cancer\Lung MRI (347).png,423,288,RGBA
train,cancer,Lung MRI (348).png,.png,..\dataset\lung_cancer_MRI_dataset\train\cancer\Lung MRI (348).png,365,303,RGBA
train,cancer,Lung MRI (349).png,.png,..\dataset\lung_cancer_MRI_dataset\train\cancer\Lung MRI (349).png,380,231,RGBA
train,cancer,Lung MRI (35).png,.png,..\dataset\lung_cancer_MRI_dataset\train\cancer\Lung MRI (35).png,401,296,RGBA
train,cancer,Lung MRI (350).png,.png,..\dataset\lung_cancer_MRI_dataset\train\cancer\Lung MRI (350).png,420,282,RGBA
train,cancer,Lung MRI (351).png,.png,..\dataset\lung_cancer_MRI_dataset\train\cancer\Lung MRI (351).png,306,237,RGBA
train,cancer,Lung MRI (352).png,.png,..\dataset\lung_cancer_MRI_dataset\train\cancer\Lung MRI (352).png,407,279,RGBA
train,cancer,Lung MRI (353).png,.png,..\dataset\lung_cancer_MRI_dataset\train\cancer\Lung MRI (353).png,404,240,RGBA
train,cancer,Lung MRI (354).png,.png,..\dataset\lung_cancer_MRI_dataset\train\cancer\Lung MRI (354).png,425,301,RGBA
train,cancer,Lung MRI (355).png,.png,..\dataset\lung_cancer_MRI_dataset\train\cancer\Lung MRI (355).png,383,318,RGBA
train,cancer,Lung MRI (356).png,.png,..\dataset\lung_cancer_MRI_dataset\train\cancer\Lung MRI (356).png,345,245,RGBA
train,cancer,Lung MRI (357).png,.png,..\dataset\lung_cancer_MRI_dataset\train\cancer\Lung MRI (357).png,405,298,RGBA
train,cancer,Lung MRI (358).png,.png,..\dataset\lung_cancer_MRI_dataset\train\cancer\Lung MRI (358).png,395,257,RGBA
train,cancer,Lung MRI (359).png,.png,..\dataset\lung_cancer_MRI_dataset\train\cancer\Lung MRI (359).png,386,205,RGBA
train,cancer,Lung MRI (36).png,.png,..\dataset\lung_cancer_MRI_dataset\train\cancer\Lung MRI (36).png,412,279,RGBA
train,cancer,Lung MRI (360).png,.png,..\dataset\lung_cancer_MRI_dataset\train\cancer\Lung MRI (360).png,381,282,RGBA
train,cancer,Lung MRI (361).png,.png,..\dataset\lung_cancer_MRI_dataset\train\cancer\Lung MRI (361).png,488,339,RGBA
train,cancer,Lung MRI (362).png,.png,..\dataset\lung_cancer_MRI_dataset\train\cancer\Lung MRI (362).png,315,245,RGBA
train,cancer,Lung MRI (363).png,.png,..\dataset\lung_cancer_MRI_dataset\train\cancer\Lung MRI (363).png,395,247,RGBA
train,cancer,Lung MRI (364).png,.png,..\dataset\lung_cancer_MRI_dataset\train\cancer\Lung MRI (364).png,411,285,RGBA
train,cancer,Lung MRI (365).png,.png,..\dataset\lung_cancer_MRI_dataset\train\cancer\Lung MRI (365).png,486,335,RGBA
train,cancer,Lung MRI (366).png,.png,..\dataset\lung_cancer_MRI_dataset\train\cancer\Lung MRI (366).png,439,264,RGBA
train,cancer,Lung MRI (367).png,.png,..\dataset\lung_cancer_MRI_dataset\train\cancer\Lung MRI (367).png,483,357,RGBA
train,cancer,Lung MRI (368).png,.png,..\dataset\lung_cancer_MRI_dataset\train\cancer\Lung MRI (368).png,456,406,RGBA
train,cancer,Lung MRI (369).png,.png,..\dataset\lung_cancer_MRI_dataset\train\cancer\Lung MRI (369).png,406,256,RGBA
train,cancer,Lung MRI (37).png,.png,..\dataset\lung_cancer_MRI_dataset\train\cancer\Lung MRI (37).png,390,250,RGBA
train,cancer,Lung MRI (370).png,.png,..\dataset\lung_cancer_MRI_dataset\train\cancer\Lung MRI (370).png,345,255,RGBA
train,cancer,Lung MRI (371).png,.png,..\dataset\lung_cancer_MRI_dataset\train\cancer\Lung MRI (371).png,425,314,RGBA
train,cancer,Lung MRI (372).png,.png,..\dataset\lung_cancer_MRI_dataset\train\cancer\Lung MRI (372).png,350,265,RGBA
train,cancer,Lung MRI (373).png,.png,..\dataset\lung_cancer_MRI_dataset\train\cancer\Lung MRI (373).png,381,219,RGBA
train,cancer,Lung MRI (374).png,.png,..\dataset\lung_cancer_MRI_dataset\train\cancer\Lung MRI (374).png,438,308,RGBA
train,cancer,Lung MRI (375).png,.png,..\dataset\lung_cancer_MRI_dataset\train\cancer\Lung MRI (375).png,417,296,RGBA
train,cancer,Lung MRI (376).png,.png,..\dataset\lung_cancer_MRI_dataset\train\cancer\Lung MRI (376).png,409,334,RGBA
train,cancer,Lung MRI (377).png,.png,..\dataset\lung_cancer_MRI_dataset\train\cancer\Lung MRI (377).png,464,328,RGBA
train,cancer,Lung MRI (378).png,.png,..\dataset\lung_cancer_MRI_dataset\train\cancer\Lung MRI (378).png,338,269,RGBA
train,cancer,Lung MRI (379).png,.png,..\dataset\lung_cancer_MRI_dataset\train\cancer\Lung MRI (379).png,434,337,RGBA
train,cancer,Lung MRI (38).png,.png,..\dataset\lung_cancer_MRI_dataset\train\cancer\Lung MRI (38).png,327,286,RGBA
train,cancer,Lung MRI (380).png,.png,..\dataset\lung_cancer_MRI_dataset\train\cancer\Lung MRI (380).png,405,297,RGBA
train,cancer,Lung MRI (381).png,.png,..\dataset\lung_cancer_MRI_dataset\train\cancer\Lung MRI (381).png,431,245,RGBA
train,cancer,Lung MRI (382).png,.png,..\dataset\lung_cancer_MRI_dataset\train\cancer\Lung MRI (382).png,485,340,RGBA
train,cancer,Lung MRI (383).png,.png,..\dataset\lung_cancer_MRI_dataset\train\cancer\Lung MRI (383).png,395,314,RGBA
train,cancer,Lung MRI (384).png,.png,..\dataset\lung_cancer_MRI_dataset\train\cancer\Lung MRI (384).png,411,322,RGBA
train,cancer,Lung MRI (385).png,.png,..\dataset\lung_cancer_MRI_dataset\train\cancer\Lung MRI (385).png,453,302,RGBA
train,cancer,Lung MRI (386).png,.png,..\dataset\lung_cancer_MRI_dataset\train\cancer\Lung MRI (386).png,401,241,RGBA
train,cancer,Lung MRI (387).png,.png,..\dataset\lung_cancer_MRI_dataset\train\cancer\Lung MRI (387).png,379,309,RGBA
train,cancer,Lung MRI (388).png,.png,..\dataset\lung_cancer_MRI_dataset\train\cancer\Lung MRI (388).png,324,265,RGBA
train,cancer,Lung MRI (389).png,.png,..\dataset\lung_cancer_MRI_dataset\train\cancer\Lung MRI (389).png,358,253,RGBA
train,cancer,Lung MRI (39).png,.png,..\dataset\lung_cancer_MRI_dataset\train\cancer\Lung MRI (39).png,414,274,RGBA
train,cancer,Lung MRI (390).png,.png,..\dataset\lung_cancer_MRI_dataset\train\cancer\Lung MRI (390).png,402,322,RGBA
train,cancer,Lung MRI (391).png,.png,..\dataset\lung_cancer_MRI_dataset\train\cancer\Lung MRI (391).png,430,331,RGBA
train,cancer,Lung MRI (392).png,.png,..\dataset\lung_cancer_MRI_dataset\train\cancer\Lung MRI (392).png,399,279,RGBA
train,cancer,Lung MRI (393).png,.png,..\dataset\lung_cancer_MRI_dataset\train\cancer\Lung MRI (393).png,424,326,RGBA
train,cancer,Lung MRI (394).png,.png,..\dataset\lung_cancer_MRI_dataset\train\cancer\Lung MRI (394).png,447,330,RGBA
train,cancer,Lung MRI (395).png,.png,..\dataset\lung_cancer_MRI_dataset\train\cancer\Lung MRI (395).png,444,320,RGBA
train,cancer,Lung MRI (396).png,.png,..\dataset\lung_cancer_MRI_dataset\train\cancer\Lung MRI (396).png,356,258,RGBA
train,cancer,Lung MRI (397).png,.png,..\dataset\lung_cancer_MRI_dataset\train\cancer\Lung MRI (397).png,484,264,RGBA
train,cancer,Lung MRI (398).png,.png,..\dataset\lung_cancer_MRI_dataset\train\cancer\Lung MRI (398).png,423,308,RGBA
train,cancer,Lung MRI (399).png,.png,..\dataset\lung_cancer_MRI_dataset\train\cancer\Lung MRI (399).png,421,246,RGBA
train,cancer,Lung MRI (4).png,.png,..\dataset\lung_cancer_MRI_dataset\train\cancer\Lung MRI (4).png,423,213,RGBA
train,cancer,Lung MRI (40).png,.png,..\dataset\lung_cancer_MRI_dataset\train\cancer\Lung MRI (40).png,423,242,RGBA
train,cancer,Lung MRI (400).png,.png,..\dataset\lung_cancer_MRI_dataset\train\cancer\Lung MRI (400).png,475,341,RGBA
train,cancer,Lung MRI (401).png,.png,..\dataset\lung_cancer_MRI_dataset\train\cancer\Lung MRI (401).png,465,326,RGBA
train,cancer,Lung MRI (402).png,.png,..\dataset\lung_cancer_MRI_dataset\train\cancer\Lung MRI (402).png,409,274,RGBA
train,cancer,Lung MRI (403).png,.png,..\dataset\lung_cancer_MRI_dataset\train\cancer\Lung MRI (403).png,406,364,RGBA
train,cancer,Lung MRI (404).png,.png,..\dataset\lung_cancer_MRI_dataset\train\cancer\Lung MRI (404).png,448,329,RGBA
train,cancer,Lung MRI (405).png,.png,..\dataset\lung_cancer_MRI_dataset\train\cancer\Lung MRI (405).png,419,295,RGBA
train,cancer,Lung MRI (406).png,.png,..\dataset\lung_cancer_MRI_dataset\train\cancer\Lung MRI (406).png,429,353,RGBA
train,cancer,Lung MRI (407).png,.png,..\dataset\lung_cancer_MRI_dataset\train\cancer\Lung MRI (407).png,453,318,RGBA
train,cancer,Lung MRI (408).png,.png,..\dataset\lung_cancer_MRI_dataset\train\cancer\Lung MRI (408).png,482,329,RGBA
train,cancer,Lung MRI (409).png,.png,..\dataset\lung_cancer_MRI_dataset\train\cancer\Lung MRI (409).png,363,245,RGBA
train,cancer,Lung MRI (41).png,.png,..\dataset\lung_cancer_MRI_dataset\train\cancer\Lung MRI (41).png,394,266,RGBA
train,cancer,Lung MRI (410).png,.png,..\dataset\lung_cancer_MRI_dataset\train\cancer\Lung MRI (410).png,409,280,RGBA
train,cancer,Lung MRI (411).png,.png,..\dataset\lung_cancer_MRI_dataset\train\cancer\Lung MRI (411).png,400,271,RGBA
train,cancer,Lung MRI (412).png,.png,..\dataset\lung_cancer_MRI_dataset\train\cancer\Lung MRI (412).png,409,202,RGBA
train,cancer,Lung MRI (413).png,.png,..\dataset\lung_cancer_MRI_dataset\train\cancer\Lung MRI (413).png,397,349,RGBA
train,cancer,Lung MRI (414).png,.png,..\dataset\lung_cancer_MRI_dataset\train\cancer\Lung MRI (414).png,456,319,RGBA
train,cancer,Lung MRI (415).png,.png,..\dataset\lung_cancer_MRI_dataset\train\cancer\Lung MRI (415).png,468,409,RGBA
train,cancer,Lung MRI (416).png,.png,..\dataset\lung_cancer_MRI_dataset\train\cancer\Lung MRI (416).png,380,325,RGBA
train,cancer,Lung MRI (417).png,.png,..\dataset\lung_cancer_MRI_dataset\train\cancer\Lung MRI (417).png,422,365,RGBA
train,cancer,Lung MRI (418).png,.png,..\dataset\lung_cancer_MRI_dataset\train\cancer\Lung MRI (418).png,434,245,RGBA
train,cancer,Lung MRI (419).png,.png,..\dataset\lung_cancer_MRI_dataset\train\cancer\Lung MRI (419).png,457,324,RGBA
train,cancer,Lung MRI (42).png,.png,..\dataset\lung_cancer_MRI_dataset\train\cancer\Lung MRI (42).png,402,189,RGBA
train,cancer,Lung MRI (420).png,.png,..\dataset\lung_cancer_MRI_dataset\train\cancer\Lung MRI (420).png,475,397,RGBA
train,cancer,Lung MRI (421).png,.png,..\dataset\lung_cancer_MRI_dataset\train\cancer\Lung MRI (421).png,420,225,RGBA
train,cancer,Lung MRI (422).png,.png,..\dataset\lung_cancer_MRI_dataset\train\cancer\Lung MRI (422).png,386,235,RGBA
train,cancer,Lung MRI (423).png,.png,..\dataset\lung_cancer_MRI_dataset\train\cancer\Lung MRI (423).png,411,326,RGBA
train,cancer,Lung MRI (424).png,.png,..\dataset\lung_cancer_MRI_dataset\train\cancer\Lung MRI (424).png,383,310,RGBA
train,cancer,Lung MRI (425).png,.png,..\dataset\lung_cancer_MRI_dataset\train\cancer\Lung MRI (425).png,450,356,RGBA
train,cancer,Lung MRI (426).png,.png,..\dataset\lung_cancer_MRI_dataset\train\cancer\Lung MRI (426).png,435,269,RGBA
train,cancer,Lung MRI (427).png,.png,..\dataset\lung_cancer_MRI_dataset\train\cancer\Lung MRI (427).png,444,368,RGBA
train,cancer,Lung MRI (428).png,.png,..\dataset\lung_cancer_MRI_dataset\train\cancer\Lung MRI (428).png,355,252,RGBA
train,cancer,Lung MRI (429).png,.png,..\dataset\lung_cancer_MRI_dataset\train\cancer\Lung MRI (429).png,469,345,RGBA
train,cancer,Lung MRI (43).png,.png,..\dataset\lung_cancer_MRI_dataset\train\cancer\Lung MRI (43).png,419,269,RGBA
train,cancer,Lung MRI (430).png,.png,..\dataset\lung_cancer_MRI_dataset\train\cancer\Lung MRI (430).png,426,313,RGBA
train,cancer,Lung MRI (431).png,.png,..\dataset\lung_cancer_MRI_dataset\train\cancer\Lung MRI (431).png,446,352,RGBA
train,cancer,Lung MRI (432).png,.png,..\dataset\lung_cancer_MRI_dataset\train\cancer\Lung MRI (432).png,429,314,RGBA
train,cancer,Lung MRI (433).png,.png,..\dataset\lung_cancer_MRI_dataset\train\cancer\Lung MRI (433).png,454,347,RGBA
train,cancer,Lung MRI (434).png,.png,..\dataset\lung_cancer_MRI_dataset\train\cancer\Lung MRI (434).png,354,268,RGBA
train,cancer,Lung MRI (435).png,.png,..\dataset\lung_cancer_MRI_dataset\train\cancer\Lung MRI (435).png,365,300,RGBA
train,cancer,Lung MRI (436).png,.png,..\dataset\lung_cancer_MRI_dataset\train\cancer\Lung MRI (436).png,376,237,RGBA
train,cancer,Lung MRI (437).png,.png,..\dataset\lung_cancer_MRI_dataset\train\cancer\Lung MRI (437).png,444,243,RGBA
train,cancer,Lung MRI (438).png,.png,..\dataset\lung_cancer_MRI_dataset\train\cancer\Lung MRI (438).png,450,350,RGBA
train,cancer,Lung MRI (439).png,.png,..\dataset\lung_cancer_MRI_dataset\train\cancer\Lung MRI (439).png,454,318,RGBA
train,cancer,Lung MRI (44).png,.png,..\dataset\lung_cancer_MRI_dataset\train\cancer\Lung MRI (44).png,413,262,RGBA
train,cancer,Lung MRI (440).png,.png,..\dataset\lung_cancer_MRI_dataset\train\cancer\Lung MRI (440).png,350,274,RGBA
train,cancer,Lung MRI (441).png,.png,..\dataset\lung_cancer_MRI_dataset\train\cancer\Lung MRI (441).png,415,301,RGBA
train,cancer,Lung MRI (442).png,.png,..\dataset\lung_cancer_MRI_dataset\train\cancer\Lung MRI (442).png,468,332,RGBA
train,cancer,Lung MRI (443).png,.png,..\dataset\lung_cancer_MRI_dataset\train\cancer\Lung MRI (443).png,443,356,RGBA
train,cancer,Lung MRI (444).png,.png,..\dataset\lung_cancer_MRI_dataset\train\cancer\Lung MRI (444).png,426,324,RGBA
train,cancer,Lung MRI (445).png,.png,..\dataset\lung_cancer_MRI_dataset\train\cancer\Lung MRI (445).png,439,339,RGBA
train,cancer,Lung MRI (446).png,.png,..\dataset\lung_cancer_MRI_dataset\train\cancer\Lung MRI (446).png,427,319,RGBA
train,cancer,Lung MRI (447).png,.png,..\dataset\lung_cancer_MRI_dataset\train\cancer\Lung MRI (447).png,451,340,RGBA
train,cancer,Lung MRI (448).png,.png,..\dataset\lung_cancer_MRI_dataset\train\cancer\Lung MRI (448).png,474,332,RGBA
train,cancer,Lung MRI (449).png,.png,..\dataset\lung_cancer_MRI_dataset\train\cancer\Lung MRI (449).png,496,336,RGBA
train,cancer,Lung MRI (45).png,.png,..\dataset\lung_cancer_MRI_dataset\train\cancer\Lung MRI (45).png,439,258,RGBA
train,cancer,Lung MRI (450).png,.png,..\dataset\lung_cancer_MRI_dataset\train\cancer\Lung MRI (450).png,400,323,RGBA
train,cancer,Lung MRI (451).png,.png,..\dataset\lung_cancer_MRI_dataset\train\cancer\Lung MRI (451).png,376,309,RGBA
train,cancer,Lung MRI (452).png,.png,..\dataset\lung_cancer_MRI_dataset\train\cancer\Lung MRI (452).png,452,307,RGBA
train,cancer,Lung MRI (453).png,.png,..\dataset\lung_cancer_MRI_dataset\train\cancer\Lung MRI (453).png,498,337,RGBA
train,cancer,Lung MRI (454).png,.png,..\dataset\lung_cancer_MRI_dataset\train\cancer\Lung MRI (454).png,419,329,RGBA
train,cancer,Lung MRI (455).png,.png,..\dataset\lung_cancer_MRI_dataset\train\cancer\Lung MRI (455).png,468,354,RGBA
train,cancer,Lung MRI (456).png,.png,..\dataset\lung_cancer_MRI_dataset\train\cancer\Lung MRI (456).png,414,351,RGBA
train,cancer,Lung MRI (457).png,.png,..\dataset\lung_cancer_MRI_dataset\train\cancer\Lung MRI (457).png,455,315,RGBA
train,cancer,Lung MRI (458).png,.png,..\dataset\lung_cancer_MRI_dataset\train\cancer\Lung MRI (458).png,460,355,RGBA
train,cancer,Lung MRI (459).png,.png,..\dataset\lung_cancer_MRI_dataset\train\cancer\Lung MRI (459).png,391,291,RGBA
train,cancer,Lung MRI (46).png,.png,..\dataset\lung_cancer_MRI_dataset\train\cancer\Lung MRI (46).png,444,241,RGBA
train,cancer,Lung MRI (460).png,.png,..\dataset\lung_cancer_MRI_dataset\train\cancer\Lung MRI (460).png,385,302,RGBA
train,cancer,Lung MRI (461).png,.png,..\dataset\lung_cancer_MRI_dataset\train\cancer\Lung MRI (461).png,487,301,RGBA
train,cancer,Lung MRI (462).png,.png,..\dataset\lung_cancer_MRI_dataset\train\cancer\Lung MRI (462).png,450,351,RGBA
train,cancer,Lung MRI (463).png,.png,..\dataset\lung_cancer_MRI_dataset\train\cancer\Lung MRI (463).png,419,334,RGBA
train,cancer,Lung MRI (464).png,.png,..\dataset\lung_cancer_MRI_dataset\train\cancer\Lung MRI (464).png,384,310,RGBA
train,cancer,Lung MRI (465).png,.png,..\dataset\lung_cancer_MRI_dataset\train\cancer\Lung MRI (465).png,456,329,RGBA
train,cancer,Lung MRI (466).png,.png,..\dataset\lung_cancer_MRI_dataset\train\cancer\Lung MRI (466).png,448,250,RGBA
train,cancer,Lung MRI (467).png,.png,..\dataset\lung_cancer_MRI_dataset\train\cancer\Lung MRI (467).png,365,322,RGBA
train,cancer,Lung MRI (468).png,.png,..\dataset\lung_cancer_MRI_dataset\train\cancer\Lung MRI (468).png,475,347,RGBA
train,cancer,Lung MRI (469).png,.png,..\dataset\lung_cancer_MRI_dataset\train\cancer\Lung MRI (469).png,450,335,RGBA
train,cancer,Lung MRI (47).png,.png,..\dataset\lung_cancer_MRI_dataset\train\cancer\Lung MRI (47).png,429,259,RGBA
train,cancer,Lung MRI (470).png,.png,..\dataset\lung_cancer_MRI_dataset\train\cancer\Lung MRI (470).png,471,279,RGBA
train,cancer,Lung MRI (471).png,.png,..\dataset\lung_cancer_MRI_dataset\train\cancer\Lung MRI (471).png,419,317,RGBA
train,cancer,Lung MRI (472).png,.png,..\dataset\lung_cancer_MRI_dataset\train\cancer\Lung MRI (472).png,447,294,RGBA
train,cancer,Lung MRI (473).png,.png,..\dataset\lung_cancer_MRI_dataset\train\cancer\Lung MRI (473).png,410,253,RGBA
train,cancer,Lung MRI (474).png,.png,..\dataset\lung_cancer_MRI_dataset\train\cancer\Lung MRI (474).png,430,278,RGBA
train,cancer,Lung MRI (475).png,.png,..\dataset\lung_cancer_MRI_dataset\train\cancer\Lung MRI (475).png,417,341,RGBA
train,cancer,Lung MRI (476).png,.png,..\dataset\lung_cancer_MRI_dataset\train\cancer\Lung MRI (476).png,419,296,RGBA
train,cancer,Lung MRI (477).png,.png,..\dataset\lung_cancer_MRI_dataset\train\cancer\Lung MRI (477).png,422,332,RGBA
train,cancer,Lung MRI (478).png,.png,..\dataset\lung_cancer_MRI_dataset\train\cancer\Lung MRI (478).png,431,331,RGBA
train,cancer,Lung MRI (479).png,.png,..\dataset\lung_cancer_MRI_dataset\train\cancer\Lung MRI (479).png,489,342,RGBA
train,cancer,Lung MRI (48).png,.png,..\dataset\lung_cancer_MRI_dataset\train\cancer\Lung MRI (48).png,426,259,RGBA
train,cancer,Lung MRI (480).png,.png,..\dataset\lung_cancer_MRI_dataset\train\cancer\Lung MRI (480).png,444,346,RGBA
train,cancer,Lung MRI (481).png,.png,..\dataset\lung_cancer_MRI_dataset\train\cancer\Lung MRI (481).png,432,277,RGBA
train,cancer,Lung MRI (482).png,.png,..\dataset\lung_cancer_MRI_dataset\train\cancer\Lung MRI (482).png,384,302,RGBA
train,cancer,Lung MRI (483).png,.png,..\dataset\lung_cancer_MRI_dataset\train\cancer\Lung MRI (483).png,424,357,RGBA
train,cancer,Lung MRI (484).png,.png,..\dataset\lung_cancer_MRI_dataset\train\cancer\Lung MRI (484).png,478,359,RGBA
train,cancer,Lung MRI (485).png,.png,..\dataset\lung_cancer_MRI_dataset\train\cancer\Lung MRI (485).png,385,267,RGBA
train,cancer,Lung MRI (486).png,.png,..\dataset\lung_cancer_MRI_dataset\train\cancer\Lung MRI (486).png,465,322,RGBA
train,cancer,Lung MRI (487).png,.png,..\dataset\lung_cancer_MRI_dataset\train\cancer\Lung MRI (487).png,485,339,RGBA
train,cancer,Lung MRI (488).png,.png,..\dataset\lung_cancer_MRI_dataset\train\cancer\Lung MRI (488).png,450,329,RGBA
train,cancer,Lung MRI (489).png,.png,..\dataset\lung_cancer_MRI_dataset\train\cancer\Lung MRI (489).png,429,285,RGBA
train,cancer,Lung MRI (49).png,.png,..\dataset\lung_cancer_MRI_dataset\train\cancer\Lung MRI (49).png,412,297,RGBA
train,cancer,Lung MRI (490).png,.png,..\dataset\lung_cancer_MRI_dataset\train\cancer\Lung MRI (490).png,450,301,RGBA
train,cancer,Lung MRI (491).png,.png,..\dataset\lung_cancer_MRI_dataset\train\cancer\Lung MRI (491).png,477,318,RGBA
train,cancer,Lung MRI (492).png,.png,..\dataset\lung_cancer_MRI_dataset\train\cancer\Lung MRI (492).png,426,304,RGBA
train,cancer,Lung MRI (493).png,.png,..\dataset\lung_cancer_MRI_dataset\train\cancer\Lung MRI (493).png,443,324,RGBA
train,cancer,Lung MRI (494).png,.png,..\dataset\lung_cancer_MRI_dataset\train\cancer\Lung MRI (494).png,447,319,RGBA
train,cancer,Lung MRI (495).png,.png,..\dataset\lung_cancer_MRI_dataset\train\cancer\Lung MRI (495).png,439,334,RGBA
train,cancer,Lung MRI (496).png,.png,..\dataset\lung_cancer_MRI_dataset\train\cancer\Lung MRI (496).png,475,394,RGBA
train,cancer,Lung MRI (497).png,.png,..\dataset\lung_cancer_MRI_dataset\train\cancer\Lung MRI (497).png,417,322,RGBA
train,cancer,Lung MRI (498).png,.png,..\dataset\lung_cancer_MRI_dataset\train\cancer\Lung MRI (498).png,446,354,RGBA
train,cancer,Lung MRI (499).png,.png,..\dataset\lung_cancer_MRI_dataset\train\cancer\Lung MRI (499).png,494,349,RGBA
train,cancer,Lung MRI (5).png,.png,..\dataset\lung_cancer_MRI_dataset\train\cancer\Lung MRI (5).png,437,258,RGBA
train,cancer,Lung MRI (50).png,.png,..\dataset\lung_cancer_MRI_dataset\train\cancer\Lung MRI (50).png,413,305,RGBA
train,cancer,Lung MRI (500).png,.png,..\dataset\lung_cancer_MRI_dataset\train\cancer\Lung MRI (500).png,498,402,RGBA
train,cancer,Lung MRI (501).png,.png,..\dataset\lung_cancer_MRI_dataset\train\cancer\Lung MRI (501).png,335,237,RGBA
train,cancer,Lung MRI (502).png,.png,..\dataset\lung_cancer_MRI_dataset\train\cancer\Lung MRI (502).png,412,337,RGBA
train,cancer,Lung MRI (503).png,.png,..\dataset\lung_cancer_MRI_dataset\train\cancer\Lung MRI (503).png,475,331,RGBA
train,cancer,Lung MRI (504).png,.png,..\dataset\lung_cancer_MRI_dataset\train\cancer\Lung MRI (504).png,424,373,RGBA
train,cancer,Lung MRI (505).png,.png,..\dataset\lung_cancer_MRI_dataset\train\cancer\Lung MRI (505).png,415,299,RGBA
train,cancer,Lung MRI (506).png,.png,..\dataset\lung_cancer_MRI_dataset\train\cancer\Lung MRI (506).png,479,327,RGBA
train,cancer,Lung MRI (507).png,.png,..\dataset\lung_cancer_MRI_dataset\train\cancer\Lung MRI (507).png,422,355,RGBA
train,cancer,Lung MRI (508).png,.png,..\dataset\lung_cancer_MRI_dataset\train\cancer\Lung MRI (508).png,470,319,RGBA
train,cancer,Lung MRI (509).png,.png,..\dataset\lung_cancer_MRI_dataset\train\cancer\Lung MRI (509).png,485,331,RGBA
train,cancer,Lung MRI (51).png,.png,..\dataset\lung_cancer_MRI_dataset\train\cancer\Lung MRI (51).png,413,286,RGBA
train,cancer,Lung MRI (510).png,.png,..\dataset\lung_cancer_MRI_dataset\train\cancer\Lung MRI (510).png,501,273,RGBA
train,cancer,Lung MRI (511).png,.png,..\dataset\lung_cancer_MRI_dataset\train\cancer\Lung MRI (511).png,456,315,RGBA
train,cancer,Lung MRI (512).png,.png,..\dataset\lung_cancer_MRI_dataset\train\cancer\Lung MRI (512).png,417,284,RGBA
train,cancer,Lung MRI (513).png,.png,..\dataset\lung_cancer_MRI_dataset\train\cancer\Lung MRI (513).png,417,334,RGBA
train,cancer,Lung MRI (514).png,.png,..\dataset\lung_cancer_MRI_dataset\train\cancer\Lung MRI (514).png,419,298,RGBA
train,cancer,Lung MRI (515).png,.png,..\dataset\lung_cancer_MRI_dataset\train\cancer\Lung MRI (515).png,476,337,RGBA
train,cancer,Lung MRI (516).png,.png,..\dataset\lung_cancer_MRI_dataset\train\cancer\Lung MRI (516).png,448,326,RGBA
train,cancer,Lung MRI (517).png,.png,..\dataset\lung_cancer_MRI_dataset\train\cancer\Lung MRI (517).png,402,282,RGBA
train,cancer,Lung MRI (518).png,.png,..\dataset\lung_cancer_MRI_dataset\train\cancer\Lung MRI (518).png,438,319,RGBA
train,cancer,Lung MRI (519).png,.png,..\dataset\lung_cancer_MRI_dataset\train\cancer\Lung MRI (519).png,476,356,RGBA
train,cancer,Lung MRI (52).png,.png,..\dataset\lung_cancer_MRI_dataset\train\cancer\Lung MRI (52).png,373,211,RGBA
train,cancer,Lung MRI (520).png,.png,..\dataset\lung_cancer_MRI_dataset\train\cancer\Lung MRI (520).png,473,324,RGBA
train,cancer,Lung MRI (521).png,.png,..\dataset\lung_cancer_MRI_dataset\train\cancer\Lung MRI (521).png,499,320,RGBA
train,cancer,Lung MRI (522).png,.png,..\dataset\lung_cancer_MRI_dataset\train\cancer\Lung MRI (522).png,480,341,RGBA
train,cancer,Lung MRI (523).png,.png,..\dataset\lung_cancer_MRI_dataset\train\cancer\Lung MRI (523).png,445,347,RGBA
train,cancer,Lung MRI (524).png,.png,..\dataset\lung_cancer_MRI_dataset\train\cancer\Lung MRI (524).png,460,341,RGBA
train,cancer,Lung MRI (525).png,.png,..\dataset\lung_cancer_MRI_dataset\train\cancer\Lung MRI (525).png,479,357,RGBA
train,cancer,Lung MRI (526).png,.png,..\dataset\lung_cancer_MRI_dataset\train\cancer\Lung MRI (526).png,393,352,RGBA
train,cancer,Lung MRI (527).png,.png,..\dataset\lung_cancer_MRI_dataset\train\cancer\Lung MRI (527).png,402,353,RGBA
train,cancer,Lung MRI (528).png,.png,..\dataset\lung_cancer_MRI_dataset\train\cancer\Lung MRI (528).png,491,274,RGBA
train,cancer,Lung MRI (529).png,.png,..\dataset\lung_cancer_MRI_dataset\train\cancer\Lung MRI (529).png,430,336,RGBA
train,cancer,Lung MRI (53).png,.png,..\dataset\lung_cancer_MRI_dataset\train\cancer\Lung MRI (53).png,387,258,RGBA
train,cancer,Lung MRI (530).png,.png,..\dataset\lung_cancer_MRI_dataset\train\cancer\Lung MRI (530).png,419,354,RGBA
train,cancer,Lung MRI (531).png,.png,..\dataset\lung_cancer_MRI_dataset\train\cancer\Lung MRI (531).png,409,322,RGBA
train,cancer,Lung MRI (532).png,.png,..\dataset\lung_cancer_MRI_dataset\train\cancer\Lung MRI (532).png,462,277,RGBA
train,cancer,Lung MRI (533).png,.png,..\dataset\lung_cancer_MRI_dataset\train\cancer\Lung MRI (533).png,424,275,RGBA
train,cancer,Lung MRI (534).png,.png,..\dataset\lung_cancer_MRI_dataset\train\cancer\Lung MRI (534).png,397,286,RGBA
train,cancer,Lung MRI (535).png,.png,..\dataset\lung_cancer_MRI_dataset\train\cancer\Lung MRI (535).png,438,309,RGBA
train,cancer,Lung MRI (536).png,.png,..\dataset\lung_cancer_MRI_dataset\train\cancer\Lung MRI (536).png,423,311,RGBA
train,cancer,Lung MRI (537).png,.png,..\dataset\lung_cancer_MRI_dataset\train\cancer\Lung MRI (537).png,480,353,RGBA
train,cancer,Lung MRI (538).png,.png,..\dataset\lung_cancer_MRI_dataset\train\cancer\Lung MRI (538).png,413,292,RGBA
train,cancer,Lung MRI (539).png,.png,..\dataset\lung_cancer_MRI_dataset\train\cancer\Lung MRI (539).png,372,222,RGBA
train,cancer,Lung MRI (54).png,.png,..\dataset\lung_cancer_MRI_dataset\train\cancer\Lung MRI (54).png,377,284,RGBA
train,cancer,Lung MRI (540).png,.png,..\dataset\lung_cancer_MRI_dataset\train\cancer\Lung MRI (540).png,467,360,RGBA
train,cancer,Lung MRI (541).png,.png,..\dataset\lung_cancer_MRI_dataset\train\cancer\Lung MRI (541).png,450,329,RGBA
train,cancer,Lung MRI (542).png,.png,..\dataset\lung_cancer_MRI_dataset\train\cancer\Lung MRI (542).png,374,329,RGBA
train,cancer,Lung MRI (543).png,.png,..\dataset\lung_cancer_MRI_dataset\train\cancer\Lung MRI (543).png,408,355,RGBA
train,cancer,Lung MRI (544).png,.png,..\dataset\lung_cancer_MRI_dataset\train\cancer\Lung MRI (544).png,409,311,RGBA
train,cancer,Lung MRI (545).png,.png,..\dataset\lung_cancer_MRI_dataset\train\cancer\Lung MRI (545).png,487,346,RGBA
train,cancer,Lung MRI (546).png,.png,..\dataset\lung_cancer_MRI_dataset\train\cancer\Lung MRI (546).png,397,311,RGBA
train,cancer,Lung MRI (547).png,.png,..\dataset\lung_cancer_MRI_dataset\train\cancer\Lung MRI (547).png,385,313,RGBA
train,cancer,Lung MRI (548).png,.png,..\dataset\lung_cancer_MRI_dataset\train\cancer\Lung MRI (548).png,421,365,RGBA
train,cancer,Lung MRI (549).png,.png,..\dataset\lung_cancer_MRI_dataset\train\cancer\Lung MRI (549).png,435,300,RGBA
train,cancer,Lung MRI (55).png,.png,..\dataset\lung_cancer_MRI_dataset\train\cancer\Lung MRI (55).png,432,206,RGBA
train,cancer,Lung MRI (550).png,.png,..\dataset\lung_cancer_MRI_dataset\train\cancer\Lung MRI (550).png,348,230,RGBA
train,cancer,Lung MRI (551).png,.png,..\dataset\lung_cancer_MRI_dataset\train\cancer\Lung MRI (551).png,466,358,RGBA
train,cancer,Lung MRI (552).png,.png,..\dataset\lung_cancer_MRI_dataset\train\cancer\Lung MRI (552).png,487,341,RGBA
train,cancer,Lung MRI (553).png,.png,..\dataset\lung_cancer_MRI_dataset\train\cancer\Lung MRI (553).png,373,336,RGBA
train,cancer,Lung MRI (554).png,.png,..\dataset\lung_cancer_MRI_dataset\train\cancer\Lung MRI (554).png,437,308,RGBA
train,cancer,Lung MRI (555).png,.png,..\dataset\lung_cancer_MRI_dataset\train\cancer\Lung MRI (555).png,446,339,RGBA
train,cancer,Lung MRI (556).png,.png,..\dataset\lung_cancer_MRI_dataset\train\cancer\Lung MRI (556).png,487,413,RGBA
train,cancer,Lung MRI (557).png,.png,..\dataset\lung_cancer_MRI_dataset\train\cancer\Lung MRI (557).png,420,323,RGBA
train,cancer,Lung MRI (558).png,.png,..\dataset\lung_cancer_MRI_dataset\train\cancer\Lung MRI (558).png,448,325,RGBA
train,cancer,Lung MRI (559).png,.png,..\dataset\lung_cancer_MRI_dataset\train\cancer\Lung MRI (559).png,401,310,RGBA
train,cancer,Lung MRI (56).png,.png,..\dataset\lung_cancer_MRI_dataset\train\cancer\Lung MRI (56).png,391,295,RGBA
train,cancer,Lung MRI (560).png,.png,..\dataset\lung_cancer_MRI_dataset\train\cancer\Lung MRI (560).png,423,311,RGBA
train,cancer,Lung MRI (561).png,.png,..\dataset\lung_cancer_MRI_dataset\train\cancer\Lung MRI (561).png,478,367,RGBA
train,cancer,Lung MRI (562).png,.png,..\dataset\lung_cancer_MRI_dataset\train\cancer\Lung MRI (562).png,411,350,RGBA
train,cancer,Lung MRI (563).png,.png,..\dataset\lung_cancer_MRI_dataset\train\cancer\Lung MRI (563).png,383,316,RGBA
train,cancer,Lung MRI (564).png,.png,..\dataset\lung_cancer_MRI_dataset\train\cancer\Lung MRI (564).png,445,330,RGBA
train,cancer,Lung MRI (565).png,.png,..\dataset\lung_cancer_MRI_dataset\train\cancer\Lung MRI (565).png,460,341,RGBA
train,cancer,Lung MRI (566).png,.png,..\dataset\lung_cancer_MRI_dataset\train\cancer\Lung MRI (566).png,396,287,RGBA
train,cancer,Lung MRI (567).png,.png,..\dataset\lung_cancer_MRI_dataset\train\cancer\Lung MRI (567).png,433,324,RGBA
train,cancer,Lung MRI (568).png,.png,..\dataset\lung_cancer_MRI_dataset\train\cancer\Lung MRI (568).png,443,324,RGBA
train,cancer,Lung MRI (569).png,.png,..\dataset\lung_cancer_MRI_dataset\train\cancer\Lung MRI (569).png,442,280,RGBA
train,cancer,Lung MRI (57).png,.png,..\dataset\lung_cancer_MRI_dataset\train\cancer\Lung MRI (57).png,396,296,RGBA
train,cancer,Lung MRI (570).png,.png,..\dataset\lung_cancer_MRI_dataset\train\cancer\Lung MRI (570).png,476,386,RGBA
train,cancer,Lung MRI (571).png,.png,..\dataset\lung_cancer_MRI_dataset\train\cancer\Lung MRI (571).png,434,342,RGBA
train,cancer,Lung MRI (572).png,.png,..\dataset\lung_cancer_MRI_dataset\train\cancer\Lung MRI (572).png,403,303,RGBA
train,cancer,Lung MRI (573).png,.png,..\dataset\lung_cancer_MRI_dataset\train\cancer\Lung MRI (573).png,369,342,RGBA
train,cancer,Lung MRI (574).png,.png,..\dataset\lung_cancer_MRI_dataset\train\cancer\Lung MRI (574).png,385,262,RGBA
train,cancer,Lung MRI (575).png,.png,..\dataset\lung_cancer_MRI_dataset\train\cancer\Lung MRI (575).png,402,314,RGBA
train,cancer,Lung MRI (576).png,.png,..\dataset\lung_cancer_MRI_dataset\train\cancer\Lung MRI (576).png,464,355,RGBA
train,cancer,Lung MRI (577).png,.png,..\dataset\lung_cancer_MRI_dataset\train\cancer\Lung MRI (577).png,416,332,RGBA
train,cancer,Lung MRI (578).png,.png,..\dataset\lung_cancer_MRI_dataset\train\cancer\Lung MRI (578).png,415,374,RGBA
train,cancer,Lung MRI (579).png,.png,..\dataset\lung_cancer_MRI_dataset\train\cancer\Lung MRI (579).png,440,311,RGBA
train,cancer,Lung MRI (58).png,.png,..\dataset\lung_cancer_MRI_dataset\train\cancer\Lung MRI (58).png,385,265,RGBA
train,cancer,Lung MRI (580).png,.png,..\dataset\lung_cancer_MRI_dataset\train\cancer\Lung MRI (580).png,461,330,RGBA
train,cancer,Lung MRI (581).png,.png,..\dataset\lung_cancer_MRI_dataset\train\cancer\Lung MRI (581).png,456,354,RGBA
train,cancer,Lung MRI (582).png,.png,..\dataset\lung_cancer_MRI_dataset\train\cancer\Lung MRI (582).png,471,307,RGBA
train,cancer,Lung MRI (583).png,.png,..\dataset\lung_cancer_MRI_dataset\train\cancer\Lung MRI (583).png,461,377,RGBA
train,cancer,Lung MRI (584).png,.png,..\dataset\lung_cancer_MRI_dataset\train\cancer\Lung MRI (584).png,393,328,RGBA
train,cancer,Lung MRI (585).png,.png,..\dataset\lung_cancer_MRI_dataset\train\cancer\Lung MRI (585).png,389,282,RGBA
train,cancer,Lung MRI (586).png,.png,..\dataset\lung_cancer_MRI_dataset\train\cancer\Lung MRI (586).png,461,383,RGBA
train,cancer,Lung MRI (587).png,.png,..\dataset\lung_cancer_MRI_dataset\train\cancer\Lung MRI (587).png,406,372,RGBA
train,cancer,Lung MRI (588).png,.png,..\dataset\lung_cancer_MRI_dataset\train\cancer\Lung MRI (588).png,369,313,RGBA
train,cancer,Lung MRI (589).png,.png,..\dataset\lung_cancer_MRI_dataset\train\cancer\Lung MRI (589).png,464,330,RGBA
train,cancer,Lung MRI (59).png,.png,..\dataset\lung_cancer_MRI_dataset\train\cancer\Lung MRI (59).png,418,267,RGBA
train,cancer,Lung MRI (590).png,.png,..\dataset\lung_cancer_MRI_dataset\train\cancer\Lung MRI (590).png,424,326,RGBA
train,cancer,Lung MRI (591).png,.png,..\dataset\lung_cancer_MRI_dataset\train\cancer\Lung MRI (591).png,419,191,RGBA
train,cancer,Lung MRI (592).png,.png,..\dataset\lung_cancer_MRI_dataset\train\cancer\Lung MRI (592).png,437,311,RGBA
train,cancer,Lung MRI (593).png,.png,..\dataset\lung_cancer_MRI_dataset\train\cancer\Lung MRI (593).png,414,279,RGBA
train,cancer,Lung MRI (594).png,.png,..\dataset\lung_cancer_MRI_dataset\train\cancer\Lung MRI (594).png,457,430,RGBA
train,cancer,Lung MRI (595).png,.png,..\dataset\lung_cancer_MRI_dataset\train\cancer\Lung MRI (595).png,412,301,RGBA
train,cancer,Lung MRI (596).png,.png,..\dataset\lung_cancer_MRI_dataset\train\cancer\Lung MRI (596).png,438,315,RGBA
train,cancer,Lung MRI (597).png,.png,..\dataset\lung_cancer_MRI_dataset\train\cancer\Lung MRI (597).png,425,320,RGBA
train,cancer,Lung MRI (598).png,.png,..\dataset\lung_cancer_MRI_dataset\train\cancer\Lung MRI (598).png,405,361,RGBA
train,cancer,Lung MRI (599).png,.png,..\dataset\lung_cancer_MRI_dataset\train\cancer\Lung MRI (599).png,403,205,RGBA
train,cancer,Lung MRI (6).png,.png,..\dataset\lung_cancer_MRI_dataset\train\cancer\Lung MRI (6).png,443,260,RGBA
train,cancer,Lung MRI (60).png,.png,..\dataset\lung_cancer_MRI_dataset\train\cancer\Lung MRI (60).png,410,313,RGBA
train,cancer,Lung MRI (600).png,.png,..\dataset\lung_cancer_MRI_dataset\train\cancer\Lung MRI (600).png,452,320,RGBA
train,cancer,Lung MRI (601).png,.png,..\dataset\lung_cancer_MRI_dataset\train\cancer\Lung MRI (601).png,459,402,RGBA
train,cancer,Lung MRI (602).png,.png,..\dataset\lung_cancer_MRI_dataset\train\cancer\Lung MRI (602).png,450,373,RGBA
train,cancer,Lung MRI (603).png,.png,..\dataset\lung_cancer_MRI_dataset\train\cancer\Lung MRI (603).png,387,217,RGBA
train,cancer,Lung MRI (604).png,.png,..\dataset\lung_cancer_MRI_dataset\train\cancer\Lung MRI (604).png,408,372,RGBA
train,cancer,Lung MRI (605).png,.png,..\dataset\lung_cancer_MRI_dataset\train\cancer\Lung MRI (605).png,449,299,RGBA
train,cancer,Lung MRI (606).png,.png,..\dataset\lung_cancer_MRI_dataset\train\cancer\Lung MRI (606).png,451,301,RGBA
train,cancer,Lung MRI (607).png,.png,..\dataset\lung_cancer_MRI_dataset\train\cancer\Lung MRI (607).png,434,319,RGBA
train,cancer,Lung MRI (608).png,.png,..\dataset\lung_cancer_MRI_dataset\train\cancer\Lung MRI (608).png,462,370,RGBA
train,cancer,Lung MRI (609).png,.png,..\dataset\lung_cancer_MRI_dataset\train\cancer\Lung MRI (609).png,388,369,RGBA
train,cancer,Lung MRI (61).png,.png,..\dataset\lung_cancer_MRI_dataset\train\cancer\Lung MRI (61).png,416,278,RGBA
train,cancer,Lung MRI (610).png,.png,..\dataset\lung_cancer_MRI_dataset\train\cancer\Lung MRI (610).png,506,281,RGBA
train,cancer,Lung MRI (611).png,.png,..\dataset\lung_cancer_MRI_dataset\train\cancer\Lung MRI (611).png,219,153,RGBA
train,cancer,Lung MRI (612).png,.png,..\dataset\lung_cancer_MRI_dataset\train\cancer\Lung MRI (612).png,223,143,RGBA
train,cancer,Lung MRI (613).png,.png,..\dataset\lung_cancer_MRI_dataset\train\cancer\Lung MRI (613).png,263,192,RGB
train,cancer,Lung MRI (614).png,.png,..\dataset\lung_cancer_MRI_dataset\train\cancer\Lung MRI (614).png,240,134,RGBA
train,cancer,Lung MRI (615).png,.png,..\dataset\lung_cancer_MRI_dataset\train\cancer\Lung MRI (615).png,241,172,RGBA
train,cancer,Lung MRI (616).png,.png,..\dataset\lung_cancer_MRI_dataset\train\cancer\Lung MRI (616).png,216,136,RGBA
train,cancer,Lung MRI (617).png,.png,..\dataset\lung_cancer_MRI_dataset\train\cancer\Lung MRI (617).png,172,130,RGBA
train,cancer,Lung MRI (618).png,.png,..\dataset\lung_cancer_MRI_dataset\train\cancer\Lung MRI (618).png,214,125,RGBA
train,cancer,Lung MRI (619).png,.png,..\dataset\lung_cancer_MRI_dataset\train\cancer\Lung MRI (619).png,172,110,RGBA
train,cancer,Lung MRI (62).png,.png,..\dataset\lung_cancer_MRI_dataset\train\cancer\Lung MRI (62).png,384,232,RGBA
train,cancer,Lung MRI (620).png,.png,..\dataset\lung_cancer_MRI_dataset\train\cancer\Lung MRI (620).png,1200,874,RGB
train,cancer,Lung MRI (621).png,.png,..\dataset\lung_cancer_MRI_dataset\train\cancer\Lung MRI (621).png,221,147,RGBA
train,cancer,Lung MRI (622).png,.png,..\dataset\lung_cancer_MRI_dataset\train\cancer\Lung MRI (622).png,175,152,RGBA
train,cancer,Lung MRI (623).png,.png,..\dataset\lung_cancer_MRI_dataset\train\cancer\Lung MRI (623).png,206,154,RGBA
train,cancer,Lung MRI (624).png,.png,..\dataset\lung_cancer_MRI_dataset\train\cancer\Lung MRI (624).png,252,200,RGB
train,cancer,Lung MRI (625).png,.png,..\dataset\lung_cancer_MRI_dataset\train\cancer\Lung MRI (625).png,609,374,RGBA
train,cancer,Lung MRI (626).png,.png,..\dataset\lung_cancer_MRI_dataset\train\cancer\Lung MRI (626).png,225,225,RGB
train,cancer,Lung MRI (627).png,.png,..\dataset\lung_cancer_MRI_dataset\train\cancer\Lung MRI (627).png,224,161,RGBA
train,cancer,Lung MRI (628).png,.png,..\dataset\lung_cancer_MRI_dataset\train\cancer\Lung MRI (628).png,172,144,RGBA
train,cancer,Lung MRI (629).png,.png,..\dataset\lung_cancer_MRI_dataset\train\cancer\Lung MRI (629).png,1200,802,RGB
train,cancer,Lung MRI (63).png,.png,..\dataset\lung_cancer_MRI_dataset\train\cancer\Lung MRI (63).png,385,196,RGBA
train,cancer,Lung MRI (630).png,.png,..\dataset\lung_cancer_MRI_dataset\train\cancer\Lung MRI (630).png,212,170,RGBA
train,cancer,Lung MRI (631).png,.png,..\dataset\lung_cancer_MRI_dataset\train\cancer\Lung MRI (631).png,225,225,RGB
train,cancer,Lung MRI (632).png,.png,..\dataset\lung_cancer_MRI_dataset\train\cancer\Lung MRI (632).png,223,164,RGBA
train,cancer,Lung MRI (633).png,.png,..\dataset\lung_cancer_MRI_dataset\train\cancer\Lung MRI (633).png,630,630,RGB
train,cancer,Lung MRI (634).png,.png,..\dataset\lung_cancer_MRI_dataset\train\cancer\Lung MRI (634).png,225,225,RGB
train,cancer,Lung MRI (635).png,.png,..\dataset\lung_cancer_MRI_dataset\train\cancer\Lung MRI (635).png,218,156,RGBA
train,cancer,Lung MRI (636).png,.png,..\dataset\lung_cancer_MRI_dataset\train\cancer\Lung MRI (636).png,217,147,RGBA
train,cancer,Lung MRI (637).png,.png,..\dataset\lung_cancer_MRI_dataset\train\cancer\Lung MRI (637).png,240,210,RGB
train,cancer,Lung MRI (638).png,.png,..\dataset\lung_cancer_MRI_dataset\train\cancer\Lung MRI (638).png,425,404,L
train,cancer,Lung MRI (639).png,.png,..\dataset\lung_cancer_MRI_dataset\train\cancer\Lung MRI (639).png,168,122,RGBA
train,cancer,Lung MRI (64).png,.png,..\dataset\lung_cancer_MRI_dataset\train\cancer\Lung MRI (64).png,432,174,RGBA
train,cancer,Lung MRI (640).png,.png,..\dataset\lung_cancer_MRI_dataset\train\cancer\Lung MRI (640).png,512,512,RGBA
train,cancer,Lung MRI (641).png,.png,..\dataset\lung_cancer_MRI_dataset\train\cancer\Lung MRI (641).png,512,512,RGBA
train,cancer,Lung MRI (642).png,.png,..\dataset\lung_cancer_MRI_dataset\train\cancer\Lung MRI (642).png,512,512,RGBA
train,cancer,Lung MRI (643).png,.png,..\dataset\lung_cancer_MRI_dataset\train\cancer\Lung MRI (643).png,512,512,RGBA
train,cancer,Lung MRI (644).png,.png,..\dataset\lung_cancer_MRI_dataset\train\cancer\Lung MRI (644).png,512,512,RGBA
train,cancer,Lung MRI (645).png,.png,..\dataset\lung_cancer_MRI_dataset\train\cancer\Lung MRI (645).png,512,512,RGBA
train,cancer,Lung MRI (646).png,.png,..\dataset\lung_cancer_MRI_dataset\train\cancer\Lung MRI (646).png,512,512,RGBA
train,cancer,Lung MRI (647).png,.png,..\dataset\lung_cancer_MRI_dataset\train\cancer\Lung MRI (647).png,512,512,RGBA
train,cancer,Lung MRI (648).png,.png,..\dataset\lung_cancer_MRI_dataset\train\cancer\Lung MRI (648).png,512,512,RGBA
train,cancer,Lung MRI (649).png,.png,..\dataset\lung_cancer_MRI_dataset\train\cancer\Lung MRI (649).png,512,512,RGBA
train,cancer,Lung MRI (65).png,.png,..\dataset\lung_cancer_MRI_dataset\train\cancer\Lung MRI (65).png,440,274,RGBA
train,cancer,Lung MRI (650).png,.png,..\dataset\lung_cancer_MRI_dataset\train\cancer\Lung MRI (650).png,512,512,RGBA
train,cancer,Lung MRI (651).png,.png,..\dataset\lung_cancer_MRI_dataset\train\cancer\Lung MRI (651).png,512,512,RGBA
train,cancer,Lung MRI (652).png,.png,..\dataset\lung_cancer_MRI_dataset\train\cancer\Lung MRI (652).png,512,512,RGBA
train,cancer,Lung MRI (653).png,.png,..\dataset\lung_cancer_MRI_dataset\train\cancer\Lung MRI (653).png,512,512,RGBA
train,cancer,Lung MRI (654).png,.png,..\dataset\lung_cancer_MRI_dataset\train\cancer\Lung MRI (654).png,512,512,RGBA
train,cancer,Lung MRI (655).png,.png,..\dataset\lung_cancer_MRI_dataset\train\cancer\Lung MRI (655).png,512,512,RGBA
train,cancer,Lung MRI (656).png,.png,..\dataset\lung_cancer_MRI_dataset\train\cancer\Lung MRI (656).png,512,512,RGBA
train,cancer,Lung MRI (657).png,.png,..\dataset\lung_cancer_MRI_dataset\train\cancer\Lung MRI (657).png,512,512,RGBA
train,cancer,Lung MRI (658).png,.png,..\dataset\lung_cancer_MRI_dataset\train\cancer\Lung MRI (658).png,512,512,RGBA
train,cancer,Lung MRI (659).png,.png,..\dataset\lung_cancer_MRI_dataset\train\cancer\Lung MRI (659).png,512,512,RGBA
train,cancer,Lung MRI (66).png,.png,..\dataset\lung_cancer_MRI_dataset\train\cancer\Lung MRI (66).png,439,250,RGBA
train,cancer,Lung MRI (660).png,.png,..\dataset\lung_cancer_MRI_dataset\train\cancer\Lung MRI (660).png,512,512,RGBA
train,cancer,Lung MRI (661).png,.png,..\dataset\lung_cancer_MRI_dataset\train\cancer\Lung MRI (661).png,512,512,RGBA
train,cancer,Lung MRI (662).png,.png,..\dataset\lung_cancer_MRI_dataset\train\cancer\Lung MRI (662).png,512,512,RGBA
train,cancer,Lung MRI (663).png,.png,..\dataset\lung_cancer_MRI_dataset\train\cancer\Lung MRI (663).png,512,512,RGBA
train,cancer,Lung MRI (664).png,.png,..\dataset\lung_cancer_MRI_dataset\train\cancer\Lung MRI (664).png,512,512,RGBA
train,cancer,Lung MRI (665).png,.png,..\dataset\lung_cancer_MRI_dataset\train\cancer\Lung MRI (665).png,512,512,RGBA
train,cancer,Lung MRI (666).png,.png,..\dataset\lung_cancer_MRI_dataset\train\cancer\Lung MRI (666).png,512,512,RGBA
train,cancer,Lung MRI (667).png,.png,..\dataset\lung_cancer_MRI_dataset\train\cancer\Lung MRI (667).png,512,512,RGBA
train,cancer,Lung MRI (668).png,.png,..\dataset\lung_cancer_MRI_dataset\train\cancer\Lung MRI (668).png,512,512,RGBA
train,cancer,Lung MRI (669).png,.png,..\dataset\lung_cancer_MRI_dataset\train\cancer\Lung MRI (669).png,512,512,RGBA
train,cancer,Lung MRI (67).png,.png,..\dataset\lung_cancer_MRI_dataset\train\cancer\Lung MRI (67).png,400,240,RGBA
train,cancer,Lung MRI (670).png,.png,..\dataset\lung_cancer_MRI_dataset\train\cancer\Lung MRI (670).png,512,512,RGBA
train,cancer,Lung MRI (671).png,.png,..\dataset\lung_cancer_MRI_dataset\train\cancer\Lung MRI (671).png,512,512,RGBA
train,cancer,Lung MRI (672).png,.png,..\dataset\lung_cancer_MRI_dataset\train\cancer\Lung MRI (672).png,512,512,RGBA
train,cancer,Lung MRI (673).png,.png,..\dataset\lung_cancer_MRI_dataset\train\cancer\Lung MRI (673).png,512,512,RGBA
train,cancer,Lung MRI (674).png,.png,..\dataset\lung_cancer_MRI_dataset\train\cancer\Lung MRI (674).png,512,512,RGBA
train,cancer,Lung MRI (675).png,.png,..\dataset\lung_cancer_MRI_dataset\train\cancer\Lung MRI (675).png,512,512,RGBA
train,cancer,Lung MRI (676).png,.png,..\dataset\lung_cancer_MRI_dataset\train\cancer\Lung MRI (676).png,512,512,RGBA
train,cancer,Lung MRI (677).png,.png,..\dataset\lung_cancer_MRI_dataset\train\cancer\Lung MRI (677).png,512,512,RGBA
train,cancer,Lung MRI (678).png,.png,..\dataset\lung_cancer_MRI_dataset\train\cancer\Lung MRI (678).png,512,512,RGBA
train,cancer,Lung MRI (679).png,.png,..\dataset\lung_cancer_MRI_dataset\train\cancer\Lung MRI (679).png,512,512,RGBA
train,cancer,Lung MRI (68).png,.png,..\dataset\lung_cancer_MRI_dataset\train\cancer\Lung MRI (68).png,345,244,RGBA
train,cancer,Lung MRI (680).png,.png,..\dataset\lung_cancer_MRI_dataset\train\cancer\Lung MRI (680).png,512,512,RGBA
train,cancer,Lung MRI (681).png,.png,..\dataset\lung_cancer_MRI_dataset\train\cancer\Lung MRI (681).png,512,512,RGBA
train,cancer,Lung MRI (682).png,.png,..\dataset\lung_cancer_MRI_dataset\train\cancer\Lung MRI (682).png,512,512,RGBA
train,cancer,Lung MRI (683).png,.png,..\dataset\lung_cancer_MRI_dataset\train\cancer\Lung MRI (683).png,512,512,RGBA
train,cancer,Lung MRI (684).png,.png,..\dataset\lung_cancer_MRI_dataset\train\cancer\Lung MRI (684).png,512,512,RGBA
train,cancer,Lung MRI (685).png,.png,..\dataset\lung_cancer_MRI_dataset\train\cancer\Lung MRI (685).png,512,512,RGBA
train,cancer,Lung MRI (686).png,.png,..\dataset\lung_cancer_MRI_dataset\train\cancer\Lung MRI (686).png,512,512,RGBA
train,cancer,Lung MRI (687).png,.png,..\dataset\lung_cancer_MRI_dataset\train\cancer\Lung MRI (687).png,512,512,RGBA
train,cancer,Lung MRI (688).png,.png,..\dataset\lung_cancer_MRI_dataset\train\cancer\Lung MRI (688).png,512,512,RGBA
train,cancer,Lung MRI (689).png,.png,..\dataset\lung_cancer_MRI_dataset\train\cancer\Lung MRI (689).png,512,512,RGBA
train,cancer,Lung MRI (69).png,.png,..\dataset\lung_cancer_MRI_dataset\train\cancer\Lung MRI (69).png,453,186,RGBA
train,cancer,Lung MRI (690).png,.png,..\dataset\lung_cancer_MRI_dataset\train\cancer\Lung MRI (690).png,512,512,RGBA
train,cancer,Lung MRI (691).png,.png,..\dataset\lung_cancer_MRI_dataset\train\cancer\Lung MRI (691).png,512,512,RGBA
train,cancer,Lung MRI (692).png,.png,..\dataset\lung_cancer_MRI_dataset\train\cancer\Lung MRI (692).png,512,512,RGBA
train,cancer,Lung MRI (693).png,.png,..\dataset\lung_cancer_MRI_dataset\train\cancer\Lung MRI (693).png,512,512,RGBA
train,cancer,Lung MRI (694).png,.png,..\dataset\lung_cancer_MRI_dataset\train\cancer\Lung MRI (694).png,512,512,RGBA
train,cancer,Lung MRI (695).png,.png,..\dataset\lung_cancer_MRI_dataset\train\cancer\Lung MRI (695).png,512,512,RGBA
train,cancer,Lung MRI (696).png,.png,..\dataset\lung_cancer_MRI_dataset\train\cancer\Lung MRI (696).png,512,512,RGBA
train,cancer,Lung MRI (697).png,.png,..\dataset\lung_cancer_MRI_dataset\train\cancer\Lung MRI (697).png,512,512,RGBA
train,cancer,Lung MRI (698).png,.png,..\dataset\lung_cancer_MRI_dataset\train\cancer\Lung MRI (698).png,512,512,RGBA
train,cancer,Lung MRI (699).png,.png,..\dataset\lung_cancer_MRI_dataset\train\cancer\Lung MRI (699).png,512,512,RGBA
train,cancer,Lung MRI (7).png,.png,..\dataset\lung_cancer_MRI_dataset\train\cancer\Lung MRI (7).png,380,231,RGBA
train,cancer,Lung MRI (70).png,.png,..\dataset\lung_cancer_MRI_dataset\train\cancer\Lung MRI (70).png,402,309,RGBA
train,cancer,Lung MRI (700).png,.png,..\dataset\lung_cancer_MRI_dataset\train\cancer\Lung MRI (700).png,512,512,RGBA
train,cancer,Lung MRI (701).png,.png,..\dataset\lung_cancer_MRI_dataset\train\cancer\Lung MRI (701).png,512,512,RGBA
train,cancer,Lung MRI (702).png,.png,..\dataset\lung_cancer_MRI_dataset\train\cancer\Lung MRI (702).png,512,512,RGBA
train,cancer,Lung MRI (703).png,.png,..\dataset\lung_cancer_MRI_dataset\train\cancer\Lung MRI (703).png,512,512,RGBA
train,cancer,Lung MRI (704).png,.png,..\dataset\lung_cancer_MRI_dataset\train\cancer\Lung MRI (704).png,512,512,RGBA
train,cancer,Lung MRI (705).png,.png,..\dataset\lung_cancer_MRI_dataset\train\cancer\Lung MRI (705).png,512,512,RGBA
train,cancer,Lung MRI (706).png,.png,..\dataset\lung_cancer_MRI_dataset\train\cancer\Lung MRI (706).png,512,512,RGBA
train,cancer,Lung MRI (707).png,.png,..\dataset\lung_cancer_MRI_dataset\train\cancer\Lung MRI (707).png,512,512,RGBA
train,cancer,Lung MRI (708).png,.png,..\dataset\lung_cancer_MRI_dataset\train\cancer\Lung MRI (708).png,512,512,RGBA
train,cancer,Lung MRI (709).png,.png,..\dataset\lung_cancer_MRI_dataset\train\cancer\Lung MRI (709).png,512,512,RGBA
train,cancer,Lung MRI (71).png,.png,..\dataset\lung_cancer_MRI_dataset\train\cancer\Lung MRI (71).png,393,320,RGBA
train,cancer,Lung MRI (710).png,.png,..\dataset\lung_cancer_MRI_dataset\train\cancer\Lung MRI (710).png,512,512,RGBA
train,cancer,Lung MRI (711).png,.png,..\dataset\lung_cancer_MRI_dataset\train\cancer\Lung MRI (711).png,512,512,RGBA
train,cancer,Lung MRI (712).png,.png,..\dataset\lung_cancer_MRI_dataset\train\cancer\Lung MRI (712).png,512,512,RGBA
train,cancer,Lung MRI (713).png,.png,..\dataset\lung_cancer_MRI_dataset\train\cancer\Lung MRI (713).png,512,512,RGBA
train,cancer,Lung MRI (714).png,.png,..\dataset\lung_cancer_MRI_dataset\train\cancer\Lung MRI (714).png,512,512,RGBA
train,cancer,Lung MRI (715).png,.png,..\dataset\lung_cancer_MRI_dataset\train\cancer\Lung MRI (715).png,512,512,RGBA
train,cancer,Lung MRI (716).png,.png,..\dataset\lung_cancer_MRI_dataset\train\cancer\Lung MRI (716).png,512,512,RGBA
train,cancer,Lung MRI (717).png,.png,..\dataset\lung_cancer_MRI_dataset\train\cancer\Lung MRI (717).png,512,512,RGBA
train,cancer,Lung MRI (718).png,.png,..\dataset\lung_cancer_MRI_dataset\train\cancer\Lung MRI (718).png,512,512,RGBA
train,cancer,Lung MRI (719).png,.png,..\dataset\lung_cancer_MRI_dataset\train\cancer\Lung MRI (719).png,512,512,RGBA
train,cancer,Lung MRI (72).png,.png,..\dataset\lung_cancer_MRI_dataset\train\cancer\Lung MRI (72).png,425,344,RGBA
train,cancer,Lung MRI (720).png,.png,..\dataset\lung_cancer_MRI_dataset\train\cancer\Lung MRI (720).png,512,512,RGBA
train,cancer,Lung MRI (721).png,.png,..\dataset\lung_cancer_MRI_dataset\train\cancer\Lung MRI (721).png,512,512,RGBA
train,cancer,Lung MRI (722).png,.png,..\dataset\lung_cancer_MRI_dataset\train\cancer\Lung MRI (722).png,512,512,RGBA
train,cancer,Lung MRI (723).png,.png,..\dataset\lung_cancer_MRI_dataset\train\cancer\Lung MRI (723).png,512,512,RGBA
train,cancer,Lung MRI (724).png,.png,..\dataset\lung_cancer_MRI_dataset\train\cancer\Lung MRI (724).png,512,512,RGBA
train,cancer,Lung MRI (725).png,.png,..\dataset\lung_cancer_MRI_dataset\train\cancer\Lung MRI (725).png,512,512,RGBA
train,cancer,Lung MRI (726).png,.png,..\dataset\lung_cancer_MRI_dataset\train\cancer\Lung MRI (726).png,512,512,RGBA
train,cancer,Lung MRI (727).png,.png,..\dataset\lung_cancer_MRI_dataset\train\cancer\Lung MRI (727).png,512,512,RGBA
train,cancer,Lung MRI (728).png,.png,..\dataset\lung_cancer_MRI_dataset\train\cancer\Lung MRI (728).png,512,512,RGBA
train,cancer,Lung MRI (729).png,.png,..\dataset\lung_cancer_MRI_dataset\train\cancer\Lung MRI (729).png,512,512,RGBA
train,cancer,Lung MRI (73).png,.png,..\dataset\lung_cancer_MRI_dataset\train\cancer\Lung MRI (73).png,349,239,RGBA
train,cancer,Lung MRI (730).png,.png,..\dataset\lung_cancer_MRI_dataset\train\cancer\Lung MRI (730).png,512,512,RGBA
train,cancer,Lung MRI (731).png,.png,..\dataset\lung_cancer_MRI_dataset\train\cancer\Lung MRI (731).png,512,512,RGBA
train,cancer,Lung MRI (732).png,.png,..\dataset\lung_cancer_MRI_dataset\train\cancer\Lung MRI (732).png,512,512,RGBA
train,cancer,Lung MRI (733).png,.png,..\dataset\lung_cancer_MRI_dataset\train\cancer\Lung MRI (733).png,512,512,RGBA
train,cancer,Lung MRI (734).png,.png,..\dataset\lung_cancer_MRI_dataset\train\cancer\Lung MRI (734).png,512,512,RGBA
train,cancer,Lung MRI (735).png,.png,..\dataset\lung_cancer_MRI_dataset\train\cancer\Lung MRI (735).png,512,512,RGBA
train,cancer,Lung MRI (736).png,.png,..\dataset\lung_cancer_MRI_dataset\train\cancer\Lung MRI (736).png,512,512,RGBA
train,cancer,Lung MRI (737).png,.png,..\dataset\lung_cancer_MRI_dataset\train\cancer\Lung MRI (737).png,512,512,RGBA
train,cancer,Lung MRI (738).png,.png,..\dataset\lung_cancer_MRI_dataset\train\cancer\Lung MRI (738).png,512,512,RGBA
train,cancer,Lung MRI (739).png,.png,..\dataset\lung_cancer_MRI_dataset\train\cancer\Lung MRI (739).png,512,512,RGBA
train,cancer,Lung MRI (74).png,.png,..\dataset\lung_cancer_MRI_dataset\train\cancer\Lung MRI (74).png,364,224,RGBA
train,cancer,Lung MRI (740).png,.png,..\dataset\lung_cancer_MRI_dataset\train\cancer\Lung MRI (740).png,512,512,RGBA
train,cancer,Lung MRI (741).png,.png,..\dataset\lung_cancer_MRI_dataset\train\cancer\Lung MRI (741).png,512,512,RGBA
train,cancer,Lung MRI (742).png,.png,..\dataset\lung_cancer_MRI_dataset\train\cancer\Lung MRI (742).png,512,512,RGBA
train,cancer,Lung MRI (743).png,.png,..\dataset\lung_cancer_MRI_dataset\train\cancer\Lung MRI (743).png,512,512,RGBA
train,cancer,Lung MRI (744).png,.png,..\dataset\lung_cancer_MRI_dataset\train\cancer\Lung MRI (744).png,512,512,RGBA
train,cancer,Lung MRI (745).png,.png,..\dataset\lung_cancer_MRI_dataset\train\cancer\Lung MRI (745).png,512,512,RGBA
train,cancer,Lung MRI (746).png,.png,..\dataset\lung_cancer_MRI_dataset\train\cancer\Lung MRI (746).png,512,512,RGBA
train,cancer,Lung MRI (747).png,.png,..\dataset\lung_cancer_MRI_dataset\train\cancer\Lung MRI (747).png,512,512,RGBA
train,cancer,Lung MRI (748).png,.png,..\dataset\lung_cancer_MRI_dataset\train\cancer\Lung MRI (748).png,512,512,RGBA
train,cancer,Lung MRI (749).png,.png,..\dataset\lung_cancer_MRI_dataset\train\cancer\Lung MRI (749).png,512,512,RGBA
train,cancer,Lung MRI (75).png,.png,..\dataset\lung_cancer_MRI_dataset\train\cancer\Lung MRI (75).png,423,249,RGBA
train,cancer,Lung MRI (750).png,.png,..\dataset\lung_cancer_MRI_dataset\train\cancer\Lung MRI (750).png,512,512,RGBA
train,cancer,Lung MRI (751).png,.png,..\dataset\lung_cancer_MRI_dataset\train\cancer\Lung MRI (751).png,512,512,RGBA
train,cancer,Lung MRI (752).png,.png,..\dataset\lung_cancer_MRI_dataset\train\cancer\Lung MRI (752).png,512,512,RGBA
train,cancer,Lung MRI (753).png,.png,..\dataset\lung_cancer_MRI_dataset\train\cancer\Lung MRI (753).png,512,512,RGBA
train,cancer,Lung MRI (754).png,.png,..\dataset\lung_cancer_MRI_dataset\train\cancer\Lung MRI (754).png,512,512,RGBA
train,cancer,Lung MRI (755).png,.png,..\dataset\lung_cancer_MRI_dataset\train\cancer\Lung MRI (755).png,512,512,RGBA
train,cancer,Lung MRI (756).png,.png,..\dataset\lung_cancer_MRI_dataset\train\cancer\Lung MRI (756).png,512,512,RGBA
train,cancer,Lung MRI (757).png,.png,..\dataset\lung_cancer_MRI_dataset\train\cancer\Lung MRI (757).png,512,512,RGBA
train,cancer,Lung MRI (758).png,.png,..\dataset\lung_cancer_MRI_dataset\train\cancer\Lung MRI (758).png,512,512,RGBA
train,cancer,Lung MRI (759).png,.png,..\dataset\lung_cancer_MRI_dataset\train\cancer\Lung MRI (759).png,512,512,RGBA
train,cancer,Lung MRI (76).png,.png,..\dataset\lung_cancer_MRI_dataset\train\cancer\Lung MRI (76).png,417,256,RGBA
train,cancer,Lung MRI (760).png,.png,..\dataset\lung_cancer_MRI_dataset\train\cancer\Lung MRI (760).png,512,512,RGBA
train,cancer,Lung MRI (761).png,.png,..\dataset\lung_cancer_MRI_dataset\train\cancer\Lung MRI (761).png,512,512,RGBA
train,cancer,Lung MRI (762).png,.png,..\dataset\lung_cancer_MRI_dataset\train\cancer\Lung MRI (762).png,512,512,RGBA
train,cancer,Lung MRI (763).png,.png,..\dataset\lung_cancer_MRI_dataset\train\cancer\Lung MRI (763).png,512,512,RGBA
train,cancer,Lung MRI (764).png,.png,..\dataset\lung_cancer_MRI_dataset\train\cancer\Lung MRI (764).png,512,512,RGBA
train,cancer,Lung MRI (765).png,.png,..\dataset\lung_cancer_MRI_dataset\train\cancer\Lung MRI (765).png,512,512,RGBA
train,cancer,Lung MRI (766).png,.png,..\dataset\lung_cancer_MRI_dataset\train\cancer\Lung MRI (766).png,512,512,RGBA
train,cancer,Lung MRI (767).png,.png,..\dataset\lung_cancer_MRI_dataset\train\cancer\Lung MRI (767).png,512,512,RGBA
train,cancer,Lung MRI (768).png,.png,..\dataset\lung_cancer_MRI_dataset\train\cancer\Lung MRI (768).png,512,512,RGBA
train,cancer,Lung MRI (769).png,.png,..\dataset\lung_cancer_MRI_dataset\train\cancer\Lung MRI (769).png,512,512,RGBA
train,cancer,Lung MRI (77).png,.png,..\dataset\lung_cancer_MRI_dataset\train\cancer\Lung MRI (77).png,402,252,RGBA
train,cancer,Lung MRI (770).png,.png,..\dataset\lung_cancer_MRI_dataset\train\cancer\Lung MRI (770).png,512,512,RGBA
train,cancer,Lung MRI (771).png,.png,..\dataset\lung_cancer_MRI_dataset\train\cancer\Lung MRI (771).png,512,512,RGBA
train,cancer,Lung MRI (772).png,.png,..\dataset\lung_cancer_MRI_dataset\train\cancer\Lung MRI (772).png,512,512,RGBA
train,cancer,Lung MRI (773).png,.png,..\dataset\lung_cancer_MRI_dataset\train\cancer\Lung MRI (773).png,512,512,RGBA
train,cancer,Lung MRI (774).png,.png,..\dataset\lung_cancer_MRI_dataset\train\cancer\Lung MRI (774).png,512,512,RGBA
train,cancer,Lung MRI (775).png,.png,..\dataset\lung_cancer_MRI_dataset\train\cancer\Lung MRI (775).png,512,512,RGBA
train,cancer,Lung MRI (776).png,.png,..\dataset\lung_cancer_MRI_dataset\train\cancer\Lung MRI (776).png,512,512,RGBA
train,cancer,Lung MRI (777).png,.png,..\dataset\lung_cancer_MRI_dataset\train\cancer\Lung MRI (777).png,512,512,RGBA
train,cancer,Lung MRI (778).png,.png,..\dataset\lung_cancer_MRI_dataset\train\cancer\Lung MRI (778).png,512,512,RGBA
train,cancer,Lung MRI (779).png,.png,..\dataset\lung_cancer_MRI_dataset\train\cancer\Lung MRI (779).png,512,512,RGBA
train,cancer,Lung MRI (78).png,.png,..\dataset\lung_cancer_MRI_dataset\train\cancer\Lung MRI (78).png,338,258,RGBA
train,cancer,Lung MRI (780).png,.png,..\dataset\lung_cancer_MRI_dataset\train\cancer\Lung MRI (780).png,512,512,RGBA
train,cancer,Lung MRI (781).png,.png,..\dataset\lung_cancer_MRI_dataset\train\cancer\Lung MRI (781).png,512,512,RGBA
train,cancer,Lung MRI (782).png,.png,..\dataset\lung_cancer_MRI_dataset\train\cancer\Lung MRI (782).png,512,512,RGBA
train,cancer,Lung MRI (783).png,.png,..\dataset\lung_cancer_MRI_dataset\train\cancer\Lung MRI (783).png,512,512,RGBA
train,cancer,Lung MRI (784).png,.png,..\dataset\lung_cancer_MRI_dataset\train\cancer\Lung MRI (784).png,512,512,RGBA
train,cancer,Lung MRI (785).png,.png,..\dataset\lung_cancer_MRI_dataset\train\cancer\Lung MRI (785).png,512,512,RGBA
train,cancer,Lung MRI (786).png,.png,..\dataset\lung_cancer_MRI_dataset\train\cancer\Lung MRI (786).png,512,512,RGBA
train,cancer,Lung MRI (787).png,.png,..\dataset\lung_cancer_MRI_dataset\train\cancer\Lung MRI (787).png,512,512,RGBA
train,cancer,Lung MRI (788).png,.png,..\dataset\lung_cancer_MRI_dataset\train\cancer\Lung MRI (788).png,512,512,RGBA
train,cancer,Lung MRI (789).png,.png,..\dataset\lung_cancer_MRI_dataset\train\cancer\Lung MRI (789).png,512,512,RGBA
train,cancer,Lung MRI (79).png,.png,..\dataset\lung_cancer_MRI_dataset\train\cancer\Lung MRI (79).png,382,291,RGBA
train,cancer,Lung MRI (790).png,.png,..\dataset\lung_cancer_MRI_dataset\train\cancer\Lung MRI (790).png,512,512,RGBA
train,cancer,Lung MRI (791).png,.png,..\dataset\lung_cancer_MRI_dataset\train\cancer\Lung MRI (791).png,512,512,RGBA
train,cancer,Lung MRI (792).png,.png,..\dataset\lung_cancer_MRI_dataset\train\cancer\Lung MRI (792).png,512,512,RGBA
train,cancer,Lung MRI (793).png,.png,..\dataset\lung_cancer_MRI_dataset\train\cancer\Lung MRI (793).png,512,512,RGBA
train,cancer,Lung MRI (794).png,.png,..\dataset\lung_cancer_MRI_dataset\train\cancer\Lung MRI (794).png,512,512,RGBA
train,cancer,Lung MRI (795).png,.png,..\dataset\lung_cancer_MRI_dataset\train\cancer\Lung MRI (795).png,512,512,RGBA
train,cancer,Lung MRI (796).png,.png,..\dataset\lung_cancer_MRI_dataset\train\cancer\Lung MRI (796).png,512,512,RGBA
train,cancer,Lung MRI (797).png,.png,..\dataset\lung_cancer_MRI_dataset\train\cancer\Lung MRI (797).png,512,512,RGBA
train,cancer,Lung MRI (798).png,.png,..\dataset\lung_cancer_MRI_dataset\train\cancer\Lung MRI (798).png,512,512,RGBA
train,cancer,Lung MRI (799).png,.png,..\dataset\lung_cancer_MRI_dataset\train\cancer\Lung MRI (799).png,512,512,RGBA
train,cancer,Lung MRI (8).png,.png,..\dataset\lung_cancer_MRI_dataset\train\cancer\Lung MRI (8).png,376,222,RGBA
train,cancer,Lung MRI (80).png,.png,..\dataset\lung_cancer_MRI_dataset\train\cancer\Lung MRI (80).png,456,302,RGBA
train,cancer,Lung MRI (800).png,.png,..\dataset\lung_cancer_MRI_dataset\train\cancer\Lung MRI (800).png,512,512,RGBA
train,cancer,Lung MRI (801).png,.png,..\dataset\lung_cancer_MRI_dataset\train\cancer\Lung MRI (801).png,512,512,RGBA
train,cancer,Lung MRI (802).png,.png,..\dataset\lung_cancer_MRI_dataset\train\cancer\Lung MRI (802).png,512,512,RGBA
train,cancer,Lung MRI (803).png,.png,..\dataset\lung_cancer_MRI_dataset\train\cancer\Lung MRI (803).png,512,512,RGBA
train,cancer,Lung MRI (804).png,.png,..\dataset\lung_cancer_MRI_dataset\train\cancer\Lung MRI (804).png,512,512,RGBA
train,cancer,Lung MRI (805).png,.png,..\dataset\lung_cancer_MRI_dataset\train\cancer\Lung MRI (805).png,512,512,RGBA
train,cancer,Lung MRI (806).png,.png,..\dataset\lung_cancer_MRI_dataset\train\cancer\Lung MRI (806).png,512,512,RGBA
train,cancer,Lung MRI (807).png,.png,..\dataset\lung_cancer_MRI_dataset\train\cancer\Lung MRI (807).png,512,512,RGBA
train,cancer,Lung MRI (808).png,.png,..\dataset\lung_cancer_MRI_dataset\train\cancer\Lung MRI (808).png,512,512,RGBA
train,cancer,Lung MRI (809).png,.png,..\dataset\lung_cancer_MRI_dataset\train\cancer\Lung MRI (809).png,512,512,RGBA
train,cancer,Lung MRI (81).png,.png,..\dataset\lung_cancer_MRI_dataset\train\cancer\Lung MRI (81).png,377,288,RGBA
train,cancer,Lung MRI (810).png,.png,..\dataset\lung_cancer_MRI_dataset\train\cancer\Lung MRI (810).png,512,512,RGBA
train,cancer,Lung MRI (811).png,.png,..\dataset\lung_cancer_MRI_dataset\train\cancer\Lung MRI (811).png,512,512,RGBA
train,cancer,Lung MRI (812).png,.png,..\dataset\lung_cancer_MRI_dataset\train\cancer\Lung MRI (812).png,512,512,RGBA
train,cancer,Lung MRI (813).png,.png,..\dataset\lung_cancer_MRI_dataset\train\cancer\Lung MRI (813).png,512,512,RGBA
train,cancer,Lung MRI (814).png,.png,..\dataset\lung_cancer_MRI_dataset\train\cancer\Lung MRI (814).png,512,512,RGBA
train,cancer,Lung MRI (815).png,.png,..\dataset\lung_cancer_MRI_dataset\train\cancer\Lung MRI (815).png,512,512,RGBA
train,cancer,Lung MRI (816).png,.png,..\dataset\lung_cancer_MRI_dataset\train\cancer\Lung MRI (816).png,512,512,RGBA
train,cancer,Lung MRI (817).png,.png,..\dataset\lung_cancer_MRI_dataset\train\cancer\Lung MRI (817).png,512,512,RGBA
train,cancer,Lung MRI (818).png,.png,..\dataset\lung_cancer_MRI_dataset\train\cancer\Lung MRI (818).png,512,512,RGBA
train,cancer,Lung MRI (819).png,.png,..\dataset\lung_cancer_MRI_dataset\train\cancer\Lung MRI (819).png,512,512,RGBA
train,cancer,Lung MRI (82).png,.png,..\dataset\lung_cancer_MRI_dataset\train\cancer\Lung MRI (82).png,369,309,RGBA
train,cancer,Lung MRI (820).png,.png,..\dataset\lung_cancer_MRI_dataset\train\cancer\Lung MRI (820).png,512,512,RGBA
train,cancer,Lung MRI (821).png,.png,..\dataset\lung_cancer_MRI_dataset\train\cancer\Lung MRI (821).png,512,512,RGBA
train,cancer,Lung MRI (822).png,.png,..\dataset\lung_cancer_MRI_dataset\train\cancer\Lung MRI (822).png,512,512,RGBA
train,cancer,Lung MRI (823).png,.png,..\dataset\lung_cancer_MRI_dataset\train\cancer\Lung MRI (823).png,512,512,RGBA
train,cancer,Lung MRI (824).png,.png,..\dataset\lung_cancer_MRI_dataset\train\cancer\Lung MRI (824).png,512,512,RGBA
train,cancer,Lung MRI (825).png,.png,..\dataset\lung_cancer_MRI_dataset\train\cancer\Lung MRI (825).png,512,512,RGBA
train,cancer,Lung MRI (826).png,.png,..\dataset\lung_cancer_MRI_dataset\train\cancer\Lung MRI (826).png,512,512,RGBA
train,cancer,Lung MRI (827).png,.png,..\dataset\lung_cancer_MRI_dataset\train\cancer\Lung MRI (827).png,512,512,RGBA
train,cancer,Lung MRI (828).png,.png,..\dataset\lung_cancer_MRI_dataset\train\cancer\Lung MRI (828).png,512,512,RGBA
train,cancer,Lung MRI (829).png,.png,..\dataset\lung_cancer_MRI_dataset\train\cancer\Lung MRI (829).png,512,512,RGBA
train,cancer,Lung MRI (83).png,.png,..\dataset\lung_cancer_MRI_dataset\train\cancer\Lung MRI (83).png,381,231,RGBA
train,cancer,Lung MRI (830).png,.png,..\dataset\lung_cancer_MRI_dataset\train\cancer\Lung MRI (830).png,512,512,RGBA
train,cancer,Lung MRI (831).png,.png,..\dataset\lung_cancer_MRI_dataset\train\cancer\Lung MRI (831).png,512,512,RGBA
train,cancer,Lung MRI (832).png,.png,..\dataset\lung_cancer_MRI_dataset\train\cancer\Lung MRI (832).png,512,512,RGBA
train,cancer,Lung MRI (833).png,.png,..\dataset\lung_cancer_MRI_dataset\train\cancer\Lung MRI (833).png,512,512,RGBA
train,cancer,Lung MRI (834).png,.png,..\dataset\lung_cancer_MRI_dataset\train\cancer\Lung MRI (834).png,512,512,RGBA
train,cancer,Lung MRI (835).png,.png,..\dataset\lung_cancer_MRI_dataset\train\cancer\Lung MRI (835).png,512,512,RGBA
train,cancer,Lung MRI (836).png,.png,..\dataset\lung_cancer_MRI_dataset\train\cancer\Lung MRI (836).png,512,512,RGBA
train,cancer,Lung MRI (837).png,.png,..\dataset\lung_cancer_MRI_dataset\train\cancer\Lung MRI (837).png,512,512,RGBA
train,cancer,Lung MRI (838).png,.png,..\dataset\lung_cancer_MRI_dataset\train\cancer\Lung MRI (838).png,512,512,RGBA
train,cancer,Lung MRI (839).png,.png,..\dataset\lung_cancer_MRI_dataset\train\cancer\Lung MRI (839).png,512,512,RGBA
train,cancer,Lung MRI (84).png,.png,..\dataset\lung_cancer_MRI_dataset\train\cancer\Lung MRI (84).png,351,244,RGBA
train,cancer,Lung MRI (840).png,.png,..\dataset\lung_cancer_MRI_dataset\train\cancer\Lung MRI (840).png,512,512,RGBA
train,cancer,Lung MRI (841).png,.png,..\dataset\lung_cancer_MRI_dataset\train\cancer\Lung MRI (841).png,512,512,RGBA
train,cancer,Lung MRI (842).png,.png,..\dataset\lung_cancer_MRI_dataset\train\cancer\Lung MRI (842).png,512,512,RGBA
train,cancer,Lung MRI (843).png,.png,..\dataset\lung_cancer_MRI_dataset\train\cancer\Lung MRI (843).png,512,512,RGBA
train,cancer,Lung MRI (844).png,.png,..\dataset\lung_cancer_MRI_dataset\train\cancer\Lung MRI (844).png,512,512,RGBA
train,cancer,Lung MRI (845).png,.png,..\dataset\lung_cancer_MRI_dataset\train\cancer\Lung MRI (845).png,512,512,RGBA
train,cancer,Lung MRI (846).png,.png,..\dataset\lung_cancer_MRI_dataset\train\cancer\Lung MRI (846).png,512,512,RGBA
train,cancer,Lung MRI (847).png,.png,..\dataset\lung_cancer_MRI_dataset\train\cancer\Lung MRI (847).png,512,512,RGBA
train,cancer,Lung MRI (848).png,.png,..\dataset\lung_cancer_MRI_dataset\train\cancer\Lung MRI (848).png,512,512,RGBA
train,cancer,Lung MRI (849).png,.png,..\dataset\lung_cancer_MRI_dataset\train\cancer\Lung MRI (849).png,512,512,RGBA
train,cancer,Lung MRI (85).png,.png,..\dataset\lung_cancer_MRI_dataset\train\cancer\Lung MRI (85).png,441,287,RGBA
train,cancer,Lung MRI (850).png,.png,..\dataset\lung_cancer_MRI_dataset\train\cancer\Lung MRI (850).png,512,512,RGBA
train,cancer,Lung MRI (851).png,.png,..\dataset\lung_cancer_MRI_dataset\train\cancer\Lung MRI (851).png,512,512,RGBA
train,cancer,Lung MRI (852).png,.png,..\dataset\lung_cancer_MRI_dataset\train\cancer\Lung MRI (852).png,512,512,RGBA
train,cancer,Lung MRI (853).png,.png,..\dataset\lung_cancer_MRI_dataset\train\cancer\Lung MRI (853).png,512,512,RGBA
train,cancer,Lung MRI (854).png,.png,..\dataset\lung_cancer_MRI_dataset\train\cancer\Lung MRI (854).png,512,512,RGBA
train,cancer,Lung MRI (855).png,.png,..\dataset\lung_cancer_MRI_dataset\train\cancer\Lung MRI (855).png,512,512,RGBA
train,cancer,Lung MRI (856).png,.png,..\dataset\lung_cancer_MRI_dataset\train\cancer\Lung MRI (856).png,512,512,RGBA
train,cancer,Lung MRI (857).png,.png,..\dataset\lung_cancer_MRI_dataset\train\cancer\Lung MRI (857).png,512,512,RGBA
train,cancer,Lung MRI (858).png,.png,..\dataset\lung_cancer_MRI_dataset\train\cancer\Lung MRI (858).png,512,512,RGBA
train,cancer,Lung MRI (859).png,.png,..\dataset\lung_cancer_MRI_dataset\train\cancer\Lung MRI (859).png,512,512,RGBA
train,cancer,Lung MRI (86).png,.png,..\dataset\lung_cancer_MRI_dataset\train\cancer\Lung MRI (86).png,433,271,RGBA
train,cancer,Lung MRI (860).png,.png,..\dataset\lung_cancer_MRI_dataset\train\cancer\Lung MRI (860).png,512,512,RGBA
train,cancer,Lung MRI (861).png,.png,..\dataset\lung_cancer_MRI_dataset\train\cancer\Lung MRI (861).png,512,512,RGBA
train,cancer,Lung MRI (862).png,.png,..\dataset\lung_cancer_MRI_dataset\train\cancer\Lung MRI (862).png,512,512,RGBA
train,cancer,Lung MRI (863).png,.png,..\dataset\lung_cancer_MRI_dataset\train\cancer\Lung MRI (863).png,512,512,RGBA
train,cancer,Lung MRI (864).png,.png,..\dataset\lung_cancer_MRI_dataset\train\cancer\Lung MRI (864).png,512,512,RGBA
train,cancer,Lung MRI (865).png,.png,..\dataset\lung_cancer_MRI_dataset\train\cancer\Lung MRI (865).png,512,512,RGBA
train,cancer,Lung MRI (866).png,.png,..\dataset\lung_cancer_MRI_dataset\train\cancer\Lung MRI (866).png,512,512,RGBA
train,cancer,Lung MRI (867).png,.png,..\dataset\lung_cancer_MRI_dataset\train\cancer\Lung MRI (867).png,512,512,RGBA
train,cancer,Lung MRI (868).png,.png,..\dataset\lung_cancer_MRI_dataset\train\cancer\Lung MRI (868).png,512,512,RGBA
train,cancer,Lung MRI (869).png,.png,..\dataset\lung_cancer_MRI_dataset\train\cancer\Lung MRI (869).png,512,512,RGBA
train,cancer,Lung MRI (87).png,.png,..\dataset\lung_cancer_MRI_dataset\train\cancer\Lung MRI (87).png,347,272,RGBA
train,cancer,Lung MRI (870).png,.png,..\dataset\lung_cancer_MRI_dataset\train\cancer\Lung MRI (870).png,512,512,RGBA
train,cancer,Lung MRI (871).png,.png,..\dataset\lung_cancer_MRI_dataset\train\cancer\Lung MRI (871).png,512,512,RGBA
train,cancer,Lung MRI (872).png,.png,..\dataset\lung_cancer_MRI_dataset\train\cancer\Lung MRI (872).png,512,512,RGBA
train,cancer,Lung MRI (873).png,.png,..\dataset\lung_cancer_MRI_dataset\train\cancer\Lung MRI (873).png,512,512,RGBA
train,cancer,Lung MRI (874).png,.png,..\dataset\lung_cancer_MRI_dataset\train\cancer\Lung MRI (874).png,512,512,RGBA
train,cancer,Lung MRI (875).png,.png,..\dataset\lung_cancer_MRI_dataset\train\cancer\Lung MRI (875).png,512,512,RGBA
train,cancer,Lung MRI (876).png,.png,..\dataset\lung_cancer_MRI_dataset\train\cancer\Lung MRI (876).png,512,512,RGBA
train,cancer,Lung MRI (877).png,.png,..\dataset\lung_cancer_MRI_dataset\train\cancer\Lung MRI (877).png,512,512,RGBA
train,cancer,Lung MRI (878).png,.png,..\dataset\lung_cancer_MRI_dataset\train\cancer\Lung MRI (878).png,512,512,RGBA
train,cancer,Lung MRI (879).png,.png,..\dataset\lung_cancer_MRI_dataset\train\cancer\Lung MRI (879).png,512,512,RGBA
train,cancer,Lung MRI (88).png,.png,..\dataset\lung_cancer_MRI_dataset\train\cancer\Lung MRI (88).png,429,245,RGBA
train,cancer,Lung MRI (880).png,.png,..\dataset\lung_cancer_MRI_dataset\train\cancer\Lung MRI (880).png,512,512,RGBA
train,cancer,Lung MRI (881).png,.png,..\dataset\lung_cancer_MRI_dataset\train\cancer\Lung MRI (881).png,512,512,RGBA
train,cancer,Lung MRI (882).png,.png,..\dataset\lung_cancer_MRI_dataset\train\cancer\Lung MRI (882).png,512,512,RGBA
train,cancer,Lung MRI (883).png,.png,..\dataset\lung_cancer_MRI_dataset\train\cancer\Lung MRI (883).png,512,512,RGBA
train,cancer,Lung MRI (884).png,.png,..\dataset\lung_cancer_MRI_dataset\train\cancer\Lung MRI (884).png,512,512,RGBA
train,cancer,Lung MRI (885).png,.png,..\dataset\lung_cancer_MRI_dataset\train\cancer\Lung MRI (885).png,512,512,RGBA
train,cancer,Lung MRI (886).png,.png,..\dataset\lung_cancer_MRI_dataset\train\cancer\Lung MRI (886).png,512,512,RGBA
train,cancer,Lung MRI (887).png,.png,..\dataset\lung_cancer_MRI_dataset\train\cancer\Lung MRI (887).png,512,512,RGBA
train,cancer,Lung MRI (888).png,.png,..\dataset\lung_cancer_MRI_dataset\train\cancer\Lung MRI (888).png,512,512,RGBA
train,cancer,Lung MRI (889).png,.png,..\dataset\lung_cancer_MRI_dataset\train\cancer\Lung MRI (889).png,512,512,RGBA
train,cancer,Lung MRI (89).png,.png,..\dataset\lung_cancer_MRI_dataset\train\cancer\Lung MRI (89).png,393,269,RGBA
train,cancer,Lung MRI (890).png,.png,..\dataset\lung_cancer_MRI_dataset\train\cancer\Lung MRI (890).png,512,512,RGBA
train,cancer,Lung MRI (891).png,.png,..\dataset\lung_cancer_MRI_dataset\train\cancer\Lung MRI (891).png,512,512,RGBA
train,cancer,Lung MRI (892).png,.png,..\dataset\lung_cancer_MRI_dataset\train\cancer\Lung MRI (892).png,512,512,RGBA
train,cancer,Lung MRI (893).png,.png,..\dataset\lung_cancer_MRI_dataset\train\cancer\Lung MRI (893).png,512,512,RGBA
train,cancer,Lung MRI (894).png,.png,..\dataset\lung_cancer_MRI_dataset\train\cancer\Lung MRI (894).png,512,512,RGBA
train,cancer,Lung MRI (895).png,.png,..\dataset\lung_cancer_MRI_dataset\train\cancer\Lung MRI (895).png,512,512,RGBA
train,cancer,Lung MRI (896).png,.png,..\dataset\lung_cancer_MRI_dataset\train\cancer\Lung MRI (896).png,512,512,RGBA
train,cancer,Lung MRI (897).png,.png,..\dataset\lung_cancer_MRI_dataset\train\cancer\Lung MRI (897).png,512,512,RGBA
train,cancer,Lung MRI (898).png,.png,..\dataset\lung_cancer_MRI_dataset\train\cancer\Lung MRI (898).png,512,512,RGBA
train,cancer,Lung MRI (899).png,.png,..\dataset\lung_cancer_MRI_dataset\train\cancer\Lung MRI (899).png,512,512,RGBA
train,cancer,Lung MRI (9).png,.png,..\dataset\lung_cancer_MRI_dataset\train\cancer\Lung MRI (9).png,413,311,RGBA
train,cancer,Lung MRI (90).png,.png,..\dataset\lung_cancer_MRI_dataset\train\cancer\Lung MRI (90).png,420,297,RGBA
train,cancer,Lung MRI (900).png,.png,..\dataset\lung_cancer_MRI_dataset\train\cancer\Lung MRI (900).png,512,512,RGBA
train,cancer,Lung MRI (901).png,.png,..\dataset\lung_cancer_MRI_dataset\train\cancer\Lung MRI (901).png,512,512,RGBA
train,cancer,Lung MRI (902).png,.png,..\dataset\lung_cancer_MRI_dataset\train\cancer\Lung MRI (902).png,512,512,RGBA
train,cancer,Lung MRI (903).png,.png,..\dataset\lung_cancer_MRI_dataset\train\cancer\Lung MRI (903).png,512,512,RGBA
train,cancer,Lung MRI (904).png,.png,..\dataset\lung_cancer_MRI_dataset\train\cancer\Lung MRI (904).png,512,512,RGBA
train,cancer,Lung MRI (905).png,.png,..\dataset\lung_cancer_MRI_dataset\train\cancer\Lung MRI (905).png,512,512,RGBA
train,cancer,Lung MRI (906).png,.png,..\dataset\lung_cancer_MRI_dataset\train\cancer\Lung MRI (906).png,512,512,RGBA
train,cancer,Lung MRI (907).png,.png,..\dataset\lung_cancer_MRI_dataset\train\cancer\Lung MRI (907).png,512,512,RGBA
train,cancer,Lung MRI (908).png,.png,..\dataset\lung_cancer_MRI_dataset\train\cancer\Lung MRI (908).png,512,512,RGBA
train,cancer,Lung MRI (909).png,.png,..\dataset\lung_cancer_MRI_dataset\train\cancer\Lung MRI (909).png,512,512,RGBA
train,cancer,Lung MRI (91).png,.png,..\dataset\lung_cancer_MRI_dataset\train\cancer\Lung MRI (91).png,378,255,RGBA
train,cancer,Lung MRI (910).png,.png,..\dataset\lung_cancer_MRI_dataset\train\cancer\Lung MRI (910).png,512,512,RGBA
train,cancer,Lung MRI (911).png,.png,..\dataset\lung_cancer_MRI_dataset\train\cancer\Lung MRI (911).png,512,512,RGBA
train,cancer,Lung MRI (912).png,.png,..\dataset\lung_cancer_MRI_dataset\train\cancer\Lung MRI (912).png,512,512,RGBA
train,cancer,Lung MRI (913).png,.png,..\dataset\lung_cancer_MRI_dataset\train\cancer\Lung MRI (913).png,512,512,RGBA
train,cancer,Lung MRI (914).png,.png,..\dataset\lung_cancer_MRI_dataset\train\cancer\Lung MRI (914).png,512,512,RGBA
train,cancer,Lung MRI (915).png,.png,..\dataset\lung_cancer_MRI_dataset\train\cancer\Lung MRI (915).png,512,512,RGBA
train,cancer,Lung MRI (916).png,.png,..\dataset\lung_cancer_MRI_dataset\train\cancer\Lung MRI (916).png,512,512,RGBA
train,cancer,Lung MRI (917).png,.png,..\dataset\lung_cancer_MRI_dataset\train\cancer\Lung MRI (917).png,512,512,RGBA
train,cancer,Lung MRI (918).png,.png,..\dataset\lung_cancer_MRI_dataset\train\cancer\Lung MRI (918).png,512,512,RGBA
train,cancer,Lung MRI (919).png,.png,..\dataset\lung_cancer_MRI_dataset\train\cancer\Lung MRI (919).png,512,512,RGBA
train,cancer,Lung MRI (92).png,.png,..\dataset\lung_cancer_MRI_dataset\train\cancer\Lung MRI (92).png,401,317,RGBA
train,cancer,Lung MRI (920).png,.png,..\dataset\lung_cancer_MRI_dataset\train\cancer\Lung MRI (920).png,512,512,RGBA
train,cancer,Lung MRI (921).png,.png,..\dataset\lung_cancer_MRI_dataset\train\cancer\Lung MRI (921).png,512,512,RGBA
train,cancer,Lung MRI (922).png,.png,..\dataset\lung_cancer_MRI_dataset\train\cancer\Lung MRI (922).png,512,512,RGBA
train,cancer,Lung MRI (923).png,.png,..\dataset\lung_cancer_MRI_dataset\train\cancer\Lung MRI (923).png,512,512,RGBA
train,cancer,Lung MRI (924).png,.png,..\dataset\lung_cancer_MRI_dataset\train\cancer\Lung MRI (924).png,512,512,RGBA
train,cancer,Lung MRI (925).png,.png,..\dataset\lung_cancer_MRI_dataset\train\cancer\Lung MRI (925).png,512,512,RGBA
train,cancer,Lung MRI (926).png,.png,..\dataset\lung_cancer_MRI_dataset\train\cancer\Lung MRI (926).png,512,512,RGBA
train,cancer,Lung MRI (927).png,.png,..\dataset\lung_cancer_MRI_dataset\train\cancer\Lung MRI (927).png,512,512,RGBA
train,cancer,Lung MRI (928).png,.png,..\dataset\lung_cancer_MRI_dataset\train\cancer\Lung MRI (928).png,512,512,RGBA
train,cancer,Lung MRI (929).png,.png,..\dataset\lung_cancer_MRI_dataset\train\cancer\Lung MRI (929).png,512,512,RGBA
train,cancer,Lung MRI (93).png,.png,..\dataset\lung_cancer_MRI_dataset\train\cancer\Lung MRI (93).png,435,313,RGBA
train,cancer,Lung MRI (930).png,.png,..\dataset\lung_cancer_MRI_dataset\train\cancer\Lung MRI (930).png,512,512,RGBA
train,cancer,Lung MRI (931).png,.png,..\dataset\lung_cancer_MRI_dataset\train\cancer\Lung MRI (931).png,512,512,RGBA
train,cancer,Lung MRI (932).png,.png,..\dataset\lung_cancer_MRI_dataset\train\cancer\Lung MRI (932).png,512,512,RGBA
train,cancer,Lung MRI (933).png,.png,..\dataset\lung_cancer_MRI_dataset\train\cancer\Lung MRI (933).png,512,512,RGBA
train,cancer,Lung MRI (934).png,.png,..\dataset\lung_cancer_MRI_dataset\train\cancer\Lung MRI (934).png,512,512,RGBA
train,cancer,Lung MRI (935).png,.png,..\dataset\lung_cancer_MRI_dataset\train\cancer\Lung MRI (935).png,512,512,RGBA
train,cancer,Lung MRI (936).png,.png,..\dataset\lung_cancer_MRI_dataset\train\cancer\Lung MRI (936).png,512,512,RGBA
train,cancer,Lung MRI (937).png,.png,..\dataset\lung_cancer_MRI_dataset\train\cancer\Lung MRI (937).png,512,512,RGBA
train,cancer,Lung MRI (938).png,.png,..\dataset\lung_cancer_MRI_dataset\train\cancer\Lung MRI (938).png,512,512,RGBA
train,cancer,Lung MRI (939).png,.png,..\dataset\lung_cancer_MRI_dataset\train\cancer\Lung MRI (939).png,512,512,RGBA
train,cancer,Lung MRI (94).png,.png,..\dataset\lung_cancer_MRI_dataset\train\cancer\Lung MRI (94).png,403,207,RGBA
train,cancer,Lung MRI (940).png,.png,..\dataset\lung_cancer_MRI_dataset\train\cancer\Lung MRI (940).png,512,512,RGBA
train,cancer,Lung MRI (941).png,.png,..\dataset\lung_cancer_MRI_dataset\train\cancer\Lung MRI (941).png,512,512,RGBA
train,cancer,Lung MRI (942).png,.png,..\dataset\lung_cancer_MRI_dataset\train\cancer\Lung MRI (942).png,512,512,RGBA
train,cancer,Lung MRI (943).png,.png,..\dataset\lung_cancer_MRI_dataset\train\cancer\Lung MRI (943).png,512,512,RGBA
train,cancer,Lung MRI (944).png,.png,..\dataset\lung_cancer_MRI_dataset\train\cancer\Lung MRI (944).png,512,512,RGBA
train,cancer,Lung MRI (945).png,.png,..\dataset\lung_cancer_MRI_dataset\train\cancer\Lung MRI (945).png,512,512,RGBA
train,cancer,Lung MRI (946).png,.png,..\dataset\lung_cancer_MRI_dataset\train\cancer\Lung MRI (946).png,512,512,RGBA
train,cancer,Lung MRI (947).png,.png,..\dataset\lung_cancer_MRI_dataset\train\cancer\Lung MRI (947).png,512,512,RGBA
train,cancer,Lung MRI (948).png,.png,..\dataset\lung_cancer_MRI_dataset\train\cancer\Lung MRI (948).png,512,512,RGBA
train,cancer,Lung MRI (949).png,.png,..\dataset\lung_cancer_MRI_dataset\train\cancer\Lung MRI (949).png,512,512,RGBA
train,cancer,Lung MRI (95).png,.png,..\dataset\lung_cancer_MRI_dataset\train\cancer\Lung MRI (95).png,409,224,RGBA
train,cancer,Lung MRI (950).png,.png,..\dataset\lung_cancer_MRI_dataset\train\cancer\Lung MRI (950).png,512,512,RGBA
train,cancer,Lung MRI (951).png,.png,..\dataset\lung_cancer_MRI_dataset\train\cancer\Lung MRI (951).png,512,512,RGBA
train,cancer,Lung MRI (952).png,.png,..\dataset\lung_cancer_MRI_dataset\train\cancer\Lung MRI (952).png,512,512,RGBA
train,cancer,Lung MRI (953).png,.png,..\dataset\lung_cancer_MRI_dataset\train\cancer\Lung MRI (953).png,512,512,RGBA
train,cancer,Lung MRI (954).png,.png,..\dataset\lung_cancer_MRI_dataset\train\cancer\Lung MRI (954).png,512,512,RGBA
train,cancer,Lung MRI (955).png,.png,..\dataset\lung_cancer_MRI_dataset\train\cancer\Lung MRI (955).png,512,512,RGBA
train,cancer,Lung MRI (956).png,.png,..\dataset\lung_cancer_MRI_dataset\train\cancer\Lung MRI (956).png,512,512,RGBA
train,cancer,Lung MRI (957).png,.png,..\dataset\lung_cancer_MRI_dataset\train\cancer\Lung MRI (957).png,512,512,RGBA
train,cancer,Lung MRI (958).png,.png,..\dataset\lung_cancer_MRI_dataset\train\cancer\Lung MRI (958).png,512,512,RGBA
train,cancer,Lung MRI (959).png,.png,..\dataset\lung_cancer_MRI_dataset\train\cancer\Lung MRI (959).png,512,512,RGBA
train,cancer,Lung MRI (96).png,.png,..\dataset\lung_cancer_MRI_dataset\train\cancer\Lung MRI (96).png,361,277,RGBA
train,cancer,Lung MRI (960).png,.png,..\dataset\lung_cancer_MRI_dataset\train\cancer\Lung MRI (960).png,512,512,RGBA
train,cancer,Lung MRI (961).png,.png,..\dataset\lung_cancer_MRI_dataset\train\cancer\Lung MRI (961).png,512,512,RGBA
train,cancer,Lung MRI (962).png,.png,..\dataset\lung_cancer_MRI_dataset\train\cancer\Lung MRI (962).png,512,512,RGBA
train,cancer,Lung MRI (963).png,.png,..\dataset\lung_cancer_MRI_dataset\train\cancer\Lung MRI (963).png,512,512,RGBA
train,cancer,Lung MRI (964).png,.png,..\dataset\lung_cancer_MRI_dataset\train\cancer\Lung MRI (964).png,512,512,RGBA
train,cancer,Lung MRI (965).png,.png,..\dataset\lung_cancer_MRI_dataset\train\cancer\Lung MRI (965).png,512,512,RGBA
train,cancer,Lung MRI (966).png,.png,..\dataset\lung_cancer_MRI_dataset\train\cancer\Lung MRI (966).png,512,512,RGBA
train,cancer,Lung MRI (967).png,.png,..\dataset\lung_cancer_MRI_dataset\train\cancer\Lung MRI (967).png,512,512,RGBA
train,cancer,Lung MRI (968).png,.png,..\dataset\lung_cancer_MRI_dataset\train\cancer\Lung MRI (968).png,512,512,RGBA
train,cancer,Lung MRI (969).png,.png,..\dataset\lung_cancer_MRI_dataset\train\cancer\Lung MRI (969).png,512,512,RGBA
train,cancer,Lung MRI (97).png,.png,..\dataset\lung_cancer_MRI_dataset\train\cancer\Lung MRI (97).png,388,280,RGBA
train,cancer,Lung MRI (970).png,.png,..\dataset\lung_cancer_MRI_dataset\train\cancer\Lung MRI (970).png,512,512,RGBA
train,cancer,Lung MRI (971).png,.png,..\dataset\lung_cancer_MRI_dataset\train\cancer\Lung MRI (971).png,512,512,RGBA
train,cancer,Lung MRI (972).png,.png,..\dataset\lung_cancer_MRI_dataset\train\cancer\Lung MRI (972).png,512,512,RGBA
train,cancer,Lung MRI (973).png,.png,..\dataset\lung_cancer_MRI_dataset\train\cancer\Lung MRI (973).png,512,512,RGBA
train,cancer,Lung MRI (974).png,.png,..\dataset\lung_cancer_MRI_dataset\train\cancer\Lung MRI (974).png,512,512,RGBA
train,cancer,Lung MRI (975).png,.png,..\dataset\lung_cancer_MRI_dataset\train\cancer\Lung MRI (975).png,512,512,RGBA
train,cancer,Lung MRI (976).png,.png,..\dataset\lung_cancer_MRI_dataset\train\cancer\Lung MRI (976).png,512,512,RGBA
train,cancer,Lung MRI (977).png,.png,..\dataset\lung_cancer_MRI_dataset\train\cancer\Lung MRI (977).png,512,512,RGBA
train,cancer,Lung MRI (978).png,.png,..\dataset\lung_cancer_MRI_dataset\train\cancer\Lung MRI (978).png,512,512,RGBA
train,cancer,Lung MRI (979).png,.png,..\dataset\lung_cancer_MRI_dataset\train\cancer\Lung MRI (979).png,512,512,RGBA
train,cancer,Lung MRI (98).png,.png,..\dataset\lung_cancer_MRI_dataset\train\cancer\Lung MRI (98).png,343,268,RGBA
train,cancer,Lung MRI (980).png,.png,..\dataset\lung_cancer_MRI_dataset\train\cancer\Lung MRI (980).png,512,512,RGBA
train,cancer,Lung MRI (981).png,.png,..\dataset\lung_cancer_MRI_dataset\train\cancer\Lung MRI (981).png,512,512,RGBA
train,cancer,Lung MRI (982).png,.png,..\dataset\lung_cancer_MRI_dataset\train\cancer\Lung MRI (982).png,512,512,RGBA
train,cancer,Lung MRI (983).png,.png,..\dataset\lung_cancer_MRI_dataset\train\cancer\Lung MRI (983).png,512,512,RGBA
train,cancer,Lung MRI (984).png,.png,..\dataset\lung_cancer_MRI_dataset\train\cancer\Lung MRI (984).png,512,512,RGBA
train,cancer,Lung MRI (985).png,.png,..\dataset\lung_cancer_MRI_dataset\train\cancer\Lung MRI (985).png,512,512,RGBA
train,cancer,Lung MRI (986).png,.png,..\dataset\lung_cancer_MRI_dataset\train\cancer\Lung MRI (986).png,512,512,RGBA
train,cancer,Lung MRI (987).png,.png,..\dataset\lung_cancer_MRI_dataset\train\cancer\Lung MRI (987).png,512,512,RGBA
train,cancer,Lung MRI (988).png,.png,..\dataset\lung_cancer_MRI_dataset\train\cancer\Lung MRI (988).png,512,512,RGBA
train,cancer,Lung MRI (989).png,.png,..\dataset\lung_cancer_MRI_dataset\train\cancer\Lung MRI (989).png,512,512,RGBA
train,cancer,Lung MRI (99).png,.png,..\dataset\lung_cancer_MRI_dataset\train\cancer\Lung MRI (99).png,431,296,RGBA
train,cancer,Lung MRI (990).png,.png,..\dataset\lung_cancer_MRI_dataset\train\cancer\Lung MRI (990).png,512,512,RGBA
train,cancer,Lung MRI (991).png,.png,..\dataset\lung_cancer_MRI_dataset\train\cancer\Lung MRI (991).png,512,512,RGBA
train,cancer,Lung MRI (992).png,.png,..\dataset\lung_cancer_MRI_dataset\train\cancer\Lung MRI (992).png,512,512,RGBA
train,cancer,Lung MRI (993).png,.png,..\dataset\lung_cancer_MRI_dataset\train\cancer\Lung MRI (993).png,512,512,RGBA
train,cancer,Lung MRI (994).png,.png,..\dataset\lung_cancer_MRI_dataset\train\cancer\Lung MRI (994).png,512,512,RGBA
train,cancer,Lung MRI (995).png,.png,..\dataset\lung_cancer_MRI_dataset\train\cancer\Lung MRI (995).png,512,512,RGBA
train,cancer,Lung MRI (996).png,.png,..\dataset\lung_cancer_MRI_dataset\train\cancer\Lung MRI (996).png,512,512,RGBA
train,cancer,Lung MRI (997).png,.png,..\dataset\lung_cancer_MRI_dataset\train\cancer\Lung MRI (997).png,512,512,RGBA
train,cancer,Lung MRI (998).png,.png,..\dataset\lung_cancer_MRI_dataset\train\cancer\Lung MRI (998).png,512,512,RGBA
train,cancer,Lung MRI (999).png,.png,..\dataset\lung_cancer_MRI_dataset\train\cancer\Lung MRI (999).png,512,512,RGBA
train,no_cancer,LUNG MRI-NC (1).png,.png,..\dataset\lung_cancer_MRI_dataset\train\no_cancer\LUNG MRI-NC (1).png,512,512,RGBA
train,no_cancer,LUNG MRI-NC (10).png,.png,..\dataset\lung_cancer_MRI_dataset\train\no_cancer\LUNG MRI-NC (10).png,512,512,RGBA
train,no_cancer,LUNG MRI-NC (100).png,.png,..\dataset\lung_cancer_MRI_dataset\train\no_cancer\LUNG MRI-NC (100).png,512,512,RGBA
train,no_cancer,LUNG MRI-NC (1000).png,.png,..\dataset\lung_cancer_MRI_dataset\train\no_cancer\LUNG MRI-NC (1000).png,512,512,RGBA
train,no_cancer,LUNG MRI-NC (1001).png,.png,..\dataset\lung_cancer_MRI_dataset\train\no_cancer\LUNG MRI-NC (1001).png,512,512,RGBA
train,no_cancer,LUNG MRI-NC (1002).png,.png,..\dataset\lung_cancer_MRI_dataset\train\no_cancer\LUNG MRI-NC (1002).png,512,512,RGBA
train,no_cancer,LUNG MRI-NC (1003).png,.png,..\dataset\lung_cancer_MRI_dataset\train\no_cancer\LUNG MRI-NC (1003).png,512,512,RGBA
train,no_cancer,LUNG MRI-NC (1004).png,.png,..\dataset\lung_cancer_MRI_dataset\train\no_cancer\LUNG MRI-NC (1004).png,512,512,RGBA
train,no_cancer,LUNG MRI-NC (1005).png,.png,..\dataset\lung_cancer_MRI_dataset\train\no_cancer\LUNG MRI-NC (1005).png,512,512,RGBA
train,no_cancer,LUNG MRI-NC (1006).png,.png,..\dataset\lung_cancer_MRI_dataset\train\no_cancer\LUNG MRI-NC (1006).png,512,512,RGBA
train,no_cancer,LUNG MRI-NC (1007).png,.png,..\dataset\lung_cancer_MRI_dataset\train\no_cancer\LUNG MRI-NC (1007).png,512,512,RGBA
train,no_cancer,LUNG MRI-NC (1008).png,.png,..\dataset\lung_cancer_MRI_dataset\train\no_cancer\LUNG MRI-NC (1008).png,512,512,RGBA
train,no_cancer,LUNG MRI-NC (1009).png,.png,..\dataset\lung_cancer_MRI_dataset\train\no_cancer\LUNG MRI-NC (1009).png,512,512,RGBA
train,no_cancer,LUNG MRI-NC (101).png,.png,..\dataset\lung_cancer_MRI_dataset\train\no_cancer\LUNG MRI-NC (101).png,512,512,RGBA
train,no_cancer,LUNG MRI-NC (1010).png,.png,..\dataset\lung_cancer_MRI_dataset\train\no_cancer\LUNG MRI-NC (1010).png,512,512,RGBA
train,no_cancer,LUNG MRI-NC (1011).png,.png,..\dataset\lung_cancer_MRI_dataset\train\no_cancer\LUNG MRI-NC (1011).png,512,512,RGBA
train,no_cancer,LUNG MRI-NC (1012).png,.png,..\dataset\lung_cancer_MRI_dataset\train\no_cancer\LUNG MRI-NC (1012).png,512,512,RGBA
train,no_cancer,LUNG MRI-NC (1013).png,.png,..\dataset\lung_cancer_MRI_dataset\train\no_cancer\LUNG MRI-NC (1013).png,512,512,RGBA
train,no_cancer,LUNG MRI-NC (1014).png,.png,..\dataset\lung_cancer_MRI_dataset\train\no_cancer\LUNG MRI-NC (1014).png,512,512,RGBA
train,no_cancer,LUNG MRI-NC (1015).png,.png,..\dataset\lung_cancer_MRI_dataset\train\no_cancer\LUNG MRI-NC (1015).png,512,512,RGBA
train,no_cancer,LUNG MRI-NC (1016).png,.png,..\dataset\lung_cancer_MRI_dataset\train\no_cancer\LUNG MRI-NC (1016).png,512,512,RGBA
train,no_cancer,LUNG MRI-NC (1017).png,.png,..\dataset\lung_cancer_MRI_dataset\train\no_cancer\LUNG MRI-NC (1017).png,512,512,RGBA
train,no_cancer,LUNG MRI-NC (1018).png,.png,..\dataset\lung_cancer_MRI_dataset\train\no_cancer\LUNG MRI-NC (1018).png,512,512,RGBA
train,no_cancer,LUNG MRI-NC (1019).png,.png,..\dataset\lung_cancer_MRI_dataset\train\no_cancer\LUNG MRI-NC (1019).png,512,512,RGBA
train,no_cancer,LUNG MRI-NC (102).png,.png,..\dataset\lung_cancer_MRI_dataset\train\no_cancer\LUNG MRI-NC (102).png,512,512,RGBA
train,no_cancer,LUNG MRI-NC (1020).png,.png,..\dataset\lung_cancer_MRI_dataset\train\no_cancer\LUNG MRI-NC (1020).png,512,512,RGBA
train,no_cancer,LUNG MRI-NC (1021).png,.png,..\dataset\lung_cancer_MRI_dataset\train\no_cancer\LUNG MRI-NC (1021).png,512,512,RGBA
train,no_cancer,LUNG MRI-NC (1022).png,.png,..\dataset\lung_cancer_MRI_dataset\train\no_cancer\LUNG MRI-NC (1022).png,512,512,RGBA
train,no_cancer,LUNG MRI-NC (1023).png,.png,..\dataset\lung_cancer_MRI_dataset\train\no_cancer\LUNG MRI-NC (1023).png,512,512,RGBA
train,no_cancer,LUNG MRI-NC (1024).png,.png,..\dataset\lung_cancer_MRI_dataset\train\no_cancer\LUNG MRI-NC (1024).png,512,512,RGBA
train,no_cancer,LUNG MRI-NC (1025).png,.png,..\dataset\lung_cancer_MRI_dataset\train\no_cancer\LUNG MRI-NC (1025).png,512,512,RGBA
train,no_cancer,LUNG MRI-NC (1026).png,.png,..\dataset\lung_cancer_MRI_dataset\train\no_cancer\LUNG MRI-NC (1026).png,512,512,RGBA
train,no_cancer,LUNG MRI-NC (1027).png,.png,..\dataset\lung_cancer_MRI_dataset\train\no_cancer\LUNG MRI-NC (1027).png,512,512,RGBA
train,no_cancer,LUNG MRI-NC (1028).png,.png,..\dataset\lung_cancer_MRI_dataset\train\no_cancer\LUNG MRI-NC (1028).png,512,512,RGBA
train,no_cancer,LUNG MRI-NC (1029).png,.png,..\dataset\lung_cancer_MRI_dataset\train\no_cancer\LUNG MRI-NC (1029).png,512,512,RGBA
train,no_cancer,LUNG MRI-NC (103).png,.png,..\dataset\lung_cancer_MRI_dataset\train\no_cancer\LUNG MRI-NC (103).png,512,512,RGBA
train,no_cancer,LUNG MRI-NC (1030).png,.png,..\dataset\lung_cancer_MRI_dataset\train\no_cancer\LUNG MRI-NC (1030).png,512,512,RGBA
train,no_cancer,LUNG MRI-NC (1031).png,.png,..\dataset\lung_cancer_MRI_dataset\train\no_cancer\LUNG MRI-NC (1031).png,512,512,RGBA
train,no_cancer,LUNG MRI-NC (1032).png,.png,..\dataset\lung_cancer_MRI_dataset\train\no_cancer\LUNG MRI-NC (1032).png,512,512,RGBA
train,no_cancer,LUNG MRI-NC (1033).png,.png,..\dataset\lung_cancer_MRI_dataset\train\no_cancer\LUNG MRI-NC (1033).png,512,512,RGBA
train,no_cancer,LUNG MRI-NC (1034).png,.png,..\dataset\lung_cancer_MRI_dataset\train\no_cancer\LUNG MRI-NC (1034).png,512,512,RGBA
train,no_cancer,LUNG MRI-NC (1035).png,.png,..\dataset\lung_cancer_MRI_dataset\train\no_cancer\LUNG MRI-NC (1035).png,512,512,RGBA
train,no_cancer,LUNG MRI-NC (1036).png,.png,..\dataset\lung_cancer_MRI_dataset\train\no_cancer\LUNG MRI-NC (1036).png,512,512,RGBA
train,no_cancer,LUNG MRI-NC (1037).png,.png,..\dataset\lung_cancer_MRI_dataset\train\no_cancer\LUNG MRI-NC (1037).png,512,512,RGBA
train,no_cancer,LUNG MRI-NC (1038).png,.png,..\dataset\lung_cancer_MRI_dataset\train\no_cancer\LUNG MRI-NC (1038).png,512,512,RGBA
train,no_cancer,LUNG MRI-NC (1039).png,.png,..\dataset\lung_cancer_MRI_dataset\train\no_cancer\LUNG MRI-NC (1039).png,512,512,RGBA
train,no_cancer,LUNG MRI-NC (104).png,.png,..\dataset\lung_cancer_MRI_dataset\train\no_cancer\LUNG MRI-NC (104).png,512,512,RGBA
train,no_cancer,LUNG MRI-NC (1040).png,.png,..\dataset\lung_cancer_MRI_dataset\train\no_cancer\LUNG MRI-NC (1040).png,512,512,RGBA
train,no_cancer,LUNG MRI-NC (1041).png,.png,..\dataset\lung_cancer_MRI_dataset\train\no_cancer\LUNG MRI-NC (1041).png,512,512,RGBA
train,no_cancer,LUNG MRI-NC (1042).png,.png,..\dataset\lung_cancer_MRI_dataset\train\no_cancer\LUNG MRI-NC (1042).png,512,512,RGBA
train,no_cancer,LUNG MRI-NC (1043).png,.png,..\dataset\lung_cancer_MRI_dataset\train\no_cancer\LUNG MRI-NC (1043).png,512,512,RGBA
train,no_cancer,LUNG MRI-NC (1044).png,.png,..\dataset\lung_cancer_MRI_dataset\train\no_cancer\LUNG MRI-NC (1044).png,512,512,RGBA
train,no_cancer,LUNG MRI-NC (1045).png,.png,..\dataset\lung_cancer_MRI_dataset\train\no_cancer\LUNG MRI-NC (1045).png,512,512,RGBA
train,no_cancer,LUNG MRI-NC (1046).png,.png,..\dataset\lung_cancer_MRI_dataset\train\no_cancer\LUNG MRI-NC (1046).png,512,512,RGBA
train,no_cancer,LUNG MRI-NC (1047).png,.png,..\dataset\lung_cancer_MRI_dataset\train\no_cancer\LUNG MRI-NC (1047).png,512,512,RGBA
train,no_cancer,LUNG MRI-NC (1048).png,.png,..\dataset\lung_cancer_MRI_dataset\train\no_cancer\LUNG MRI-NC (1048).png,512,512,RGBA
train,no_cancer,LUNG MRI-NC (1049).png,.png,..\dataset\lung_cancer_MRI_dataset\train\no_cancer\LUNG MRI-NC (1049).png,512,512,RGBA
train,no_cancer,LUNG MRI-NC (105).png,.png,..\dataset\lung_cancer_MRI_dataset\train\no_cancer\LUNG MRI-NC (105).png,512,512,RGBA
train,no_cancer,LUNG MRI-NC (1050).png,.png,..\dataset\lung_cancer_MRI_dataset\train\no_cancer\LUNG MRI-NC (1050).png,512,512,RGBA
train,no_cancer,LUNG MRI-NC (1051).png,.png,..\dataset\lung_cancer_MRI_dataset\train\no_cancer\LUNG MRI-NC (1051).png,512,512,RGBA
train,no_cancer,LUNG MRI-NC (1052).png,.png,..\dataset\lung_cancer_MRI_dataset\train\no_cancer\LUNG MRI-NC (1052).png,512,512,RGBA
train,no_cancer,LUNG MRI-NC (1053).png,.png,..\dataset\lung_cancer_MRI_dataset\train\no_cancer\LUNG MRI-NC (1053).png,512,512,RGBA
train,no_cancer,LUNG MRI-NC (1054).png,.png,..\dataset\lung_cancer_MRI_dataset\train\no_cancer\LUNG MRI-NC (1054).png,512,512,RGBA
train,no_cancer,LUNG MRI-NC (1055).png,.png,..\dataset\lung_cancer_MRI_dataset\train\no_cancer\LUNG MRI-NC (1055).png,512,512,RGBA
train,no_cancer,LUNG MRI-NC (1056).png,.png,..\dataset\lung_cancer_MRI_dataset\train\no_cancer\LUNG MRI-NC (1056).png,512,512,RGBA
train,no_cancer,LUNG MRI-NC (1057).png,.png,..\dataset\lung_cancer_MRI_dataset\train\no_cancer\LUNG MRI-NC (1057).png,512,512,RGBA
train,no_cancer,LUNG MRI-NC (1058).png,.png,..\dataset\lung_cancer_MRI_dataset\train\no_cancer\LUNG MRI-NC (1058).png,512,512,RGBA
train,no_cancer,LUNG MRI-NC (1059).png,.png,..\dataset\lung_cancer_MRI_dataset\train\no_cancer\LUNG MRI-NC (1059).png,512,512,RGBA
train,no_cancer,LUNG MRI-NC (106).png,.png,..\dataset\lung_cancer_MRI_dataset\train\no_cancer\LUNG MRI-NC (106).png,512,512,RGBA
train,no_cancer,LUNG MRI-NC (1060).png,.png,..\dataset\lung_cancer_MRI_dataset\train\no_cancer\LUNG MRI-NC (1060).png,512,512,RGBA
train,no_cancer,LUNG MRI-NC (1061).png,.png,..\dataset\lung_cancer_MRI_dataset\train\no_cancer\LUNG MRI-NC (1061).png,512,512,RGBA
train,no_cancer,LUNG MRI-NC (1062).png,.png,..\dataset\lung_cancer_MRI_dataset\train\no_cancer\LUNG MRI-NC (1062).png,512,512,RGBA
train,no_cancer,LUNG MRI-NC (1063).png,.png,..\dataset\lung_cancer_MRI_dataset\train\no_cancer\LUNG MRI-NC (1063).png,512,512,RGBA
train,no_cancer,LUNG MRI-NC (1064).png,.png,..\dataset\lung_cancer_MRI_dataset\train\no_cancer\LUNG MRI-NC (1064).png,512,512,RGBA
train,no_cancer,LUNG MRI-NC (1065).png,.png,..\dataset\lung_cancer_MRI_dataset\train\no_cancer\LUNG MRI-NC (1065).png,512,512,RGBA
train,no_cancer,LUNG MRI-NC (1066).png,.png,..\dataset\lung_cancer_MRI_dataset\train\no_cancer\LUNG MRI-NC (1066).png,512,512,RGBA
train,no_cancer,LUNG MRI-NC (1067).png,.png,..\dataset\lung_cancer_MRI_dataset\train\no_cancer\LUNG MRI-NC (1067).png,512,512,RGBA
train,no_cancer,LUNG MRI-NC (1068).png,.png,..\dataset\lung_cancer_MRI_dataset\train\no_cancer\LUNG MRI-NC (1068).png,512,512,RGBA
train,no_cancer,LUNG MRI-NC (1069).png,.png,..\dataset\lung_cancer_MRI_dataset\train\no_cancer\LUNG MRI-NC (1069).png,512,512,RGBA
train,no_cancer,LUNG MRI-NC (107).png,.png,..\dataset\lung_cancer_MRI_dataset\train\no_cancer\LUNG MRI-NC (107).png,512,512,RGBA
train,no_cancer,LUNG MRI-NC (1070).png,.png,..\dataset\lung_cancer_MRI_dataset\train\no_cancer\LUNG MRI-NC (1070).png,512,512,RGBA
train,no_cancer,LUNG MRI-NC (1071).png,.png,..\dataset\lung_cancer_MRI_dataset\train\no_cancer\LUNG MRI-NC (1071).png,512,512,RGBA
train,no_cancer,LUNG MRI-NC (1072).png,.png,..\dataset\lung_cancer_MRI_dataset\train\no_cancer\LUNG MRI-NC (1072).png,512,512,RGBA
train,no_cancer,LUNG MRI-NC (1073).png,.png,..\dataset\lung_cancer_MRI_dataset\train\no_cancer\LUNG MRI-NC (1073).png,512,512,RGBA
train,no_cancer,LUNG MRI-NC (1074).png,.png,..\dataset\lung_cancer_MRI_dataset\train\no_cancer\LUNG MRI-NC (1074).png,512,512,RGBA
train,no_cancer,LUNG MRI-NC (1075).png,.png,..\dataset\lung_cancer_MRI_dataset\train\no_cancer\LUNG MRI-NC (1075).png,512,512,RGBA
train,no_cancer,LUNG MRI-NC (1076).png,.png,..\dataset\lung_cancer_MRI_dataset\train\no_cancer\LUNG MRI-NC (1076).png,512,512,RGBA
train,no_cancer,LUNG MRI-NC (1077).png,.png,..\dataset\lung_cancer_MRI_dataset\train\no_cancer\LUNG MRI-NC (1077).png,512,512,RGBA
train,no_cancer,LUNG MRI-NC (1078).png,.png,..\dataset\lung_cancer_MRI_dataset\train\no_cancer\LUNG MRI-NC (1078).png,512,512,RGBA
train,no_cancer,LUNG MRI-NC (1079).png,.png,..\dataset\lung_cancer_MRI_dataset\train\no_cancer\LUNG MRI-NC (1079).png,512,512,RGBA
train,no_cancer,LUNG MRI-NC (108).png,.png,..\dataset\lung_cancer_MRI_dataset\train\no_cancer\LUNG MRI-NC (108).png,512,512,RGBA
train,no_cancer,LUNG MRI-NC (1080).png,.png,..\dataset\lung_cancer_MRI_dataset\train\no_cancer\LUNG MRI-NC (1080).png,512,512,RGBA
train,no_cancer,LUNG MRI-NC (1081).png,.png,..\dataset\lung_cancer_MRI_dataset\train\no_cancer\LUNG MRI-NC (1081).png,512,512,RGBA
train,no_cancer,LUNG MRI-NC (1082).png,.png,..\dataset\lung_cancer_MRI_dataset\train\no_cancer\LUNG MRI-NC (1082).png,512,512,RGBA
train,no_cancer,LUNG MRI-NC (1083).png,.png,..\dataset\lung_cancer_MRI_dataset\train\no_cancer\LUNG MRI-NC (1083).png,512,512,RGBA
train,no_cancer,LUNG MRI-NC (1084).png,.png,..\dataset\lung_cancer_MRI_dataset\train\no_cancer\LUNG MRI-NC (1084).png,512,512,RGBA
train,no_cancer,LUNG MRI-NC (1085).png,.png,..\dataset\lung_cancer_MRI_dataset\train\no_cancer\LUNG MRI-NC (1085).png,512,512,RGBA
train,no_cancer,LUNG MRI-NC (1086).png,.png,..\dataset\lung_cancer_MRI_dataset\train\no_cancer\LUNG MRI-NC (1086).png,512,512,RGBA
train,no_cancer,LUNG MRI-NC (1087).png,.png,..\dataset\lung_cancer_MRI_dataset\train\no_cancer\LUNG MRI-NC (1087).png,512,512,RGBA
train,no_cancer,LUNG MRI-NC (1088).png,.png,..\dataset\lung_cancer_MRI_dataset\train\no_cancer\LUNG MRI-NC (1088).png,512,512,RGBA
train,no_cancer,LUNG MRI-NC (1089).png,.png,..\dataset\lung_cancer_MRI_dataset\train\no_cancer\LUNG MRI-NC (1089).png,512,512,RGBA
train,no_cancer,LUNG MRI-NC (109).png,.png,..\dataset\lung_cancer_MRI_dataset\train\no_cancer\LUNG MRI-NC (109).png,512,512,RGBA
train,no_cancer,LUNG MRI-NC (1090).png,.png,..\dataset\lung_cancer_MRI_dataset\train\no_cancer\LUNG MRI-NC (1090).png,512,512,RGBA
train,no_cancer,LUNG MRI-NC (1091).png,.png,..\dataset\lung_cancer_MRI_dataset\train\no_cancer\LUNG MRI-NC (1091).png,512,512,RGBA
train,no_cancer,LUNG MRI-NC (1092).png,.png,..\dataset\lung_cancer_MRI_dataset\train\no_cancer\LUNG MRI-NC (1092).png,512,512,RGBA
train,no_cancer,LUNG MRI-NC (1093).png,.png,..\dataset\lung_cancer_MRI_dataset\train\no_cancer\LUNG MRI-NC (1093).png,512,512,RGBA
train,no_cancer,LUNG MRI-NC (1094).png,.png,..\dataset\lung_cancer_MRI_dataset\train\no_cancer\LUNG MRI-NC (1094).png,512,512,RGBA
train,no_cancer,LUNG MRI-NC (1095).png,.png,..\dataset\lung_cancer_MRI_dataset\train\no_cancer\LUNG MRI-NC (1095).png,512,512,RGBA
train,no_cancer,LUNG MRI-NC (1096).png,.png,..\dataset\lung_cancer_MRI_dataset\train\no_cancer\LUNG MRI-NC (1096).png,512,512,RGBA
train,no_cancer,LUNG MRI-NC (1097).png,.png,..\dataset\lung_cancer_MRI_dataset\train\no_cancer\LUNG MRI-NC (1097).png,512,512,RGBA
train,no_cancer,LUNG MRI-NC (1098).png,.png,..\dataset\lung_cancer_MRI_dataset\train\no_cancer\LUNG MRI-NC (1098).png,512,512,RGBA
train,no_cancer,LUNG MRI-NC (1099).png,.png,..\dataset\lung_cancer_MRI_dataset\train\no_cancer\LUNG MRI-NC (1099).png,512,512,RGBA
train,no_cancer,LUNG MRI-NC (11).png,.png,..\dataset\lung_cancer_MRI_dataset\train\no_cancer\LUNG MRI-NC (11).png,512,512,RGBA
train,no_cancer,LUNG MRI-NC (110).png,.png,..\dataset\lung_cancer_MRI_dataset\train\no_cancer\LUNG MRI-NC (110).png,512,512,RGBA
train,no_cancer,LUNG MRI-NC (1100).png,.png,..\dataset\lung_cancer_MRI_dataset\train\no_cancer\LUNG MRI-NC (1100).png,512,512,RGBA
train,no_cancer,LUNG MRI-NC (1101).png,.png,..\dataset\lung_cancer_MRI_dataset\train\no_cancer\LUNG MRI-NC (1101).png,512,512,RGBA
train,no_cancer,LUNG MRI-NC (1102).png,.png,..\dataset\lung_cancer_MRI_dataset\train\no_cancer\LUNG MRI-NC (1102).png,512,512,RGBA
train,no_cancer,LUNG MRI-NC (1103).png,.png,..\dataset\lung_cancer_MRI_dataset\train\no_cancer\LUNG MRI-NC (1103).png,512,512,RGBA
train,no_cancer,LUNG MRI-NC (1104).png,.png,..\dataset\lung_cancer_MRI_dataset\train\no_cancer\LUNG MRI-NC (1104).png,512,512,RGBA
train,no_cancer,LUNG MRI-NC (1105).png,.png,..\dataset\lung_cancer_MRI_dataset\train\no_cancer\LUNG MRI-NC (1105).png,512,512,RGBA
train,no_cancer,LUNG MRI-NC (1106).png,.png,..\dataset\lung_cancer_MRI_dataset\train\no_cancer\LUNG MRI-NC (1106).png,512,512,RGBA
train,no_cancer,LUNG MRI-NC (1107).png,.png,..\dataset\lung_cancer_MRI_dataset\train\no_cancer\LUNG MRI-NC (1107).png,512,512,RGBA
train,no_cancer,LUNG MRI-NC (1108).png,.png,..\dataset\lung_cancer_MRI_dataset\train\no_cancer\LUNG MRI-NC (1108).png,512,512,RGBA
train,no_cancer,LUNG MRI-NC (1109).png,.png,..\dataset\lung_cancer_MRI_dataset\train\no_cancer\LUNG MRI-NC (1109).png,512,512,RGBA
train,no_cancer,LUNG MRI-NC (111).png,.png,..\dataset\lung_cancer_MRI_dataset\train\no_cancer\LUNG MRI-NC (111).png,512,512,RGBA
train,no_cancer,LUNG MRI-NC (1110).png,.png,..\dataset\lung_cancer_MRI_dataset\train\no_cancer\LUNG MRI-NC (1110).png,512,512,RGBA
train,no_cancer,LUNG MRI-NC (1111).png,.png,..\dataset\lung_cancer_MRI_dataset\train\no_cancer\LUNG MRI-NC (1111).png,512,512,RGBA
train,no_cancer,LUNG MRI-NC (1112).png,.png,..\dataset\lung_cancer_MRI_dataset\train\no_cancer\LUNG MRI-NC (1112).png,512,512,RGBA
train,no_cancer,LUNG MRI-NC (1113).png,.png,..\dataset\lung_cancer_MRI_dataset\train\no_cancer\LUNG MRI-NC (1113).png,512,512,RGBA
train,no_cancer,LUNG MRI-NC (1114).png,.png,..\dataset\lung_cancer_MRI_dataset\train\no_cancer\LUNG MRI-NC (1114).png,512,512,RGBA
train,no_cancer,LUNG MRI-NC (1115).png,.png,..\dataset\lung_cancer_MRI_dataset\train\no_cancer\LUNG MRI-NC (1115).png,512,512,RGBA
train,no_cancer,LUNG MRI-NC (1116).png,.png,..\dataset\lung_cancer_MRI_dataset\train\no_cancer\LUNG MRI-NC (1116).png,512,512,RGBA
train,no_cancer,LUNG MRI-NC (1117).png,.png,..\dataset\lung_cancer_MRI_dataset\train\no_cancer\LUNG MRI-NC (1117).png,512,512,RGBA
train,no_cancer,LUNG MRI-NC (1118).png,.png,..\dataset\lung_cancer_MRI_dataset\train\no_cancer\LUNG MRI-NC (1118).png,512,512,RGBA
train,no_cancer,LUNG MRI-NC (1119).png,.png,..\dataset\lung_cancer_MRI_dataset\train\no_cancer\LUNG MRI-NC (1119).png,512,512,RGBA
train,no_cancer,LUNG MRI-NC (112).png,.png,..\dataset\lung_cancer_MRI_dataset\train\no_cancer\LUNG MRI-NC (112).png,512,512,RGBA
train,no_cancer,LUNG MRI-NC (1120).png,.png,..\dataset\lung_cancer_MRI_dataset\train\no_cancer\LUNG MRI-NC (1120).png,512,512,RGBA
train,no_cancer,LUNG MRI-NC (1121).png,.png,..\dataset\lung_cancer_MRI_dataset\train\no_cancer\LUNG MRI-NC (1121).png,512,512,RGBA
train,no_cancer,LUNG MRI-NC (1122).png,.png,..\dataset\lung_cancer_MRI_dataset\train\no_cancer\LUNG MRI-NC (1122).png,512,512,RGBA
train,no_cancer,LUNG MRI-NC (1123).png,.png,..\dataset\lung_cancer_MRI_dataset\train\no_cancer\LUNG MRI-NC (1123).png,512,512,RGBA
train,no_cancer,LUNG MRI-NC (1124).png,.png,..\dataset\lung_cancer_MRI_dataset\train\no_cancer\LUNG MRI-NC (1124).png,512,512,RGBA
train,no_cancer,LUNG MRI-NC (1125).png,.png,..\dataset\lung_cancer_MRI_dataset\train\no_cancer\LUNG MRI-NC (1125).png,512,512,RGBA
train,no_cancer,LUNG MRI-NC (1126).png,.png,..\dataset\lung_cancer_MRI_dataset\train\no_cancer\LUNG MRI-NC (1126).png,512,512,RGBA
train,no_cancer,LUNG MRI-NC (1127).png,.png,..\dataset\lung_cancer_MRI_dataset\train\no_cancer\LUNG MRI-NC (1127).png,512,512,RGBA
train,no_cancer,LUNG MRI-NC (1128).png,.png,..\dataset\lung_cancer_MRI_dataset\train\no_cancer\LUNG MRI-NC (1128).png,512,512,RGBA
train,no_cancer,LUNG MRI-NC (1129).png,.png,..\dataset\lung_cancer_MRI_dataset\train\no_cancer\LUNG MRI-NC (1129).png,512,512,RGBA
train,no_cancer,LUNG MRI-NC (113).png,.png,..\dataset\lung_cancer_MRI_dataset\train\no_cancer\LUNG MRI-NC (113).png,512,512,RGBA
train,no_cancer,LUNG MRI-NC (1130).png,.png,..\dataset\lung_cancer_MRI_dataset\train\no_cancer\LUNG MRI-NC (1130).png,512,512,RGBA
train,no_cancer,LUNG MRI-NC (1131).png,.png,..\dataset\lung_cancer_MRI_dataset\train\no_cancer\LUNG MRI-NC (1131).png,512,512,RGBA
train,no_cancer,LUNG MRI-NC (1132).png,.png,..\dataset\lung_cancer_MRI_dataset\train\no_cancer\LUNG MRI-NC (1132).png,512,512,RGBA
train,no_cancer,LUNG MRI-NC (1133).png,.png,..\dataset\lung_cancer_MRI_dataset\train\no_cancer\LUNG MRI-NC (1133).png,512,512,RGBA
train,no_cancer,LUNG MRI-NC (1134).png,.png,..\dataset\lung_cancer_MRI_dataset\train\no_cancer\LUNG MRI-NC (1134).png,512,512,RGBA
train,no_cancer,LUNG MRI-NC (1135).png,.png,..\dataset\lung_cancer_MRI_dataset\train\no_cancer\LUNG MRI-NC (1135).png,512,512,RGBA
train,no_cancer,LUNG MRI-NC (1136).png,.png,..\dataset\lung_cancer_MRI_dataset\train\no_cancer\LUNG MRI-NC (1136).png,512,512,RGBA
train,no_cancer,LUNG MRI-NC (1137).png,.png,..\dataset\lung_cancer_MRI_dataset\train\no_cancer\LUNG MRI-NC (1137).png,512,512,RGBA
train,no_cancer,LUNG MRI-NC (1138).png,.png,..\dataset\lung_cancer_MRI_dataset\train\no_cancer\LUNG MRI-NC (1138).png,512,512,RGBA
train,no_cancer,LUNG MRI-NC (1139).png,.png,..\dataset\lung_cancer_MRI_dataset\train\no_cancer\LUNG MRI-NC (1139).png,512,512,RGBA
train,no_cancer,LUNG MRI-NC (114).png,.png,..\dataset\lung_cancer_MRI_dataset\train\no_cancer\LUNG MRI-NC (114).png,512,512,RGBA
train,no_cancer,LUNG MRI-NC (1140).png,.png,..\dataset\lung_cancer_MRI_dataset\train\no_cancer\LUNG MRI-NC (1140).png,512,512,RGBA
train,no_cancer,LUNG MRI-NC (1141).png,.png,..\dataset\lung_cancer_MRI_dataset\train\no_cancer\LUNG MRI-NC (1141).png,512,512,RGBA
train,no_cancer,LUNG MRI-NC (1142).png,.png,..\dataset\lung_cancer_MRI_dataset\train\no_cancer\LUNG MRI-NC (1142).png,512,512,RGBA
train,no_cancer,LUNG MRI-NC (1143).png,.png,..\dataset\lung_cancer_MRI_dataset\train\no_cancer\LUNG MRI-NC (1143).png,512,512,RGBA
train,no_cancer,LUNG MRI-NC (1144).png,.png,..\dataset\lung_cancer_MRI_dataset\train\no_cancer\LUNG MRI-NC (1144).png,512,512,RGBA
train,no_cancer,LUNG MRI-NC (1145).png,.png,..\dataset\lung_cancer_MRI_dataset\train\no_cancer\LUNG MRI-NC (1145).png,512,512,RGBA
train,no_cancer,LUNG MRI-NC (1146).png,.png,..\dataset\lung_cancer_MRI_dataset\train\no_cancer\LUNG MRI-NC (1146).png,512,512,RGBA
train,no_cancer,LUNG MRI-NC (1147).png,.png,..\dataset\lung_cancer_MRI_dataset\train\no_cancer\LUNG MRI-NC (1147).png,512,512,RGBA
train,no_cancer,LUNG MRI-NC (1148).png,.png,..\dataset\lung_cancer_MRI_dataset\train\no_cancer\LUNG MRI-NC (1148).png,512,512,RGBA
train,no_cancer,LUNG MRI-NC (1149).png,.png,..\dataset\lung_cancer_MRI_dataset\train\no_cancer\LUNG MRI-NC (1149).png,512,512,RGBA
train,no_cancer,LUNG MRI-NC (115).png,.png,..\dataset\lung_cancer_MRI_dataset\train\no_cancer\LUNG MRI-NC (115).png,512,512,RGBA
train,no_cancer,LUNG MRI-NC (1150).png,.png,..\dataset\lung_cancer_MRI_dataset\train\no_cancer\LUNG MRI-NC (1150).png,512,512,RGBA
train,no_cancer,LUNG MRI-NC (1151).png,.png,..\dataset\lung_cancer_MRI_dataset\train\no_cancer\LUNG MRI-NC (1151).png,512,512,RGBA
train,no_cancer,LUNG MRI-NC (1152).png,.png,..\dataset\lung_cancer_MRI_dataset\train\no_cancer\LUNG MRI-NC (1152).png,512,512,RGBA
train,no_cancer,LUNG MRI-NC (1153).png,.png,..\dataset\lung_cancer_MRI_dataset\train\no_cancer\LUNG MRI-NC (1153).png,512,512,RGBA
train,no_cancer,LUNG MRI-NC (1154).png,.png,..\dataset\lung_cancer_MRI_dataset\train\no_cancer\LUNG MRI-NC (1154).png,512,512,RGBA
train,no_cancer,LUNG MRI-NC (1155).png,.png,..\dataset\lung_cancer_MRI_dataset\train\no_cancer\LUNG MRI-NC (1155).png,512,512,RGBA
train,no_cancer,LUNG MRI-NC (1156).png,.png,..\dataset\lung_cancer_MRI_dataset\train\no_cancer\LUNG MRI-NC (1156).png,512,512,RGBA
train,no_cancer,LUNG MRI-NC (1157).png,.png,..\dataset\lung_cancer_MRI_dataset\train\no_cancer\LUNG MRI-NC (1157).png,512,512,RGBA
train,no_cancer,LUNG MRI-NC (1158).png,.png,..\dataset\lung_cancer_MRI_dataset\train\no_cancer\LUNG MRI-NC (1158).png,512,512,RGBA
train,no_cancer,LUNG MRI-NC (1159).png,.png,..\dataset\lung_cancer_MRI_dataset\train\no_cancer\LUNG MRI-NC (1159).png,512,512,RGBA
train,no_cancer,LUNG MRI-NC (116).png,.png,..\dataset\lung_cancer_MRI_dataset\train\no_cancer\LUNG MRI-NC (116).png,512,512,RGBA
train,no_cancer,LUNG MRI-NC (1160).png,.png,..\dataset\lung_cancer_MRI_dataset\train\no_cancer\LUNG MRI-NC (1160).png,512,512,RGBA
train,no_cancer,LUNG MRI-NC (1161).png,.png,..\dataset\lung_cancer_MRI_dataset\train\no_cancer\LUNG MRI-NC (1161).png,512,512,RGBA
train,no_cancer,LUNG MRI-NC (1162).png,.png,..\dataset\lung_cancer_MRI_dataset\train\no_cancer\LUNG MRI-NC (1162).png,512,512,RGBA
train,no_cancer,LUNG MRI-NC (1163).png,.png,..\dataset\lung_cancer_MRI_dataset\train\no_cancer\LUNG MRI-NC (1163).png,512,512,RGBA
train,no_cancer,LUNG MRI-NC (1164).png,.png,..\dataset\lung_cancer_MRI_dataset\train\no_cancer\LUNG MRI-NC (1164).png,512,512,RGBA
train,no_cancer,LUNG MRI-NC (1165).png,.png,..\dataset\lung_cancer_MRI_dataset\train\no_cancer\LUNG MRI-NC (1165).png,512,512,RGBA
train,no_cancer,LUNG MRI-NC (1166).png,.png,..\dataset\lung_cancer_MRI_dataset\train\no_cancer\LUNG MRI-NC (1166).png,512,512,RGBA
train,no_cancer,LUNG MRI-NC (1167).png,.png,..\dataset\lung_cancer_MRI_dataset\train\no_cancer\LUNG MRI-NC (1167).png,512,512,RGBA
train,no_cancer,LUNG MRI-NC (1168).png,.png,..\dataset\lung_cancer_MRI_dataset\train\no_cancer\LUNG MRI-NC (1168).png,512,512,RGBA
train,no_cancer,LUNG MRI-NC (1169).png,.png,..\dataset\lung_cancer_MRI_dataset\train\no_cancer\LUNG MRI-NC (1169).png,512,512,RGBA
train,no_cancer,LUNG MRI-NC (117).png,.png,..\dataset\lung_cancer_MRI_dataset\train\no_cancer\LUNG MRI-NC (117).png,512,512,RGBA
train,no_cancer,LUNG MRI-NC (1170).png,.png,..\dataset\lung_cancer_MRI_dataset\train\no_cancer\LUNG MRI-NC (1170).png,512,512,RGBA
train,no_cancer,LUNG MRI-NC (1171).png,.png,..\dataset\lung_cancer_MRI_dataset\train\no_cancer\LUNG MRI-NC (1171).png,512,512,RGBA
train,no_cancer,LUNG MRI-NC (1172).png,.png,..\dataset\lung_cancer_MRI_dataset\train\no_cancer\LUNG MRI-NC (1172).png,512,512,RGBA
train,no_cancer,LUNG MRI-NC (1173).png,.png,..\dataset\lung_cancer_MRI_dataset\train\no_cancer\LUNG MRI-NC (1173).png,512,512,RGBA
train,no_cancer,LUNG MRI-NC (1174).png,.png,..\dataset\lung_cancer_MRI_dataset\train\no_cancer\LUNG MRI-NC (1174).png,512,512,RGBA
train,no_cancer,LUNG MRI-NC (1175).png,.png,..\dataset\lung_cancer_MRI_dataset\train\no_cancer\LUNG MRI-NC (1175).png,512,512,RGBA
train,no_cancer,LUNG MRI-NC (1176).png,.png,..\dataset\lung_cancer_MRI_dataset\train\no_cancer\LUNG MRI-NC (1176).png,512,512,RGBA
train,no_cancer,LUNG MRI-NC (1177).png,.png,..\dataset\lung_cancer_MRI_dataset\train\no_cancer\LUNG MRI-NC (1177).png,512,512,RGBA
train,no_cancer,LUNG MRI-NC (1178).png,.png,..\dataset\lung_cancer_MRI_dataset\train\no_cancer\LUNG MRI-NC (1178).png,512,512,RGBA
train,no_cancer,LUNG MRI-NC (1179).png,.png,..\dataset\lung_cancer_MRI_dataset\train\no_cancer\LUNG MRI-NC (1179).png,512,512,RGBA
train,no_cancer,LUNG MRI-NC (118).png,.png,..\dataset\lung_cancer_MRI_dataset\train\no_cancer\LUNG MRI-NC (118).png,512,512,RGBA
train,no_cancer,LUNG MRI-NC (1180).png,.png,..\dataset\lung_cancer_MRI_dataset\train\no_cancer\LUNG MRI-NC (1180).png,512,512,RGBA
train,no_cancer,LUNG MRI-NC (1181).png,.png,..\dataset\lung_cancer_MRI_dataset\train\no_cancer\LUNG MRI-NC (1181).png,512,512,RGBA
train,no_cancer,LUNG MRI-NC (1182).png,.png,..\dataset\lung_cancer_MRI_dataset\train\no_cancer\LUNG MRI-NC (1182).png,512,512,RGBA
train,no_cancer,LUNG MRI-NC (1183).png,.png,..\dataset\lung_cancer_MRI_dataset\train\no_cancer\LUNG MRI-NC (1183).png,512,512,RGBA
train,no_cancer,LUNG MRI-NC (1184).png,.png,..\dataset\lung_cancer_MRI_dataset\train\no_cancer\LUNG MRI-NC (1184).png,512,512,RGBA
train,no_cancer,LUNG MRI-NC (1185).png,.png,..\dataset\lung_cancer_MRI_dataset\train\no_cancer\LUNG MRI-NC (1185).png,512,512,RGBA
train,no_cancer,LUNG MRI-NC (1186).png,.png,..\dataset\lung_cancer_MRI_dataset\train\no_cancer\LUNG MRI-NC (1186).png,512,512,RGBA
train,no_cancer,LUNG MRI-NC (1187).png,.png,..\dataset\lung_cancer_MRI_dataset\train\no_cancer\LUNG MRI-NC (1187).png,512,512,RGBA
train,no_cancer,LUNG MRI-NC (1188).png,.png,..\dataset\lung_cancer_MRI_dataset\train\no_cancer\LUNG MRI-NC (1188).png,512,512,RGBA
train,no_cancer,LUNG MRI-NC (1189).png,.png,..\dataset\lung_cancer_MRI_dataset\train\no_cancer\LUNG MRI-NC (1189).png,512,512,RGBA
train,no_cancer,LUNG MRI-NC (119).png,.png,..\dataset\lung_cancer_MRI_dataset\train\no_cancer\LUNG MRI-NC (119).png,512,512,RGBA
train,no_cancer,LUNG MRI-NC (1190).png,.png,..\dataset\lung_cancer_MRI_dataset\train\no_cancer\LUNG MRI-NC (1190).png,512,512,RGBA
train,no_cancer,LUNG MRI-NC (1191).png,.png,..\dataset\lung_cancer_MRI_dataset\train\no_cancer\LUNG MRI-NC (1191).png,512,512,RGBA
train,no_cancer,LUNG MRI-NC (1192).png,.png,..\dataset\lung_cancer_MRI_dataset\train\no_cancer\LUNG MRI-NC (1192).png,512,512,RGBA
train,no_cancer,LUNG MRI-NC (1193).png,.png,..\dataset\lung_cancer_MRI_dataset\train\no_cancer\LUNG MRI-NC (1193).png,512,512,RGBA
train,no_cancer,LUNG MRI-NC (1194).png,.png,..\dataset\lung_cancer_MRI_dataset\train\no_cancer\LUNG MRI-NC (1194).png,512,512,RGBA
train,no_cancer,LUNG MRI-NC (1195).png,.png,..\dataset\lung_cancer_MRI_dataset\train\no_cancer\LUNG MRI-NC (1195).png,512,512,RGBA
train,no_cancer,LUNG MRI-NC (1196).png,.png,..\dataset\lung_cancer_MRI_dataset\train\no_cancer\LUNG MRI-NC (1196).png,512,512,RGBA
train,no_cancer,LUNG MRI-NC (1197).png,.png,..\dataset\lung_cancer_MRI_dataset\train\no_cancer\LUNG MRI-NC (1197).png,512,512,RGBA
train,no_cancer,LUNG MRI-NC (1198).png,.png,..\dataset\lung_cancer_MRI_dataset\train\no_cancer\LUNG MRI-NC (1198).png,512,512,RGBA
train,no_cancer,LUNG MRI-NC (1199).png,.png,..\dataset\lung_cancer_MRI_dataset\train\no_cancer\LUNG MRI-NC (1199).png,512,512,RGBA
train,no_cancer,LUNG MRI-NC (12).png,.png,..\dataset\lung_cancer_MRI_dataset\train\no_cancer\LUNG MRI-NC (12).png,512,512,RGBA
train,no_cancer,LUNG MRI-NC (120).png,.png,..\dataset\lung_cancer_MRI_dataset\train\no_cancer\LUNG MRI-NC (120).png,512,512,RGBA
train,no_cancer,LUNG MRI-NC (1200).png,.png,..\dataset\lung_cancer_MRI_dataset\train\no_cancer\LUNG MRI-NC (1200).png,512,512,RGBA
train,no_cancer,LUNG MRI-NC (1201).png,.png,..\dataset\lung_cancer_MRI_dataset\train\no_cancer\LUNG MRI-NC (1201).png,512,512,RGBA
train,no_cancer,LUNG MRI-NC (1202).png,.png,..\dataset\lung_cancer_MRI_dataset\train\no_cancer\LUNG MRI-NC (1202).png,512,512,RGBA
train,no_cancer,LUNG MRI-NC (1203).png,.png,..\dataset\lung_cancer_MRI_dataset\train\no_cancer\LUNG MRI-NC (1203).png,512,512,RGBA
train,no_cancer,LUNG MRI-NC (1204).png,.png,..\dataset\lung_cancer_MRI_dataset\train\no_cancer\LUNG MRI-NC (1204).png,512,512,RGBA
train,no_cancer,LUNG MRI-NC (1205).png,.png,..\dataset\lung_cancer_MRI_dataset\train\no_cancer\LUNG MRI-NC (1205).png,512,512,RGBA
train,no_cancer,LUNG MRI-NC (1206).png,.png,..\dataset\lung_cancer_MRI_dataset\train\no_cancer\LUNG MRI-NC (1206).png,512,512,RGBA
train,no_cancer,LUNG MRI-NC (1207).png,.png,..\dataset\lung_cancer_MRI_dataset\train\no_cancer\LUNG MRI-NC (1207).png,512,512,RGBA
train,no_cancer,LUNG MRI-NC (1208).png,.png,..\dataset\lung_cancer_MRI_dataset\train\no_cancer\LUNG MRI-NC (1208).png,512,512,RGBA
train,no_cancer,LUNG MRI-NC (1209).png,.png,..\dataset\lung_cancer_MRI_dataset\train\no_cancer\LUNG MRI-NC (1209).png,512,512,RGBA
train,no_cancer,LUNG MRI-NC (121).png,.png,..\dataset\lung_cancer_MRI_dataset\train\no_cancer\LUNG MRI-NC (121).png,512,512,RGBA
train,no_cancer,LUNG MRI-NC (1210).png,.png,..\dataset\lung_cancer_MRI_dataset\train\no_cancer\LUNG MRI-NC (1210).png,512,512,RGBA
train,no_cancer,LUNG MRI-NC (1211).png,.png,..\dataset\lung_cancer_MRI_dataset\train\no_cancer\LUNG MRI-NC (1211).png,512,512,RGBA
train,no_cancer,LUNG MRI-NC (1212).png,.png,..\dataset\lung_cancer_MRI_dataset\train\no_cancer\LUNG MRI-NC (1212).png,512,512,RGBA
train,no_cancer,LUNG MRI-NC (1213).png,.png,..\dataset\lung_cancer_MRI_dataset\train\no_cancer\LUNG MRI-NC (1213).png,512,512,RGBA
train,no_cancer,LUNG MRI-NC (1214).png,.png,..\dataset\lung_cancer_MRI_dataset\train\no_cancer\LUNG MRI-NC (1214).png,512,512,RGBA
train,no_cancer,LUNG MRI-NC (1215).png,.png,..\dataset\lung_cancer_MRI_dataset\train\no_cancer\LUNG MRI-NC (1215).png,512,512,RGBA
train,no_cancer,LUNG MRI-NC (1216).png,.png,..\dataset\lung_cancer_MRI_dataset\train\no_cancer\LUNG MRI-NC (1216).png,512,512,RGBA
train,no_cancer,LUNG MRI-NC (1217).png,.png,..\dataset\lung_cancer_MRI_dataset\train\no_cancer\LUNG MRI-NC (1217).png,512,512,RGBA
train,no_cancer,LUNG MRI-NC (1218).png,.png,..\dataset\lung_cancer_MRI_dataset\train\no_cancer\LUNG MRI-NC (1218).png,512,512,RGBA
train,no_cancer,LUNG MRI-NC (1219).png,.png,..\dataset\lung_cancer_MRI_dataset\train\no_cancer\LUNG MRI-NC (1219).png,512,512,RGBA
train,no_cancer,LUNG MRI-NC (122).png,.png,..\dataset\lung_cancer_MRI_dataset\train\no_cancer\LUNG MRI-NC (122).png,512,512,RGBA
train,no_cancer,LUNG MRI-NC (1220).png,.png,..\dataset\lung_cancer_MRI_dataset\train\no_cancer\LUNG MRI-NC (1220).png,512,512,RGBA
train,no_cancer,LUNG MRI-NC (1221).png,.png,..\dataset\lung_cancer_MRI_dataset\train\no_cancer\LUNG MRI-NC (1221).png,512,512,RGBA
train,no_cancer,LUNG MRI-NC (1222).png,.png,..\dataset\lung_cancer_MRI_dataset\train\no_cancer\LUNG MRI-NC (1222).png,512,512,RGBA
train,no_cancer,LUNG MRI-NC (1223).png,.png,..\dataset\lung_cancer_MRI_dataset\train\no_cancer\LUNG MRI-NC (1223).png,512,512,RGBA
train,no_cancer,LUNG MRI-NC (1224).png,.png,..\dataset\lung_cancer_MRI_dataset\train\no_cancer\LUNG MRI-NC (1224).png,512,512,RGBA
train,no_cancer,LUNG MRI-NC (1225).png,.png,..\dataset\lung_cancer_MRI_dataset\train\no_cancer\LUNG MRI-NC (1225).png,512,512,RGBA
train,no_cancer,LUNG MRI-NC (1226).png,.png,..\dataset\lung_cancer_MRI_dataset\train\no_cancer\LUNG MRI-NC (1226).png,512,512,RGBA
train,no_cancer,LUNG MRI-NC (1227).png,.png,..\dataset\lung_cancer_MRI_dataset\train\no_cancer\LUNG MRI-NC (1227).png,512,512,RGBA
train,no_cancer,LUNG MRI-NC (1228).png,.png,..\dataset\lung_cancer_MRI_dataset\train\no_cancer\LUNG MRI-NC (1228).png,512,512,RGBA
train,no_cancer,LUNG MRI-NC (1229).png,.png,..\dataset\lung_cancer_MRI_dataset\train\no_cancer\LUNG MRI-NC (1229).png,512,512,RGBA
train,no_cancer,LUNG MRI-NC (123).png,.png,..\dataset\lung_cancer_MRI_dataset\train\no_cancer\LUNG MRI-NC (123).png,512,512,RGBA
train,no_cancer,LUNG MRI-NC (1230).png,.png,..\dataset\lung_cancer_MRI_dataset\train\no_cancer\LUNG MRI-NC (1230).png,512,512,RGBA
train,no_cancer,LUNG MRI-NC (1231).png,.png,..\dataset\lung_cancer_MRI_dataset\train\no_cancer\LUNG MRI-NC (1231).png,512,512,RGBA
train,no_cancer,LUNG MRI-NC (1232).png,.png,..\dataset\lung_cancer_MRI_dataset\train\no_cancer\LUNG MRI-NC (1232).png,512,512,RGBA
train,no_cancer,LUNG MRI-NC (1233).png,.png,..\dataset\lung_cancer_MRI_dataset\train\no_cancer\LUNG MRI-NC (1233).png,512,512,RGBA
train,no_cancer,LUNG MRI-NC (1234).png,.png,..\dataset\lung_cancer_MRI_dataset\train\no_cancer\LUNG MRI-NC (1234).png,512,512,RGBA
train,no_cancer,LUNG MRI-NC (1235).png,.png,..\dataset\lung_cancer_MRI_dataset\train\no_cancer\LUNG MRI-NC (1235).png,512,512,RGBA
train,no_cancer,LUNG MRI-NC (1236).png,.png,..\dataset\lung_cancer_MRI_dataset\train\no_cancer\LUNG MRI-NC (1236).png,512,512,RGBA
train,no_cancer,LUNG MRI-NC (1237).png,.png,..\dataset\lung_cancer_MRI_dataset\train\no_cancer\LUNG MRI-NC (1237).png,512,512,RGBA
train,no_cancer,LUNG MRI-NC (1238).png,.png,..\dataset\lung_cancer_MRI_dataset\train\no_cancer\LUNG MRI-NC (1238).png,512,512,RGBA
train,no_cancer,LUNG MRI-NC (1239).png,.png,..\dataset\lung_cancer_MRI_dataset\train\no_cancer\LUNG MRI-NC (1239).png,512,512,RGBA
train,no_cancer,LUNG MRI-NC (124).png,.png,..\dataset\lung_cancer_MRI_dataset\train\no_cancer\LUNG MRI-NC (124).png,512,512,RGBA
train,no_cancer,LUNG MRI-NC (1240).png,.png,..\dataset\lung_cancer_MRI_dataset\train\no_cancer\LUNG MRI-NC (1240).png,512,512,RGBA
train,no_cancer,LUNG MRI-NC (1241).png,.png,..\dataset\lung_cancer_MRI_dataset\train\no_cancer\LUNG MRI-NC (1241).png,512,512,RGBA
train,no_cancer,LUNG MRI-NC (1242).png,.png,..\dataset\lung_cancer_MRI_dataset\train\no_cancer\LUNG MRI-NC (1242).png,512,512,RGBA
train,no_cancer,LUNG MRI-NC (1243).png,.png,..\dataset\lung_cancer_MRI_dataset\train\no_cancer\LUNG MRI-NC (1243).png,512,512,RGBA
train,no_cancer,LUNG MRI-NC (1244).png,.png,..\dataset\lung_cancer_MRI_dataset\train\no_cancer\LUNG MRI-NC (1244).png,512,512,RGBA
train,no_cancer,LUNG MRI-NC (1245).png,.png,..\dataset\lung_cancer_MRI_dataset\train\no_cancer\LUNG MRI-NC (1245).png,512,512,RGBA
train,no_cancer,LUNG MRI-NC (1246).png,.png,..\dataset\lung_cancer_MRI_dataset\train\no_cancer\LUNG MRI-NC (1246).png,512,512,RGBA
train,no_cancer,LUNG MRI-NC (1247).png,.png,..\dataset\lung_cancer_MRI_dataset\train\no_cancer\LUNG MRI-NC (1247).png,512,512,RGBA
train,no_cancer,LUNG MRI-NC (1248).png,.png,..\dataset\lung_cancer_MRI_dataset\train\no_cancer\LUNG MRI-NC (1248).png,512,512,RGBA
train,no_cancer,LUNG MRI-NC (1249).png,.png,..\dataset\lung_cancer_MRI_dataset\train\no_cancer\LUNG MRI-NC (1249).png,512,512,RGBA
train,no_cancer,LUNG MRI-NC (125).png,.png,..\dataset\lung_cancer_MRI_dataset\train\no_cancer\LUNG MRI-NC (125).png,512,512,RGBA
train,no_cancer,LUNG MRI-NC (1250).png,.png,..\dataset\lung_cancer_MRI_dataset\train\no_cancer\LUNG MRI-NC (1250).png,512,512,RGBA
train,no_cancer,LUNG MRI-NC (1251).png,.png,..\dataset\lung_cancer_MRI_dataset\train\no_cancer\LUNG MRI-NC (1251).png,512,512,RGBA
train,no_cancer,LUNG MRI-NC (1252).png,.png,..\dataset\lung_cancer_MRI_dataset\train\no_cancer\LUNG MRI-NC (1252).png,512,512,RGBA
train,no_cancer,LUNG MRI-NC (1253).png,.png,..\dataset\lung_cancer_MRI_dataset\train\no_cancer\LUNG MRI-NC (1253).png,512,512,RGBA
train,no_cancer,LUNG MRI-NC (1254).png,.png,..\dataset\lung_cancer_MRI_dataset\train\no_cancer\LUNG MRI-NC (1254).png,512,512,RGBA
train,no_cancer,LUNG MRI-NC (1255).png,.png,..\dataset\lung_cancer_MRI_dataset\train\no_cancer\LUNG MRI-NC (1255).png,512,512,RGBA
train,no_cancer,LUNG MRI-NC (1256).png,.png,..\dataset\lung_cancer_MRI_dataset\train\no_cancer\LUNG MRI-NC (1256).png,512,512,RGBA
train,no_cancer,LUNG MRI-NC (1257).png,.png,..\dataset\lung_cancer_MRI_dataset\train\no_cancer\LUNG MRI-NC (1257).png,512,512,RGBA
train,no_cancer,LUNG MRI-NC (1258).png,.png,..\dataset\lung_cancer_MRI_dataset\train\no_cancer\LUNG MRI-NC (1258).png,512,512,RGBA
train,no_cancer,LUNG MRI-NC (1259).png,.png,..\dataset\lung_cancer_MRI_dataset\train\no_cancer\LUNG MRI-NC (1259).png,512,512,RGBA
train,no_cancer,LUNG MRI-NC (126).png,.png,..\dataset\lung_cancer_MRI_dataset\train\no_cancer\LUNG MRI-NC (126).png,512,512,RGBA
train,no_cancer,LUNG MRI-NC (1260).png,.png,..\dataset\lung_cancer_MRI_dataset\train\no_cancer\LUNG MRI-NC (1260).png,512,512,RGBA
train,no_cancer,LUNG MRI-NC (1261).png,.png,..\dataset\lung_cancer_MRI_dataset\train\no_cancer\LUNG MRI-NC (1261).png,512,512,RGBA
train,no_cancer,LUNG MRI-NC (1262).png,.png,..\dataset\lung_cancer_MRI_dataset\train\no_cancer\LUNG MRI-NC (1262).png,512,512,RGBA
train,no_cancer,LUNG MRI-NC (1263).png,.png,..\dataset\lung_cancer_MRI_dataset\train\no_cancer\LUNG MRI-NC (1263).png,512,512,RGBA
train,no_cancer,LUNG MRI-NC (1264).png,.png,..\dataset\lung_cancer_MRI_dataset\train\no_cancer\LUNG MRI-NC (1264).png,512,512,RGBA
train,no_cancer,LUNG MRI-NC (1265).png,.png,..\dataset\lung_cancer_MRI_dataset\train\no_cancer\LUNG MRI-NC (1265).png,512,512,RGBA
train,no_cancer,LUNG MRI-NC (1266).png,.png,..\dataset\lung_cancer_MRI_dataset\train\no_cancer\LUNG MRI-NC (1266).png,512,512,RGBA
train,no_cancer,LUNG MRI-NC (1267).png,.png,..\dataset\lung_cancer_MRI_dataset\train\no_cancer\LUNG MRI-NC (1267).png,512,512,RGBA
train,no_cancer,LUNG MRI-NC (1268).png,.png,..\dataset\lung_cancer_MRI_dataset\train\no_cancer\LUNG MRI-NC (1268).png,512,512,RGBA
train,no_cancer,LUNG MRI-NC (1269).png,.png,..\dataset\lung_cancer_MRI_dataset\train\no_cancer\LUNG MRI-NC (1269).png,512,512,RGBA
train,no_cancer,LUNG MRI-NC (127).png,.png,..\dataset\lung_cancer_MRI_dataset\train\no_cancer\LUNG MRI-NC (127).png,512,512,RGBA
train,no_cancer,LUNG MRI-NC (1270).png,.png,..\dataset\lung_cancer_MRI_dataset\train\no_cancer\LUNG MRI-NC (1270).png,512,512,RGBA
train,no_cancer,LUNG MRI-NC (1271).png,.png,..\dataset\lung_cancer_MRI_dataset\train\no_cancer\LUNG MRI-NC (1271).png,512,512,RGBA
train,no_cancer,LUNG MRI-NC (1272).png,.png,..\dataset\lung_cancer_MRI_dataset\train\no_cancer\LUNG MRI-NC (1272).png,512,512,RGBA
train,no_cancer,LUNG MRI-NC (1273).png,.png,..\dataset\lung_cancer_MRI_dataset\train\no_cancer\LUNG MRI-NC (1273).png,512,512,RGBA
train,no_cancer,LUNG MRI-NC (1274).png,.png,..\dataset\lung_cancer_MRI_dataset\train\no_cancer\LUNG MRI-NC (1274).png,512,512,RGBA
train,no_cancer,LUNG MRI-NC (1275).png,.png,..\dataset\lung_cancer_MRI_dataset\train\no_cancer\LUNG MRI-NC (1275).png,512,512,RGBA
train,no_cancer,LUNG MRI-NC (1276).png,.png,..\dataset\lung_cancer_MRI_dataset\train\no_cancer\LUNG MRI-NC (1276).png,512,512,RGBA
train,no_cancer,LUNG MRI-NC (1277).png,.png,..\dataset\lung_cancer_MRI_dataset\train\no_cancer\LUNG MRI-NC (1277).png,512,512,RGBA
train,no_cancer,LUNG MRI-NC (1278).png,.png,..\dataset\lung_cancer_MRI_dataset\train\no_cancer\LUNG MRI-NC (1278).png,512,512,RGBA
train,no_cancer,LUNG MRI-NC (1279).png,.png,..\dataset\lung_cancer_MRI_dataset\train\no_cancer\LUNG MRI-NC (1279).png,512,512,RGBA
train,no_cancer,LUNG MRI-NC (128).png,.png,..\dataset\lung_cancer_MRI_dataset\train\no_cancer\LUNG MRI-NC (128).png,512,512,RGBA
train,no_cancer,LUNG MRI-NC (1280).png,.png,..\dataset\lung_cancer_MRI_dataset\train\no_cancer\LUNG MRI-NC (1280).png,512,512,RGBA
train,no_cancer,LUNG MRI-NC (1281).png,.png,..\dataset\lung_cancer_MRI_dataset\train\no_cancer\LUNG MRI-NC (1281).png,512,512,RGBA
train,no_cancer,LUNG MRI-NC (1282).png,.png,..\dataset\lung_cancer_MRI_dataset\train\no_cancer\LUNG MRI-NC (1282).png,512,512,RGBA
train,no_cancer,LUNG MRI-NC (1283).png,.png,..\dataset\lung_cancer_MRI_dataset\train\no_cancer\LUNG MRI-NC (1283).png,512,512,RGBA
train,no_cancer,LUNG MRI-NC (1284).png,.png,..\dataset\lung_cancer_MRI_dataset\train\no_cancer\LUNG MRI-NC (1284).png,512,512,RGBA
train,no_cancer,LUNG MRI-NC (1285).png,.png,..\dataset\lung_cancer_MRI_dataset\train\no_cancer\LUNG MRI-NC (1285).png,512,512,RGBA
train,no_cancer,LUNG MRI-NC (1286).png,.png,..\dataset\lung_cancer_MRI_dataset\train\no_cancer\LUNG MRI-NC (1286).png,512,512,RGBA
train,no_cancer,LUNG MRI-NC (1287).png,.png,..\dataset\lung_cancer_MRI_dataset\train\no_cancer\LUNG MRI-NC (1287).png,512,512,RGBA
train,no_cancer,LUNG MRI-NC (1288).png,.png,..\dataset\lung_cancer_MRI_dataset\train\no_cancer\LUNG MRI-NC (1288).png,512,512,RGBA
train,no_cancer,LUNG MRI-NC (1289).png,.png,..\dataset\lung_cancer_MRI_dataset\train\no_cancer\LUNG MRI-NC (1289).png,512,512,RGBA
train,no_cancer,LUNG MRI-NC (129).png,.png,..\dataset\lung_cancer_MRI_dataset\train\no_cancer\LUNG MRI-NC (129).png,512,512,RGBA
train,no_cancer,LUNG MRI-NC (1290).png,.png,..\dataset\lung_cancer_MRI_dataset\train\no_cancer\LUNG MRI-NC (1290).png,512,512,RGBA
train,no_cancer,LUNG MRI-NC (1291).png,.png,..\dataset\lung_cancer_MRI_dataset\train\no_cancer\LUNG MRI-NC (1291).png,512,512,RGBA
train,no_cancer,LUNG MRI-NC (1292).png,.png,..\dataset\lung_cancer_MRI_dataset\train\no_cancer\LUNG MRI-NC (1292).png,512,512,RGBA
train,no_cancer,LUNG MRI-NC (1293).png,.png,..\dataset\lung_cancer_MRI_dataset\train\no_cancer\LUNG MRI-NC (1293).png,512,512,RGBA
train,no_cancer,LUNG MRI-NC (1294).png,.png,..\dataset\lung_cancer_MRI_dataset\train\no_cancer\LUNG MRI-NC (1294).png,512,512,RGBA
train,no_cancer,LUNG MRI-NC (1295).png,.png,..\dataset\lung_cancer_MRI_dataset\train\no_cancer\LUNG MRI-NC (1295).png,512,512,RGBA
train,no_cancer,LUNG MRI-NC (1296).png,.png,..\dataset\lung_cancer_MRI_dataset\train\no_cancer\LUNG MRI-NC (1296).png,512,512,RGBA
train,no_cancer,LUNG MRI-NC (1297).png,.png,..\dataset\lung_cancer_MRI_dataset\train\no_cancer\LUNG MRI-NC (1297).png,512,512,RGBA
train,no_cancer,LUNG MRI-NC (1298).png,.png,..\dataset\lung_cancer_MRI_dataset\train\no_cancer\LUNG MRI-NC (1298).png,512,512,RGBA
train,no_cancer,LUNG MRI-NC (1299).png,.png,..\dataset\lung_cancer_MRI_dataset\train\no_cancer\LUNG MRI-NC (1299).png,512,512,RGBA
train,no_cancer,LUNG MRI-NC (13).png,.png,..\dataset\lung_cancer_MRI_dataset\train\no_cancer\LUNG MRI-NC (13).png,512,512,RGBA
train,no_cancer,LUNG MRI-NC (130).png,.png,..\dataset\lung_cancer_MRI_dataset\train\no_cancer\LUNG MRI-NC (130).png,512,512,RGBA
train,no_cancer,LUNG MRI-NC (1300).png,.png,..\dataset\lung_cancer_MRI_dataset\train\no_cancer\LUNG MRI-NC (1300).png,512,512,RGBA
train,no_cancer,LUNG MRI-NC (1301).png,.png,..\dataset\lung_cancer_MRI_dataset\train\no_cancer\LUNG MRI-NC (1301).png,512,512,RGBA
train,no_cancer,LUNG MRI-NC (1302).png,.png,..\dataset\lung_cancer_MRI_dataset\train\no_cancer\LUNG MRI-NC (1302).png,512,512,RGBA
train,no_cancer,LUNG MRI-NC (1303).png,.png,..\dataset\lung_cancer_MRI_dataset\train\no_cancer\LUNG MRI-NC (1303).png,512,512,RGBA
train,no_cancer,LUNG MRI-NC (1304).png,.png,..\dataset\lung_cancer_MRI_dataset\train\no_cancer\LUNG MRI-NC (1304).png,512,512,RGBA
train,no_cancer,LUNG MRI-NC (1305).png,.png,..\dataset\lung_cancer_MRI_dataset\train\no_cancer\LUNG MRI-NC (1305).png,512,512,RGBA
train,no_cancer,LUNG MRI-NC (1306).png,.png,..\dataset\lung_cancer_MRI_dataset\train\no_cancer\LUNG MRI-NC (1306).png,512,512,RGBA
train,no_cancer,LUNG MRI-NC (1307).png,.png,..\dataset\lung_cancer_MRI_dataset\train\no_cancer\LUNG MRI-NC (1307).png,512,512,RGBA
train,no_cancer,LUNG MRI-NC (1308).png,.png,..\dataset\lung_cancer_MRI_dataset\train\no_cancer\LUNG MRI-NC (1308).png,512,512,RGBA
train,no_cancer,LUNG MRI-NC (1309).png,.png,..\dataset\lung_cancer_MRI_dataset\train\no_cancer\LUNG MRI-NC (1309).png,512,512,RGBA
train,no_cancer,LUNG MRI-NC (131).png,.png,..\dataset\lung_cancer_MRI_dataset\train\no_cancer\LUNG MRI-NC (131).png,512,512,RGBA
train,no_cancer,LUNG MRI-NC (1310).png,.png,..\dataset\lung_cancer_MRI_dataset\train\no_cancer\LUNG MRI-NC (1310).png,512,512,RGBA
train,no_cancer,LUNG MRI-NC (1311).png,.png,..\dataset\lung_cancer_MRI_dataset\train\no_cancer\LUNG MRI-NC (1311).png,512,512,RGBA
train,no_cancer,LUNG MRI-NC (1312).png,.png,..\dataset\lung_cancer_MRI_dataset\train\no_cancer\LUNG MRI-NC (1312).png,512,512,RGBA
train,no_cancer,LUNG MRI-NC (1313).png,.png,..\dataset\lung_cancer_MRI_dataset\train\no_cancer\LUNG MRI-NC (1313).png,512,512,RGBA
train,no_cancer,LUNG MRI-NC (1314).png,.png,..\dataset\lung_cancer_MRI_dataset\train\no_cancer\LUNG MRI-NC (1314).png,512,512,RGBA
train,no_cancer,LUNG MRI-NC (132).png,.png,..\dataset\lung_cancer_MRI_dataset\train\no_cancer\LUNG MRI-NC (132).png,512,512,RGBA
train,no_cancer,LUNG MRI-NC (133).png,.png,..\dataset\lung_cancer_MRI_dataset\train\no_cancer\LUNG MRI-NC (133).png,512,512,RGBA
train,no_cancer,LUNG MRI-NC (134).png,.png,..\dataset\lung_cancer_MRI_dataset\train\no_cancer\LUNG MRI-NC (134).png,512,512,RGBA
train,no_cancer,LUNG MRI-NC (135).png,.png,..\dataset\lung_cancer_MRI_dataset\train\no_cancer\LUNG MRI-NC (135).png,512,512,RGBA
train,no_cancer,LUNG MRI-NC (136).png,.png,..\dataset\lung_cancer_MRI_dataset\train\no_cancer\LUNG MRI-NC (136).png,512,512,RGBA
train,no_cancer,LUNG MRI-NC (137).png,.png,..\dataset\lung_cancer_MRI_dataset\train\no_cancer\LUNG MRI-NC (137).png,512,512,RGBA
train,no_cancer,LUNG MRI-NC (138).png,.png,..\dataset\lung_cancer_MRI_dataset\train\no_cancer\LUNG MRI-NC (138).png,512,512,RGBA
train,no_cancer,LUNG MRI-NC (139).png,.png,..\dataset\lung_cancer_MRI_dataset\train\no_cancer\LUNG MRI-NC (139).png,512,512,RGBA
train,no_cancer,LUNG MRI-NC (14).png,.png,..\dataset\lung_cancer_MRI_dataset\train\no_cancer\LUNG MRI-NC (14).png,512,512,RGBA
train,no_cancer,LUNG MRI-NC (140).png,.png,..\dataset\lung_cancer_MRI_dataset\train\no_cancer\LUNG MRI-NC (140).png,512,512,RGBA
train,no_cancer,LUNG MRI-NC (141).png,.png,..\dataset\lung_cancer_MRI_dataset\train\no_cancer\LUNG MRI-NC (141).png,512,512,RGBA
train,no_cancer,LUNG MRI-NC (142).png,.png,..\dataset\lung_cancer_MRI_dataset\train\no_cancer\LUNG MRI-NC (142).png,512,512,RGBA
train,no_cancer,LUNG MRI-NC (143).png,.png,..\dataset\lung_cancer_MRI_dataset\train\no_cancer\LUNG MRI-NC (143).png,512,512,RGBA
train,no_cancer,LUNG MRI-NC (144).png,.png,..\dataset\lung_cancer_MRI_dataset\train\no_cancer\LUNG MRI-NC (144).png,512,512,RGBA
train,no_cancer,LUNG MRI-NC (145).png,.png,..\dataset\lung_cancer_MRI_dataset\train\no_cancer\LUNG MRI-NC (145).png,512,512,RGBA
train,no_cancer,LUNG MRI-NC (146).png,.png,..\dataset\lung_cancer_MRI_dataset\train\no_cancer\LUNG MRI-NC (146).png,512,512,RGBA
train,no_cancer,LUNG MRI-NC (147).png,.png,..\dataset\lung_cancer_MRI_dataset\train\no_cancer\LUNG MRI-NC (147).png,512,512,RGBA
train,no_cancer,LUNG MRI-NC (148).png,.png,..\dataset\lung_cancer_MRI_dataset\train\no_cancer\LUNG MRI-NC (148).png,512,512,RGBA
train,no_cancer,LUNG MRI-NC (149).png,.png,..\dataset\lung_cancer_MRI_dataset\train\no_cancer\LUNG MRI-NC (149).png,512,512,RGBA
train,no_cancer,LUNG MRI-NC (15).png,.png,..\dataset\lung_cancer_MRI_dataset\train\no_cancer\LUNG MRI-NC (15).png,512,512,RGBA
train,no_cancer,LUNG MRI-NC (150).png,.png,..\dataset\lung_cancer_MRI_dataset\train\no_cancer\LUNG MRI-NC (150).png,512,512,RGBA
train,no_cancer,LUNG MRI-NC (151).png,.png,..\dataset\lung_cancer_MRI_dataset\train\no_cancer\LUNG MRI-NC (151).png,512,512,RGBA
train,no_cancer,LUNG MRI-NC (152).png,.png,..\dataset\lung_cancer_MRI_dataset\train\no_cancer\LUNG MRI-NC (152).png,512,512,RGBA
train,no_cancer,LUNG MRI-NC (153).png,.png,..\dataset\lung_cancer_MRI_dataset\train\no_cancer\LUNG MRI-NC (153).png,512,512,RGBA
train,no_cancer,LUNG MRI-NC (154).png,.png,..\dataset\lung_cancer_MRI_dataset\train\no_cancer\LUNG MRI-NC (154).png,512,512,RGBA
train,no_cancer,LUNG MRI-NC (155).png,.png,..\dataset\lung_cancer_MRI_dataset\train\no_cancer\LUNG MRI-NC (155).png,512,512,RGBA
train,no_cancer,LUNG MRI-NC (156).png,.png,..\dataset\lung_cancer_MRI_dataset\train\no_cancer\LUNG MRI-NC (156).png,512,512,RGBA
train,no_cancer,LUNG MRI-NC (157).png,.png,..\dataset\lung_cancer_MRI_dataset\train\no_cancer\LUNG MRI-NC (157).png,512,512,RGBA
train,no_cancer,LUNG MRI-NC (158).png,.png,..\dataset\lung_cancer_MRI_dataset\train\no_cancer\LUNG MRI-NC (158).png,512,512,RGBA
train,no_cancer,LUNG MRI-NC (159).png,.png,..\dataset\lung_cancer_MRI_dataset\train\no_cancer\LUNG MRI-NC (159).png,512,512,RGBA
train,no_cancer,LUNG MRI-NC (16).png,.png,..\dataset\lung_cancer_MRI_dataset\train\no_cancer\LUNG MRI-NC (16).png,512,512,RGBA
train,no_cancer,LUNG MRI-NC (160).png,.png,..\dataset\lung_cancer_MRI_dataset\train\no_cancer\LUNG MRI-NC (160).png,512,512,RGBA
train,no_cancer,LUNG MRI-NC (161).png,.png,..\dataset\lung_cancer_MRI_dataset\train\no_cancer\LUNG MRI-NC (161).png,512,512,RGBA
train,no_cancer,LUNG MRI-NC (162).png,.png,..\dataset\lung_cancer_MRI_dataset\train\no_cancer\LUNG MRI-NC (162).png,512,512,RGBA
train,no_cancer,LUNG MRI-NC (163).png,.png,..\dataset\lung_cancer_MRI_dataset\train\no_cancer\LUNG MRI-NC (163).png,512,512,RGBA
train,no_cancer,LUNG MRI-NC (164).png,.png,..\dataset\lung_cancer_MRI_dataset\train\no_cancer\LUNG MRI-NC (164).png,512,512,RGBA
train,no_cancer,LUNG MRI-NC (165).png,.png,..\dataset\lung_cancer_MRI_dataset\train\no_cancer\LUNG MRI-NC (165).png,512,512,RGBA
train,no_cancer,LUNG MRI-NC (166).png,.png,..\dataset\lung_cancer_MRI_dataset\train\no_cancer\LUNG MRI-NC (166).png,512,512,RGBA
train,no_cancer,LUNG MRI-NC (167).png,.png,..\dataset\lung_cancer_MRI_dataset\train\no_cancer\LUNG MRI-NC (167).png,512,512,RGBA
train,no_cancer,LUNG MRI-NC (168).png,.png,..\dataset\lung_cancer_MRI_dataset\train\no_cancer\LUNG MRI-NC (168).png,512,512,RGBA
train,no_cancer,LUNG MRI-NC (169).png,.png,..\dataset\lung_cancer_MRI_dataset\train\no_cancer\LUNG MRI-NC (169).png,512,512,RGBA
train,no_cancer,LUNG MRI-NC (17).png,.png,..\dataset\lung_cancer_MRI_dataset\train\no_cancer\LUNG MRI-NC (17).png,512,512,RGBA
train,no_cancer,LUNG MRI-NC (170).png,.png,..\dataset\lung_cancer_MRI_dataset\train\no_cancer\LUNG MRI-NC (170).png,512,512,RGBA
train,no_cancer,LUNG MRI-NC (171).png,.png,..\dataset\lung_cancer_MRI_dataset\train\no_cancer\LUNG MRI-NC (171).png,512,512,RGBA
train,no_cancer,LUNG MRI-NC (172).png,.png,..\dataset\lung_cancer_MRI_dataset\train\no_cancer\LUNG MRI-NC (172).png,512,512,RGBA
train,no_cancer,LUNG MRI-NC (173).png,.png,..\dataset\lung_cancer_MRI_dataset\train\no_cancer\LUNG MRI-NC (173).png,512,512,RGBA
train,no_cancer,LUNG MRI-NC (174).png,.png,..\dataset\lung_cancer_MRI_dataset\train\no_cancer\LUNG MRI-NC (174).png,512,512,RGBA
train,no_cancer,LUNG MRI-NC (175).png,.png,..\dataset\lung_cancer_MRI_dataset\train\no_cancer\LUNG MRI-NC (175).png,512,512,RGBA
train,no_cancer,LUNG MRI-NC (176).png,.png,..\dataset\lung_cancer_MRI_dataset\train\no_cancer\LUNG MRI-NC (176).png,512,512,RGBA
train,no_cancer,LUNG MRI-NC (177).png,.png,..\dataset\lung_cancer_MRI_dataset\train\no_cancer\LUNG MRI-NC (177).png,512,512,RGBA
train,no_cancer,LUNG MRI-NC (178).png,.png,..\dataset\lung_cancer_MRI_dataset\train\no_cancer\LUNG MRI-NC (178).png,512,512,RGBA
train,no_cancer,LUNG MRI-NC (179).png,.png,..\dataset\lung_cancer_MRI_dataset\train\no_cancer\LUNG MRI-NC (179).png,512,512,RGBA
train,no_cancer,LUNG MRI-NC (18).png,.png,..\dataset\lung_cancer_MRI_dataset\train\no_cancer\LUNG MRI-NC (18).png,512,512,RGBA
train,no_cancer,LUNG MRI-NC (180).png,.png,..\dataset\lung_cancer_MRI_dataset\train\no_cancer\LUNG MRI-NC (180).png,512,512,RGBA
train,no_cancer,LUNG MRI-NC (181).png,.png,..\dataset\lung_cancer_MRI_dataset\train\no_cancer\LUNG MRI-NC (181).png,512,512,RGBA
train,no_cancer,LUNG MRI-NC (182).png,.png,..\dataset\lung_cancer_MRI_dataset\train\no_cancer\LUNG MRI-NC (182).png,512,512,RGBA
train,no_cancer,LUNG MRI-NC (183).png,.png,..\dataset\lung_cancer_MRI_dataset\train\no_cancer\LUNG MRI-NC (183).png,512,512,RGBA
train,no_cancer,LUNG MRI-NC (184).png,.png,..\dataset\lung_cancer_MRI_dataset\train\no_cancer\LUNG MRI-NC (184).png,512,512,RGBA
train,no_cancer,LUNG MRI-NC (185).png,.png,..\dataset\lung_cancer_MRI_dataset\train\no_cancer\LUNG MRI-NC (185).png,512,512,RGBA
train,no_cancer,LUNG MRI-NC (186).png,.png,..\dataset\lung_cancer_MRI_dataset\train\no_cancer\LUNG MRI-NC (186).png,512,512,RGBA
train,no_cancer,LUNG MRI-NC (187).png,.png,..\dataset\lung_cancer_MRI_dataset\train\no_cancer\LUNG MRI-NC (187).png,512,512,RGBA
train,no_cancer,LUNG MRI-NC (188).png,.png,..\dataset\lung_cancer_MRI_dataset\train\no_cancer\LUNG MRI-NC (188).png,512,512,RGBA
train,no_cancer,LUNG MRI-NC (189).png,.png,..\dataset\lung_cancer_MRI_dataset\train\no_cancer\LUNG MRI-NC (189).png,512,512,RGBA
train,no_cancer,LUNG MRI-NC (19).png,.png,..\dataset\lung_cancer_MRI_dataset\train\no_cancer\LUNG MRI-NC (19).png,512,512,RGBA
train,no_cancer,LUNG MRI-NC (190).png,.png,..\dataset\lung_cancer_MRI_dataset\train\no_cancer\LUNG MRI-NC (190).png,512,512,RGBA
train,no_cancer,LUNG MRI-NC (191).png,.png,..\dataset\lung_cancer_MRI_dataset\train\no_cancer\LUNG MRI-NC (191).png,512,512,RGBA
train,no_cancer,LUNG MRI-NC (192).png,.png,..\dataset\lung_cancer_MRI_dataset\train\no_cancer\LUNG MRI-NC (192).png,512,512,RGBA
train,no_cancer,LUNG MRI-NC (193).png,.png,..\dataset\lung_cancer_MRI_dataset\train\no_cancer\LUNG MRI-NC (193).png,512,512,RGBA
train,no_cancer,LUNG MRI-NC (194).png,.png,..\dataset\lung_cancer_MRI_dataset\train\no_cancer\LUNG MRI-NC (194).png,512,512,RGBA
train,no_cancer,LUNG MRI-NC (195).png,.png,..\dataset\lung_cancer_MRI_dataset\train\no_cancer\LUNG MRI-NC (195).png,512,512,RGBA
train,no_cancer,LUNG MRI-NC (196).png,.png,..\dataset\lung_cancer_MRI_dataset\train\no_cancer\LUNG MRI-NC (196).png,512,512,RGBA
train,no_cancer,LUNG MRI-NC (197).png,.png,..\dataset\lung_cancer_MRI_dataset\train\no_cancer\LUNG MRI-NC (197).png,512,512,RGBA
train,no_cancer,LUNG MRI-NC (198).png,.png,..\dataset\lung_cancer_MRI_dataset\train\no_cancer\LUNG MRI-NC (198).png,512,512,RGBA
train,no_cancer,LUNG MRI-NC (199).png,.png,..\dataset\lung_cancer_MRI_dataset\train\no_cancer\LUNG MRI-NC (199).png,512,512,RGBA
train,no_cancer,LUNG MRI-NC (2).png,.png,..\dataset\lung_cancer_MRI_dataset\train\no_cancer\LUNG MRI-NC (2).png,512,512,RGBA
train,no_cancer,LUNG MRI-NC (20).png,.png,..\dataset\lung_cancer_MRI_dataset\train\no_cancer\LUNG MRI-NC (20).png,512,512,RGBA
train,no_cancer,LUNG MRI-NC (200).png,.png,..\dataset\lung_cancer_MRI_dataset\train\no_cancer\LUNG MRI-NC (200).png,512,512,RGBA
train,no_cancer,LUNG MRI-NC (201).png,.png,..\dataset\lung_cancer_MRI_dataset\train\no_cancer\LUNG MRI-NC (201).png,512,512,RGBA
train,no_cancer,LUNG MRI-NC (202).png,.png,..\dataset\lung_cancer_MRI_dataset\train\no_cancer\LUNG MRI-NC (202).png,512,512,RGBA
train,no_cancer,LUNG MRI-NC (203).png,.png,..\dataset\lung_cancer_MRI_dataset\train\no_cancer\LUNG MRI-NC (203).png,512,512,RGBA
train,no_cancer,LUNG MRI-NC (204).png,.png,..\dataset\lung_cancer_MRI_dataset\train\no_cancer\LUNG MRI-NC (204).png,512,512,RGBA
train,no_cancer,LUNG MRI-NC (205).png,.png,..\dataset\lung_cancer_MRI_dataset\train\no_cancer\LUNG MRI-NC (205).png,512,512,RGBA
train,no_cancer,LUNG MRI-NC (206).png,.png,..\dataset\lung_cancer_MRI_dataset\train\no_cancer\LUNG MRI-NC (206).png,512,512,RGBA
train,no_cancer,LUNG MRI-NC (207).png,.png,..\dataset\lung_cancer_MRI_dataset\train\no_cancer\LUNG MRI-NC (207).png,512,512,RGBA
train,no_cancer,LUNG MRI-NC (208).png,.png,..\dataset\lung_cancer_MRI_dataset\train\no_cancer\LUNG MRI-NC (208).png,512,512,RGBA
train,no_cancer,LUNG MRI-NC (209).png,.png,..\dataset\lung_cancer_MRI_dataset\train\no_cancer\LUNG MRI-NC (209).png,512,512,RGBA
train,no_cancer,LUNG MRI-NC (21).png,.png,..\dataset\lung_cancer_MRI_dataset\train\no_cancer\LUNG MRI-NC (21).png,512,512,RGBA
train,no_cancer,LUNG MRI-NC (210).png,.png,..\dataset\lung_cancer_MRI_dataset\train\no_cancer\LUNG MRI-NC (210).png,512,512,RGBA
train,no_cancer,LUNG MRI-NC (211).png,.png,..\dataset\lung_cancer_MRI_dataset\train\no_cancer\LUNG MRI-NC (211).png,512,512,RGBA
train,no_cancer,LUNG MRI-NC (212).png,.png,..\dataset\lung_cancer_MRI_dataset\train\no_cancer\LUNG MRI-NC (212).png,512,512,RGBA
train,no_cancer,LUNG MRI-NC (213).png,.png,..\dataset\lung_cancer_MRI_dataset\train\no_cancer\LUNG MRI-NC (213).png,512,512,RGBA
train,no_cancer,LUNG MRI-NC (214).png,.png,..\dataset\lung_cancer_MRI_dataset\train\no_cancer\LUNG MRI-NC (214).png,512,512,RGBA
train,no_cancer,LUNG MRI-NC (215).png,.png,..\dataset\lung_cancer_MRI_dataset\train\no_cancer\LUNG MRI-NC (215).png,512,512,RGBA
train,no_cancer,LUNG MRI-NC (216).png,.png,..\dataset\lung_cancer_MRI_dataset\train\no_cancer\LUNG MRI-NC (216).png,512,512,RGBA
train,no_cancer,LUNG MRI-NC (217).png,.png,..\dataset\lung_cancer_MRI_dataset\train\no_cancer\LUNG MRI-NC (217).png,512,512,RGBA
train,no_cancer,LUNG MRI-NC (218).png,.png,..\dataset\lung_cancer_MRI_dataset\train\no_cancer\LUNG MRI-NC (218).png,512,512,RGBA
train,no_cancer,LUNG MRI-NC (219).png,.png,..\dataset\lung_cancer_MRI_dataset\train\no_cancer\LUNG MRI-NC (219).png,512,512,RGBA
train,no_cancer,LUNG MRI-NC (22).png,.png,..\dataset\lung_cancer_MRI_dataset\train\no_cancer\LUNG MRI-NC (22).png,512,512,RGBA
train,no_cancer,LUNG MRI-NC (220).png,.png,..\dataset\lung_cancer_MRI_dataset\train\no_cancer\LUNG MRI-NC (220).png,512,512,RGBA
train,no_cancer,LUNG MRI-NC (221).png,.png,..\dataset\lung_cancer_MRI_dataset\train\no_cancer\LUNG MRI-NC (221).png,512,512,RGBA
train,no_cancer,LUNG MRI-NC (222).png,.png,..\dataset\lung_cancer_MRI_dataset\train\no_cancer\LUNG MRI-NC (222).png,512,512,RGBA
train,no_cancer,LUNG MRI-NC (223).png,.png,..\dataset\lung_cancer_MRI_dataset\train\no_cancer\LUNG MRI-NC (223).png,512,512,RGBA
train,no_cancer,LUNG MRI-NC (224).png,.png,..\dataset\lung_cancer_MRI_dataset\train\no_cancer\LUNG MRI-NC (224).png,512,512,RGBA
train,no_cancer,LUNG MRI-NC (225).png,.png,..\dataset\lung_cancer_MRI_dataset\train\no_cancer\LUNG MRI-NC (225).png,512,512,RGBA
train,no_cancer,LUNG MRI-NC (226).png,.png,..\dataset\lung_cancer_MRI_dataset\train\no_cancer\LUNG MRI-NC (226).png,512,512,RGBA
train,no_cancer,LUNG MRI-NC (227).png,.png,..\dataset\lung_cancer_MRI_dataset\train\no_cancer\LUNG MRI-NC (227).png,512,512,RGBA
train,no_cancer,LUNG MRI-NC (228).png,.png,..\dataset\lung_cancer_MRI_dataset\train\no_cancer\LUNG MRI-NC (228).png,512,512,RGBA
train,no_cancer,LUNG MRI-NC (229).png,.png,..\dataset\lung_cancer_MRI_dataset\train\no_cancer\LUNG MRI-NC (229).png,512,512,RGBA
train,no_cancer,LUNG MRI-NC (23).png,.png,..\dataset\lung_cancer_MRI_dataset\train\no_cancer\LUNG MRI-NC (23).png,512,512,RGBA
train,no_cancer,LUNG MRI-NC (230).png,.png,..\dataset\lung_cancer_MRI_dataset\train\no_cancer\LUNG MRI-NC (230).png,512,512,RGBA
train,no_cancer,LUNG MRI-NC (231).png,.png,..\dataset\lung_cancer_MRI_dataset\train\no_cancer\LUNG MRI-NC (231).png,512,512,RGBA
train,no_cancer,LUNG MRI-NC (232).png,.png,..\dataset\lung_cancer_MRI_dataset\train\no_cancer\LUNG MRI-NC (232).png,512,512,RGBA
train,no_cancer,LUNG MRI-NC (233).png,.png,..\dataset\lung_cancer_MRI_dataset\train\no_cancer\LUNG MRI-NC (233).png,512,512,RGBA
train,no_cancer,LUNG MRI-NC (234).png,.png,..\dataset\lung_cancer_MRI_dataset\train\no_cancer\LUNG MRI-NC (234).png,512,512,RGBA
train,no_cancer,LUNG MRI-NC (235).png,.png,..\dataset\lung_cancer_MRI_dataset\train\no_cancer\LUNG MRI-NC (235).png,512,512,RGBA
train,no_cancer,LUNG MRI-NC (236).png,.png,..\dataset\lung_cancer_MRI_dataset\train\no_cancer\LUNG MRI-NC (236).png,512,512,RGBA
train,no_cancer,LUNG MRI-NC (237).png,.png,..\dataset\lung_cancer_MRI_dataset\train\no_cancer\LUNG MRI-NC (237).png,512,512,RGBA
train,no_cancer,LUNG MRI-NC (238).png,.png,..\dataset\lung_cancer_MRI_dataset\train\no_cancer\LUNG MRI-NC (238).png,512,512,RGBA
train,no_cancer,LUNG MRI-NC (239).png,.png,..\dataset\lung_cancer_MRI_dataset\train\no_cancer\LUNG MRI-NC (239).png,512,512,RGBA
train,no_cancer,LUNG MRI-NC (24).png,.png,..\dataset\lung_cancer_MRI_dataset\train\no_cancer\LUNG MRI-NC (24).png,512,512,RGBA
train,no_cancer,LUNG MRI-NC (240).png,.png,..\dataset\lung_cancer_MRI_dataset\train\no_cancer\LUNG MRI-NC (240).png,512,512,RGBA
train,no_cancer,LUNG MRI-NC (241).png,.png,..\dataset\lung_cancer_MRI_dataset\train\no_cancer\LUNG MRI-NC (241).png,512,512,RGBA
train,no_cancer,LUNG MRI-NC (242).png,.png,..\dataset\lung_cancer_MRI_dataset\train\no_cancer\LUNG MRI-NC (242).png,512,512,RGBA
train,no_cancer,LUNG MRI-NC (243).png,.png,..\dataset\lung_cancer_MRI_dataset\train\no_cancer\LUNG MRI-NC (243).png,512,512,RGBA
train,no_cancer,LUNG MRI-NC (244).png,.png,..\dataset\lung_cancer_MRI_dataset\train\no_cancer\LUNG MRI-NC (244).png,512,512,RGBA
train,no_cancer,LUNG MRI-NC (245).png,.png,..\dataset\lung_cancer_MRI_dataset\train\no_cancer\LUNG MRI-NC (245).png,512,512,RGBA
train,no_cancer,LUNG MRI-NC (246).png,.png,..\dataset\lung_cancer_MRI_dataset\train\no_cancer\LUNG MRI-NC (246).png,512,512,RGBA
train,no_cancer,LUNG MRI-NC (247).png,.png,..\dataset\lung_cancer_MRI_dataset\train\no_cancer\LUNG MRI-NC (247).png,512,512,RGBA
train,no_cancer,LUNG MRI-NC (248).png,.png,..\dataset\lung_cancer_MRI_dataset\train\no_cancer\LUNG MRI-NC (248).png,512,512,RGBA
train,no_cancer,LUNG MRI-NC (249).png,.png,..\dataset\lung_cancer_MRI_dataset\train\no_cancer\LUNG MRI-NC (249).png,512,512,RGBA
train,no_cancer,LUNG MRI-NC (25).png,.png,..\dataset\lung_cancer_MRI_dataset\train\no_cancer\LUNG MRI-NC (25).png,512,512,RGBA
train,no_cancer,LUNG MRI-NC (250).png,.png,..\dataset\lung_cancer_MRI_dataset\train\no_cancer\LUNG MRI-NC (250).png,512,512,RGBA
train,no_cancer,LUNG MRI-NC (251).png,.png,..\dataset\lung_cancer_MRI_dataset\train\no_cancer\LUNG MRI-NC (251).png,512,512,RGBA
train,no_cancer,LUNG MRI-NC (252).png,.png,..\dataset\lung_cancer_MRI_dataset\train\no_cancer\LUNG MRI-NC (252).png,512,512,RGBA
train,no_cancer,LUNG MRI-NC (253).png,.png,..\dataset\lung_cancer_MRI_dataset\train\no_cancer\LUNG MRI-NC (253).png,512,512,RGBA
train,no_cancer,LUNG MRI-NC (254).png,.png,..\dataset\lung_cancer_MRI_dataset\train\no_cancer\LUNG MRI-NC (254).png,512,512,RGBA
train,no_cancer,LUNG MRI-NC (255).png,.png,..\dataset\lung_cancer_MRI_dataset\train\no_cancer\LUNG MRI-NC (255).png,512,512,RGBA
train,no_cancer,LUNG MRI-NC (256).png,.png,..\dataset\lung_cancer_MRI_dataset\train\no_cancer\LUNG MRI-NC (256).png,512,512,RGBA
train,no_cancer,LUNG MRI-NC (257).png,.png,..\dataset\lung_cancer_MRI_dataset\train\no_cancer\LUNG MRI-NC (257).png,512,512,RGBA
train,no_cancer,LUNG MRI-NC (258).png,.png,..\dataset\lung_cancer_MRI_dataset\train\no_cancer\LUNG MRI-NC (258).png,512,512,RGBA
train,no_cancer,LUNG MRI-NC (259).png,.png,..\dataset\lung_cancer_MRI_dataset\train\no_cancer\LUNG MRI-NC (259).png,512,512,RGBA
train,no_cancer,LUNG MRI-NC (26).png,.png,..\dataset\lung_cancer_MRI_dataset\train\no_cancer\LUNG MRI-NC (26).png,512,512,RGBA
train,no_cancer,LUNG MRI-NC (260).png,.png,..\dataset\lung_cancer_MRI_dataset\train\no_cancer\LUNG MRI-NC (260).png,512,512,RGBA
train,no_cancer,LUNG MRI-NC (261).png,.png,..\dataset\lung_cancer_MRI_dataset\train\no_cancer\LUNG MRI-NC (261).png,512,512,RGBA
train,no_cancer,LUNG MRI-NC (262).png,.png,..\dataset\lung_cancer_MRI_dataset\train\no_cancer\LUNG MRI-NC (262).png,512,512,RGBA
train,no_cancer,LUNG MRI-NC (263).png,.png,..\dataset\lung_cancer_MRI_dataset\train\no_cancer\LUNG MRI-NC (263).png,512,512,RGBA
train,no_cancer,LUNG MRI-NC (264).png,.png,..\dataset\lung_cancer_MRI_dataset\train\no_cancer\LUNG MRI-NC (264).png,512,512,RGBA
train,no_cancer,LUNG MRI-NC (265).png,.png,..\dataset\lung_cancer_MRI_dataset\train\no_cancer\LUNG MRI-NC (265).png,512,512,RGBA
train,no_cancer,LUNG MRI-NC (266).png,.png,..\dataset\lung_cancer_MRI_dataset\train\no_cancer\LUNG MRI-NC (266).png,512,512,RGBA
train,no_cancer,LUNG MRI-NC (267).png,.png,..\dataset\lung_cancer_MRI_dataset\train\no_cancer\LUNG MRI-NC (267).png,512,512,RGBA
train,no_cancer,LUNG MRI-NC (268).png,.png,..\dataset\lung_cancer_MRI_dataset\train\no_cancer\LUNG MRI-NC (268).png,512,512,RGBA
train,no_cancer,LUNG MRI-NC (269).png,.png,..\dataset\lung_cancer_MRI_dataset\train\no_cancer\LUNG MRI-NC (269).png,512,512,RGBA
train,no_cancer,LUNG MRI-NC (27).png,.png,..\dataset\lung_cancer_MRI_dataset\train\no_cancer\LUNG MRI-NC (27).png,512,512,RGBA
train,no_cancer,LUNG MRI-NC (270).png,.png,..\dataset\lung_cancer_MRI_dataset\train\no_cancer\LUNG MRI-NC (270).png,512,512,RGBA
train,no_cancer,LUNG MRI-NC (271).png,.png,..\dataset\lung_cancer_MRI_dataset\train\no_cancer\LUNG MRI-NC (271).png,512,512,RGBA
train,no_cancer,LUNG MRI-NC (272).png,.png,..\dataset\lung_cancer_MRI_dataset\train\no_cancer\LUNG MRI-NC (272).png,512,512,RGBA
train,no_cancer,LUNG MRI-NC (273).png,.png,..\dataset\lung_cancer_MRI_dataset\train\no_cancer\LUNG MRI-NC (273).png,512,512,RGBA
train,no_cancer,LUNG MRI-NC (274).png,.png,..\dataset\lung_cancer_MRI_dataset\train\no_cancer\LUNG MRI-NC (274).png,512,512,RGBA
train,no_cancer,LUNG MRI-NC (275).png,.png,..\dataset\lung_cancer_MRI_dataset\train\no_cancer\LUNG MRI-NC (275).png,512,512,RGBA
train,no_cancer,LUNG MRI-NC (276).png,.png,..\dataset\lung_cancer_MRI_dataset\train\no_cancer\LUNG MRI-NC (276).png,512,512,RGBA
train,no_cancer,LUNG MRI-NC (277).png,.png,..\dataset\lung_cancer_MRI_dataset\train\no_cancer\LUNG MRI-NC (277).png,512,512,RGBA
train,no_cancer,LUNG MRI-NC (278).png,.png,..\dataset\lung_cancer_MRI_dataset\train\no_cancer\LUNG MRI-NC (278).png,512,512,RGBA
train,no_cancer,LUNG MRI-NC (279).png,.png,..\dataset\lung_cancer_MRI_dataset\train\no_cancer\LUNG MRI-NC (279).png,512,512,RGBA
train,no_cancer,LUNG MRI-NC (28).png,.png,..\dataset\lung_cancer_MRI_dataset\train\no_cancer\LUNG MRI-NC (28).png,512,512,RGBA
train,no_cancer,LUNG MRI-NC (280).png,.png,..\dataset\lung_cancer_MRI_dataset\train\no_cancer\LUNG MRI-NC (280).png,512,512,RGBA
train,no_cancer,LUNG MRI-NC (281).png,.png,..\dataset\lung_cancer_MRI_dataset\train\no_cancer\LUNG MRI-NC (281).png,512,512,RGBA
train,no_cancer,LUNG MRI-NC (282).png,.png,..\dataset\lung_cancer_MRI_dataset\train\no_cancer\LUNG MRI-NC (282).png,512,512,RGBA
train,no_cancer,LUNG MRI-NC (283).png,.png,..\dataset\lung_cancer_MRI_dataset\train\no_cancer\LUNG MRI-NC (283).png,512,512,RGBA
train,no_cancer,LUNG MRI-NC (284).png,.png,..\dataset\lung_cancer_MRI_dataset\train\no_cancer\LUNG MRI-NC (284).png,512,512,RGBA
train,no_cancer,LUNG MRI-NC (285).png,.png,..\dataset\lung_cancer_MRI_dataset\train\no_cancer\LUNG MRI-NC (285).png,512,512,RGBA
train,no_cancer,LUNG MRI-NC (286).png,.png,..\dataset\lung_cancer_MRI_dataset\train\no_cancer\LUNG MRI-NC (286).png,512,512,RGBA
train,no_cancer,LUNG MRI-NC (287).png,.png,..\dataset\lung_cancer_MRI_dataset\train\no_cancer\LUNG MRI-NC (287).png,512,512,RGBA
train,no_cancer,LUNG MRI-NC (288).png,.png,..\dataset\lung_cancer_MRI_dataset\train\no_cancer\LUNG MRI-NC (288).png,512,512,RGBA
train,no_cancer,LUNG MRI-NC (289).png,.png,..\dataset\lung_cancer_MRI_dataset\train\no_cancer\LUNG MRI-NC (289).png,512,512,RGBA
train,no_cancer,LUNG MRI-NC (29).png,.png,..\dataset\lung_cancer_MRI_dataset\train\no_cancer\LUNG MRI-NC (29).png,512,512,RGBA
train,no_cancer,LUNG MRI-NC (290).png,.png,..\dataset\lung_cancer_MRI_dataset\train\no_cancer\LUNG MRI-NC (290).png,512,512,RGBA
train,no_cancer,LUNG MRI-NC (291).png,.png,..\dataset\lung_cancer_MRI_dataset\train\no_cancer\LUNG MRI-NC (291).png,512,512,RGBA
train,no_cancer,LUNG MRI-NC (292).png,.png,..\dataset\lung_cancer_MRI_dataset\train\no_cancer\LUNG MRI-NC (292).png,512,512,RGBA
train,no_cancer,LUNG MRI-NC (293).png,.png,..\dataset\lung_cancer_MRI_dataset\train\no_cancer\LUNG MRI-NC (293).png,512,512,RGBA
train,no_cancer,LUNG MRI-NC (294).png,.png,..\dataset\lung_cancer_MRI_dataset\train\no_cancer\LUNG MRI-NC (294).png,512,512,RGBA
train,no_cancer,LUNG MRI-NC (295).png,.png,..\dataset\lung_cancer_MRI_dataset\train\no_cancer\LUNG MRI-NC (295).png,512,512,RGBA
train,no_cancer,LUNG MRI-NC (296).png,.png,..\dataset\lung_cancer_MRI_dataset\train\no_cancer\LUNG MRI-NC (296).png,512,512,RGBA
train,no_cancer,LUNG MRI-NC (297).png,.png,..\dataset\lung_cancer_MRI_dataset\train\no_cancer\LUNG MRI-NC (297).png,512,512,RGBA
train,no_cancer,LUNG MRI-NC (298).png,.png,..\dataset\lung_cancer_MRI_dataset\train\no_cancer\LUNG MRI-NC (298).png,512,512,RGBA
train,no_cancer,LUNG MRI-NC (299).png,.png,..\dataset\lung_cancer_MRI_dataset\train\no_cancer\LUNG MRI-NC (299).png,512,512,RGBA
train,no_cancer,LUNG MRI-NC (3).png,.png,..\dataset\lung_cancer_MRI_dataset\train\no_cancer\LUNG MRI-NC (3).png,512,512,RGBA
train,no_cancer,LUNG MRI-NC (30).png,.png,..\dataset\lung_cancer_MRI_dataset\train\no_cancer\LUNG MRI-NC (30).png,512,512,RGBA
train,no_cancer,LUNG MRI-NC (300).png,.png,..\dataset\lung_cancer_MRI_dataset\train\no_cancer\LUNG MRI-NC (300).png,512,512,RGBA
train,no_cancer,LUNG MRI-NC (301).png,.png,..\dataset\lung_cancer_MRI_dataset\train\no_cancer\LUNG MRI-NC (301).png,512,512,RGBA
train,no_cancer,LUNG MRI-NC (302).png,.png,..\dataset\lung_cancer_MRI_dataset\train\no_cancer\LUNG MRI-NC (302).png,512,512,RGBA
train,no_cancer,LUNG MRI-NC (303).png,.png,..\dataset\lung_cancer_MRI_dataset\train\no_cancer\LUNG MRI-NC (303).png,512,512,RGBA
train,no_cancer,LUNG MRI-NC (304).png,.png,..\dataset\lung_cancer_MRI_dataset\train\no_cancer\LUNG MRI-NC (304).png,512,512,RGBA
train,no_cancer,LUNG MRI-NC (305).png,.png,..\dataset\lung_cancer_MRI_dataset\train\no_cancer\LUNG MRI-NC (305).png,512,512,RGBA
train,no_cancer,LUNG MRI-NC (306).png,.png,..\dataset\lung_cancer_MRI_dataset\train\no_cancer\LUNG MRI-NC (306).png,512,512,RGBA
train,no_cancer,LUNG MRI-NC (307).png,.png,..\dataset\lung_cancer_MRI_dataset\train\no_cancer\LUNG MRI-NC (307).png,512,512,RGBA
train,no_cancer,LUNG MRI-NC (308).png,.png,..\dataset\lung_cancer_MRI_dataset\train\no_cancer\LUNG MRI-NC (308).png,512,512,RGBA
train,no_cancer,LUNG MRI-NC (309).png,.png,..\dataset\lung_cancer_MRI_dataset\train\no_cancer\LUNG MRI-NC (309).png,512,512,RGBA
train,no_cancer,LUNG MRI-NC (31).png,.png,..\dataset\lung_cancer_MRI_dataset\train\no_cancer\LUNG MRI-NC (31).png,512,512,RGBA
train,no_cancer,LUNG MRI-NC (310).png,.png,..\dataset\lung_cancer_MRI_dataset\train\no_cancer\LUNG MRI-NC (310).png,512,512,RGBA
train,no_cancer,LUNG MRI-NC (311).png,.png,..\dataset\lung_cancer_MRI_dataset\train\no_cancer\LUNG MRI-NC (311).png,512,512,RGBA
train,no_cancer,LUNG MRI-NC (312).png,.png,..\dataset\lung_cancer_MRI_dataset\train\no_cancer\LUNG MRI-NC (312).png,512,512,RGBA
train,no_cancer,LUNG MRI-NC (313).png,.png,..\dataset\lung_cancer_MRI_dataset\train\no_cancer\LUNG MRI-NC (313).png,512,512,RGBA
train,no_cancer,LUNG MRI-NC (314).png,.png,..\dataset\lung_cancer_MRI_dataset\train\no_cancer\LUNG MRI-NC (314).png,512,512,RGBA
train,no_cancer,LUNG MRI-NC (315).png,.png,..\dataset\lung_cancer_MRI_dataset\train\no_cancer\LUNG MRI-NC (315).png,512,512,RGBA
train,no_cancer,LUNG MRI-NC (316).png,.png,..\dataset\lung_cancer_MRI_dataset\train\no_cancer\LUNG MRI-NC (316).png,512,512,RGBA
train,no_cancer,LUNG MRI-NC (317).png,.png,..\dataset\lung_cancer_MRI_dataset\train\no_cancer\LUNG MRI-NC (317).png,512,512,RGBA
train,no_cancer,LUNG MRI-NC (318).png,.png,..\dataset\lung_cancer_MRI_dataset\train\no_cancer\LUNG MRI-NC (318).png,512,512,RGBA
train,no_cancer,LUNG MRI-NC (319).png,.png,..\dataset\lung_cancer_MRI_dataset\train\no_cancer\LUNG MRI-NC (319).png,512,512,RGBA
train,no_cancer,LUNG MRI-NC (32).png,.png,..\dataset\lung_cancer_MRI_dataset\train\no_cancer\LUNG MRI-NC (32).png,512,512,RGBA
train,no_cancer,LUNG MRI-NC (320).png,.png,..\dataset\lung_cancer_MRI_dataset\train\no_cancer\LUNG MRI-NC (320).png,512,512,RGBA
train,no_cancer,LUNG MRI-NC (321).png,.png,..\dataset\lung_cancer_MRI_dataset\train\no_cancer\LUNG MRI-NC (321).png,512,512,RGBA
train,no_cancer,LUNG MRI-NC (322).png,.png,..\dataset\lung_cancer_MRI_dataset\train\no_cancer\LUNG MRI-NC (322).png,512,512,RGBA
train,no_cancer,LUNG MRI-NC (323).png,.png,..\dataset\lung_cancer_MRI_dataset\train\no_cancer\LUNG MRI-NC (323).png,512,512,RGBA
train,no_cancer,LUNG MRI-NC (324).png,.png,..\dataset\lung_cancer_MRI_dataset\train\no_cancer\LUNG MRI-NC (324).png,512,512,RGBA
train,no_cancer,LUNG MRI-NC (325).png,.png,..\dataset\lung_cancer_MRI_dataset\train\no_cancer\LUNG MRI-NC (325).png,512,512,RGBA
train,no_cancer,LUNG MRI-NC (326).png,.png,..\dataset\lung_cancer_MRI_dataset\train\no_cancer\LUNG MRI-NC (326).png,512,512,RGBA
train,no_cancer,LUNG MRI-NC (327).png,.png,..\dataset\lung_cancer_MRI_dataset\train\no_cancer\LUNG MRI-NC (327).png,512,512,RGBA
train,no_cancer,LUNG MRI-NC (328).png,.png,..\dataset\lung_cancer_MRI_dataset\train\no_cancer\LUNG MRI-NC (328).png,512,512,RGBA
train,no_cancer,LUNG MRI-NC (329).png,.png,..\dataset\lung_cancer_MRI_dataset\train\no_cancer\LUNG MRI-NC (329).png,512,512,RGBA
train,no_cancer,LUNG MRI-NC (33).png,.png,..\dataset\lung_cancer_MRI_dataset\train\no_cancer\LUNG MRI-NC (33).png,512,512,RGBA
train,no_cancer,LUNG MRI-NC (330).png,.png,..\dataset\lung_cancer_MRI_dataset\train\no_cancer\LUNG MRI-NC (330).png,512,512,RGBA
train,no_cancer,LUNG MRI-NC (331).png,.png,..\dataset\lung_cancer_MRI_dataset\train\no_cancer\LUNG MRI-NC (331).png,512,512,RGBA
train,no_cancer,LUNG MRI-NC (332).png,.png,..\dataset\lung_cancer_MRI_dataset\train\no_cancer\LUNG MRI-NC (332).png,512,512,RGBA
train,no_cancer,LUNG MRI-NC (333).png,.png,..\dataset\lung_cancer_MRI_dataset\train\no_cancer\LUNG MRI-NC (333).png,512,512,RGBA
train,no_cancer,LUNG MRI-NC (334).png,.png,..\dataset\lung_cancer_MRI_dataset\train\no_cancer\LUNG MRI-NC (334).png,512,512,RGBA
train,no_cancer,LUNG MRI-NC (335).png,.png,..\dataset\lung_cancer_MRI_dataset\train\no_cancer\LUNG MRI-NC (335).png,512,512,RGBA
train,no_cancer,LUNG MRI-NC (336).png,.png,..\dataset\lung_cancer_MRI_dataset\train\no_cancer\LUNG MRI-NC (336).png,512,512,RGBA
train,no_cancer,LUNG MRI-NC (337).png,.png,..\dataset\lung_cancer_MRI_dataset\train\no_cancer\LUNG MRI-NC (337).png,512,512,RGBA
train,no_cancer,LUNG MRI-NC (338).png,.png,..\dataset\lung_cancer_MRI_dataset\train\no_cancer\LUNG MRI-NC (338).png,512,512,RGBA
train,no_cancer,LUNG MRI-NC (339).png,.png,..\dataset\lung_cancer_MRI_dataset\train\no_cancer\LUNG MRI-NC (339).png,512,512,RGBA
train,no_cancer,LUNG MRI-NC (34).png,.png,..\dataset\lung_cancer_MRI_dataset\train\no_cancer\LUNG MRI-NC (34).png,512,512,RGBA
train,no_cancer,LUNG MRI-NC (340).png,.png,..\dataset\lung_cancer_MRI_dataset\train\no_cancer\LUNG MRI-NC (340).png,512,512,RGBA
train,no_cancer,LUNG MRI-NC (341).png,.png,..\dataset\lung_cancer_MRI_dataset\train\no_cancer\LUNG MRI-NC (341).png,512,512,RGBA
train,no_cancer,LUNG MRI-NC (342).png,.png,..\dataset\lung_cancer_MRI_dataset\train\no_cancer\LUNG MRI-NC (342).png,512,512,RGBA
train,no_cancer,LUNG MRI-NC (343).png,.png,..\dataset\lung_cancer_MRI_dataset\train\no_cancer\LUNG MRI-NC (343).png,512,512,RGBA
train,no_cancer,LUNG MRI-NC (344).png,.png,..\dataset\lung_cancer_MRI_dataset\train\no_cancer\LUNG MRI-NC (344).png,512,512,RGBA
train,no_cancer,LUNG MRI-NC (345).png,.png,..\dataset\lung_cancer_MRI_dataset\train\no_cancer\LUNG MRI-NC (345).png,512,512,RGBA
train,no_cancer,LUNG MRI-NC (346).png,.png,..\dataset\lung_cancer_MRI_dataset\train\no_cancer\LUNG MRI-NC (346).png,512,512,RGBA
train,no_cancer,LUNG MRI-NC (347).png,.png,..\dataset\lung_cancer_MRI_dataset\train\no_cancer\LUNG MRI-NC (347).png,512,512,RGBA
train,no_cancer,LUNG MRI-NC (348).png,.png,..\dataset\lung_cancer_MRI_dataset\train\no_cancer\LUNG MRI-NC (348).png,512,512,RGBA
train,no_cancer,LUNG MRI-NC (349).png,.png,..\dataset\lung_cancer_MRI_dataset\train\no_cancer\LUNG MRI-NC (349).png,512,512,RGBA
train,no_cancer,LUNG MRI-NC (35).png,.png,..\dataset\lung_cancer_MRI_dataset\train\no_cancer\LUNG MRI-NC (35).png,512,512,RGBA
train,no_cancer,LUNG MRI-NC (350).png,.png,..\dataset\lung_cancer_MRI_dataset\train\no_cancer\LUNG MRI-NC (350).png,512,512,RGBA
train,no_cancer,LUNG MRI-NC (351).png,.png,..\dataset\lung_cancer_MRI_dataset\train\no_cancer\LUNG MRI-NC (351).png,512,512,RGBA
train,no_cancer,LUNG MRI-NC (352).png,.png,..\dataset\lung_cancer_MRI_dataset\train\no_cancer\LUNG MRI-NC (352).png,512,512,RGBA
train,no_cancer,LUNG MRI-NC (353).png,.png,..\dataset\lung_cancer_MRI_dataset\train\no_cancer\LUNG MRI-NC (353).png,512,512,RGBA
train,no_cancer,LUNG MRI-NC (354).png,.png,..\dataset\lung_cancer_MRI_dataset\train\no_cancer\LUNG MRI-NC (354).png,512,512,RGBA
train,no_cancer,LUNG MRI-NC (355).png,.png,..\dataset\lung_cancer_MRI_dataset\train\no_cancer\LUNG MRI-NC (355).png,512,512,RGBA
train,no_cancer,LUNG MRI-NC (356).png,.png,..\dataset\lung_cancer_MRI_dataset\train\no_cancer\LUNG MRI-NC (356).png,512,512,RGBA
train,no_cancer,LUNG MRI-NC (357).png,.png,..\dataset\lung_cancer_MRI_dataset\train\no_cancer\LUNG MRI-NC (357).png,512,512,RGBA
train,no_cancer,LUNG MRI-NC (358).png,.png,..\dataset\lung_cancer_MRI_dataset\train\no_cancer\LUNG MRI-NC (358).png,512,512,RGBA
train,no_cancer,LUNG MRI-NC (359).png,.png,..\dataset\lung_cancer_MRI_dataset\train\no_cancer\LUNG MRI-NC (359).png,512,512,RGBA
train,no_cancer,LUNG MRI-NC (36).png,.png,..\dataset\lung_cancer_MRI_dataset\train\no_cancer\LUNG MRI-NC (36).png,512,512,RGBA
train,no_cancer,LUNG MRI-NC (360).png,.png,..\dataset\lung_cancer_MRI_dataset\train\no_cancer\LUNG MRI-NC (360).png,512,512,RGBA
train,no_cancer,LUNG MRI-NC (361).png,.png,..\dataset\lung_cancer_MRI_dataset\train\no_cancer\LUNG MRI-NC (361).png,512,512,RGBA
train,no_cancer,LUNG MRI-NC (362).png,.png,..\dataset\lung_cancer_MRI_dataset\train\no_cancer\LUNG MRI-NC (362).png,512,512,RGBA
train,no_cancer,LUNG MRI-NC (363).png,.png,..\dataset\lung_cancer_MRI_dataset\train\no_cancer\LUNG MRI-NC (363).png,512,512,RGBA
train,no_cancer,LUNG MRI-NC (364).png,.png,..\dataset\lung_cancer_MRI_dataset\train\no_cancer\LUNG MRI-NC (364).png,512,512,RGBA
train,no_cancer,LUNG MRI-NC (365).png,.png,..\dataset\lung_cancer_MRI_dataset\train\no_cancer\LUNG MRI-NC (365).png,512,512,RGBA
train,no_cancer,LUNG MRI-NC (366).png,.png,..\dataset\lung_cancer_MRI_dataset\train\no_cancer\LUNG MRI-NC (366).png,512,512,RGBA
train,no_cancer,LUNG MRI-NC (367).png,.png,..\dataset\lung_cancer_MRI_dataset\train\no_cancer\LUNG MRI-NC (367).png,512,512,RGBA
train,no_cancer,LUNG MRI-NC (368).png,.png,..\dataset\lung_cancer_MRI_dataset\train\no_cancer\LUNG MRI-NC (368).png,512,512,RGBA
train,no_cancer,LUNG MRI-NC (369).png,.png,..\dataset\lung_cancer_MRI_dataset\train\no_cancer\LUNG MRI-NC (369).png,512,512,RGBA
train,no_cancer,LUNG MRI-NC (37).png,.png,..\dataset\lung_cancer_MRI_dataset\train\no_cancer\LUNG MRI-NC (37).png,512,512,RGBA
train,no_cancer,LUNG MRI-NC (370).png,.png,..\dataset\lung_cancer_MRI_dataset\train\no_cancer\LUNG MRI-NC (370).png,512,512,RGBA
train,no_cancer,LUNG MRI-NC (371).png,.png,..\dataset\lung_cancer_MRI_dataset\train\no_cancer\LUNG MRI-NC (371).png,512,512,RGBA
train,no_cancer,LUNG MRI-NC (372).png,.png,..\dataset\lung_cancer_MRI_dataset\train\no_cancer\LUNG MRI-NC (372).png,512,512,RGBA
train,no_cancer,LUNG MRI-NC (373).png,.png,..\dataset\lung_cancer_MRI_dataset\train\no_cancer\LUNG MRI-NC (373).png,512,512,RGBA
train,no_cancer,LUNG MRI-NC (374).png,.png,..\dataset\lung_cancer_MRI_dataset\train\no_cancer\LUNG MRI-NC (374).png,512,512,RGBA
train,no_cancer,LUNG MRI-NC (375).png,.png,..\dataset\lung_cancer_MRI_dataset\train\no_cancer\LUNG MRI-NC (375).png,512,512,RGBA
train,no_cancer,LUNG MRI-NC (376).png,.png,..\dataset\lung_cancer_MRI_dataset\train\no_cancer\LUNG MRI-NC (376).png,512,512,RGBA
train,no_cancer,LUNG MRI-NC (377).png,.png,..\dataset\lung_cancer_MRI_dataset\train\no_cancer\LUNG MRI-NC (377).png,512,512,RGBA
train,no_cancer,LUNG MRI-NC (378).png,.png,..\dataset\lung_cancer_MRI_dataset\train\no_cancer\LUNG MRI-NC (378).png,512,512,RGBA
train,no_cancer,LUNG MRI-NC (379).png,.png,..\dataset\lung_cancer_MRI_dataset\train\no_cancer\LUNG MRI-NC (379).png,512,512,RGBA
train,no_cancer,LUNG MRI-NC (38).png,.png,..\dataset\lung_cancer_MRI_dataset\train\no_cancer\LUNG MRI-NC (38).png,512,512,RGBA
train,no_cancer,LUNG MRI-NC (380).png,.png,..\dataset\lung_cancer_MRI_dataset\train\no_cancer\LUNG MRI-NC (380).png,512,512,RGBA
train,no_cancer,LUNG MRI-NC (381).png,.png,..\dataset\lung_cancer_MRI_dataset\train\no_cancer\LUNG MRI-NC (381).png,512,512,RGBA
train,no_cancer,LUNG MRI-NC (382).png,.png,..\dataset\lung_cancer_MRI_dataset\train\no_cancer\LUNG MRI-NC (382).png,512,512,RGBA
train,no_cancer,LUNG MRI-NC (383).png,.png,..\dataset\lung_cancer_MRI_dataset\train\no_cancer\LUNG MRI-NC (383).png,512,512,RGBA
train,no_cancer,LUNG MRI-NC (384).png,.png,..\dataset\lung_cancer_MRI_dataset\train\no_cancer\LUNG MRI-NC (384).png,512,512,RGBA
train,no_cancer,LUNG MRI-NC (385).png,.png,..\dataset\lung_cancer_MRI_dataset\train\no_cancer\LUNG MRI-NC (385).png,512,512,RGBA
train,no_cancer,LUNG MRI-NC (386).png,.png,..\dataset\lung_cancer_MRI_dataset\train\no_cancer\LUNG MRI-NC (386).png,512,512,RGBA
train,no_cancer,LUNG MRI-NC (387).png,.png,..\dataset\lung_cancer_MRI_dataset\train\no_cancer\LUNG MRI-NC (387).png,512,512,RGBA
train,no_cancer,LUNG MRI-NC (388).png,.png,..\dataset\lung_cancer_MRI_dataset\train\no_cancer\LUNG MRI-NC (388).png,512,512,RGBA
train,no_cancer,LUNG MRI-NC (389).png,.png,..\dataset\lung_cancer_MRI_dataset\train\no_cancer\LUNG MRI-NC (389).png,512,512,RGBA
train,no_cancer,LUNG MRI-NC (39).png,.png,..\dataset\lung_cancer_MRI_dataset\train\no_cancer\LUNG MRI-NC (39).png,512,512,RGBA
train,no_cancer,LUNG MRI-NC (390).png,.png,..\dataset\lung_cancer_MRI_dataset\train\no_cancer\LUNG MRI-NC (390).png,512,512,RGBA
train,no_cancer,LUNG MRI-NC (391).png,.png,..\dataset\lung_cancer_MRI_dataset\train\no_cancer\LUNG MRI-NC (391).png,512,512,RGBA
train,no_cancer,LUNG MRI-NC (392).png,.png,..\dataset\lung_cancer_MRI_dataset\train\no_cancer\LUNG MRI-NC (392).png,512,512,RGBA
train,no_cancer,LUNG MRI-NC (393).png,.png,..\dataset\lung_cancer_MRI_dataset\train\no_cancer\LUNG MRI-NC (393).png,512,512,RGBA
train,no_cancer,LUNG MRI-NC (394).png,.png,..\dataset\lung_cancer_MRI_dataset\train\no_cancer\LUNG MRI-NC (394).png,512,512,RGBA
train,no_cancer,LUNG MRI-NC (395).png,.png,..\dataset\lung_cancer_MRI_dataset\train\no_cancer\LUNG MRI-NC (395).png,512,512,RGBA
train,no_cancer,LUNG MRI-NC (396).png,.png,..\dataset\lung_cancer_MRI_dataset\train\no_cancer\LUNG MRI-NC (396).png,512,512,RGBA
train,no_cancer,LUNG MRI-NC (397).png,.png,..\dataset\lung_cancer_MRI_dataset\train\no_cancer\LUNG MRI-NC (397).png,512,512,RGBA
train,no_cancer,LUNG MRI-NC (398).png,.png,..\dataset\lung_cancer_MRI_dataset\train\no_cancer\LUNG MRI-NC (398).png,512,512,RGBA
train,no_cancer,LUNG MRI-NC (399).png,.png,..\dataset\lung_cancer_MRI_dataset\train\no_cancer\LUNG MRI-NC (399).png,512,512,RGBA
train,no_cancer,LUNG MRI-NC (4).png,.png,..\dataset\lung_cancer_MRI_dataset\train\no_cancer\LUNG MRI-NC (4).png,512,512,RGBA
train,no_cancer,LUNG MRI-NC (40).png,.png,..\dataset\lung_cancer_MRI_dataset\train\no_cancer\LUNG MRI-NC (40).png,512,512,RGBA
train,no_cancer,LUNG MRI-NC (400).png,.png,..\dataset\lung_cancer_MRI_dataset\train\no_cancer\LUNG MRI-NC (400).png,512,512,RGBA
train,no_cancer,LUNG MRI-NC (401).png,.png,..\dataset\lung_cancer_MRI_dataset\train\no_cancer\LUNG MRI-NC (401).png,512,512,RGBA
train,no_cancer,LUNG MRI-NC (402).png,.png,..\dataset\lung_cancer_MRI_dataset\train\no_cancer\LUNG MRI-NC (402).png,512,512,RGBA
train,no_cancer,LUNG MRI-NC (403).png,.png,..\dataset\lung_cancer_MRI_dataset\train\no_cancer\LUNG MRI-NC (403).png,512,512,RGBA
train,no_cancer,LUNG MRI-NC (404).png,.png,..\dataset\lung_cancer_MRI_dataset\train\no_cancer\LUNG MRI-NC (404).png,512,512,RGBA
train,no_cancer,LUNG MRI-NC (405).png,.png,..\dataset\lung_cancer_MRI_dataset\train\no_cancer\LUNG MRI-NC (405).png,512,512,RGBA
train,no_cancer,LUNG MRI-NC (406).png,.png,..\dataset\lung_cancer_MRI_dataset\train\no_cancer\LUNG MRI-NC (406).png,512,512,RGBA
train,no_cancer,LUNG MRI-NC (407).png,.png,..\dataset\lung_cancer_MRI_dataset\train\no_cancer\LUNG MRI-NC (407).png,512,512,RGBA
train,no_cancer,LUNG MRI-NC (408).png,.png,..\dataset\lung_cancer_MRI_dataset\train\no_cancer\LUNG MRI-NC (408).png,512,512,RGBA
train,no_cancer,LUNG MRI-NC (409).png,.png,..\dataset\lung_cancer_MRI_dataset\train\no_cancer\LUNG MRI-NC (409).png,512,512,RGBA
train,no_cancer,LUNG MRI-NC (41).png,.png,..\dataset\lung_cancer_MRI_dataset\train\no_cancer\LUNG MRI-NC (41).png,512,512,RGBA
train,no_cancer,LUNG MRI-NC (410).png,.png,..\dataset\lung_cancer_MRI_dataset\train\no_cancer\LUNG MRI-NC (410).png,512,512,RGBA
train,no_cancer,LUNG MRI-NC (411).png,.png,..\dataset\lung_cancer_MRI_dataset\train\no_cancer\LUNG MRI-NC (411).png,512,512,RGBA
train,no_cancer,LUNG MRI-NC (412).png,.png,..\dataset\lung_cancer_MRI_dataset\train\no_cancer\LUNG MRI-NC (412).png,512,512,RGBA
train,no_cancer,LUNG MRI-NC (413).png,.png,..\dataset\lung_cancer_MRI_dataset\train\no_cancer\LUNG MRI-NC (413).png,512,512,RGBA
train,no_cancer,LUNG MRI-NC (414).png,.png,..\dataset\lung_cancer_MRI_dataset\train\no_cancer\LUNG MRI-NC (414).png,512,512,RGBA
train,no_cancer,LUNG MRI-NC (415).png,.png,..\dataset\lung_cancer_MRI_dataset\train\no_cancer\LUNG MRI-NC (415).png,512,512,RGBA
train,no_cancer,LUNG MRI-NC (416).png,.png,..\dataset\lung_cancer_MRI_dataset\train\no_cancer\LUNG MRI-NC (416).png,512,512,RGBA
train,no_cancer,LUNG MRI-NC (417).png,.png,..\dataset\lung_cancer_MRI_dataset\train\no_cancer\LUNG MRI-NC (417).png,512,512,RGBA
train,no_cancer,LUNG MRI-NC (418).png,.png,..\dataset\lung_cancer_MRI_dataset\train\no_cancer\LUNG MRI-NC (418).png,512,512,RGBA
train,no_cancer,LUNG MRI-NC (419).png,.png,..\dataset\lung_cancer_MRI_dataset\train\no_cancer\LUNG MRI-NC (419).png,512,512,RGBA
train,no_cancer,LUNG MRI-NC (42).png,.png,..\dataset\lung_cancer_MRI_dataset\train\no_cancer\LUNG MRI-NC (42).png,512,512,RGBA
train,no_cancer,LUNG MRI-NC (420).png,.png,..\dataset\lung_cancer_MRI_dataset\train\no_cancer\LUNG MRI-NC (420).png,512,512,RGBA
train,no_cancer,LUNG MRI-NC (421).png,.png,..\dataset\lung_cancer_MRI_dataset\train\no_cancer\LUNG MRI-NC (421).png,512,512,RGBA
train,no_cancer,LUNG MRI-NC (422).png,.png,..\dataset\lung_cancer_MRI_dataset\train\no_cancer\LUNG MRI-NC (422).png,512,512,RGBA
train,no_cancer,LUNG MRI-NC (423).png,.png,..\dataset\lung_cancer_MRI_dataset\train\no_cancer\LUNG MRI-NC (423).png,512,512,RGBA
train,no_cancer,LUNG MRI-NC (424).png,.png,..\dataset\lung_cancer_MRI_dataset\train\no_cancer\LUNG MRI-NC (424).png,512,512,RGBA
train,no_cancer,LUNG MRI-NC (425).png,.png,..\dataset\lung_cancer_MRI_dataset\train\no_cancer\LUNG MRI-NC (425).png,512,512,RGBA
train,no_cancer,LUNG MRI-NC (426).png,.png,..\dataset\lung_cancer_MRI_dataset\train\no_cancer\LUNG MRI-NC (426).png,512,512,RGBA
train,no_cancer,LUNG MRI-NC (427).png,.png,..\dataset\lung_cancer_MRI_dataset\train\no_cancer\LUNG MRI-NC (427).png,512,512,RGBA
train,no_cancer,LUNG MRI-NC (428).png,.png,..\dataset\lung_cancer_MRI_dataset\train\no_cancer\LUNG MRI-NC (428).png,512,512,RGBA
train,no_cancer,LUNG MRI-NC (429).png,.png,..\dataset\lung_cancer_MRI_dataset\train\no_cancer\LUNG MRI-NC (429).png,512,512,RGBA
train,no_cancer,LUNG MRI-NC (43).png,.png,..\dataset\lung_cancer_MRI_dataset\train\no_cancer\LUNG MRI-NC (43).png,512,512,RGBA
train,no_cancer,LUNG MRI-NC (430).png,.png,..\dataset\lung_cancer_MRI_dataset\train\no_cancer\LUNG MRI-NC (430).png,512,512,RGBA
train,no_cancer,LUNG MRI-NC (431).png,.png,..\dataset\lung_cancer_MRI_dataset\train\no_cancer\LUNG MRI-NC (431).png,512,512,RGBA
train,no_cancer,LUNG MRI-NC (432).png,.png,..\dataset\lung_cancer_MRI_dataset\train\no_cancer\LUNG MRI-NC (432).png,512,512,RGBA
train,no_cancer,LUNG MRI-NC (433).png,.png,..\dataset\lung_cancer_MRI_dataset\train\no_cancer\LUNG MRI-NC (433).png,512,512,RGBA
train,no_cancer,LUNG MRI-NC (434).png,.png,..\dataset\lung_cancer_MRI_dataset\train\no_cancer\LUNG MRI-NC (434).png,512,512,RGBA
train,no_cancer,LUNG MRI-NC (435).png,.png,..\dataset\lung_cancer_MRI_dataset\train\no_cancer\LUNG MRI-NC (435).png,512,512,RGBA
train,no_cancer,LUNG MRI-NC (436).png,.png,..\dataset\lung_cancer_MRI_dataset\train\no_cancer\LUNG MRI-NC (436).png,512,512,RGBA
train,no_cancer,LUNG MRI-NC (437).png,.png,..\dataset\lung_cancer_MRI_dataset\train\no_cancer\LUNG MRI-NC (437).png,512,512,RGBA
train,no_cancer,LUNG MRI-NC (438).png,.png,..\dataset\lung_cancer_MRI_dataset\train\no_cancer\LUNG MRI-NC (438).png,512,512,RGBA
train,no_cancer,LUNG MRI-NC (439).png,.png,..\dataset\lung_cancer_MRI_dataset\train\no_cancer\LUNG MRI-NC (439).png,512,512,RGBA
train,no_cancer,LUNG MRI-NC (44).png,.png,..\dataset\lung_cancer_MRI_dataset\train\no_cancer\LUNG MRI-NC (44).png,512,512,RGBA
train,no_cancer,LUNG MRI-NC (440).png,.png,..\dataset\lung_cancer_MRI_dataset\train\no_cancer\LUNG MRI-NC (440).png,512,512,RGBA
train,no_cancer,LUNG MRI-NC (441).png,.png,..\dataset\lung_cancer_MRI_dataset\train\no_cancer\LUNG MRI-NC (441).png,512,512,RGBA
train,no_cancer,LUNG MRI-NC (442).png,.png,..\dataset\lung_cancer_MRI_dataset\train\no_cancer\LUNG MRI-NC (442).png,512,512,RGBA
train,no_cancer,LUNG MRI-NC (443).png,.png,..\dataset\lung_cancer_MRI_dataset\train\no_cancer\LUNG MRI-NC (443).png,512,512,RGBA
train,no_cancer,LUNG MRI-NC (444).png,.png,..\dataset\lung_cancer_MRI_dataset\train\no_cancer\LUNG MRI-NC (444).png,512,512,RGBA
train,no_cancer,LUNG MRI-NC (445).png,.png,..\dataset\lung_cancer_MRI_dataset\train\no_cancer\LUNG MRI-NC (445).png,512,512,RGBA
train,no_cancer,LUNG MRI-NC (446).png,.png,..\dataset\lung_cancer_MRI_dataset\train\no_cancer\LUNG MRI-NC (446).png,512,512,RGBA
train,no_cancer,LUNG MRI-NC (447).png,.png,..\dataset\lung_cancer_MRI_dataset\train\no_cancer\LUNG MRI-NC (447).png,512,512,RGBA
train,no_cancer,LUNG MRI-NC (448).png,.png,..\dataset\lung_cancer_MRI_dataset\train\no_cancer\LUNG MRI-NC (448).png,512,512,RGBA
train,no_cancer,LUNG MRI-NC (449).png,.png,..\dataset\lung_cancer_MRI_dataset\train\no_cancer\LUNG MRI-NC (449).png,512,512,RGBA
train,no_cancer,LUNG MRI-NC (45).png,.png,..\dataset\lung_cancer_MRI_dataset\train\no_cancer\LUNG MRI-NC (45).png,512,512,RGBA
train,no_cancer,LUNG MRI-NC (450).png,.png,..\dataset\lung_cancer_MRI_dataset\train\no_cancer\LUNG MRI-NC (450).png,512,512,RGBA
train,no_cancer,LUNG MRI-NC (451).png,.png,..\dataset\lung_cancer_MRI_dataset\train\no_cancer\LUNG MRI-NC (451).png,512,512,RGBA
train,no_cancer,LUNG MRI-NC (452).png,.png,..\dataset\lung_cancer_MRI_dataset\train\no_cancer\LUNG MRI-NC (452).png,512,512,RGBA
train,no_cancer,LUNG MRI-NC (453).png,.png,..\dataset\lung_cancer_MRI_dataset\train\no_cancer\LUNG MRI-NC (453).png,512,512,RGBA
train,no_cancer,LUNG MRI-NC (454).png,.png,..\dataset\lung_cancer_MRI_dataset\train\no_cancer\LUNG MRI-NC (454).png,512,512,RGBA
train,no_cancer,LUNG MRI-NC (455).png,.png,..\dataset\lung_cancer_MRI_dataset\train\no_cancer\LUNG MRI-NC (455).png,512,512,RGBA
train,no_cancer,LUNG MRI-NC (456).png,.png,..\dataset\lung_cancer_MRI_dataset\train\no_cancer\LUNG MRI-NC (456).png,512,512,RGBA
train,no_cancer,LUNG MRI-NC (457).png,.png,..\dataset\lung_cancer_MRI_dataset\train\no_cancer\LUNG MRI-NC (457).png,512,512,RGBA
train,no_cancer,LUNG MRI-NC (458).png,.png,..\dataset\lung_cancer_MRI_dataset\train\no_cancer\LUNG MRI-NC (458).png,512,512,RGBA
train,no_cancer,LUNG MRI-NC (459).png,.png,..\dataset\lung_cancer_MRI_dataset\train\no_cancer\LUNG MRI-NC (459).png,512,512,RGBA
train,no_cancer,LUNG MRI-NC (46).png,.png,..\dataset\lung_cancer_MRI_dataset\train\no_cancer\LUNG MRI-NC (46).png,512,512,RGBA
train,no_cancer,LUNG MRI-NC (460).png,.png,..\dataset\lung_cancer_MRI_dataset\train\no_cancer\LUNG MRI-NC (460).png,512,512,RGBA
train,no_cancer,LUNG MRI-NC (461).png,.png,..\dataset\lung_cancer_MRI_dataset\train\no_cancer\LUNG MRI-NC (461).png,512,512,RGBA
train,no_cancer,LUNG MRI-NC (462).png,.png,..\dataset\lung_cancer_MRI_dataset\train\no_cancer\LUNG MRI-NC (462).png,512,512,RGBA
train,no_cancer,LUNG MRI-NC (463).png,.png,..\dataset\lung_cancer_MRI_dataset\train\no_cancer\LUNG MRI-NC (463).png,512,512,RGBA
train,no_cancer,LUNG MRI-NC (464).png,.png,..\dataset\lung_cancer_MRI_dataset\train\no_cancer\LUNG MRI-NC (464).png,512,512,RGBA
train,no_cancer,LUNG MRI-NC (465).png,.png,..\dataset\lung_cancer_MRI_dataset\train\no_cancer\LUNG MRI-NC (465).png,512,512,RGBA
train,no_cancer,LUNG MRI-NC (466).png,.png,..\dataset\lung_cancer_MRI_dataset\train\no_cancer\LUNG MRI-NC (466).png,512,512,RGBA
train,no_cancer,LUNG MRI-NC (467).png,.png,..\dataset\lung_cancer_MRI_dataset\train\no_cancer\LUNG MRI-NC (467).png,512,512,RGBA
train,no_cancer,LUNG MRI-NC (468).png,.png,..\dataset\lung_cancer_MRI_dataset\train\no_cancer\LUNG MRI-NC (468).png,512,512,RGBA
train,no_cancer,LUNG MRI-NC (469).png,.png,..\dataset\lung_cancer_MRI_dataset\train\no_cancer\LUNG MRI-NC (469).png,512,512,RGBA
train,no_cancer,LUNG MRI-NC (47).png,.png,..\dataset\lung_cancer_MRI_dataset\train\no_cancer\LUNG MRI-NC (47).png,512,512,RGBA
train,no_cancer,LUNG MRI-NC (470).png,.png,..\dataset\lung_cancer_MRI_dataset\train\no_cancer\LUNG MRI-NC (470).png,512,512,RGBA
train,no_cancer,LUNG MRI-NC (471).png,.png,..\dataset\lung_cancer_MRI_dataset\train\no_cancer\LUNG MRI-NC (471).png,512,512,RGBA
train,no_cancer,LUNG MRI-NC (472).png,.png,..\dataset\lung_cancer_MRI_dataset\train\no_cancer\LUNG MRI-NC (472).png,512,512,RGBA
train,no_cancer,LUNG MRI-NC (473).png,.png,..\dataset\lung_cancer_MRI_dataset\train\no_cancer\LUNG MRI-NC (473).png,512,512,RGBA
train,no_cancer,LUNG MRI-NC (474).png,.png,..\dataset\lung_cancer_MRI_dataset\train\no_cancer\LUNG MRI-NC (474).png,512,512,RGBA
train,no_cancer,LUNG MRI-NC (475).png,.png,..\dataset\lung_cancer_MRI_dataset\train\no_cancer\LUNG MRI-NC (475).png,512,512,RGBA
train,no_cancer,LUNG MRI-NC (476).png,.png,..\dataset\lung_cancer_MRI_dataset\train\no_cancer\LUNG MRI-NC (476).png,512,512,RGBA
train,no_cancer,LUNG MRI-NC (477).png,.png,..\dataset\lung_cancer_MRI_dataset\train\no_cancer\LUNG MRI-NC (477).png,512,512,RGBA
train,no_cancer,LUNG MRI-NC (478).png,.png,..\dataset\lung_cancer_MRI_dataset\train\no_cancer\LUNG MRI-NC (478).png,512,512,RGBA
train,no_cancer,LUNG MRI-NC (479).png,.png,..\dataset\lung_cancer_MRI_dataset\train\no_cancer\LUNG MRI-NC (479).png,512,512,RGBA
train,no_cancer,LUNG MRI-NC (48).png,.png,..\dataset\lung_cancer_MRI_dataset\train\no_cancer\LUNG MRI-NC (48).png,512,512,RGBA
train,no_cancer,LUNG MRI-NC (480).png,.png,..\dataset\lung_cancer_MRI_dataset\train\no_cancer\LUNG MRI-NC (480).png,512,512,RGBA
train,no_cancer,LUNG MRI-NC (481).png,.png,..\dataset\lung_cancer_MRI_dataset\train\no_cancer\LUNG MRI-NC (481).png,512,512,RGBA
train,no_cancer,LUNG MRI-NC (482).png,.png,..\dataset\lung_cancer_MRI_dataset\train\no_cancer\LUNG MRI-NC (482).png,512,512,RGBA
train,no_cancer,LUNG MRI-NC (483).png,.png,..\dataset\lung_cancer_MRI_dataset\train\no_cancer\LUNG MRI-NC (483).png,512,512,RGBA
train,no_cancer,LUNG MRI-NC (484).png,.png,..\dataset\lung_cancer_MRI_dataset\train\no_cancer\LUNG MRI-NC (484).png,512,512,RGBA
train,no_cancer,LUNG MRI-NC (485).png,.png,..\dataset\lung_cancer_MRI_dataset\train\no_cancer\LUNG MRI-NC (485).png,512,512,RGBA
train,no_cancer,LUNG MRI-NC (486).png,.png,..\dataset\lung_cancer_MRI_dataset\train\no_cancer\LUNG MRI-NC (486).png,512,512,RGBA
train,no_cancer,LUNG MRI-NC (487).png,.png,..\dataset\lung_cancer_MRI_dataset\train\no_cancer\LUNG MRI-NC (487).png,512,512,RGBA
train,no_cancer,LUNG MRI-NC (488).png,.png,..\dataset\lung_cancer_MRI_dataset\train\no_cancer\LUNG MRI-NC (488).png,512,512,RGBA
train,no_cancer,LUNG MRI-NC (489).png,.png,..\dataset\lung_cancer_MRI_dataset\train\no_cancer\LUNG MRI-NC (489).png,512,512,RGBA
train,no_cancer,LUNG MRI-NC (49).png,.png,..\dataset\lung_cancer_MRI_dataset\train\no_cancer\LUNG MRI-NC (49).png,512,512,RGBA
train,no_cancer,LUNG MRI-NC (490).png,.png,..\dataset\lung_cancer_MRI_dataset\train\no_cancer\LUNG MRI-NC (490).png,512,512,RGBA
train,no_cancer,LUNG MRI-NC (491).png,.png,..\dataset\lung_cancer_MRI_dataset\train\no_cancer\LUNG MRI-NC (491).png,512,512,RGBA
train,no_cancer,LUNG MRI-NC (492).png,.png,..\dataset\lung_cancer_MRI_dataset\train\no_cancer\LUNG MRI-NC (492).png,512,512,RGBA
train,no_cancer,LUNG MRI-NC (493).png,.png,..\dataset\lung_cancer_MRI_dataset\train\no_cancer\LUNG MRI-NC (493).png,512,512,RGBA
train,no_cancer,LUNG MRI-NC (494).png,.png,..\dataset\lung_cancer_MRI_dataset\train\no_cancer\LUNG MRI-NC (494).png,512,512,RGBA
train,no_cancer,LUNG MRI-NC (495).png,.png,..\dataset\lung_cancer_MRI_dataset\train\no_cancer\LUNG MRI-NC (495).png,512,512,RGBA
train,no_cancer,LUNG MRI-NC (496).png,.png,..\dataset\lung_cancer_MRI_dataset\train\no_cancer\LUNG MRI-NC (496).png,512,512,RGBA
train,no_cancer,LUNG MRI-NC (497).png,.png,..\dataset\lung_cancer_MRI_dataset\train\no_cancer\LUNG MRI-NC (497).png,512,512,RGBA
train,no_cancer,LUNG MRI-NC (498).png,.png,..\dataset\lung_cancer_MRI_dataset\train\no_cancer\LUNG MRI-NC (498).png,512,512,RGBA
train,no_cancer,LUNG MRI-NC (499).png,.png,..\dataset\lung_cancer_MRI_dataset\train\no_cancer\LUNG MRI-NC (499).png,512,512,RGBA
train,no_cancer,LUNG MRI-NC (5).png,.png,..\dataset\lung_cancer_MRI_dataset\train\no_cancer\LUNG MRI-NC (5).png,512,512,RGBA
train,no_cancer,LUNG MRI-NC (50).png,.png,..\dataset\lung_cancer_MRI_dataset\train\no_cancer\LUNG MRI-NC (50).png,512,512,RGBA
train,no_cancer,LUNG MRI-NC (500).png,.png,..\dataset\lung_cancer_MRI_dataset\train\no_cancer\LUNG MRI-NC (500).png,512,512,RGBA
train,no_cancer,LUNG MRI-NC (501).png,.png,..\dataset\lung_cancer_MRI_dataset\train\no_cancer\LUNG MRI-NC (501).png,512,512,RGBA
train,no_cancer,LUNG MRI-NC (502).png,.png,..\dataset\lung_cancer_MRI_dataset\train\no_cancer\LUNG MRI-NC (502).png,512,512,RGBA
train,no_cancer,LUNG MRI-NC (503).png,.png,..\dataset\lung_cancer_MRI_dataset\train\no_cancer\LUNG MRI-NC (503).png,512,512,RGBA
train,no_cancer,LUNG MRI-NC (504).png,.png,..\dataset\lung_cancer_MRI_dataset\train\no_cancer\LUNG MRI-NC (504).png,512,512,RGBA
train,no_cancer,LUNG MRI-NC (505).png,.png,..\dataset\lung_cancer_MRI_dataset\train\no_cancer\LUNG MRI-NC (505).png,512,512,RGBA
train,no_cancer,LUNG MRI-NC (506).png,.png,..\dataset\lung_cancer_MRI_dataset\train\no_cancer\LUNG MRI-NC (506).png,512,512,RGBA
train,no_cancer,LUNG MRI-NC (507).png,.png,..\dataset\lung_cancer_MRI_dataset\train\no_cancer\LUNG MRI-NC (507).png,512,512,RGBA
train,no_cancer,LUNG MRI-NC (508).png,.png,..\dataset\lung_cancer_MRI_dataset\train\no_cancer\LUNG MRI-NC (508).png,512,512,RGBA
train,no_cancer,LUNG MRI-NC (509).png,.png,..\dataset\lung_cancer_MRI_dataset\train\no_cancer\LUNG MRI-NC (509).png,512,512,RGBA
train,no_cancer,LUNG MRI-NC (51).png,.png,..\dataset\lung_cancer_MRI_dataset\train\no_cancer\LUNG MRI-NC (51).png,512,512,RGBA
train,no_cancer,LUNG MRI-NC (510).png,.png,..\dataset\lung_cancer_MRI_dataset\train\no_cancer\LUNG MRI-NC (510).png,512,512,RGBA
train,no_cancer,LUNG MRI-NC (511).png,.png,..\dataset\lung_cancer_MRI_dataset\train\no_cancer\LUNG MRI-NC (511).png,512,512,RGBA
train,no_cancer,LUNG MRI-NC (512).png,.png,..\dataset\lung_cancer_MRI_dataset\train\no_cancer\LUNG MRI-NC (512).png,512,512,RGBA
train,no_cancer,LUNG MRI-NC (513).png,.png,..\dataset\lung_cancer_MRI_dataset\train\no_cancer\LUNG MRI-NC (513).png,512,512,RGBA
train,no_cancer,LUNG MRI-NC (514).png,.png,..\dataset\lung_cancer_MRI_dataset\train\no_cancer\LUNG MRI-NC (514).png,512,512,RGBA
train,no_cancer,LUNG MRI-NC (515).png,.png,..\dataset\lung_cancer_MRI_dataset\train\no_cancer\LUNG MRI-NC (515).png,512,512,RGBA
train,no_cancer,LUNG MRI-NC (516).png,.png,..\dataset\lung_cancer_MRI_dataset\train\no_cancer\LUNG MRI-NC (516).png,512,512,RGBA
train,no_cancer,LUNG MRI-NC (517).png,.png,..\dataset\lung_cancer_MRI_dataset\train\no_cancer\LUNG MRI-NC (517).png,512,512,RGBA
train,no_cancer,LUNG MRI-NC (518).png,.png,..\dataset\lung_cancer_MRI_dataset\train\no_cancer\LUNG MRI-NC (518).png,512,512,RGBA
train,no_cancer,LUNG MRI-NC (519).png,.png,..\dataset\lung_cancer_MRI_dataset\train\no_cancer\LUNG MRI-NC (519).png,512,512,RGBA
train,no_cancer,LUNG MRI-NC (52).png,.png,..\dataset\lung_cancer_MRI_dataset\train\no_cancer\LUNG MRI-NC (52).png,512,512,RGBA
train,no_cancer,LUNG MRI-NC (520).png,.png,..\dataset\lung_cancer_MRI_dataset\train\no_cancer\LUNG MRI-NC (520).png,512,512,RGBA
train,no_cancer,LUNG MRI-NC (521).png,.png,..\dataset\lung_cancer_MRI_dataset\train\no_cancer\LUNG MRI-NC (521).png,512,512,RGBA
train,no_cancer,LUNG MRI-NC (522).png,.png,..\dataset\lung_cancer_MRI_dataset\train\no_cancer\LUNG MRI-NC (522).png,512,512,RGBA
train,no_cancer,LUNG MRI-NC (523).png,.png,..\dataset\lung_cancer_MRI_dataset\train\no_cancer\LUNG MRI-NC (523).png,512,512,RGBA
train,no_cancer,LUNG MRI-NC (524).png,.png,..\dataset\lung_cancer_MRI_dataset\train\no_cancer\LUNG MRI-NC (524).png,512,512,RGBA
train,no_cancer,LUNG MRI-NC (525).png,.png,..\dataset\lung_cancer_MRI_dataset\train\no_cancer\LUNG MRI-NC (525).png,512,512,RGBA
train,no_cancer,LUNG MRI-NC (526).png,.png,..\dataset\lung_cancer_MRI_dataset\train\no_cancer\LUNG MRI-NC (526).png,512,512,RGBA
train,no_cancer,LUNG MRI-NC (527).png,.png,..\dataset\lung_cancer_MRI_dataset\train\no_cancer\LUNG MRI-NC (527).png,512,512,RGBA
train,no_cancer,LUNG MRI-NC (528).png,.png,..\dataset\lung_cancer_MRI_dataset\train\no_cancer\LUNG MRI-NC (528).png,512,512,RGBA
train,no_cancer,LUNG MRI-NC (529).png,.png,..\dataset\lung_cancer_MRI_dataset\train\no_cancer\LUNG MRI-NC (529).png,512,512,RGBA
train,no_cancer,LUNG MRI-NC (53).png,.png,..\dataset\lung_cancer_MRI_dataset\train\no_cancer\LUNG MRI-NC (53).png,512,512,RGBA
train,no_cancer,LUNG MRI-NC (530).png,.png,..\dataset\lung_cancer_MRI_dataset\train\no_cancer\LUNG MRI-NC (530).png,512,512,RGBA
train,no_cancer,LUNG MRI-NC (531).png,.png,..\dataset\lung_cancer_MRI_dataset\train\no_cancer\LUNG MRI-NC (531).png,512,512,RGBA
train,no_cancer,LUNG MRI-NC (532).png,.png,..\dataset\lung_cancer_MRI_dataset\train\no_cancer\LUNG MRI-NC (532).png,512,512,RGBA
train,no_cancer,LUNG MRI-NC (533).png,.png,..\dataset\lung_cancer_MRI_dataset\train\no_cancer\LUNG MRI-NC (533).png,512,512,RGBA
train,no_cancer,LUNG MRI-NC (534).png,.png,..\dataset\lung_cancer_MRI_dataset\train\no_cancer\LUNG MRI-NC (534).png,512,512,RGBA
train,no_cancer,LUNG MRI-NC (535).png,.png,..\dataset\lung_cancer_MRI_dataset\train\no_cancer\LUNG MRI-NC (535).png,512,512,RGBA
train,no_cancer,LUNG MRI-NC (536).png,.png,..\dataset\lung_cancer_MRI_dataset\train\no_cancer\LUNG MRI-NC (536).png,512,512,RGBA
train,no_cancer,LUNG MRI-NC (537).png,.png,..\dataset\lung_cancer_MRI_dataset\train\no_cancer\LUNG MRI-NC (537).png,512,512,RGBA
train,no_cancer,LUNG MRI-NC (538).png,.png,..\dataset\lung_cancer_MRI_dataset\train\no_cancer\LUNG MRI-NC (538).png,512,512,RGBA
train,no_cancer,LUNG MRI-NC (539).png,.png,..\dataset\lung_cancer_MRI_dataset\train\no_cancer\LUNG MRI-NC (539).png,512,512,RGBA
train,no_cancer,LUNG MRI-NC (54).png,.png,..\dataset\lung_cancer_MRI_dataset\train\no_cancer\LUNG MRI-NC (54).png,512,512,RGBA
train,no_cancer,LUNG MRI-NC (540).png,.png,..\dataset\lung_cancer_MRI_dataset\train\no_cancer\LUNG MRI-NC (540).png,512,512,RGBA
train,no_cancer,LUNG MRI-NC (541).png,.png,..\dataset\lung_cancer_MRI_dataset\train\no_cancer\LUNG MRI-NC (541).png,512,512,RGBA
train,no_cancer,LUNG MRI-NC (542).png,.png,..\dataset\lung_cancer_MRI_dataset\train\no_cancer\LUNG MRI-NC (542).png,512,512,RGBA
train,no_cancer,LUNG MRI-NC (543).png,.png,..\dataset\lung_cancer_MRI_dataset\train\no_cancer\LUNG MRI-NC (543).png,512,512,RGBA
train,no_cancer,LUNG MRI-NC (544).png,.png,..\dataset\lung_cancer_MRI_dataset\train\no_cancer\LUNG MRI-NC (544).png,512,512,RGBA
train,no_cancer,LUNG MRI-NC (545).png,.png,..\dataset\lung_cancer_MRI_dataset\train\no_cancer\LUNG MRI-NC (545).png,512,512,RGBA
train,no_cancer,LUNG MRI-NC (546).png,.png,..\dataset\lung_cancer_MRI_dataset\train\no_cancer\LUNG MRI-NC (546).png,512,512,RGBA
train,no_cancer,LUNG MRI-NC (547).png,.png,..\dataset\lung_cancer_MRI_dataset\train\no_cancer\LUNG MRI-NC (547).png,512,512,RGBA
train,no_cancer,LUNG MRI-NC (548).png,.png,..\dataset\lung_cancer_MRI_dataset\train\no_cancer\LUNG MRI-NC (548).png,512,512,RGBA
train,no_cancer,LUNG MRI-NC (549).png,.png,..\dataset\lung_cancer_MRI_dataset\train\no_cancer\LUNG MRI-NC (549).png,512,512,RGBA
train,no_cancer,LUNG MRI-NC (55).png,.png,..\dataset\lung_cancer_MRI_dataset\train\no_cancer\LUNG MRI-NC (55).png,512,512,RGBA
train,no_cancer,LUNG MRI-NC (550).png,.png,..\dataset\lung_cancer_MRI_dataset\train\no_cancer\LUNG MRI-NC (550).png,512,512,RGBA
train,no_cancer,LUNG MRI-NC (551).png,.png,..\dataset\lung_cancer_MRI_dataset\train\no_cancer\LUNG MRI-NC (551).png,512,512,RGBA
train,no_cancer,LUNG MRI-NC (552).png,.png,..\dataset\lung_cancer_MRI_dataset\train\no_cancer\LUNG MRI-NC (552).png,512,512,RGBA
train,no_cancer,LUNG MRI-NC (553).png,.png,..\dataset\lung_cancer_MRI_dataset\train\no_cancer\LUNG MRI-NC (553).png,512,512,RGBA
train,no_cancer,LUNG MRI-NC (554).png,.png,..\dataset\lung_cancer_MRI_dataset\train\no_cancer\LUNG MRI-NC (554).png,512,512,RGBA
train,no_cancer,LUNG MRI-NC (555).png,.png,..\dataset\lung_cancer_MRI_dataset\train\no_cancer\LUNG MRI-NC (555).png,512,512,RGBA
train,no_cancer,LUNG MRI-NC (556).png,.png,..\dataset\lung_cancer_MRI_dataset\train\no_cancer\LUNG MRI-NC (556).png,512,512,RGBA
train,no_cancer,LUNG MRI-NC (557).png,.png,..\dataset\lung_cancer_MRI_dataset\train\no_cancer\LUNG MRI-NC (557).png,512,512,RGBA
train,no_cancer,LUNG MRI-NC (558).png,.png,..\dataset\lung_cancer_MRI_dataset\train\no_cancer\LUNG MRI-NC (558).png,512,512,RGBA
train,no_cancer,LUNG MRI-NC (559).png,.png,..\dataset\lung_cancer_MRI_dataset\train\no_cancer\LUNG MRI-NC (559).png,512,512,RGBA
train,no_cancer,LUNG MRI-NC (56).png,.png,..\dataset\lung_cancer_MRI_dataset\train\no_cancer\LUNG MRI-NC (56).png,512,512,RGBA
train,no_cancer,LUNG MRI-NC (560).png,.png,..\dataset\lung_cancer_MRI_dataset\train\no_cancer\LUNG MRI-NC (560).png,512,512,RGBA
train,no_cancer,LUNG MRI-NC (561).png,.png,..\dataset\lung_cancer_MRI_dataset\train\no_cancer\LUNG MRI-NC (561).png,512,512,RGBA
train,no_cancer,LUNG MRI-NC (562).png,.png,..\dataset\lung_cancer_MRI_dataset\train\no_cancer\LUNG MRI-NC (562).png,512,512,RGBA
train,no_cancer,LUNG MRI-NC (563).png,.png,..\dataset\lung_cancer_MRI_dataset\train\no_cancer\LUNG MRI-NC (563).png,512,512,RGBA
train,no_cancer,LUNG MRI-NC (564).png,.png,..\dataset\lung_cancer_MRI_dataset\train\no_cancer\LUNG MRI-NC (564).png,512,512,RGBA
train,no_cancer,LUNG MRI-NC (565).png,.png,..\dataset\lung_cancer_MRI_dataset\train\no_cancer\LUNG MRI-NC (565).png,512,512,RGBA
train,no_cancer,LUNG MRI-NC (566).png,.png,..\dataset\lung_cancer_MRI_dataset\train\no_cancer\LUNG MRI-NC (566).png,512,512,RGBA
train,no_cancer,LUNG MRI-NC (567).png,.png,..\dataset\lung_cancer_MRI_dataset\train\no_cancer\LUNG MRI-NC (567).png,512,512,RGBA
train,no_cancer,LUNG MRI-NC (568).png,.png,..\dataset\lung_cancer_MRI_dataset\train\no_cancer\LUNG MRI-NC (568).png,512,512,RGBA
train,no_cancer,LUNG MRI-NC (569).png,.png,..\dataset\lung_cancer_MRI_dataset\train\no_cancer\LUNG MRI-NC (569).png,512,512,RGBA
train,no_cancer,LUNG MRI-NC (57).png,.png,..\dataset\lung_cancer_MRI_dataset\train\no_cancer\LUNG MRI-NC (57).png,512,512,RGBA
train,no_cancer,LUNG MRI-NC (570).png,.png,..\dataset\lung_cancer_MRI_dataset\train\no_cancer\LUNG MRI-NC (570).png,512,512,RGBA
train,no_cancer,LUNG MRI-NC (571).png,.png,..\dataset\lung_cancer_MRI_dataset\train\no_cancer\LUNG MRI-NC (571).png,512,512,RGBA
train,no_cancer,LUNG MRI-NC (572).png,.png,..\dataset\lung_cancer_MRI_dataset\train\no_cancer\LUNG MRI-NC (572).png,512,512,RGBA
train,no_cancer,LUNG MRI-NC (573).png,.png,..\dataset\lung_cancer_MRI_dataset\train\no_cancer\LUNG MRI-NC (573).png,512,512,RGBA
train,no_cancer,LUNG MRI-NC (574).png,.png,..\dataset\lung_cancer_MRI_dataset\train\no_cancer\LUNG MRI-NC (574).png,512,512,RGBA
train,no_cancer,LUNG MRI-NC (575).png,.png,..\dataset\lung_cancer_MRI_dataset\train\no_cancer\LUNG MRI-NC (575).png,512,512,RGBA
train,no_cancer,LUNG MRI-NC (576).png,.png,..\dataset\lung_cancer_MRI_dataset\train\no_cancer\LUNG MRI-NC (576).png,512,512,RGBA
train,no_cancer,LUNG MRI-NC (577).png,.png,..\dataset\lung_cancer_MRI_dataset\train\no_cancer\LUNG MRI-NC (577).png,512,512,RGBA
train,no_cancer,LUNG MRI-NC (578).png,.png,..\dataset\lung_cancer_MRI_dataset\train\no_cancer\LUNG MRI-NC (578).png,512,512,RGBA
train,no_cancer,LUNG MRI-NC (579).png,.png,..\dataset\lung_cancer_MRI_dataset\train\no_cancer\LUNG MRI-NC (579).png,512,512,RGBA
train,no_cancer,LUNG MRI-NC (58).png,.png,..\dataset\lung_cancer_MRI_dataset\train\no_cancer\LUNG MRI-NC (58).png,512,512,RGBA
train,no_cancer,LUNG MRI-NC (580).png,.png,..\dataset\lung_cancer_MRI_dataset\train\no_cancer\LUNG MRI-NC (580).png,512,512,RGBA
train,no_cancer,LUNG MRI-NC (581).png,.png,..\dataset\lung_cancer_MRI_dataset\train\no_cancer\LUNG MRI-NC (581).png,512,512,RGBA
train,no_cancer,LUNG MRI-NC (582).png,.png,..\dataset\lung_cancer_MRI_dataset\train\no_cancer\LUNG MRI-NC (582).png,512,512,RGBA
train,no_cancer,LUNG MRI-NC (583).png,.png,..\dataset\lung_cancer_MRI_dataset\train\no_cancer\LUNG MRI-NC (583).png,512,512,RGBA
train,no_cancer,LUNG MRI-NC (584).png,.png,..\dataset\lung_cancer_MRI_dataset\train\no_cancer\LUNG MRI-NC (584).png,512,512,RGBA
train,no_cancer,LUNG MRI-NC (585).png,.png,..\dataset\lung_cancer_MRI_dataset\train\no_cancer\LUNG MRI-NC (585).png,512,512,RGBA
train,no_cancer,LUNG MRI-NC (586).png,.png,..\dataset\lung_cancer_MRI_dataset\train\no_cancer\LUNG MRI-NC (586).png,512,512,RGBA
train,no_cancer,LUNG MRI-NC (587).png,.png,..\dataset\lung_cancer_MRI_dataset\train\no_cancer\LUNG MRI-NC (587).png,512,512,RGBA
train,no_cancer,LUNG MRI-NC (588).png,.png,..\dataset\lung_cancer_MRI_dataset\train\no_cancer\LUNG MRI-NC (588).png,512,512,RGBA
train,no_cancer,LUNG MRI-NC (589).png,.png,..\dataset\lung_cancer_MRI_dataset\train\no_cancer\LUNG MRI-NC (589).png,512,512,RGBA
train,no_cancer,LUNG MRI-NC (59).png,.png,..\dataset\lung_cancer_MRI_dataset\train\no_cancer\LUNG MRI-NC (59).png,512,512,RGBA
train,no_cancer,LUNG MRI-NC (590).png,.png,..\dataset\lung_cancer_MRI_dataset\train\no_cancer\LUNG MRI-NC (590).png,512,512,RGBA
train,no_cancer,LUNG MRI-NC (591).png,.png,..\dataset\lung_cancer_MRI_dataset\train\no_cancer\LUNG MRI-NC (591).png,512,512,RGBA
train,no_cancer,LUNG MRI-NC (592).png,.png,..\dataset\lung_cancer_MRI_dataset\train\no_cancer\LUNG MRI-NC (592).png,512,512,RGBA
train,no_cancer,LUNG MRI-NC (593).png,.png,..\dataset\lung_cancer_MRI_dataset\train\no_cancer\LUNG MRI-NC (593).png,512,512,RGBA
train,no_cancer,LUNG MRI-NC (594).png,.png,..\dataset\lung_cancer_MRI_dataset\train\no_cancer\LUNG MRI-NC (594).png,512,512,RGBA
train,no_cancer,LUNG MRI-NC (595).png,.png,..\dataset\lung_cancer_MRI_dataset\train\no_cancer\LUNG MRI-NC (595).png,512,512,RGBA
train,no_cancer,LUNG MRI-NC (596).png,.png,..\dataset\lung_cancer_MRI_dataset\train\no_cancer\LUNG MRI-NC (596).png,512,512,RGBA
train,no_cancer,LUNG MRI-NC (597).png,.png,..\dataset\lung_cancer_MRI_dataset\train\no_cancer\LUNG MRI-NC (597).png,512,512,RGBA
train,no_cancer,LUNG MRI-NC (598).png,.png,..\dataset\lung_cancer_MRI_dataset\train\no_cancer\LUNG MRI-NC (598).png,512,512,RGBA
train,no_cancer,LUNG MRI-NC (599).png,.png,..\dataset\lung_cancer_MRI_dataset\train\no_cancer\LUNG MRI-NC (599).png,512,512,RGBA
train,no_cancer,LUNG MRI-NC (6).png,.png,..\dataset\lung_cancer_MRI_dataset\train\no_cancer\LUNG MRI-NC (6).png,512,512,RGBA
train,no_cancer,LUNG MRI-NC (60).png,.png,..\dataset\lung_cancer_MRI_dataset\train\no_cancer\LUNG MRI-NC (60).png,512,512,RGBA
train,no_cancer,LUNG MRI-NC (600).png,.png,..\dataset\lung_cancer_MRI_dataset\train\no_cancer\LUNG MRI-NC (600).png,512,512,RGBA
train,no_cancer,LUNG MRI-NC (601).png,.png,..\dataset\lung_cancer_MRI_dataset\train\no_cancer\LUNG MRI-NC (601).png,512,512,RGBA
train,no_cancer,LUNG MRI-NC (602).png,.png,..\dataset\lung_cancer_MRI_dataset\train\no_cancer\LUNG MRI-NC (602).png,512,512,RGBA
train,no_cancer,LUNG MRI-NC (603).png,.png,..\dataset\lung_cancer_MRI_dataset\train\no_cancer\LUNG MRI-NC (603).png,512,512,RGBA
train,no_cancer,LUNG MRI-NC (604).png,.png,..\dataset\lung_cancer_MRI_dataset\train\no_cancer\LUNG MRI-NC (604).png,512,512,RGBA
train,no_cancer,LUNG MRI-NC (605).png,.png,..\dataset\lung_cancer_MRI_dataset\train\no_cancer\LUNG MRI-NC (605).png,512,512,RGBA
train,no_cancer,LUNG MRI-NC (606).png,.png,..\dataset\lung_cancer_MRI_dataset\train\no_cancer\LUNG MRI-NC (606).png,512,512,RGBA
train,no_cancer,LUNG MRI-NC (607).png,.png,..\dataset\lung_cancer_MRI_dataset\train\no_cancer\LUNG MRI-NC (607).png,512,512,RGBA
train,no_cancer,LUNG MRI-NC (608).png,.png,..\dataset\lung_cancer_MRI_dataset\train\no_cancer\LUNG MRI-NC (608).png,512,512,RGBA
train,no_cancer,LUNG MRI-NC (609).png,.png,..\dataset\lung_cancer_MRI_dataset\train\no_cancer\LUNG MRI-NC (609).png,512,512,RGBA
train,no_cancer,LUNG MRI-NC (61).png,.png,..\dataset\lung_cancer_MRI_dataset\train\no_cancer\LUNG MRI-NC (61).png,512,512,RGBA
train,no_cancer,LUNG MRI-NC (610).png,.png,..\dataset\lung_cancer_MRI_dataset\train\no_cancer\LUNG MRI-NC (610).png,512,512,RGBA
train,no_cancer,LUNG MRI-NC (611).png,.png,..\dataset\lung_cancer_MRI_dataset\train\no_cancer\LUNG MRI-NC (611).png,512,512,RGBA
train,no_cancer,LUNG MRI-NC (612).png,.png,..\dataset\lung_cancer_MRI_dataset\train\no_cancer\LUNG MRI-NC (612).png,512,512,RGBA
train,no_cancer,LUNG MRI-NC (613).png,.png,..\dataset\lung_cancer_MRI_dataset\train\no_cancer\LUNG MRI-NC (613).png,512,512,RGBA
train,no_cancer,LUNG MRI-NC (614).png,.png,..\dataset\lung_cancer_MRI_dataset\train\no_cancer\LUNG MRI-NC (614).png,512,512,RGBA
train,no_cancer,LUNG MRI-NC (615).png,.png,..\dataset\lung_cancer_MRI_dataset\train\no_cancer\LUNG MRI-NC (615).png,512,512,RGBA
train,no_cancer,LUNG MRI-NC (616).png,.png,..\dataset\lung_cancer_MRI_dataset\train\no_cancer\LUNG MRI-NC (616).png,512,512,RGBA
train,no_cancer,LUNG MRI-NC (617).png,.png,..\dataset\lung_cancer_MRI_dataset\train\no_cancer\LUNG MRI-NC (617).png,512,512,RGBA
train,no_cancer,LUNG MRI-NC (618).png,.png,..\dataset\lung_cancer_MRI_dataset\train\no_cancer\LUNG MRI-NC (618).png,512,512,RGBA
train,no_cancer,LUNG MRI-NC (619).png,.png,..\dataset\lung_cancer_MRI_dataset\train\no_cancer\LUNG MRI-NC (619).png,512,512,RGBA
train,no_cancer,LUNG MRI-NC (62).png,.png,..\dataset\lung_cancer_MRI_dataset\train\no_cancer\LUNG MRI-NC (62).png,512,512,RGBA
train,no_cancer,LUNG MRI-NC (620).png,.png,..\dataset\lung_cancer_MRI_dataset\train\no_cancer\LUNG MRI-NC (620).png,512,512,RGBA
train,no_cancer,LUNG MRI-NC (621).png,.png,..\dataset\lung_cancer_MRI_dataset\train\no_cancer\LUNG MRI-NC (621).png,512,512,RGBA
train,no_cancer,LUNG MRI-NC (622).png,.png,..\dataset\lung_cancer_MRI_dataset\train\no_cancer\LUNG MRI-NC (622).png,512,512,RGBA
train,no_cancer,LUNG MRI-NC (623).png,.png,..\dataset\lung_cancer_MRI_dataset\train\no_cancer\LUNG MRI-NC (623).png,512,512,RGBA
train,no_cancer,LUNG MRI-NC (624).png,.png,..\dataset\lung_cancer_MRI_dataset\train\no_cancer\LUNG MRI-NC (624).png,512,512,RGBA
train,no_cancer,LUNG MRI-NC (625).png,.png,..\dataset\lung_cancer_MRI_dataset\train\no_cancer\LUNG MRI-NC (625).png,512,512,RGBA
train,no_cancer,LUNG MRI-NC (626).png,.png,..\dataset\lung_cancer_MRI_dataset\train\no_cancer\LUNG MRI-NC (626).png,512,512,RGBA
train,no_cancer,LUNG MRI-NC (627).png,.png,..\dataset\lung_cancer_MRI_dataset\train\no_cancer\LUNG MRI-NC (627).png,512,512,RGBA
train,no_cancer,LUNG MRI-NC (628).png,.png,..\dataset\lung_cancer_MRI_dataset\train\no_cancer\LUNG MRI-NC (628).png,512,512,RGBA
train,no_cancer,LUNG MRI-NC (629).png,.png,..\dataset\lung_cancer_MRI_dataset\train\no_cancer\LUNG MRI-NC (629).png,512,512,RGBA
train,no_cancer,LUNG MRI-NC (63).png,.png,..\dataset\lung_cancer_MRI_dataset\train\no_cancer\LUNG MRI-NC (63).png,512,512,RGBA
train,no_cancer,LUNG MRI-NC (630).png,.png,..\dataset\lung_cancer_MRI_dataset\train\no_cancer\LUNG MRI-NC (630).png,512,512,RGBA
train,no_cancer,LUNG MRI-NC (631).png,.png,..\dataset\lung_cancer_MRI_dataset\train\no_cancer\LUNG MRI-NC (631).png,512,512,RGBA
train,no_cancer,LUNG MRI-NC (632).png,.png,..\dataset\lung_cancer_MRI_dataset\train\no_cancer\LUNG MRI-NC (632).png,512,512,RGBA
train,no_cancer,LUNG MRI-NC (633).png,.png,..\dataset\lung_cancer_MRI_dataset\train\no_cancer\LUNG MRI-NC (633).png,512,512,RGBA
train,no_cancer,LUNG MRI-NC (634).png,.png,..\dataset\lung_cancer_MRI_dataset\train\no_cancer\LUNG MRI-NC (634).png,512,512,RGBA
train,no_cancer,LUNG MRI-NC (635).png,.png,..\dataset\lung_cancer_MRI_dataset\train\no_cancer\LUNG MRI-NC (635).png,512,512,RGBA
train,no_cancer,LUNG MRI-NC (636).png,.png,..\dataset\lung_cancer_MRI_dataset\train\no_cancer\LUNG MRI-NC (636).png,512,512,RGBA
train,no_cancer,LUNG MRI-NC (637).png,.png,..\dataset\lung_cancer_MRI_dataset\train\no_cancer\LUNG MRI-NC (637).png,512,512,RGBA
train,no_cancer,LUNG MRI-NC (638).png,.png,..\dataset\lung_cancer_MRI_dataset\train\no_cancer\LUNG MRI-NC (638).png,512,512,RGBA
train,no_cancer,LUNG MRI-NC (639).png,.png,..\dataset\lung_cancer_MRI_dataset\train\no_cancer\LUNG MRI-NC (639).png,512,512,RGBA
train,no_cancer,LUNG MRI-NC (64).png,.png,..\dataset\lung_cancer_MRI_dataset\train\no_cancer\LUNG MRI-NC (64).png,512,512,RGBA
train,no_cancer,LUNG MRI-NC (640).png,.png,..\dataset\lung_cancer_MRI_dataset\train\no_cancer\LUNG MRI-NC (640).png,512,512,RGBA
train,no_cancer,LUNG MRI-NC (641).png,.png,..\dataset\lung_cancer_MRI_dataset\train\no_cancer\LUNG MRI-NC (641).png,512,512,RGBA
train,no_cancer,LUNG MRI-NC (642).png,.png,..\dataset\lung_cancer_MRI_dataset\train\no_cancer\LUNG MRI-NC (642).png,512,512,RGBA
train,no_cancer,LUNG MRI-NC (643).png,.png,..\dataset\lung_cancer_MRI_dataset\train\no_cancer\LUNG MRI-NC (643).png,512,512,RGBA
train,no_cancer,LUNG MRI-NC (644).png,.png,..\dataset\lung_cancer_MRI_dataset\train\no_cancer\LUNG MRI-NC (644).png,512,512,RGBA
train,no_cancer,LUNG MRI-NC (645).png,.png,..\dataset\lung_cancer_MRI_dataset\train\no_cancer\LUNG MRI-NC (645).png,512,512,RGBA
train,no_cancer,LUNG MRI-NC (646).png,.png,..\dataset\lung_cancer_MRI_dataset\train\no_cancer\LUNG MRI-NC (646).png,512,512,RGBA
train,no_cancer,LUNG MRI-NC (647).png,.png,..\dataset\lung_cancer_MRI_dataset\train\no_cancer\LUNG MRI-NC (647).png,512,512,RGBA
train,no_cancer,LUNG MRI-NC (648).png,.png,..\dataset\lung_cancer_MRI_dataset\train\no_cancer\LUNG MRI-NC (648).png,512,512,RGBA
train,no_cancer,LUNG MRI-NC (649).png,.png,..\dataset\lung_cancer_MRI_dataset\train\no_cancer\LUNG MRI-NC (649).png,512,512,RGBA
train,no_cancer,LUNG MRI-NC (65).png,.png,..\dataset\lung_cancer_MRI_dataset\train\no_cancer\LUNG MRI-NC (65).png,512,512,RGBA
train,no_cancer,LUNG MRI-NC (650).png,.png,..\dataset\lung_cancer_MRI_dataset\train\no_cancer\LUNG MRI-NC (650).png,512,512,RGBA
train,no_cancer,LUNG MRI-NC (651).png,.png,..\dataset\lung_cancer_MRI_dataset\train\no_cancer\LUNG MRI-NC (651).png,512,512,RGBA
train,no_cancer,LUNG MRI-NC (652).png,.png,..\dataset\lung_cancer_MRI_dataset\train\no_cancer\LUNG MRI-NC (652).png,512,512,RGBA
train,no_cancer,LUNG MRI-NC (653).png,.png,..\dataset\lung_cancer_MRI_dataset\train\no_cancer\LUNG MRI-NC (653).png,512,512,RGBA
train,no_cancer,LUNG MRI-NC (654).png,.png,..\dataset\lung_cancer_MRI_dataset\train\no_cancer\LUNG MRI-NC (654).png,512,512,RGBA
train,no_cancer,LUNG MRI-NC (655).png,.png,..\dataset\lung_cancer_MRI_dataset\train\no_cancer\LUNG MRI-NC (655).png,512,512,RGBA
train,no_cancer,LUNG MRI-NC (656).png,.png,..\dataset\lung_cancer_MRI_dataset\train\no_cancer\LUNG MRI-NC (656).png,512,512,RGBA
train,no_cancer,LUNG MRI-NC (657).png,.png,..\dataset\lung_cancer_MRI_dataset\train\no_cancer\LUNG MRI-NC (657).png,512,512,RGBA
train,no_cancer,LUNG MRI-NC (658).png,.png,..\dataset\lung_cancer_MRI_dataset\train\no_cancer\LUNG MRI-NC (658).png,512,512,RGBA
train,no_cancer,LUNG MRI-NC (659).png,.png,..\dataset\lung_cancer_MRI_dataset\train\no_cancer\LUNG MRI-NC (659).png,512,512,RGBA
train,no_cancer,LUNG MRI-NC (66).png,.png,..\dataset\lung_cancer_MRI_dataset\train\no_cancer\LUNG MRI-NC (66).png,512,512,RGBA
train,no_cancer,LUNG MRI-NC (660).png,.png,..\dataset\lung_cancer_MRI_dataset\train\no_cancer\LUNG MRI-NC (660).png,512,512,RGBA
train,no_cancer,LUNG MRI-NC (661).png,.png,..\dataset\lung_cancer_MRI_dataset\train\no_cancer\LUNG MRI-NC (661).png,512,512,RGBA
train,no_cancer,LUNG MRI-NC (662).png,.png,..\dataset\lung_cancer_MRI_dataset\train\no_cancer\LUNG MRI-NC (662).png,512,512,RGBA
train,no_cancer,LUNG MRI-NC (663).png,.png,..\dataset\lung_cancer_MRI_dataset\train\no_cancer\LUNG MRI-NC (663).png,512,512,RGBA
train,no_cancer,LUNG MRI-NC (664).png,.png,..\dataset\lung_cancer_MRI_dataset\train\no_cancer\LUNG MRI-NC (664).png,512,512,RGBA
train,no_cancer,LUNG MRI-NC (665).png,.png,..\dataset\lung_cancer_MRI_dataset\train\no_cancer\LUNG MRI-NC (665).png,512,512,RGBA
train,no_cancer,LUNG MRI-NC (666).png,.png,..\dataset\lung_cancer_MRI_dataset\train\no_cancer\LUNG MRI-NC (666).png,512,512,RGBA
train,no_cancer,LUNG MRI-NC (667).png,.png,..\dataset\lung_cancer_MRI_dataset\train\no_cancer\LUNG MRI-NC (667).png,512,512,RGBA
train,no_cancer,LUNG MRI-NC (668).png,.png,..\dataset\lung_cancer_MRI_dataset\train\no_cancer\LUNG MRI-NC (668).png,512,512,RGBA
train,no_cancer,LUNG MRI-NC (669).png,.png,..\dataset\lung_cancer_MRI_dataset\train\no_cancer\LUNG MRI-NC (669).png,512,512,RGBA
train,no_cancer,LUNG MRI-NC (67).png,.png,..\dataset\lung_cancer_MRI_dataset\train\no_cancer\LUNG MRI-NC (67).png,512,512,RGBA
train,no_cancer,LUNG MRI-NC (670).png,.png,..\dataset\lung_cancer_MRI_dataset\train\no_cancer\LUNG MRI-NC (670).png,512,512,RGBA
train,no_cancer,LUNG MRI-NC (671).png,.png,..\dataset\lung_cancer_MRI_dataset\train\no_cancer\LUNG MRI-NC (671).png,512,512,RGBA
train,no_cancer,LUNG MRI-NC (672).png,.png,..\dataset\lung_cancer_MRI_dataset\train\no_cancer\LUNG MRI-NC (672).png,512,512,RGBA
train,no_cancer,LUNG MRI-NC (673).png,.png,..\dataset\lung_cancer_MRI_dataset\train\no_cancer\LUNG MRI-NC (673).png,512,512,RGBA
train,no_cancer,LUNG MRI-NC (674).png,.png,..\dataset\lung_cancer_MRI_dataset\train\no_cancer\LUNG MRI-NC (674).png,512,512,RGBA
train,no_cancer,LUNG MRI-NC (675).png,.png,..\dataset\lung_cancer_MRI_dataset\train\no_cancer\LUNG MRI-NC (675).png,512,512,RGBA
train,no_cancer,LUNG MRI-NC (676).png,.png,..\dataset\lung_cancer_MRI_dataset\train\no_cancer\LUNG MRI-NC (676).png,512,512,RGBA
train,no_cancer,LUNG MRI-NC (677).png,.png,..\dataset\lung_cancer_MRI_dataset\train\no_cancer\LUNG MRI-NC (677).png,512,512,RGBA
train,no_cancer,LUNG MRI-NC (678).png,.png,..\dataset\lung_cancer_MRI_dataset\train\no_cancer\LUNG MRI-NC (678).png,512,512,RGBA
train,no_cancer,LUNG MRI-NC (679).png,.png,..\dataset\lung_cancer_MRI_dataset\train\no_cancer\LUNG MRI-NC (679).png,512,512,RGBA
train,no_cancer,LUNG MRI-NC (68).png,.png,..\dataset\lung_cancer_MRI_dataset\train\no_cancer\LUNG MRI-NC (68).png,512,512,RGBA
train,no_cancer,LUNG MRI-NC (680).png,.png,..\dataset\lung_cancer_MRI_dataset\train\no_cancer\LUNG MRI-NC (680).png,512,512,RGBA
train,no_cancer,LUNG MRI-NC (681).png,.png,..\dataset\lung_cancer_MRI_dataset\train\no_cancer\LUNG MRI-NC (681).png,512,512,RGBA
train,no_cancer,LUNG MRI-NC (682).png,.png,..\dataset\lung_cancer_MRI_dataset\train\no_cancer\LUNG MRI-NC (682).png,512,512,RGBA
train,no_cancer,LUNG MRI-NC (683).png,.png,..\dataset\lung_cancer_MRI_dataset\train\no_cancer\LUNG MRI-NC (683).png,512,512,RGBA
train,no_cancer,LUNG MRI-NC (684).png,.png,..\dataset\lung_cancer_MRI_dataset\train\no_cancer\LUNG MRI-NC (684).png,512,512,RGBA
train,no_cancer,LUNG MRI-NC (685).png,.png,..\dataset\lung_cancer_MRI_dataset\train\no_cancer\LUNG MRI-NC (685).png,512,512,RGBA
train,no_cancer,LUNG MRI-NC (686).png,.png,..\dataset\lung_cancer_MRI_dataset\train\no_cancer\LUNG MRI-NC (686).png,512,512,RGBA
train,no_cancer,LUNG MRI-NC (687).png,.png,..\dataset\lung_cancer_MRI_dataset\train\no_cancer\LUNG MRI-NC (687).png,512,512,RGBA
train,no_cancer,LUNG MRI-NC (688).png,.png,..\dataset\lung_cancer_MRI_dataset\train\no_cancer\LUNG MRI-NC (688).png,512,512,RGBA
train,no_cancer,LUNG MRI-NC (689).png,.png,..\dataset\lung_cancer_MRI_dataset\train\no_cancer\LUNG MRI-NC (689).png,512,512,RGBA
train,no_cancer,LUNG MRI-NC (69).png,.png,..\dataset\lung_cancer_MRI_dataset\train\no_cancer\LUNG MRI-NC (69).png,512,512,RGBA
train,no_cancer,LUNG MRI-NC (690).png,.png,..\dataset\lung_cancer_MRI_dataset\train\no_cancer\LUNG MRI-NC (690).png,512,512,RGBA
train,no_cancer,LUNG MRI-NC (691).png,.png,..\dataset\lung_cancer_MRI_dataset\train\no_cancer\LUNG MRI-NC (691).png,512,512,RGBA
train,no_cancer,LUNG MRI-NC (692).png,.png,..\dataset\lung_cancer_MRI_dataset\train\no_cancer\LUNG MRI-NC (692).png,512,512,RGBA
train,no_cancer,LUNG MRI-NC (693).png,.png,..\dataset\lung_cancer_MRI_dataset\train\no_cancer\LUNG MRI-NC (693).png,512,512,RGBA
train,no_cancer,LUNG MRI-NC (694).png,.png,..\dataset\lung_cancer_MRI_dataset\train\no_cancer\LUNG MRI-NC (694).png,512,512,RGBA
train,no_cancer,LUNG MRI-NC (695).png,.png,..\dataset\lung_cancer_MRI_dataset\train\no_cancer\LUNG MRI-NC (695).png,512,512,RGBA
train,no_cancer,LUNG MRI-NC (696).png,.png,..\dataset\lung_cancer_MRI_dataset\train\no_cancer\LUNG MRI-NC (696).png,512,512,RGBA
train,no_cancer,LUNG MRI-NC (697).png,.png,..\dataset\lung_cancer_MRI_dataset\train\no_cancer\LUNG MRI-NC (697).png,512,512,RGBA
train,no_cancer,LUNG MRI-NC (698).png,.png,..\dataset\lung_cancer_MRI_dataset\train\no_cancer\LUNG MRI-NC (698).png,512,512,RGBA
train,no_cancer,LUNG MRI-NC (699).png,.png,..\dataset\lung_cancer_MRI_dataset\train\no_cancer\LUNG MRI-NC (699).png,512,512,RGBA
train,no_cancer,LUNG MRI-NC (7).png,.png,..\dataset\lung_cancer_MRI_dataset\train\no_cancer\LUNG MRI-NC (7).png,512,512,RGBA
train,no_cancer,LUNG MRI-NC (70).png,.png,..\dataset\lung_cancer_MRI_dataset\train\no_cancer\LUNG MRI-NC (70).png,512,512,RGBA
train,no_cancer,LUNG MRI-NC (700).png,.png,..\dataset\lung_cancer_MRI_dataset\train\no_cancer\LUNG MRI-NC (700).png,512,512,RGBA
train,no_cancer,LUNG MRI-NC (701).png,.png,..\dataset\lung_cancer_MRI_dataset\train\no_cancer\LUNG MRI-NC (701).png,512,512,RGBA
train,no_cancer,LUNG MRI-NC (702).png,.png,..\dataset\lung_cancer_MRI_dataset\train\no_cancer\LUNG MRI-NC (702).png,512,512,RGBA
train,no_cancer,LUNG MRI-NC (703).png,.png,..\dataset\lung_cancer_MRI_dataset\train\no_cancer\LUNG MRI-NC (703).png,512,512,RGBA
train,no_cancer,LUNG MRI-NC (704).png,.png,..\dataset\lung_cancer_MRI_dataset\train\no_cancer\LUNG MRI-NC (704).png,512,512,RGBA
train,no_cancer,LUNG MRI-NC (705).png,.png,..\dataset\lung_cancer_MRI_dataset\train\no_cancer\LUNG MRI-NC (705).png,512,512,RGBA
train,no_cancer,LUNG MRI-NC (706).png,.png,..\dataset\lung_cancer_MRI_dataset\train\no_cancer\LUNG MRI-NC (706).png,512,512,RGBA
train,no_cancer,LUNG MRI-NC (707).png,.png,..\dataset\lung_cancer_MRI_dataset\train\no_cancer\LUNG MRI-NC (707).png,512,512,RGBA
train,no_cancer,LUNG MRI-NC (708).png,.png,..\dataset\lung_cancer_MRI_dataset\train\no_cancer\LUNG MRI-NC (708).png,512,512,RGBA
train,no_cancer,LUNG MRI-NC (709).png,.png,..\dataset\lung_cancer_MRI_dataset\train\no_cancer\LUNG MRI-NC (709).png,512,512,RGBA
train,no_cancer,LUNG MRI-NC (71).png,.png,..\dataset\lung_cancer_MRI_dataset\train\no_cancer\LUNG MRI-NC (71).png,512,512,RGBA
train,no_cancer,LUNG MRI-NC (710).png,.png,..\dataset\lung_cancer_MRI_dataset\train\no_cancer\LUNG MRI-NC (710).png,512,512,RGBA
train,no_cancer,LUNG MRI-NC (711).png,.png,..\dataset\lung_cancer_MRI_dataset\train\no_cancer\LUNG MRI-NC (711).png,512,512,RGBA
train,no_cancer,LUNG MRI-NC (712).png,.png,..\dataset\lung_cancer_MRI_dataset\train\no_cancer\LUNG MRI-NC (712).png,512,512,RGBA
train,no_cancer,LUNG MRI-NC (713).png,.png,..\dataset\lung_cancer_MRI_dataset\train\no_cancer\LUNG MRI-NC (713).png,512,512,RGBA
train,no_cancer,LUNG MRI-NC (714).png,.png,..\dataset\lung_cancer_MRI_dataset\train\no_cancer\LUNG MRI-NC (714).png,512,512,RGBA
train,no_cancer,LUNG MRI-NC (715).png,.png,..\dataset\lung_cancer_MRI_dataset\train\no_cancer\LUNG MRI-NC (715).png,512,512,RGBA
train,no_cancer,LUNG MRI-NC (716).png,.png,..\dataset\lung_cancer_MRI_dataset\train\no_cancer\LUNG MRI-NC (716).png,512,512,RGBA
train,no_cancer,LUNG MRI-NC (717).png,.png,..\dataset\lung_cancer_MRI_dataset\train\no_cancer\LUNG MRI-NC (717).png,512,512,RGBA
train,no_cancer,LUNG MRI-NC (718).png,.png,..\dataset\lung_cancer_MRI_dataset\train\no_cancer\LUNG MRI-NC (718).png,512,512,RGBA
train,no_cancer,LUNG MRI-NC (719).png,.png,..\dataset\lung_cancer_MRI_dataset\train\no_cancer\LUNG MRI-NC (719).png,512,512,RGBA
train,no_cancer,LUNG MRI-NC (72).png,.png,..\dataset\lung_cancer_MRI_dataset\train\no_cancer\LUNG MRI-NC (72).png,512,512,RGBA
train,no_cancer,LUNG MRI-NC (720).png,.png,..\dataset\lung_cancer_MRI_dataset\train\no_cancer\LUNG MRI-NC (720).png,512,512,RGBA
train,no_cancer,LUNG MRI-NC (721).png,.png,..\dataset\lung_cancer_MRI_dataset\train\no_cancer\LUNG MRI-NC (721).png,512,512,RGBA
train,no_cancer,LUNG MRI-NC (722).png,.png,..\dataset\lung_cancer_MRI_dataset\train\no_cancer\LUNG MRI-NC (722).png,512,512,RGBA
train,no_cancer,LUNG MRI-NC (723).png,.png,..\dataset\lung_cancer_MRI_dataset\train\no_cancer\LUNG MRI-NC (723).png,512,512,RGBA
train,no_cancer,LUNG MRI-NC (724).png,.png,..\dataset\lung_cancer_MRI_dataset\train\no_cancer\LUNG MRI-NC (724).png,512,512,RGBA
train,no_cancer,LUNG MRI-NC (725).png,.png,..\dataset\lung_cancer_MRI_dataset\train\no_cancer\LUNG MRI-NC (725).png,512,512,RGBA
train,no_cancer,LUNG MRI-NC (726).png,.png,..\dataset\lung_cancer_MRI_dataset\train\no_cancer\LUNG MRI-NC (726).png,512,512,RGBA
train,no_cancer,LUNG MRI-NC (727).png,.png,..\dataset\lung_cancer_MRI_dataset\train\no_cancer\LUNG MRI-NC (727).png,512,512,RGBA
train,no_cancer,LUNG MRI-NC (728).png,.png,..\dataset\lung_cancer_MRI_dataset\train\no_cancer\LUNG MRI-NC (728).png,512,512,RGBA
train,no_cancer,LUNG MRI-NC (729).png,.png,..\dataset\lung_cancer_MRI_dataset\train\no_cancer\LUNG MRI-NC (729).png,512,512,RGBA
train,no_cancer,LUNG MRI-NC (73).png,.png,..\dataset\lung_cancer_MRI_dataset\train\no_cancer\LUNG MRI-NC (73).png,512,512,RGBA
train,no_cancer,LUNG MRI-NC (730).png,.png,..\dataset\lung_cancer_MRI_dataset\train\no_cancer\LUNG MRI-NC (730).png,512,512,RGBA
train,no_cancer,LUNG MRI-NC (731).png,.png,..\dataset\lung_cancer_MRI_dataset\train\no_cancer\LUNG MRI-NC (731).png,512,512,RGBA
train,no_cancer,LUNG MRI-NC (732).png,.png,..\dataset\lung_cancer_MRI_dataset\train\no_cancer\LUNG MRI-NC (732).png,512,512,RGBA
train,no_cancer,LUNG MRI-NC (733).png,.png,..\dataset\lung_cancer_MRI_dataset\train\no_cancer\LUNG MRI-NC (733).png,512,512,RGBA
train,no_cancer,LUNG MRI-NC (734).png,.png,..\dataset\lung_cancer_MRI_dataset\train\no_cancer\LUNG MRI-NC (734).png,512,512,RGBA
train,no_cancer,LUNG MRI-NC (735).png,.png,..\dataset\lung_cancer_MRI_dataset\train\no_cancer\LUNG MRI-NC (735).png,512,512,RGBA
train,no_cancer,LUNG MRI-NC (736).png,.png,..\dataset\lung_cancer_MRI_dataset\train\no_cancer\LUNG MRI-NC (736).png,512,512,RGBA
train,no_cancer,LUNG MRI-NC (737).png,.png,..\dataset\lung_cancer_MRI_dataset\train\no_cancer\LUNG MRI-NC (737).png,512,512,RGBA
train,no_cancer,LUNG MRI-NC (738).png,.png,..\dataset\lung_cancer_MRI_dataset\train\no_cancer\LUNG MRI-NC (738).png,512,512,RGBA
train,no_cancer,LUNG MRI-NC (739).png,.png,..\dataset\lung_cancer_MRI_dataset\train\no_cancer\LUNG MRI-NC (739).png,512,512,RGBA
train,no_cancer,LUNG MRI-NC (74).png,.png,..\dataset\lung_cancer_MRI_dataset\train\no_cancer\LUNG MRI-NC (74).png,512,512,RGBA
train,no_cancer,LUNG MRI-NC (740).png,.png,..\dataset\lung_cancer_MRI_dataset\train\no_cancer\LUNG MRI-NC (740).png,512,512,RGBA
train,no_cancer,LUNG MRI-NC (741).png,.png,..\dataset\lung_cancer_MRI_dataset\train\no_cancer\LUNG MRI-NC (741).png,512,512,RGBA
train,no_cancer,LUNG MRI-NC (742).png,.png,..\dataset\lung_cancer_MRI_dataset\train\no_cancer\LUNG MRI-NC (742).png,512,512,RGBA
train,no_cancer,LUNG MRI-NC (743).png,.png,..\dataset\lung_cancer_MRI_dataset\train\no_cancer\LUNG MRI-NC (743).png,512,512,RGBA
train,no_cancer,LUNG MRI-NC (744).png,.png,..\dataset\lung_cancer_MRI_dataset\train\no_cancer\LUNG MRI-NC (744).png,512,512,RGBA
train,no_cancer,LUNG MRI-NC (745).png,.png,..\dataset\lung_cancer_MRI_dataset\train\no_cancer\LUNG MRI-NC (745).png,512,512,RGBA
train,no_cancer,LUNG MRI-NC (746).png,.png,..\dataset\lung_cancer_MRI_dataset\train\no_cancer\LUNG MRI-NC (746).png,512,512,RGBA
train,no_cancer,LUNG MRI-NC (747).png,.png,..\dataset\lung_cancer_MRI_dataset\train\no_cancer\LUNG MRI-NC (747).png,512,512,RGBA
train,no_cancer,LUNG MRI-NC (748).png,.png,..\dataset\lung_cancer_MRI_dataset\train\no_cancer\LUNG MRI-NC (748).png,512,512,RGBA
train,no_cancer,LUNG MRI-NC (749).png,.png,..\dataset\lung_cancer_MRI_dataset\train\no_cancer\LUNG MRI-NC (749).png,512,512,RGBA
train,no_cancer,LUNG MRI-NC (75).png,.png,..\dataset\lung_cancer_MRI_dataset\train\no_cancer\LUNG MRI-NC (75).png,512,512,RGBA
train,no_cancer,LUNG MRI-NC (750).png,.png,..\dataset\lung_cancer_MRI_dataset\train\no_cancer\LUNG MRI-NC (750).png,512,512,RGBA
train,no_cancer,LUNG MRI-NC (751).png,.png,..\dataset\lung_cancer_MRI_dataset\train\no_cancer\LUNG MRI-NC (751).png,512,512,RGBA
train,no_cancer,LUNG MRI-NC (752).png,.png,..\dataset\lung_cancer_MRI_dataset\train\no_cancer\LUNG MRI-NC (752).png,512,512,RGBA
train,no_cancer,LUNG MRI-NC (753).png,.png,..\dataset\lung_cancer_MRI_dataset\train\no_cancer\LUNG MRI-NC (753).png,512,512,RGBA
train,no_cancer,LUNG MRI-NC (754).png,.png,..\dataset\lung_cancer_MRI_dataset\train\no_cancer\LUNG MRI-NC (754).png,512,512,RGBA
train,no_cancer,LUNG MRI-NC (755).png,.png,..\dataset\lung_cancer_MRI_dataset\train\no_cancer\LUNG MRI-NC (755).png,512,512,RGBA
train,no_cancer,LUNG MRI-NC (756).png,.png,..\dataset\lung_cancer_MRI_dataset\train\no_cancer\LUNG MRI-NC (756).png,512,512,RGBA
train,no_cancer,LUNG MRI-NC (757).png,.png,..\dataset\lung_cancer_MRI_dataset\train\no_cancer\LUNG MRI-NC (757).png,512,512,RGBA
train,no_cancer,LUNG MRI-NC (758).png,.png,..\dataset\lung_cancer_MRI_dataset\train\no_cancer\LUNG MRI-NC (758).png,512,512,RGBA
train,no_cancer,LUNG MRI-NC (759).png,.png,..\dataset\lung_cancer_MRI_dataset\train\no_cancer\LUNG MRI-NC (759).png,512,512,RGBA
train,no_cancer,LUNG MRI-NC (76).png,.png,..\dataset\lung_cancer_MRI_dataset\train\no_cancer\LUNG MRI-NC (76).png,512,512,RGBA
train,no_cancer,LUNG MRI-NC (760).png,.png,..\dataset\lung_cancer_MRI_dataset\train\no_cancer\LUNG MRI-NC (760).png,512,512,RGBA
train,no_cancer,LUNG MRI-NC (761).png,.png,..\dataset\lung_cancer_MRI_dataset\train\no_cancer\LUNG MRI-NC (761).png,512,512,RGBA
train,no_cancer,LUNG MRI-NC (762).png,.png,..\dataset\lung_cancer_MRI_dataset\train\no_cancer\LUNG MRI-NC (762).png,512,512,RGBA
train,no_cancer,LUNG MRI-NC (763).png,.png,..\dataset\lung_cancer_MRI_dataset\train\no_cancer\LUNG MRI-NC (763).png,512,512,RGBA
train,no_cancer,LUNG MRI-NC (764).png,.png,..\dataset\lung_cancer_MRI_dataset\train\no_cancer\LUNG MRI-NC (764).png,512,512,RGBA
train,no_cancer,LUNG MRI-NC (765).png,.png,..\dataset\lung_cancer_MRI_dataset\train\no_cancer\LUNG MRI-NC (765).png,512,512,RGBA
train,no_cancer,LUNG MRI-NC (766).png,.png,..\dataset\lung_cancer_MRI_dataset\train\no_cancer\LUNG MRI-NC (766).png,512,512,RGBA
train,no_cancer,LUNG MRI-NC (767).png,.png,..\dataset\lung_cancer_MRI_dataset\train\no_cancer\LUNG MRI-NC (767).png,512,512,RGBA
train,no_cancer,LUNG MRI-NC (768).png,.png,..\dataset\lung_cancer_MRI_dataset\train\no_cancer\LUNG MRI-NC (768).png,512,512,RGBA
train,no_cancer,LUNG MRI-NC (769).png,.png,..\dataset\lung_cancer_MRI_dataset\train\no_cancer\LUNG MRI-NC (769).png,512,512,RGBA
train,no_cancer,LUNG MRI-NC (77).png,.png,..\dataset\lung_cancer_MRI_dataset\train\no_cancer\LUNG MRI-NC (77).png,512,512,RGBA
train,no_cancer,LUNG MRI-NC (770).png,.png,..\dataset\lung_cancer_MRI_dataset\train\no_cancer\LUNG MRI-NC (770).png,512,512,RGBA
train,no_cancer,LUNG MRI-NC (771).png,.png,..\dataset\lung_cancer_MRI_dataset\train\no_cancer\LUNG MRI-NC (771).png,512,512,RGBA
train,no_cancer,LUNG MRI-NC (772).png,.png,..\dataset\lung_cancer_MRI_dataset\train\no_cancer\LUNG MRI-NC (772).png,512,512,RGBA
train,no_cancer,LUNG MRI-NC (773).png,.png,..\dataset\lung_cancer_MRI_dataset\train\no_cancer\LUNG MRI-NC (773).png,512,512,RGBA
train,no_cancer,LUNG MRI-NC (774).png,.png,..\dataset\lung_cancer_MRI_dataset\train\no_cancer\LUNG MRI-NC (774).png,512,512,RGBA
train,no_cancer,LUNG MRI-NC (775).png,.png,..\dataset\lung_cancer_MRI_dataset\train\no_cancer\LUNG MRI-NC (775).png,512,512,RGBA
train,no_cancer,LUNG MRI-NC (776).png,.png,..\dataset\lung_cancer_MRI_dataset\train\no_cancer\LUNG MRI-NC (776).png,512,512,RGBA
train,no_cancer,LUNG MRI-NC (777).png,.png,..\dataset\lung_cancer_MRI_dataset\train\no_cancer\LUNG MRI-NC (777).png,512,512,RGBA
train,no_cancer,LUNG MRI-NC (778).png,.png,..\dataset\lung_cancer_MRI_dataset\train\no_cancer\LUNG MRI-NC (778).png,512,512,RGBA
train,no_cancer,LUNG MRI-NC (779).png,.png,..\dataset\lung_cancer_MRI_dataset\train\no_cancer\LUNG MRI-NC (779).png,512,512,RGBA
train,no_cancer,LUNG MRI-NC (78).png,.png,..\dataset\lung_cancer_MRI_dataset\train\no_cancer\LUNG MRI-NC (78).png,512,512,RGBA
train,no_cancer,LUNG MRI-NC (780).png,.png,..\dataset\lung_cancer_MRI_dataset\train\no_cancer\LUNG MRI-NC (780).png,512,512,RGBA
train,no_cancer,LUNG MRI-NC (781).png,.png,..\dataset\lung_cancer_MRI_dataset\train\no_cancer\LUNG MRI-NC (781).png,512,512,RGBA
train,no_cancer,LUNG MRI-NC (782).png,.png,..\dataset\lung_cancer_MRI_dataset\train\no_cancer\LUNG MRI-NC (782).png,512,512,RGBA
train,no_cancer,LUNG MRI-NC (783).png,.png,..\dataset\lung_cancer_MRI_dataset\train\no_cancer\LUNG MRI-NC (783).png,512,512,RGBA
train,no_cancer,LUNG MRI-NC (784).png,.png,..\dataset\lung_cancer_MRI_dataset\train\no_cancer\LUNG MRI-NC (784).png,512,512,RGBA
train,no_cancer,LUNG MRI-NC (785).png,.png,..\dataset\lung_cancer_MRI_dataset\train\no_cancer\LUNG MRI-NC (785).png,512,512,RGBA
train,no_cancer,LUNG MRI-NC (786).png,.png,..\dataset\lung_cancer_MRI_dataset\train\no_cancer\LUNG MRI-NC (786).png,512,512,RGBA
train,no_cancer,LUNG MRI-NC (787).png,.png,..\dataset\lung_cancer_MRI_dataset\train\no_cancer\LUNG MRI-NC (787).png,512,512,RGBA
train,no_cancer,LUNG MRI-NC (788).png,.png,..\dataset\lung_cancer_MRI_dataset\train\no_cancer\LUNG MRI-NC (788).png,512,512,RGBA
train,no_cancer,LUNG MRI-NC (789).png,.png,..\dataset\lung_cancer_MRI_dataset\train\no_cancer\LUNG MRI-NC (789).png,512,512,RGBA
train,no_cancer,LUNG MRI-NC (79).png,.png,..\dataset\lung_cancer_MRI_dataset\train\no_cancer\LUNG MRI-NC (79).png,512,512,RGBA
train,no_cancer,LUNG MRI-NC (790).png,.png,..\dataset\lung_cancer_MRI_dataset\train\no_cancer\LUNG MRI-NC (790).png,512,512,RGBA
train,no_cancer,LUNG MRI-NC (791).png,.png,..\dataset\lung_cancer_MRI_dataset\train\no_cancer\LUNG MRI-NC (791).png,512,512,RGBA
train,no_cancer,LUNG MRI-NC (792).png,.png,..\dataset\lung_cancer_MRI_dataset\train\no_cancer\LUNG MRI-NC (792).png,512,512,RGBA
train,no_cancer,LUNG MRI-NC (793).png,.png,..\dataset\lung_cancer_MRI_dataset\train\no_cancer\LUNG MRI-NC (793).png,512,512,RGBA
train,no_cancer,LUNG MRI-NC (794).png,.png,..\dataset\lung_cancer_MRI_dataset\train\no_cancer\LUNG MRI-NC (794).png,512,512,RGBA
train,no_cancer,LUNG MRI-NC (795).png,.png,..\dataset\lung_cancer_MRI_dataset\train\no_cancer\LUNG MRI-NC (795).png,512,512,RGBA
train,no_cancer,LUNG MRI-NC (796).png,.png,..\dataset\lung_cancer_MRI_dataset\train\no_cancer\LUNG MRI-NC (796).png,512,512,RGBA
train,no_cancer,LUNG MRI-NC (797).png,.png,..\dataset\lung_cancer_MRI_dataset\train\no_cancer\LUNG MRI-NC (797).png,512,512,RGBA
train,no_cancer,LUNG MRI-NC (798).png,.png,..\dataset\lung_cancer_MRI_dataset\train\no_cancer\LUNG MRI-NC (798).png,512,512,RGBA
train,no_cancer,LUNG MRI-NC (799).png,.png,..\dataset\lung_cancer_MRI_dataset\train\no_cancer\LUNG MRI-NC (799).png,512,512,RGBA
train,no_cancer,LUNG MRI-NC (8).png,.png,..\dataset\lung_cancer_MRI_dataset\train\no_cancer\LUNG MRI-NC (8).png,512,512,RGBA
train,no_cancer,LUNG MRI-NC (80).png,.png,..\dataset\lung_cancer_MRI_dataset\train\no_cancer\LUNG MRI-NC (80).png,512,512,RGBA
train,no_cancer,LUNG MRI-NC (800).png,.png,..\dataset\lung_cancer_MRI_dataset\train\no_cancer\LUNG MRI-NC (800).png,512,512,RGBA
train,no_cancer,LUNG MRI-NC (801).png,.png,..\dataset\lung_cancer_MRI_dataset\train\no_cancer\LUNG MRI-NC (801).png,512,512,RGBA
train,no_cancer,LUNG MRI-NC (802).png,.png,..\dataset\lung_cancer_MRI_dataset\train\no_cancer\LUNG MRI-NC (802).png,512,512,RGBA
train,no_cancer,LUNG MRI-NC (803).png,.png,..\dataset\lung_cancer_MRI_dataset\train\no_cancer\LUNG MRI-NC (803).png,512,512,RGBA
train,no_cancer,LUNG MRI-NC (804).png,.png,..\dataset\lung_cancer_MRI_dataset\train\no_cancer\LUNG MRI-NC (804).png,512,512,RGBA
train,no_cancer,LUNG MRI-NC (805).png,.png,..\dataset\lung_cancer_MRI_dataset\train\no_cancer\LUNG MRI-NC (805).png,512,512,RGBA
train,no_cancer,LUNG MRI-NC (806).png,.png,..\dataset\lung_cancer_MRI_dataset\train\no_cancer\LUNG MRI-NC (806).png,512,512,RGBA
train,no_cancer,LUNG MRI-NC (807).png,.png,..\dataset\lung_cancer_MRI_dataset\train\no_cancer\LUNG MRI-NC (807).png,512,512,RGBA
train,no_cancer,LUNG MRI-NC (808).png,.png,..\dataset\lung_cancer_MRI_dataset\train\no_cancer\LUNG MRI-NC (808).png,512,512,RGBA
train,no_cancer,LUNG MRI-NC (809).png,.png,..\dataset\lung_cancer_MRI_dataset\train\no_cancer\LUNG MRI-NC (809).png,512,512,RGBA
train,no_cancer,LUNG MRI-NC (81).png,.png,..\dataset\lung_cancer_MRI_dataset\train\no_cancer\LUNG MRI-NC (81).png,512,512,RGBA
train,no_cancer,LUNG MRI-NC (810).png,.png,..\dataset\lung_cancer_MRI_dataset\train\no_cancer\LUNG MRI-NC (810).png,512,512,RGBA
train,no_cancer,LUNG MRI-NC (811).png,.png,..\dataset\lung_cancer_MRI_dataset\train\no_cancer\LUNG MRI-NC (811).png,512,512,RGBA
train,no_cancer,LUNG MRI-NC (812).png,.png,..\dataset\lung_cancer_MRI_dataset\train\no_cancer\LUNG MRI-NC (812).png,512,512,RGBA
train,no_cancer,LUNG MRI-NC (813).png,.png,..\dataset\lung_cancer_MRI_dataset\train\no_cancer\LUNG MRI-NC (813).png,512,512,RGBA
train,no_cancer,LUNG MRI-NC (814).png,.png,..\dataset\lung_cancer_MRI_dataset\train\no_cancer\LUNG MRI-NC (814).png,512,512,RGBA
train,no_cancer,LUNG MRI-NC (815).png,.png,..\dataset\lung_cancer_MRI_dataset\train\no_cancer\LUNG MRI-NC (815).png,512,512,RGBA
train,no_cancer,LUNG MRI-NC (816).png,.png,..\dataset\lung_cancer_MRI_dataset\train\no_cancer\LUNG MRI-NC (816).png,512,512,RGBA
train,no_cancer,LUNG MRI-NC (817).png,.png,..\dataset\lung_cancer_MRI_dataset\train\no_cancer\LUNG MRI-NC (817).png,512,512,RGBA
train,no_cancer,LUNG MRI-NC (818).png,.png,..\dataset\lung_cancer_MRI_dataset\train\no_cancer\LUNG MRI-NC (818).png,512,512,RGBA
train,no_cancer,LUNG MRI-NC (819).png,.png,..\dataset\lung_cancer_MRI_dataset\train\no_cancer\LUNG MRI-NC (819).png,512,512,RGBA
train,no_cancer,LUNG MRI-NC (82).png,.png,..\dataset\lung_cancer_MRI_dataset\train\no_cancer\LUNG MRI-NC (82).png,512,512,RGBA
train,no_cancer,LUNG MRI-NC (820).png,.png,..\dataset\lung_cancer_MRI_dataset\train\no_cancer\LUNG MRI-NC (820).png,512,512,RGBA
train,no_cancer,LUNG MRI-NC (821).png,.png,..\dataset\lung_cancer_MRI_dataset\train\no_cancer\LUNG MRI-NC (821).png,512,512,RGBA
train,no_cancer,LUNG MRI-NC (822).png,.png,..\dataset\lung_cancer_MRI_dataset\train\no_cancer\LUNG MRI-NC (822).png,512,512,RGBA
train,no_cancer,LUNG MRI-NC (823).png,.png,..\dataset\lung_cancer_MRI_dataset\train\no_cancer\LUNG MRI-NC (823).png,512,512,RGBA
train,no_cancer,LUNG MRI-NC (824).png,.png,..\dataset\lung_cancer_MRI_dataset\train\no_cancer\LUNG MRI-NC (824).png,512,512,RGBA
train,no_cancer,LUNG MRI-NC (825).png,.png,..\dataset\lung_cancer_MRI_dataset\train\no_cancer\LUNG MRI-NC (825).png,512,512,RGBA
train,no_cancer,LUNG MRI-NC (826).png,.png,..\dataset\lung_cancer_MRI_dataset\train\no_cancer\LUNG MRI-NC (826).png,512,512,RGBA
train,no_cancer,LUNG MRI-NC (827).png,.png,..\dataset\lung_cancer_MRI_dataset\train\no_cancer\LUNG MRI-NC (827).png,512,512,RGBA
train,no_cancer,LUNG MRI-NC (828).png,.png,..\dataset\lung_cancer_MRI_dataset\train\no_cancer\LUNG MRI-NC (828).png,512,512,RGBA
train,no_cancer,LUNG MRI-NC (829).png,.png,..\dataset\lung_cancer_MRI_dataset\train\no_cancer\LUNG MRI-NC (829).png,512,512,RGBA
train,no_cancer,LUNG MRI-NC (83).png,.png,..\dataset\lung_cancer_MRI_dataset\train\no_cancer\LUNG MRI-NC (83).png,512,512,RGBA
train,no_cancer,LUNG MRI-NC (830).png,.png,..\dataset\lung_cancer_MRI_dataset\train\no_cancer\LUNG MRI-NC (830).png,512,512,RGBA
train,no_cancer,LUNG MRI-NC (831).png,.png,..\dataset\lung_cancer_MRI_dataset\train\no_cancer\LUNG MRI-NC (831).png,512,512,RGBA
train,no_cancer,LUNG MRI-NC (832).png,.png,..\dataset\lung_cancer_MRI_dataset\train\no_cancer\LUNG MRI-NC (832).png,512,512,RGBA
train,no_cancer,LUNG MRI-NC (833).png,.png,..\dataset\lung_cancer_MRI_dataset\train\no_cancer\LUNG MRI-NC (833).png,512,512,RGBA
train,no_cancer,LUNG MRI-NC (834).png,.png,..\dataset\lung_cancer_MRI_dataset\train\no_cancer\LUNG MRI-NC (834).png,512,512,RGBA
train,no_cancer,LUNG MRI-NC (835).png,.png,..\dataset\lung_cancer_MRI_dataset\train\no_cancer\LUNG MRI-NC (835).png,512,512,RGBA
train,no_cancer,LUNG MRI-NC (836).png,.png,..\dataset\lung_cancer_MRI_dataset\train\no_cancer\LUNG MRI-NC (836).png,512,512,RGBA
train,no_cancer,LUNG MRI-NC (837).png,.png,..\dataset\lung_cancer_MRI_dataset\train\no_cancer\LUNG MRI-NC (837).png,512,512,RGBA
train,no_cancer,LUNG MRI-NC (838).png,.png,..\dataset\lung_cancer_MRI_dataset\train\no_cancer\LUNG MRI-NC (838).png,512,512,RGBA
train,no_cancer,LUNG MRI-NC (839).png,.png,..\dataset\lung_cancer_MRI_dataset\train\no_cancer\LUNG MRI-NC (839).png,512,512,RGBA
train,no_cancer,LUNG MRI-NC (84).png,.png,..\dataset\lung_cancer_MRI_dataset\train\no_cancer\LUNG MRI-NC (84).png,512,512,RGBA
train,no_cancer,LUNG MRI-NC (840).png,.png,..\dataset\lung_cancer_MRI_dataset\train\no_cancer\LUNG MRI-NC (840).png,512,512,RGBA
train,no_cancer,LUNG MRI-NC (841).png,.png,..\dataset\lung_cancer_MRI_dataset\train\no_cancer\LUNG MRI-NC (841).png,512,512,RGBA
train,no_cancer,LUNG MRI-NC (842).png,.png,..\dataset\lung_cancer_MRI_dataset\train\no_cancer\LUNG MRI-NC (842).png,512,512,RGBA
train,no_cancer,LUNG MRI-NC (843).png,.png,..\dataset\lung_cancer_MRI_dataset\train\no_cancer\LUNG MRI-NC (843).png,512,512,RGBA
train,no_cancer,LUNG MRI-NC (844).png,.png,..\dataset\lung_cancer_MRI_dataset\train\no_cancer\LUNG MRI-NC (844).png,512,512,RGBA
train,no_cancer,LUNG MRI-NC (845).png,.png,..\dataset\lung_cancer_MRI_dataset\train\no_cancer\LUNG MRI-NC (845).png,512,512,RGBA
train,no_cancer,LUNG MRI-NC (846).png,.png,..\dataset\lung_cancer_MRI_dataset\train\no_cancer\LUNG MRI-NC (846).png,512,512,RGBA
train,no_cancer,LUNG MRI-NC (847).png,.png,..\dataset\lung_cancer_MRI_dataset\train\no_cancer\LUNG MRI-NC (847).png,512,512,RGBA
train,no_cancer,LUNG MRI-NC (848).png,.png,..\dataset\lung_cancer_MRI_dataset\train\no_cancer\LUNG MRI-NC (848).png,512,512,RGBA
train,no_cancer,LUNG MRI-NC (849).png,.png,..\dataset\lung_cancer_MRI_dataset\train\no_cancer\LUNG MRI-NC (849).png,512,512,RGBA
train,no_cancer,LUNG MRI-NC (85).png,.png,..\dataset\lung_cancer_MRI_dataset\train\no_cancer\LUNG MRI-NC (85).png,512,512,RGBA
train,no_cancer,LUNG MRI-NC (850).png,.png,..\dataset\lung_cancer_MRI_dataset\train\no_cancer\LUNG MRI-NC (850).png,512,512,RGBA
train,no_cancer,LUNG MRI-NC (851).png,.png,..\dataset\lung_cancer_MRI_dataset\train\no_cancer\LUNG MRI-NC (851).png,512,512,RGBA
train,no_cancer,LUNG MRI-NC (852).png,.png,..\dataset\lung_cancer_MRI_dataset\train\no_cancer\LUNG MRI-NC (852).png,512,512,RGBA
train,no_cancer,LUNG MRI-NC (853).png,.png,..\dataset\lung_cancer_MRI_dataset\train\no_cancer\LUNG MRI-NC (853).png,512,512,RGBA
train,no_cancer,LUNG MRI-NC (854).png,.png,..\dataset\lung_cancer_MRI_dataset\train\no_cancer\LUNG MRI-NC (854).png,512,512,RGBA
train,no_cancer,LUNG MRI-NC (855).png,.png,..\dataset\lung_cancer_MRI_dataset\train\no_cancer\LUNG MRI-NC (855).png,512,512,RGBA
train,no_cancer,LUNG MRI-NC (856).png,.png,..\dataset\lung_cancer_MRI_dataset\train\no_cancer\LUNG MRI-NC (856).png,512,512,RGBA
train,no_cancer,LUNG MRI-NC (857).png,.png,..\dataset\lung_cancer_MRI_dataset\train\no_cancer\LUNG MRI-NC (857).png,512,512,RGBA
train,no_cancer,LUNG MRI-NC (858).png,.png,..\dataset\lung_cancer_MRI_dataset\train\no_cancer\LUNG MRI-NC (858).png,512,512,RGBA
train,no_cancer,LUNG MRI-NC (859).png,.png,..\dataset\lung_cancer_MRI_dataset\train\no_cancer\LUNG MRI-NC (859).png,512,512,RGBA
train,no_cancer,LUNG MRI-NC (86).png,.png,..\dataset\lung_cancer_MRI_dataset\train\no_cancer\LUNG MRI-NC (86).png,512,512,RGBA
train,no_cancer,LUNG MRI-NC (860).png,.png,..\dataset\lung_cancer_MRI_dataset\train\no_cancer\LUNG MRI-NC (860).png,512,512,RGBA
train,no_cancer,LUNG MRI-NC (861).png,.png,..\dataset\lung_cancer_MRI_dataset\train\no_cancer\LUNG MRI-NC (861).png,512,512,RGBA
train,no_cancer,LUNG MRI-NC (862).png,.png,..\dataset\lung_cancer_MRI_dataset\train\no_cancer\LUNG MRI-NC (862).png,512,512,RGBA
train,no_cancer,LUNG MRI-NC (863).png,.png,..\dataset\lung_cancer_MRI_dataset\train\no_cancer\LUNG MRI-NC (863).png,512,512,RGBA
train,no_cancer,LUNG MRI-NC (864).png,.png,..\dataset\lung_cancer_MRI_dataset\train\no_cancer\LUNG MRI-NC (864).png,512,512,RGBA
train,no_cancer,LUNG MRI-NC (865).png,.png,..\dataset\lung_cancer_MRI_dataset\train\no_cancer\LUNG MRI-NC (865).png,512,512,RGBA
train,no_cancer,LUNG MRI-NC (866).png,.png,..\dataset\lung_cancer_MRI_dataset\train\no_cancer\LUNG MRI-NC (866).png,512,512,RGBA
train,no_cancer,LUNG MRI-NC (867).png,.png,..\dataset\lung_cancer_MRI_dataset\train\no_cancer\LUNG MRI-NC (867).png,512,512,RGBA
train,no_cancer,LUNG MRI-NC (868).png,.png,..\dataset\lung_cancer_MRI_dataset\train\no_cancer\LUNG MRI-NC (868).png,512,512,RGBA
train,no_cancer,LUNG MRI-NC (869).png,.png,..\dataset\lung_cancer_MRI_dataset\train\no_cancer\LUNG MRI-NC (869).png,512,512,RGBA
train,no_cancer,LUNG MRI-NC (87).png,.png,..\dataset\lung_cancer_MRI_dataset\train\no_cancer\LUNG MRI-NC (87).png,512,512,RGBA
train,no_cancer,LUNG MRI-NC (870).png,.png,..\dataset\lung_cancer_MRI_dataset\train\no_cancer\LUNG MRI-NC (870).png,512,512,RGBA
train,no_cancer,LUNG MRI-NC (871).png,.png,..\dataset\lung_cancer_MRI_dataset\train\no_cancer\LUNG MRI-NC (871).png,512,512,RGBA
train,no_cancer,LUNG MRI-NC (872).png,.png,..\dataset\lung_cancer_MRI_dataset\train\no_cancer\LUNG MRI-NC (872).png,512,512,RGBA
train,no_cancer,LUNG MRI-NC (873).png,.png,..\dataset\lung_cancer_MRI_dataset\train\no_cancer\LUNG MRI-NC (873).png,512,512,RGBA
train,no_cancer,LUNG MRI-NC (874).png,.png,..\dataset\lung_cancer_MRI_dataset\train\no_cancer\LUNG MRI-NC (874).png,512,512,RGBA
train,no_cancer,LUNG MRI-NC (875).png,.png,..\dataset\lung_cancer_MRI_dataset\train\no_cancer\LUNG MRI-NC (875).png,512,512,RGBA
train,no_cancer,LUNG MRI-NC (876).png,.png,..\dataset\lung_cancer_MRI_dataset\train\no_cancer\LUNG MRI-NC (876).png,512,512,RGBA
train,no_cancer,LUNG MRI-NC (877).png,.png,..\dataset\lung_cancer_MRI_dataset\train\no_cancer\LUNG MRI-NC (877).png,512,512,RGBA
train,no_cancer,LUNG MRI-NC (878).png,.png,..\dataset\lung_cancer_MRI_dataset\train\no_cancer\LUNG MRI-NC (878).png,512,512,RGBA
train,no_cancer,LUNG MRI-NC (879).png,.png,..\dataset\lung_cancer_MRI_dataset\train\no_cancer\LUNG MRI-NC (879).png,512,512,RGBA
train,no_cancer,LUNG MRI-NC (88).png,.png,..\dataset\lung_cancer_MRI_dataset\train\no_cancer\LUNG MRI-NC (88).png,512,512,RGBA
train,no_cancer,LUNG MRI-NC (880).png,.png,..\dataset\lung_cancer_MRI_dataset\train\no_cancer\LUNG MRI-NC (880).png,512,512,RGBA
train,no_cancer,LUNG MRI-NC (881).png,.png,..\dataset\lung_cancer_MRI_dataset\train\no_cancer\LUNG MRI-NC (881).png,512,512,RGBA
train,no_cancer,LUNG MRI-NC (882).png,.png,..\dataset\lung_cancer_MRI_dataset\train\no_cancer\LUNG MRI-NC (882).png,512,512,RGBA
train,no_cancer,LUNG MRI-NC (883).png,.png,..\dataset\lung_cancer_MRI_dataset\train\no_cancer\LUNG MRI-NC (883).png,512,512,RGBA
train,no_cancer,LUNG MRI-NC (884).png,.png,..\dataset\lung_cancer_MRI_dataset\train\no_cancer\LUNG MRI-NC (884).png,512,512,RGBA
train,no_cancer,LUNG MRI-NC (885).png,.png,..\dataset\lung_cancer_MRI_dataset\train\no_cancer\LUNG MRI-NC (885).png,512,512,RGBA
train,no_cancer,LUNG MRI-NC (886).png,.png,..\dataset\lung_cancer_MRI_dataset\train\no_cancer\LUNG MRI-NC (886).png,512,512,RGBA
train,no_cancer,LUNG MRI-NC (887).png,.png,..\dataset\lung_cancer_MRI_dataset\train\no_cancer\LUNG MRI-NC (887).png,512,512,RGBA
train,no_cancer,LUNG MRI-NC (888).png,.png,..\dataset\lung_cancer_MRI_dataset\train\no_cancer\LUNG MRI-NC (888).png,512,512,RGBA
train,no_cancer,LUNG MRI-NC (889).png,.png,..\dataset\lung_cancer_MRI_dataset\train\no_cancer\LUNG MRI-NC (889).png,512,512,RGBA
train,no_cancer,LUNG MRI-NC (89).png,.png,..\dataset\lung_cancer_MRI_dataset\train\no_cancer\LUNG MRI-NC (89).png,512,512,RGBA
train,no_cancer,LUNG MRI-NC (890).png,.png,..\dataset\lung_cancer_MRI_dataset\train\no_cancer\LUNG MRI-NC (890).png,512,512,RGBA
train,no_cancer,LUNG MRI-NC (891).png,.png,..\dataset\lung_cancer_MRI_dataset\train\no_cancer\LUNG MRI-NC (891).png,512,512,RGBA
train,no_cancer,LUNG MRI-NC (892).png,.png,..\dataset\lung_cancer_MRI_dataset\train\no_cancer\LUNG MRI-NC (892).png,512,512,RGBA
train,no_cancer,LUNG MRI-NC (893).png,.png,..\dataset\lung_cancer_MRI_dataset\train\no_cancer\LUNG MRI-NC (893).png,512,512,RGBA
train,no_cancer,LUNG MRI-NC (894).png,.png,..\dataset\lung_cancer_MRI_dataset\train\no_cancer\LUNG MRI-NC (894).png,512,512,RGBA
train,no_cancer,LUNG MRI-NC (895).png,.png,..\dataset\lung_cancer_MRI_dataset\train\no_cancer\LUNG MRI-NC (895).png,512,512,RGBA
train,no_cancer,LUNG MRI-NC (896).png,.png,..\dataset\lung_cancer_MRI_dataset\train\no_cancer\LUNG MRI-NC (896).png,512,512,RGBA
train,no_cancer,LUNG MRI-NC (897).png,.png,..\dataset\lung_cancer_MRI_dataset\train\no_cancer\LUNG MRI-NC (897).png,512,512,RGBA
train,no_cancer,LUNG MRI-NC (898).png,.png,..\dataset\lung_cancer_MRI_dataset\train\no_cancer\LUNG MRI-NC (898).png,512,512,RGBA
train,no_cancer,LUNG MRI-NC (899).png,.png,..\dataset\lung_cancer_MRI_dataset\train\no_cancer\LUNG MRI-NC (899).png,512,512,RGBA
train,no_cancer,LUNG MRI-NC (9).png,.png,..\dataset\lung_cancer_MRI_dataset\train\no_cancer\LUNG MRI-NC (9).png,512,512,RGBA
train,no_cancer,LUNG MRI-NC (90).png,.png,..\dataset\lung_cancer_MRI_dataset\train\no_cancer\LUNG MRI-NC (90).png,512,512,RGBA
train,no_cancer,LUNG MRI-NC (900).png,.png,..\dataset\lung_cancer_MRI_dataset\train\no_cancer\LUNG MRI-NC (900).png,512,512,RGBA
train,no_cancer,LUNG MRI-NC (901).png,.png,..\dataset\lung_cancer_MRI_dataset\train\no_cancer\LUNG MRI-NC (901).png,512,512,RGBA
train,no_cancer,LUNG MRI-NC (902).png,.png,..\dataset\lung_cancer_MRI_dataset\train\no_cancer\LUNG MRI-NC (902).png,512,512,RGBA
train,no_cancer,LUNG MRI-NC (903).png,.png,..\dataset\lung_cancer_MRI_dataset\train\no_cancer\LUNG MRI-NC (903).png,512,512,RGBA
train,no_cancer,LUNG MRI-NC (904).png,.png,..\dataset\lung_cancer_MRI_dataset\train\no_cancer\LUNG MRI-NC (904).png,512,512,RGBA
train,no_cancer,LUNG MRI-NC (905).png,.png,..\dataset\lung_cancer_MRI_dataset\train\no_cancer\LUNG MRI-NC (905).png,512,512,RGBA
train,no_cancer,LUNG MRI-NC (906).png,.png,..\dataset\lung_cancer_MRI_dataset\train\no_cancer\LUNG MRI-NC (906).png,512,512,RGBA
train,no_cancer,LUNG MRI-NC (907).png,.png,..\dataset\lung_cancer_MRI_dataset\train\no_cancer\LUNG MRI-NC (907).png,512,512,RGBA
train,no_cancer,LUNG MRI-NC (908).png,.png,..\dataset\lung_cancer_MRI_dataset\train\no_cancer\LUNG MRI-NC (908).png,512,512,RGBA
train,no_cancer,LUNG MRI-NC (909).png,.png,..\dataset\lung_cancer_MRI_dataset\train\no_cancer\LUNG MRI-NC (909).png,512,512,RGBA
train,no_cancer,LUNG MRI-NC (91).png,.png,..\dataset\lung_cancer_MRI_dataset\train\no_cancer\LUNG MRI-NC (91).png,512,512,RGBA
train,no_cancer,LUNG MRI-NC (910).png,.png,..\dataset\lung_cancer_MRI_dataset\train\no_cancer\LUNG MRI-NC (910).png,512,512,RGBA
train,no_cancer,LUNG MRI-NC (911).png,.png,..\dataset\lung_cancer_MRI_dataset\train\no_cancer\LUNG MRI-NC (911).png,512,512,RGBA
train,no_cancer,LUNG MRI-NC (912).png,.png,..\dataset\lung_cancer_MRI_dataset\train\no_cancer\LUNG MRI-NC (912).png,512,512,RGBA
train,no_cancer,LUNG MRI-NC (913).png,.png,..\dataset\lung_cancer_MRI_dataset\train\no_cancer\LUNG MRI-NC (913).png,512,512,RGBA
train,no_cancer,LUNG MRI-NC (914).png,.png,..\dataset\lung_cancer_MRI_dataset\train\no_cancer\LUNG MRI-NC (914).png,512,512,RGBA
train,no_cancer,LUNG MRI-NC (915).png,.png,..\dataset\lung_cancer_MRI_dataset\train\no_cancer\LUNG MRI-NC (915).png,512,512,RGBA
train,no_cancer,LUNG MRI-NC (916).png,.png,..\dataset\lung_cancer_MRI_dataset\train\no_cancer\LUNG MRI-NC (916).png,512,512,RGBA
train,no_cancer,LUNG MRI-NC (917).png,.png,..\dataset\lung_cancer_MRI_dataset\train\no_cancer\LUNG MRI-NC (917).png,512,512,RGBA
train,no_cancer,LUNG MRI-NC (918).png,.png,..\dataset\lung_cancer_MRI_dataset\train\no_cancer\LUNG MRI-NC (918).png,512,512,RGBA
train,no_cancer,LUNG MRI-NC (919).png,.png,..\dataset\lung_cancer_MRI_dataset\train\no_cancer\LUNG MRI-NC (919).png,512,512,RGBA
train,no_cancer,LUNG MRI-NC (92).png,.png,..\dataset\lung_cancer_MRI_dataset\train\no_cancer\LUNG MRI-NC (92).png,512,512,RGBA
train,no_cancer,LUNG MRI-NC (920).png,.png,..\dataset\lung_cancer_MRI_dataset\train\no_cancer\LUNG MRI-NC (920).png,512,512,RGBA
train,no_cancer,LUNG MRI-NC (921).png,.png,..\dataset\lung_cancer_MRI_dataset\train\no_cancer\LUNG MRI-NC (921).png,512,512,RGBA
train,no_cancer,LUNG MRI-NC (922).png,.png,..\dataset\lung_cancer_MRI_dataset\train\no_cancer\LUNG MRI-NC (922).png,512,512,RGBA
train,no_cancer,LUNG MRI-NC (923).png,.png,..\dataset\lung_cancer_MRI_dataset\train\no_cancer\LUNG MRI-NC (923).png,512,512,RGBA
train,no_cancer,LUNG MRI-NC (924).png,.png,..\dataset\lung_cancer_MRI_dataset\train\no_cancer\LUNG MRI-NC (924).png,512,512,RGBA
train,no_cancer,LUNG MRI-NC (925).png,.png,..\dataset\lung_cancer_MRI_dataset\train\no_cancer\LUNG MRI-NC (925).png,512,512,RGBA
train,no_cancer,LUNG MRI-NC (926).png,.png,..\dataset\lung_cancer_MRI_dataset\train\no_cancer\LUNG MRI-NC (926).png,512,512,RGBA
train,no_cancer,LUNG MRI-NC (927).png,.png,..\dataset\lung_cancer_MRI_dataset\train\no_cancer\LUNG MRI-NC (927).png,512,512,RGBA
train,no_cancer,LUNG MRI-NC (928).png,.png,..\dataset\lung_cancer_MRI_dataset\train\no_cancer\LUNG MRI-NC (928).png,512,512,RGBA
train,no_cancer,LUNG MRI-NC (929).png,.png,..\dataset\lung_cancer_MRI_dataset\train\no_cancer\LUNG MRI-NC (929).png,512,512,RGBA
train,no_cancer,LUNG MRI-NC (93).png,.png,..\dataset\lung_cancer_MRI_dataset\train\no_cancer\LUNG MRI-NC (93).png,512,512,RGBA
train,no_cancer,LUNG MRI-NC (930).png,.png,..\dataset\lung_cancer_MRI_dataset\train\no_cancer\LUNG MRI-NC (930).png,512,512,RGBA
train,no_cancer,LUNG MRI-NC (931).png,.png,..\dataset\lung_cancer_MRI_dataset\train\no_cancer\LUNG MRI-NC (931).png,512,512,RGBA
train,no_cancer,LUNG MRI-NC (932).png,.png,..\dataset\lung_cancer_MRI_dataset\train\no_cancer\LUNG MRI-NC (932).png,512,512,RGBA
train,no_cancer,LUNG MRI-NC (933).png,.png,..\dataset\lung_cancer_MRI_dataset\train\no_cancer\LUNG MRI-NC (933).png,512,512,RGBA
train,no_cancer,LUNG MRI-NC (934).png,.png,..\dataset\lung_cancer_MRI_dataset\train\no_cancer\LUNG MRI-NC (934).png,512,512,RGBA
train,no_cancer,LUNG MRI-NC (935).png,.png,..\dataset\lung_cancer_MRI_dataset\train\no_cancer\LUNG MRI-NC (935).png,512,512,RGBA
train,no_cancer,LUNG MRI-NC (936).png,.png,..\dataset\lung_cancer_MRI_dataset\train\no_cancer\LUNG MRI-NC (936).png,512,512,RGBA
train,no_cancer,LUNG MRI-NC (937).png,.png,..\dataset\lung_cancer_MRI_dataset\train\no_cancer\LUNG MRI-NC (937).png,512,512,RGBA
train,no_cancer,LUNG MRI-NC (938).png,.png,..\dataset\lung_cancer_MRI_dataset\train\no_cancer\LUNG MRI-NC (938).png,512,512,RGBA
train,no_cancer,LUNG MRI-NC (939).png,.png,..\dataset\lung_cancer_MRI_dataset\train\no_cancer\LUNG MRI-NC (939).png,512,512,RGBA
train,no_cancer,LUNG MRI-NC (94).png,.png,..\dataset\lung_cancer_MRI_dataset\train\no_cancer\LUNG MRI-NC (94).png,512,512,RGBA
train,no_cancer,LUNG MRI-NC (940).png,.png,..\dataset\lung_cancer_MRI_dataset\train\no_cancer\LUNG MRI-NC (940).png,512,512,RGBA
train,no_cancer,LUNG MRI-NC (941).png,.png,..\dataset\lung_cancer_MRI_dataset\train\no_cancer\LUNG MRI-NC (941).png,512,512,RGBA
train,no_cancer,LUNG MRI-NC (942).png,.png,..\dataset\lung_cancer_MRI_dataset\train\no_cancer\LUNG MRI-NC (942).png,512,512,RGBA
train,no_cancer,LUNG MRI-NC (943).png,.png,..\dataset\lung_cancer_MRI_dataset\train\no_cancer\LUNG MRI-NC (943).png,512,512,RGBA
train,no_cancer,LUNG MRI-NC (944).png,.png,..\dataset\lung_cancer_MRI_dataset\train\no_cancer\LUNG MRI-NC (944).png,512,512,RGBA
train,no_cancer,LUNG MRI-NC (945).png,.png,..\dataset\lung_cancer_MRI_dataset\train\no_cancer\LUNG MRI-NC (945).png,512,512,RGBA
train,no_cancer,LUNG MRI-NC (946).png,.png,..\dataset\lung_cancer_MRI_dataset\train\no_cancer\LUNG MRI-NC (946).png,512,512,RGBA
train,no_cancer,LUNG MRI-NC (947).png,.png,..\dataset\lung_cancer_MRI_dataset\train\no_cancer\LUNG MRI-NC (947).png,512,512,RGBA
train,no_cancer,LUNG MRI-NC (948).png,.png,..\dataset\lung_cancer_MRI_dataset\train\no_cancer\LUNG MRI-NC (948).png,512,512,RGBA
train,no_cancer,LUNG MRI-NC (949).png,.png,..\dataset\lung_cancer_MRI_dataset\train\no_cancer\LUNG MRI-NC (949).png,512,512,RGBA
train,no_cancer,LUNG MRI-NC (95).png,.png,..\dataset\lung_cancer_MRI_dataset\train\no_cancer\LUNG MRI-NC (95).png,512,512,RGBA
train,no_cancer,LUNG MRI-NC (950).png,.png,..\dataset\lung_cancer_MRI_dataset\train\no_cancer\LUNG MRI-NC (950).png,512,512,RGBA
train,no_cancer,LUNG MRI-NC (951).png,.png,..\dataset\lung_cancer_MRI_dataset\train\no_cancer\LUNG MRI-NC (951).png,512,512,RGBA
train,no_cancer,LUNG MRI-NC (952).png,.png,..\dataset\lung_cancer_MRI_dataset\train\no_cancer\LUNG MRI-NC (952).png,512,512,RGBA
train,no_cancer,LUNG MRI-NC (953).png,.png,..\dataset\lung_cancer_MRI_dataset\train\no_cancer\LUNG MRI-NC (953).png,512,512,RGBA
train,no_cancer,LUNG MRI-NC (954).png,.png,..\dataset\lung_cancer_MRI_dataset\train\no_cancer\LUNG MRI-NC (954).png,512,512,RGBA
train,no_cancer,LUNG MRI-NC (955).png,.png,..\dataset\lung_cancer_MRI_dataset\train\no_cancer\LUNG MRI-NC (955).png,512,512,RGBA
train,no_cancer,LUNG MRI-NC (956).png,.png,..\dataset\lung_cancer_MRI_dataset\train\no_cancer\LUNG MRI-NC (956).png,512,512,RGBA
train,no_cancer,LUNG MRI-NC (957).png,.png,..\dataset\lung_cancer_MRI_dataset\train\no_cancer\LUNG MRI-NC (957).png,512,512,RGBA
train,no_cancer,LUNG MRI-NC (958).png,.png,..\dataset\lung_cancer_MRI_dataset\train\no_cancer\LUNG MRI-NC (958).png,512,512,RGBA
train,no_cancer,LUNG MRI-NC (959).png,.png,..\dataset\lung_cancer_MRI_dataset\train\no_cancer\LUNG MRI-NC (959).png,512,512,RGBA
train,no_cancer,LUNG MRI-NC (96).png,.png,..\dataset\lung_cancer_MRI_dataset\train\no_cancer\LUNG MRI-NC (96).png,512,512,RGBA
train,no_cancer,LUNG MRI-NC (960).png,.png,..\dataset\lung_cancer_MRI_dataset\train\no_cancer\LUNG MRI-NC (960).png,512,512,RGBA
train,no_cancer,LUNG MRI-NC (961).png,.png,..\dataset\lung_cancer_MRI_dataset\train\no_cancer\LUNG MRI-NC (961).png,512,512,RGBA
train,no_cancer,LUNG MRI-NC (962).png,.png,..\dataset\lung_cancer_MRI_dataset\train\no_cancer\LUNG MRI-NC (962).png,512,512,RGBA
train,no_cancer,LUNG MRI-NC (963).png,.png,..\dataset\lung_cancer_MRI_dataset\train\no_cancer\LUNG MRI-NC (963).png,512,512,RGBA
train,no_cancer,LUNG MRI-NC (964).png,.png,..\dataset\lung_cancer_MRI_dataset\train\no_cancer\LUNG MRI-NC (964).png,512,512,RGBA
train,no_cancer,LUNG MRI-NC (965).png,.png,..\dataset\lung_cancer_MRI_dataset\train\no_cancer\LUNG MRI-NC (965).png,512,512,RGBA
train,no_cancer,LUNG MRI-NC (966).png,.png,..\dataset\lung_cancer_MRI_dataset\train\no_cancer\LUNG MRI-NC (966).png,512,512,RGBA
train,no_cancer,LUNG MRI-NC (967).png,.png,..\dataset\lung_cancer_MRI_dataset\train\no_cancer\LUNG MRI-NC (967).png,512,512,RGBA
train,no_cancer,LUNG MRI-NC (968).png,.png,..\dataset\lung_cancer_MRI_dataset\train\no_cancer\LUNG MRI-NC (968).png,512,512,RGBA
train,no_cancer,LUNG MRI-NC (969).png,.png,..\dataset\lung_cancer_MRI_dataset\train\no_cancer\LUNG MRI-NC (969).png,512,512,RGBA
train,no_cancer,LUNG MRI-NC (97).png,.png,..\dataset\lung_cancer_MRI_dataset\train\no_cancer\LUNG MRI-NC (97).png,512,512,RGBA
train,no_cancer,LUNG MRI-NC (970).png,.png,..\dataset\lung_cancer_MRI_dataset\train\no_cancer\LUNG MRI-NC (970).png,512,512,RGBA
train,no_cancer,LUNG MRI-NC (971).png,.png,..\dataset\lung_cancer_MRI_dataset\train\no_cancer\LUNG MRI-NC (971).png,512,512,RGBA
train,no_cancer,LUNG MRI-NC (972).png,.png,..\dataset\lung_cancer_MRI_dataset\train\no_cancer\LUNG MRI-NC (972).png,512,512,RGBA
train,no_cancer,LUNG MRI-NC (973).png,.png,..\dataset\lung_cancer_MRI_dataset\train\no_cancer\LUNG MRI-NC (973).png,512,512,RGBA
train,no_cancer,LUNG MRI-NC (974).png,.png,..\dataset\lung_cancer_MRI_dataset\train\no_cancer\LUNG MRI-NC (974).png,512,512,RGBA
train,no_cancer,LUNG MRI-NC (975).png,.png,..\dataset\lung_cancer_MRI_dataset\train\no_cancer\LUNG MRI-NC (975).png,512,512,RGBA
train,no_cancer,LUNG MRI-NC (976).png,.png,..\dataset\lung_cancer_MRI_dataset\train\no_cancer\LUNG MRI-NC (976).png,512,512,RGBA
train,no_cancer,LUNG MRI-NC (977).png,.png,..\dataset\lung_cancer_MRI_dataset\train\no_cancer\LUNG MRI-NC (977).png,512,512,RGBA
train,no_cancer,LUNG MRI-NC (978).png,.png,..\dataset\lung_cancer_MRI_dataset\train\no_cancer\LUNG MRI-NC (978).png,512,512,RGBA
train,no_cancer,LUNG MRI-NC (979).png,.png,..\dataset\lung_cancer_MRI_dataset\train\no_cancer\LUNG MRI-NC (979).png,512,512,RGBA
train,no_cancer,LUNG MRI-NC (98).png,.png,..\dataset\lung_cancer_MRI_dataset\train\no_cancer\LUNG MRI-NC (98).png,512,512,RGBA
train,no_cancer,LUNG MRI-NC (980).png,.png,..\dataset\lung_cancer_MRI_dataset\train\no_cancer\LUNG MRI-NC (980).png,512,512,RGBA
train,no_cancer,LUNG MRI-NC (981).png,.png,..\dataset\lung_cancer_MRI_dataset\train\no_cancer\LUNG MRI-NC (981).png,512,512,RGBA
train,no_cancer,LUNG MRI-NC (982).png,.png,..\dataset\lung_cancer_MRI_dataset\train\no_cancer\LUNG MRI-NC (982).png,512,512,RGBA
train,no_cancer,LUNG MRI-NC (983).png,.png,..\dataset\lung_cancer_MRI_dataset\train\no_cancer\LUNG MRI-NC (983).png,512,512,RGBA
train,no_cancer,LUNG MRI-NC (984).png,.png,..\dataset\lung_cancer_MRI_dataset\train\no_cancer\LUNG MRI-NC (984).png,512,512,RGBA
train,no_cancer,LUNG MRI-NC (985).png,.png,..\dataset\lung_cancer_MRI_dataset\train\no_cancer\LUNG MRI-NC (985).png,512,512,RGBA
train,no_cancer,LUNG MRI-NC (986).png,.png,..\dataset\lung_cancer_MRI_dataset\train\no_cancer\LUNG MRI-NC (986).png,512,512,RGBA
train,no_cancer,LUNG MRI-NC (987).png,.png,..\dataset\lung_cancer_MRI_dataset\train\no_cancer\LUNG MRI-NC (987).png,512,512,RGBA
train,no_cancer,LUNG MRI-NC (988).png,.png,..\dataset\lung_cancer_MRI_dataset\train\no_cancer\LUNG MRI-NC (988).png,512,512,RGBA
train,no_cancer,LUNG MRI-NC (989).png,.png,..\dataset\lung_cancer_MRI_dataset\train\no_cancer\LUNG MRI-NC (989).png,512,512,RGBA
train,no_cancer,LUNG MRI-NC (99).png,.png,..\dataset\lung_cancer_MRI_dataset\train\no_cancer\LUNG MRI-NC (99).png,512,512,RGBA
train,no_cancer,LUNG MRI-NC (990).png,.png,..\dataset\lung_cancer_MRI_dataset\train\no_cancer\LUNG MRI-NC (990).png,512,512,RGBA
train,no_cancer,LUNG MRI-NC (991).png,.png,..\dataset\lung_cancer_MRI_dataset\train\no_cancer\LUNG MRI-NC (991).png,512,512,RGBA
train,no_cancer,LUNG MRI-NC (992).png,.png,..\dataset\lung_cancer_MRI_dataset\train\no_cancer\LUNG MRI-NC (992).png,512,512,RGBA
train,no_cancer,LUNG MRI-NC (993).png,.png,..\dataset\lung_cancer_MRI_dataset\train\no_cancer\LUNG MRI-NC (993).png,512,512,RGBA
train,no_cancer,LUNG MRI-NC (994).png,.png,..\dataset\lung_cancer_MRI_dataset\train\no_cancer\LUNG MRI-NC (994).png,512,512,RGBA
train,no_cancer,LUNG MRI-NC (995).png,.png,..\dataset\lung_cancer_MRI_dataset\train\no_cancer\LUNG MRI-NC (995).png,512,512,RGBA
train,no_cancer,LUNG MRI-NC (996).png,.png,..\dataset\lung_cancer_MRI_dataset\train\no_cancer\LUNG MRI-NC (996).png,512,512,RGBA
train,no_cancer,LUNG MRI-NC (997).png,.png,..\dataset\lung_cancer_MRI_dataset\train\no_cancer\LUNG MRI-NC (997).png,512,512,RGBA
train,no_cancer,LUNG MRI-NC (998).png,.png,..\dataset\lung_cancer_MRI_dataset\train\no_cancer\LUNG MRI-NC (998).png,512,512,RGBA
train,no_cancer,LUNG MRI-NC (999).png,.png,..\dataset\lung_cancer_MRI_dataset\train\no_cancer\LUNG MRI-NC (999).png,512,512,RGBA
validate,cancer,Lung MRI (1).png,.png,..\dataset\lung_cancer_MRI_dataset\validate\cancer\Lung MRI (1).png,409,264,RGBA
validate,cancer,Lung MRI (1000).png,.png,..\dataset\lung_cancer_MRI_dataset\validate\cancer\Lung MRI (1000).png,397,336,RGBA
validate,cancer,Lung MRI (1001).png,.png,..\dataset\lung_cancer_MRI_dataset\validate\cancer\Lung MRI (1001).png,416,272,RGBA
validate,cancer,Lung MRI (1002).png,.png,..\dataset\lung_cancer_MRI_dataset\validate\cancer\Lung MRI (1002).png,395,259,RGBA
validate,cancer,Lung MRI (1003).png,.png,..\dataset\lung_cancer_MRI_dataset\validate\cancer\Lung MRI (1003).png,393,295,RGBA
validate,cancer,Lung MRI (1004).png,.png,..\dataset\lung_cancer_MRI_dataset\validate\cancer\Lung MRI (1004).png,412,298,RGBA
validate,cancer,Lung MRI (1005).png,.png,..\dataset\lung_cancer_MRI_dataset\validate\cancer\Lung MRI (1005).png,426,316,RGBA
validate,cancer,Lung MRI (1006).png,.png,..\dataset\lung_cancer_MRI_dataset\validate\cancer\Lung MRI (1006).png,388,302,RGBA
validate,cancer,Lung MRI (1007).png,.png,..\dataset\lung_cancer_MRI_dataset\validate\cancer\Lung MRI (1007).png,388,303,RGBA
validate,cancer,Lung MRI (1008).png,.png,..\dataset\lung_cancer_MRI_dataset\validate\cancer\Lung MRI (1008).png,417,283,RGBA
validate,cancer,Lung MRI (1009).png,.png,..\dataset\lung_cancer_MRI_dataset\validate\cancer\Lung MRI (1009).png,369,212,RGBA
validate,cancer,Lung MRI (1010).png,.png,..\dataset\lung_cancer_MRI_dataset\validate\cancer\Lung MRI (1010).png,378,269,RGBA
validate,cancer,Lung MRI (1011).png,.png,..\dataset\lung_cancer_MRI_dataset\validate\cancer\Lung MRI (1011).png,385,304,RGBA
validate,cancer,Lung MRI (1012).png,.png,..\dataset\lung_cancer_MRI_dataset\validate\cancer\Lung MRI (1012).png,409,225,RGBA
validate,cancer,Lung MRI (1013).png,.png,..\dataset\lung_cancer_MRI_dataset\validate\cancer\Lung MRI (1013).png,373,239,RGBA
validate,cancer,Lung MRI (1014).png,.png,..\dataset\lung_cancer_MRI_dataset\validate\cancer\Lung MRI (1014).png,430,303,RGBA
validate,cancer,Lung MRI (1015).png,.png,..\dataset\lung_cancer_MRI_dataset\validate\cancer\Lung MRI (1015).png,354,230,RGBA
validate,cancer,Lung MRI (1016).png,.png,..\dataset\lung_cancer_MRI_dataset\validate\cancer\Lung MRI (1016).png,401,221,RGBA
validate,cancer,Lung MRI (1017).png,.png,..\dataset\lung_cancer_MRI_dataset\validate\cancer\Lung MRI (1017).png,421,256,RGBA
validate,cancer,Lung MRI (1018).png,.png,..\dataset\lung_cancer_MRI_dataset\validate\cancer\Lung MRI (1018).png,428,309,RGBA
validate,cancer,Lung MRI (1019).png,.png,..\dataset\lung_cancer_MRI_dataset\validate\cancer\Lung MRI (1019).png,429,316,RGBA
validate,cancer,Lung MRI (1020).png,.png,..\dataset\lung_cancer_MRI_dataset\validate\cancer\Lung MRI (1020).png,386,210,RGBA
validate,cancer,Lung MRI (1021).png,.png,..\dataset\lung_cancer_MRI_dataset\validate\cancer\Lung MRI (1021).png,381,284,RGBA
validate,cancer,Lung MRI (1022).png,.png,..\dataset\lung_cancer_MRI_dataset\validate\cancer\Lung MRI (1022).png,379,229,RGBA
validate,cancer,Lung MRI (1023).png,.png,..\dataset\lung_cancer_MRI_dataset\validate\cancer\Lung MRI (1023).png,446,274,RGBA
validate,cancer,Lung MRI (1024).png,.png,..\dataset\lung_cancer_MRI_dataset\validate\cancer\Lung MRI (1024).png,349,266,RGBA
validate,cancer,Lung MRI (1025).png,.png,..\dataset\lung_cancer_MRI_dataset\validate\cancer\Lung MRI (1025).png,392,238,RGBA
validate,cancer,Lung MRI (1026).png,.png,..\dataset\lung_cancer_MRI_dataset\validate\cancer\Lung MRI (1026).png,352,260,RGBA
validate,cancer,Lung MRI (1027).png,.png,..\dataset\lung_cancer_MRI_dataset\validate\cancer\Lung MRI (1027).png,442,276,RGBA
validate,cancer,Lung MRI (1028).png,.png,..\dataset\lung_cancer_MRI_dataset\validate\cancer\Lung MRI (1028).png,371,224,RGBA
validate,cancer,Lung MRI (1029).png,.png,..\dataset\lung_cancer_MRI_dataset\validate\cancer\Lung MRI (1029).png,416,308,RGBA
validate,cancer,Lung MRI (1030).png,.png,..\dataset\lung_cancer_MRI_dataset\validate\cancer\Lung MRI (1030).png,429,295,RGBA
validate,cancer,Lung MRI (1031).png,.png,..\dataset\lung_cancer_MRI_dataset\validate\cancer\Lung MRI (1031).png,418,311,RGBA
validate,cancer,Lung MRI (1032).png,.png,..\dataset\lung_cancer_MRI_dataset\validate\cancer\Lung MRI (1032).png,404,304,RGBA
validate,cancer,Lung MRI (1033).png,.png,..\dataset\lung_cancer_MRI_dataset\validate\cancer\Lung MRI (1033).png,378,257,RGBA
validate,cancer,Lung MRI (1034).png,.png,..\dataset\lung_cancer_MRI_dataset\validate\cancer\Lung MRI (1034).png,424,325,RGBA
validate,cancer,Lung MRI (1035).png,.png,..\dataset\lung_cancer_MRI_dataset\validate\cancer\Lung MRI (1035).png,362,226,RGBA
validate,cancer,Lung MRI (1036).png,.png,..\dataset\lung_cancer_MRI_dataset\validate\cancer\Lung MRI (1036).png,375,261,RGBA
validate,cancer,Lung MRI (1037).png,.png,..\dataset\lung_cancer_MRI_dataset\validate\cancer\Lung MRI (1037).png,392,251,RGBA
validate,cancer,Lung MRI (1038).png,.png,..\dataset\lung_cancer_MRI_dataset\validate\cancer\Lung MRI (1038).png,404,257,RGBA
validate,cancer,Lung MRI (1039).png,.png,..\dataset\lung_cancer_MRI_dataset\validate\cancer\Lung MRI (1039).png,388,261,RGBA
validate,cancer,Lung MRI (1040).png,.png,..\dataset\lung_cancer_MRI_dataset\validate\cancer\Lung MRI (1040).png,396,325,RGBA
validate,cancer,Lung MRI (1041).png,.png,..\dataset\lung_cancer_MRI_dataset\validate\cancer\Lung MRI (1041).png,354,263,RGBA
validate,cancer,Lung MRI (1042).png,.png,..\dataset\lung_cancer_MRI_dataset\validate\cancer\Lung MRI (1042).png,364,249,RGBA
validate,cancer,Lung MRI (1043).png,.png,..\dataset\lung_cancer_MRI_dataset\validate\cancer\Lung MRI (1043).png,377,320,RGBA
validate,cancer,Lung MRI (1044).png,.png,..\dataset\lung_cancer_MRI_dataset\validate\cancer\Lung MRI (1044).png,362,322,RGBA
validate,cancer,Lung MRI (1045).png,.png,..\dataset\lung_cancer_MRI_dataset\validate\cancer\Lung MRI (1045).png,416,284,RGBA
validate,cancer,Lung MRI (1046).png,.png,..\dataset\lung_cancer_MRI_dataset\validate\cancer\Lung MRI (1046).png,386,248,RGBA
validate,cancer,Lung MRI (1047).png,.png,..\dataset\lung_cancer_MRI_dataset\validate\cancer\Lung MRI (1047).png,375,253,RGBA
validate,cancer,Lung MRI (1048).png,.png,..\dataset\lung_cancer_MRI_dataset\validate\cancer\Lung MRI (1048).png,442,275,RGBA
validate,cancer,Lung MRI (1049).png,.png,..\dataset\lung_cancer_MRI_dataset\validate\cancer\Lung MRI (1049).png,437,254,RGBA
validate,cancer,Lung MRI (1050).png,.png,..\dataset\lung_cancer_MRI_dataset\validate\cancer\Lung MRI (1050).png,383,228,RGBA
validate,cancer,Lung MRI (1051).png,.png,..\dataset\lung_cancer_MRI_dataset\validate\cancer\Lung MRI (1051).png,363,243,RGBA
validate,cancer,Lung MRI (1052).png,.png,..\dataset\lung_cancer_MRI_dataset\validate\cancer\Lung MRI (1052).png,442,284,RGBA
validate,cancer,Lung MRI (1053).png,.png,..\dataset\lung_cancer_MRI_dataset\validate\cancer\Lung MRI (1053).png,410,292,RGBA
validate,cancer,Lung MRI (1054).png,.png,..\dataset\lung_cancer_MRI_dataset\validate\cancer\Lung MRI (1054).png,405,292,RGBA
validate,cancer,Lung MRI (1055).png,.png,..\dataset\lung_cancer_MRI_dataset\validate\cancer\Lung MRI (1055).png,361,220,RGBA
validate,cancer,Lung MRI (1056).png,.png,..\dataset\lung_cancer_MRI_dataset\validate\cancer\Lung MRI (1056).png,356,255,RGBA
validate,cancer,Lung MRI (1057).png,.png,..\dataset\lung_cancer_MRI_dataset\validate\cancer\Lung MRI (1057).png,388,248,RGBA
validate,cancer,Lung MRI (1058).png,.png,..\dataset\lung_cancer_MRI_dataset\validate\cancer\Lung MRI (1058).png,389,295,RGBA
validate,cancer,Lung MRI (1059).png,.png,..\dataset\lung_cancer_MRI_dataset\validate\cancer\Lung MRI (1059).png,438,287,RGBA
validate,cancer,Lung MRI (1060).png,.png,..\dataset\lung_cancer_MRI_dataset\validate\cancer\Lung MRI (1060).png,362,250,RGBA
validate,cancer,Lung MRI (1061).png,.png,..\dataset\lung_cancer_MRI_dataset\validate\cancer\Lung MRI (1061).png,384,239,RGBA
validate,cancer,Lung MRI (1062).png,.png,..\dataset\lung_cancer_MRI_dataset\validate\cancer\Lung MRI (1062).png,435,276,RGBA
validate,cancer,Lung MRI (1063).png,.png,..\dataset\lung_cancer_MRI_dataset\validate\cancer\Lung MRI (1063).png,399,314,RGBA
validate,cancer,Lung MRI (1064).png,.png,..\dataset\lung_cancer_MRI_dataset\validate\cancer\Lung MRI (1064).png,395,303,RGBA
validate,cancer,Lung MRI (1065).png,.png,..\dataset\lung_cancer_MRI_dataset\validate\cancer\Lung MRI (1065).png,406,239,RGBA
validate,cancer,Lung MRI (1066).png,.png,..\dataset\lung_cancer_MRI_dataset\validate\cancer\Lung MRI (1066).png,439,279,RGBA
validate,cancer,Lung MRI (1067).png,.png,..\dataset\lung_cancer_MRI_dataset\validate\cancer\Lung MRI (1067).png,437,260,RGBA
validate,cancer,Lung MRI (1068).png,.png,..\dataset\lung_cancer_MRI_dataset\validate\cancer\Lung MRI (1068).png,368,259,RGBA
validate,cancer,Lung MRI (1069).png,.png,..\dataset\lung_cancer_MRI_dataset\validate\cancer\Lung MRI (1069).png,399,243,RGBA
validate,cancer,Lung MRI (1070).png,.png,..\dataset\lung_cancer_MRI_dataset\validate\cancer\Lung MRI (1070).png,357,264,RGBA
validate,cancer,Lung MRI (1071).png,.png,..\dataset\lung_cancer_MRI_dataset\validate\cancer\Lung MRI (1071).png,378,220,RGBA
validate,cancer,Lung MRI (1072).png,.png,..\dataset\lung_cancer_MRI_dataset\validate\cancer\Lung MRI (1072).png,388,325,RGBA
validate,cancer,Lung MRI (1073).png,.png,..\dataset\lung_cancer_MRI_dataset\validate\cancer\Lung MRI (1073).png,425,279,RGBA
validate,cancer,Lung MRI (1074).png,.png,..\dataset\lung_cancer_MRI_dataset\validate\cancer\Lung MRI (1074).png,441,293,RGBA
validate,cancer,Lung MRI (1075).png,.png,..\dataset\lung_cancer_MRI_dataset\validate\cancer\Lung MRI (1075).png,418,218,RGBA
validate,cancer,Lung MRI (1076).png,.png,..\dataset\lung_cancer_MRI_dataset\validate\cancer\Lung MRI (1076).png,393,263,RGBA
validate,cancer,Lung MRI (1077).png,.png,..\dataset\lung_cancer_MRI_dataset\validate\cancer\Lung MRI (1077).png,456,269,RGBA
validate,cancer,Lung MRI (1078).png,.png,..\dataset\lung_cancer_MRI_dataset\validate\cancer\Lung MRI (1078).png,438,248,RGBA
validate,cancer,Lung MRI (1079).png,.png,..\dataset\lung_cancer_MRI_dataset\validate\cancer\Lung MRI (1079).png,445,279,RGBA
validate,cancer,Lung MRI (1080).png,.png,..\dataset\lung_cancer_MRI_dataset\validate\cancer\Lung MRI (1080).png,341,268,RGBA
validate,cancer,Lung MRI (1081).png,.png,..\dataset\lung_cancer_MRI_dataset\validate\cancer\Lung MRI (1081).png,338,243,RGBA
validate,cancer,Lung MRI (1082).png,.png,..\dataset\lung_cancer_MRI_dataset\validate\cancer\Lung MRI (1082).png,428,288,RGBA
validate,cancer,Lung MRI (1083).png,.png,..\dataset\lung_cancer_MRI_dataset\validate\cancer\Lung MRI (1083).png,444,271,RGBA
validate,cancer,Lung MRI (1084).png,.png,..\dataset\lung_cancer_MRI_dataset\validate\cancer\Lung MRI (1084).png,426,255,RGBA
validate,cancer,Lung MRI (1085).png,.png,..\dataset\lung_cancer_MRI_dataset\validate\cancer\Lung MRI (1085).png,344,268,RGBA
validate,cancer,Lung MRI (1086).png,.png,..\dataset\lung_cancer_MRI_dataset\validate\cancer\Lung MRI (1086).png,410,315,RGBA
validate,cancer,Lung MRI (1087).png,.png,..\dataset\lung_cancer_MRI_dataset\validate\cancer\Lung MRI (1087).png,380,224,RGBA
validate,cancer,Lung MRI (1088).png,.png,..\dataset\lung_cancer_MRI_dataset\validate\cancer\Lung MRI (1088).png,414,267,RGBA
validate,cancer,Lung MRI (1089).png,.png,..\dataset\lung_cancer_MRI_dataset\validate\cancer\Lung MRI (1089).png,339,260,RGBA
validate,cancer,Lung MRI (1090).png,.png,..\dataset\lung_cancer_MRI_dataset\validate\cancer\Lung MRI (1090).png,388,284,RGBA
validate,cancer,Lung MRI (1091).png,.png,..\dataset\lung_cancer_MRI_dataset\validate\cancer\Lung MRI (1091).png,376,267,RGBA
validate,cancer,Lung MRI (1092).png,.png,..\dataset\lung_cancer_MRI_dataset\validate\cancer\Lung MRI (1092).png,325,241,RGBA
validate,cancer,Lung MRI (1093).png,.png,..\dataset\lung_cancer_MRI_dataset\validate\cancer\Lung MRI (1093).png,371,226,RGBA
validate,cancer,Lung MRI (1094).png,.png,..\dataset\lung_cancer_MRI_dataset\validate\cancer\Lung MRI (1094).png,403,193,RGBA
validate,cancer,Lung MRI (1095).png,.png,..\dataset\lung_cancer_MRI_dataset\validate\cancer\Lung MRI (1095).png,361,251,RGBA
validate,cancer,Lung MRI (1096).png,.png,..\dataset\lung_cancer_MRI_dataset\validate\cancer\Lung MRI (1096).png,394,252,RGBA
validate,cancer,Lung MRI (1097).png,.png,..\dataset\lung_cancer_MRI_dataset\validate\cancer\Lung MRI (1097).png,445,287,RGBA
validate,cancer,Lung MRI (1098).png,.png,..\dataset\lung_cancer_MRI_dataset\validate\cancer\Lung MRI (1098).png,423,288,RGBA
validate,cancer,Lung MRI (1099).png,.png,..\dataset\lung_cancer_MRI_dataset\validate\cancer\Lung MRI (1099).png,365,303,RGBA
validate,cancer,Lung MRI (1100).png,.png,..\dataset\lung_cancer_MRI_dataset\validate\cancer\Lung MRI (1100).png,380,231,RGBA
validate,cancer,Lung MRI (1101).png,.png,..\dataset\lung_cancer_MRI_dataset\validate\cancer\Lung MRI (1101).png,420,282,RGBA
validate,cancer,Lung MRI (1102).png,.png,..\dataset\lung_cancer_MRI_dataset\validate\cancer\Lung MRI (1102).png,306,237,RGBA
validate,cancer,Lung MRI (1103).png,.png,..\dataset\lung_cancer_MRI_dataset\validate\cancer\Lung MRI (1103).png,407,279,RGBA
validate,cancer,Lung MRI (1104).png,.png,..\dataset\lung_cancer_MRI_dataset\validate\cancer\Lung MRI (1104).png,404,240,RGBA
validate,cancer,Lung MRI (1105).png,.png,..\dataset\lung_cancer_MRI_dataset\validate\cancer\Lung MRI (1105).png,425,301,RGBA
validate,cancer,Lung MRI (1106).png,.png,..\dataset\lung_cancer_MRI_dataset\validate\cancer\Lung MRI (1106).png,383,318,RGBA
validate,cancer,Lung MRI (1107).png,.png,..\dataset\lung_cancer_MRI_dataset\validate\cancer\Lung MRI (1107).png,345,245,RGBA
validate,cancer,Lung MRI (1108).png,.png,..\dataset\lung_cancer_MRI_dataset\validate\cancer\Lung MRI (1108).png,405,298,RGBA
validate,cancer,Lung MRI (1109).png,.png,..\dataset\lung_cancer_MRI_dataset\validate\cancer\Lung MRI (1109).png,395,257,RGBA
validate,cancer,Lung MRI (1110).png,.png,..\dataset\lung_cancer_MRI_dataset\validate\cancer\Lung MRI (1110).png,386,205,RGBA
validate,cancer,Lung MRI (1111).png,.png,..\dataset\lung_cancer_MRI_dataset\validate\cancer\Lung MRI (1111).png,381,282,RGBA
validate,cancer,Lung MRI (1112).png,.png,..\dataset\lung_cancer_MRI_dataset\validate\cancer\Lung MRI (1112).png,488,339,RGBA
validate,cancer,Lung MRI (1113).png,.png,..\dataset\lung_cancer_MRI_dataset\validate\cancer\Lung MRI (1113).png,315,245,RGBA
validate,cancer,Lung MRI (1114).png,.png,..\dataset\lung_cancer_MRI_dataset\validate\cancer\Lung MRI (1114).png,395,247,RGBA
validate,cancer,Lung MRI (1115).png,.png,..\dataset\lung_cancer_MRI_dataset\validate\cancer\Lung MRI (1115).png,411,285,RGBA
validate,cancer,Lung MRI (1116).png,.png,..\dataset\lung_cancer_MRI_dataset\validate\cancer\Lung MRI (1116).png,486,335,RGBA
validate,cancer,Lung MRI (1117).png,.png,..\dataset\lung_cancer_MRI_dataset\validate\cancer\Lung MRI (1117).png,439,264,RGBA
validate,cancer,Lung MRI (1118).png,.png,..\dataset\lung_cancer_MRI_dataset\validate\cancer\Lung MRI (1118).png,483,357,RGBA
validate,cancer,Lung MRI (1119).png,.png,..\dataset\lung_cancer_MRI_dataset\validate\cancer\Lung MRI (1119).png,456,406,RGBA
validate,cancer,Lung MRI (1120).png,.png,..\dataset\lung_cancer_MRI_dataset\validate\cancer\Lung MRI (1120).png,406,256,RGBA
validate,cancer,Lung MRI (1121).png,.png,..\dataset\lung_cancer_MRI_dataset\validate\cancer\Lung MRI (1121).png,345,255,RGBA
validate,cancer,Lung MRI (1122).png,.png,..\dataset\lung_cancer_MRI_dataset\validate\cancer\Lung MRI (1122).png,425,314,RGBA
validate,cancer,Lung MRI (1123).png,.png,..\dataset\lung_cancer_MRI_dataset\validate\cancer\Lung MRI (1123).png,350,265,RGBA
validate,cancer,Lung MRI (1124).png,.png,..\dataset\lung_cancer_MRI_dataset\validate\cancer\Lung MRI (1124).png,381,219,RGBA
validate,cancer,Lung MRI (1125).png,.png,..\dataset\lung_cancer_MRI_dataset\validate\cancer\Lung MRI (1125).png,438,308,RGBA
validate,cancer,Lung MRI (1126).png,.png,..\dataset\lung_cancer_MRI_dataset\validate\cancer\Lung MRI (1126).png,417,296,RGBA
validate,cancer,Lung MRI (1127).png,.png,..\dataset\lung_cancer_MRI_dataset\validate\cancer\Lung MRI (1127).png,409,334,RGBA
validate,cancer,Lung MRI (1128).png,.png,..\dataset\lung_cancer_MRI_dataset\validate\cancer\Lung MRI (1128).png,464,328,RGBA
validate,cancer,Lung MRI (1129).png,.png,..\dataset\lung_cancer_MRI_dataset\validate\cancer\Lung MRI (1129).png,338,269,RGBA
validate,cancer,Lung MRI (1130).png,.png,..\dataset\lung_cancer_MRI_dataset\validate\cancer\Lung MRI (1130).png,434,337,RGBA
validate,cancer,Lung MRI (1131).png,.png,..\dataset\lung_cancer_MRI_dataset\validate\cancer\Lung MRI (1131).png,405,297,RGBA
validate,cancer,Lung MRI (1132).png,.png,..\dataset\lung_cancer_MRI_dataset\validate\cancer\Lung MRI (1132).png,431,245,RGBA
validate,cancer,Lung MRI (1133).png,.png,..\dataset\lung_cancer_MRI_dataset\validate\cancer\Lung MRI (1133).png,485,340,RGBA
validate,cancer,Lung MRI (1134).png,.png,..\dataset\lung_cancer_MRI_dataset\validate\cancer\Lung MRI (1134).png,395,314,RGBA
validate,cancer,Lung MRI (1135).png,.png,..\dataset\lung_cancer_MRI_dataset\validate\cancer\Lung MRI (1135).png,411,322,RGBA
validate,cancer,Lung MRI (1136).png,.png,..\dataset\lung_cancer_MRI_dataset\validate\cancer\Lung MRI (1136).png,453,302,RGBA
validate,cancer,Lung MRI (1137).png,.png,..\dataset\lung_cancer_MRI_dataset\validate\cancer\Lung MRI (1137).png,401,241,RGBA
validate,cancer,Lung MRI (1138).png,.png,..\dataset\lung_cancer_MRI_dataset\validate\cancer\Lung MRI (1138).png,379,309,RGBA
validate,cancer,Lung MRI (1139).png,.png,..\dataset\lung_cancer_MRI_dataset\validate\cancer\Lung MRI (1139).png,324,265,RGBA
validate,cancer,Lung MRI (1140).png,.png,..\dataset\lung_cancer_MRI_dataset\validate\cancer\Lung MRI (1140).png,358,253,RGBA
validate,cancer,Lung MRI (1141).png,.png,..\dataset\lung_cancer_MRI_dataset\validate\cancer\Lung MRI (1141).png,402,322,RGBA
validate,cancer,Lung MRI (1142).png,.png,..\dataset\lung_cancer_MRI_dataset\validate\cancer\Lung MRI (1142).png,430,331,RGBA
validate,cancer,Lung MRI (1143).png,.png,..\dataset\lung_cancer_MRI_dataset\validate\cancer\Lung MRI (1143).png,399,279,RGBA
validate,cancer,Lung MRI (1144).png,.png,..\dataset\lung_cancer_MRI_dataset\validate\cancer\Lung MRI (1144).png,424,326,RGBA
validate,cancer,Lung MRI (1145).png,.png,..\dataset\lung_cancer_MRI_dataset\validate\cancer\Lung MRI (1145).png,447,330,RGBA
validate,cancer,Lung MRI (1146).png,.png,..\dataset\lung_cancer_MRI_dataset\validate\cancer\Lung MRI (1146).png,444,320,RGBA
validate,cancer,Lung MRI (1147).png,.png,..\dataset\lung_cancer_MRI_dataset\validate\cancer\Lung MRI (1147).png,356,258,RGBA
validate,cancer,Lung MRI (1148).png,.png,..\dataset\lung_cancer_MRI_dataset\validate\cancer\Lung MRI (1148).png,484,264,RGBA
validate,cancer,Lung MRI (1149).png,.png,..\dataset\lung_cancer_MRI_dataset\validate\cancer\Lung MRI (1149).png,423,308,RGBA
validate,cancer,Lung MRI (1150).png,.png,..\dataset\lung_cancer_MRI_dataset\validate\cancer\Lung MRI (1150).png,421,246,RGBA
validate,cancer,Lung MRI (1151).png,.png,..\dataset\lung_cancer_MRI_dataset\validate\cancer\Lung MRI (1151).png,475,341,RGBA
validate,cancer,Lung MRI (1152).png,.png,..\dataset\lung_cancer_MRI_dataset\validate\cancer\Lung MRI (1152).png,465,326,RGBA
validate,cancer,Lung MRI (1153).png,.png,..\dataset\lung_cancer_MRI_dataset\validate\cancer\Lung MRI (1153).png,409,274,RGBA
validate,cancer,Lung MRI (1154).png,.png,..\dataset\lung_cancer_MRI_dataset\validate\cancer\Lung MRI (1154).png,406,364,RGBA
validate,cancer,Lung MRI (1155).png,.png,..\dataset\lung_cancer_MRI_dataset\validate\cancer\Lung MRI (1155).png,448,329,RGBA
validate,cancer,Lung MRI (1156).png,.png,..\dataset\lung_cancer_MRI_dataset\validate\cancer\Lung MRI (1156).png,419,295,RGBA
validate,cancer,Lung MRI (1157).png,.png,..\dataset\lung_cancer_MRI_dataset\validate\cancer\Lung MRI (1157).png,429,353,RGBA
validate,cancer,Lung MRI (1158).png,.png,..\dataset\lung_cancer_MRI_dataset\validate\cancer\Lung MRI (1158).png,453,318,RGBA
validate,cancer,Lung MRI (1159).png,.png,..\dataset\lung_cancer_MRI_dataset\validate\cancer\Lung MRI (1159).png,482,329,RGBA
validate,cancer,Lung MRI (1160).png,.png,..\dataset\lung_cancer_MRI_dataset\validate\cancer\Lung MRI (1160).png,363,245,RGBA
validate,cancer,Lung MRI (1161).png,.png,..\dataset\lung_cancer_MRI_dataset\validate\cancer\Lung MRI (1161).png,409,280,RGBA
validate,cancer,Lung MRI (1162).png,.png,..\dataset\lung_cancer_MRI_dataset\validate\cancer\Lung MRI (1162).png,400,271,RGBA
validate,cancer,Lung MRI (1163).png,.png,..\dataset\lung_cancer_MRI_dataset\validate\cancer\Lung MRI (1163).png,409,202,RGBA
validate,cancer,Lung MRI (1164).png,.png,..\dataset\lung_cancer_MRI_dataset\validate\cancer\Lung MRI (1164).png,397,349,RGBA
validate,cancer,Lung MRI (1165).png,.png,..\dataset\lung_cancer_MRI_dataset\validate\cancer\Lung MRI (1165).png,438,326,RGBA
validate,cancer,Lung MRI (1166).png,.png,..\dataset\lung_cancer_MRI_dataset\validate\cancer\Lung MRI (1166).png,468,409,RGBA
validate,cancer,Lung MRI (1167).png,.png,..\dataset\lung_cancer_MRI_dataset\validate\cancer\Lung MRI (1167).png,380,325,RGBA
validate,cancer,Lung MRI (1168).png,.png,..\dataset\lung_cancer_MRI_dataset\validate\cancer\Lung MRI (1168).png,422,365,RGBA
validate,cancer,Lung MRI (1169).png,.png,..\dataset\lung_cancer_MRI_dataset\validate\cancer\Lung MRI (1169).png,434,245,RGBA
validate,cancer,Lung MRI (1170).png,.png,..\dataset\lung_cancer_MRI_dataset\validate\cancer\Lung MRI (1170).png,445,314,RGBA
validate,cancer,Lung MRI (1171).png,.png,..\dataset\lung_cancer_MRI_dataset\validate\cancer\Lung MRI (1171).png,397,309,RGBA
validate,cancer,Lung MRI (1172).png,.png,..\dataset\lung_cancer_MRI_dataset\validate\cancer\Lung MRI (1172).png,420,225,RGBA
validate,cancer,Lung MRI (1173).png,.png,..\dataset\lung_cancer_MRI_dataset\validate\cancer\Lung MRI (1173).png,386,235,RGBA
validate,cancer,Lung MRI (1174).png,.png,..\dataset\lung_cancer_MRI_dataset\validate\cancer\Lung MRI (1174).png,411,326,RGBA
validate,cancer,Lung MRI (1175).png,.png,..\dataset\lung_cancer_MRI_dataset\validate\cancer\Lung MRI (1175).png,427,297,RGBA
validate,cancer,Lung MRI (1176).png,.png,..\dataset\lung_cancer_MRI_dataset\validate\cancer\Lung MRI (1176).png,450,356,RGBA
validate,cancer,Lung MRI (1177).png,.png,..\dataset\lung_cancer_MRI_dataset\validate\cancer\Lung MRI (1177).png,435,269,RGBA
validate,cancer,Lung MRI (1178).png,.png,..\dataset\lung_cancer_MRI_dataset\validate\cancer\Lung MRI (1178).png,444,368,RGBA
validate,cancer,Lung MRI (1179).png,.png,..\dataset\lung_cancer_MRI_dataset\validate\cancer\Lung MRI (1179).png,355,252,RGBA
validate,cancer,Lung MRI (1180).png,.png,..\dataset\lung_cancer_MRI_dataset\validate\cancer\Lung MRI (1180).png,469,345,RGBA
validate,cancer,Lung MRI (1181).png,.png,..\dataset\lung_cancer_MRI_dataset\validate\cancer\Lung MRI (1181).png,426,313,RGBA
validate,cancer,Lung MRI (1182).png,.png,..\dataset\lung_cancer_MRI_dataset\validate\cancer\Lung MRI (1182).png,446,352,RGBA
validate,cancer,Lung MRI (1183).png,.png,..\dataset\lung_cancer_MRI_dataset\validate\cancer\Lung MRI (1183).png,429,314,RGBA
validate,cancer,Lung MRI (1184).png,.png,..\dataset\lung_cancer_MRI_dataset\validate\cancer\Lung MRI (1184).png,454,347,RGBA
validate,cancer,Lung MRI (1185).png,.png,..\dataset\lung_cancer_MRI_dataset\validate\cancer\Lung MRI (1185).png,354,268,RGBA
validate,cancer,Lung MRI (1186).png,.png,..\dataset\lung_cancer_MRI_dataset\validate\cancer\Lung MRI (1186).png,365,300,RGBA
validate,cancer,Lung MRI (1187).png,.png,..\dataset\lung_cancer_MRI_dataset\validate\cancer\Lung MRI (1187).png,376,237,RGBA
validate,cancer,Lung MRI (1188).png,.png,..\dataset\lung_cancer_MRI_dataset\validate\cancer\Lung MRI (1188).png,444,243,RGBA
validate,cancer,Lung MRI (1189).png,.png,..\dataset\lung_cancer_MRI_dataset\validate\cancer\Lung MRI (1189).png,450,350,RGBA
validate,cancer,Lung MRI (1190).png,.png,..\dataset\lung_cancer_MRI_dataset\validate\cancer\Lung MRI (1190).png,454,318,RGBA
validate,cancer,Lung MRI (1191).png,.png,..\dataset\lung_cancer_MRI_dataset\validate\cancer\Lung MRI (1191).png,350,274,RGBA
validate,cancer,Lung MRI (1192).png,.png,..\dataset\lung_cancer_MRI_dataset\validate\cancer\Lung MRI (1192).png,415,301,RGBA
validate,cancer,Lung MRI (1193).png,.png,..\dataset\lung_cancer_MRI_dataset\validate\cancer\Lung MRI (1193).png,468,332,RGBA
validate,cancer,Lung MRI (1194).png,.png,..\dataset\lung_cancer_MRI_dataset\validate\cancer\Lung MRI (1194).png,443,356,RGBA
validate,cancer,Lung MRI (1195).png,.png,..\dataset\lung_cancer_MRI_dataset\validate\cancer\Lung MRI (1195).png,426,324,RGBA
validate,cancer,Lung MRI (1196).png,.png,..\dataset\lung_cancer_MRI_dataset\validate\cancer\Lung MRI (1196).png,439,339,RGBA
validate,cancer,Lung MRI (1197).png,.png,..\dataset\lung_cancer_MRI_dataset\validate\cancer\Lung MRI (1197).png,427,319,RGBA
validate,cancer,Lung MRI (1198).png,.png,..\dataset\lung_cancer_MRI_dataset\validate\cancer\Lung MRI (1198).png,451,340,RGBA
validate,cancer,Lung MRI (1199).png,.png,..\dataset\lung_cancer_MRI_dataset\validate\cancer\Lung MRI (1199).png,474,332,RGBA
validate,cancer,Lung MRI (1200).png,.png,..\dataset\lung_cancer_MRI_dataset\validate\cancer\Lung MRI (1200).png,496,336,RGBA
validate,cancer,Lung MRI (1201).png,.png,..\dataset\lung_cancer_MRI_dataset\validate\cancer\Lung MRI (1201).png,400,323,RGBA
validate,cancer,Lung MRI (1202).png,.png,..\dataset\lung_cancer_MRI_dataset\validate\cancer\Lung MRI (1202).png,376,309,RGBA
validate,cancer,Lung MRI (1203).png,.png,..\dataset\lung_cancer_MRI_dataset\validate\cancer\Lung MRI (1203).png,452,307,RGBA
validate,cancer,Lung MRI (1204).png,.png,..\dataset\lung_cancer_MRI_dataset\validate\cancer\Lung MRI (1204).png,498,337,RGBA
validate,cancer,Lung MRI (1205).png,.png,..\dataset\lung_cancer_MRI_dataset\validate\cancer\Lung MRI (1205).png,419,329,RGBA
validate,cancer,Lung MRI (1206).png,.png,..\dataset\lung_cancer_MRI_dataset\validate\cancer\Lung MRI (1206).png,468,354,RGBA
validate,cancer,Lung MRI (1207).png,.png,..\dataset\lung_cancer_MRI_dataset\validate\cancer\Lung MRI (1207).png,414,351,RGBA
validate,cancer,Lung MRI (1208).png,.png,..\dataset\lung_cancer_MRI_dataset\validate\cancer\Lung MRI (1208).png,455,315,RGBA
validate,cancer,Lung MRI (1209).png,.png,..\dataset\lung_cancer_MRI_dataset\validate\cancer\Lung MRI (1209).png,460,355,RGBA
validate,cancer,Lung MRI (1210).png,.png,..\dataset\lung_cancer_MRI_dataset\validate\cancer\Lung MRI (1210).png,391,291,RGBA
validate,cancer,Lung MRI (1211).png,.png,..\dataset\lung_cancer_MRI_dataset\validate\cancer\Lung MRI (1211).png,385,302,RGBA
validate,cancer,Lung MRI (1212).png,.png,..\dataset\lung_cancer_MRI_dataset\validate\cancer\Lung MRI (1212).png,487,301,RGBA
validate,cancer,Lung MRI (1213).png,.png,..\dataset\lung_cancer_MRI_dataset\validate\cancer\Lung MRI (1213).png,450,351,RGBA
validate,cancer,Lung MRI (1214).png,.png,..\dataset\lung_cancer_MRI_dataset\validate\cancer\Lung MRI (1214).png,419,334,RGBA
validate,cancer,Lung MRI (1215).png,.png,..\dataset\lung_cancer_MRI_dataset\validate\cancer\Lung MRI (1215).png,384,310,RGBA
validate,cancer,Lung MRI (1216).png,.png,..\dataset\lung_cancer_MRI_dataset\validate\cancer\Lung MRI (1216).png,456,329,RGBA
validate,cancer,Lung MRI (1217).png,.png,..\dataset\lung_cancer_MRI_dataset\validate\cancer\Lung MRI (1217).png,448,250,RGBA
validate,cancer,Lung MRI (1218).png,.png,..\dataset\lung_cancer_MRI_dataset\validate\cancer\Lung MRI (1218).png,365,322,RGBA
validate,cancer,Lung MRI (1219).png,.png,..\dataset\lung_cancer_MRI_dataset\validate\cancer\Lung MRI (1219).png,475,347,RGBA
validate,cancer,Lung MRI (1220).png,.png,..\dataset\lung_cancer_MRI_dataset\validate\cancer\Lung MRI (1220).png,450,335,RGBA
validate,cancer,Lung MRI (1221).png,.png,..\dataset\lung_cancer_MRI_dataset\validate\cancer\Lung MRI (1221).png,471,279,RGBA
validate,cancer,Lung MRI (1222).png,.png,..\dataset\lung_cancer_MRI_dataset\validate\cancer\Lung MRI (1222).png,419,317,RGBA
validate,cancer,Lung MRI (1223).png,.png,..\dataset\lung_cancer_MRI_dataset\validate\cancer\Lung MRI (1223).png,447,294,RGBA
validate,cancer,Lung MRI (1224).png,.png,..\dataset\lung_cancer_MRI_dataset\validate\cancer\Lung MRI (1224).png,410,253,RGBA
validate,cancer,Lung MRI (1225).png,.png,..\dataset\lung_cancer_MRI_dataset\validate\cancer\Lung MRI (1225).png,430,278,RGBA
validate,cancer,Lung MRI (1226).png,.png,..\dataset\lung_cancer_MRI_dataset\validate\cancer\Lung MRI (1226).png,417,341,RGBA
validate,cancer,Lung MRI (1227).png,.png,..\dataset\lung_cancer_MRI_dataset\validate\cancer\Lung MRI (1227).png,419,296,RGBA
validate,cancer,Lung MRI (1228).png,.png,..\dataset\lung_cancer_MRI_dataset\validate\cancer\Lung MRI (1228).png,422,332,RGBA
validate,cancer,Lung MRI (1229).png,.png,..\dataset\lung_cancer_MRI_dataset\validate\cancer\Lung MRI (1229).png,431,331,RGBA
validate,cancer,Lung MRI (1230).png,.png,..\dataset\lung_cancer_MRI_dataset\validate\cancer\Lung MRI (1230).png,489,342,RGBA
validate,cancer,Lung MRI (1231).png,.png,..\dataset\lung_cancer_MRI_dataset\validate\cancer\Lung MRI (1231).png,444,346,RGBA
validate,cancer,Lung MRI (1232).png,.png,..\dataset\lung_cancer_MRI_dataset\validate\cancer\Lung MRI (1232).png,432,277,RGBA
validate,cancer,Lung MRI (1233).png,.png,..\dataset\lung_cancer_MRI_dataset\validate\cancer\Lung MRI (1233).png,384,302,RGBA
validate,cancer,Lung MRI (1234).png,.png,..\dataset\lung_cancer_MRI_dataset\validate\cancer\Lung MRI (1234).png,424,357,RGBA
validate,cancer,Lung MRI (1235).png,.png,..\dataset\lung_cancer_MRI_dataset\validate\cancer\Lung MRI (1235).png,478,359,RGBA
validate,cancer,Lung MRI (1236).png,.png,..\dataset\lung_cancer_MRI_dataset\validate\cancer\Lung MRI (1236).png,387,211,RGBA
validate,cancer,Lung MRI (1237).png,.png,..\dataset\lung_cancer_MRI_dataset\validate\cancer\Lung MRI (1237).png,465,322,RGBA
validate,cancer,Lung MRI (1238).png,.png,..\dataset\lung_cancer_MRI_dataset\validate\cancer\Lung MRI (1238).png,485,339,RGBA
validate,cancer,Lung MRI (1239).png,.png,..\dataset\lung_cancer_MRI_dataset\validate\cancer\Lung MRI (1239).png,450,329,RGBA
validate,cancer,Lung MRI (1240).png,.png,..\dataset\lung_cancer_MRI_dataset\validate\cancer\Lung MRI (1240).png,429,285,RGBA
validate,cancer,Lung MRI (1241).png,.png,..\dataset\lung_cancer_MRI_dataset\validate\cancer\Lung MRI (1241).png,450,301,RGBA
validate,cancer,Lung MRI (1242).png,.png,..\dataset\lung_cancer_MRI_dataset\validate\cancer\Lung MRI (1242).png,477,318,RGBA
validate,cancer,Lung MRI (1243).png,.png,..\dataset\lung_cancer_MRI_dataset\validate\cancer\Lung MRI (1243).png,426,304,RGBA
validate,cancer,Lung MRI (1244).png,.png,..\dataset\lung_cancer_MRI_dataset\validate\cancer\Lung MRI (1244).png,443,324,RGBA
validate,cancer,Lung MRI (1245).png,.png,..\dataset\lung_cancer_MRI_dataset\validate\cancer\Lung MRI (1245).png,447,319,RGBA
validate,cancer,Lung MRI (1246).png,.png,..\dataset\lung_cancer_MRI_dataset\validate\cancer\Lung MRI (1246).png,439,334,RGBA
validate,cancer,Lung MRI (1247).png,.png,..\dataset\lung_cancer_MRI_dataset\validate\cancer\Lung MRI (1247).png,475,394,RGBA
validate,cancer,Lung MRI (1248).png,.png,..\dataset\lung_cancer_MRI_dataset\validate\cancer\Lung MRI (1248).png,417,322,RGBA
validate,cancer,Lung MRI (1249).png,.png,..\dataset\lung_cancer_MRI_dataset\validate\cancer\Lung MRI (1249).png,446,354,RGBA
validate,cancer,Lung MRI (1250).png,.png,..\dataset\lung_cancer_MRI_dataset\validate\cancer\Lung MRI (1250).png,494,349,RGBA
validate,cancer,Lung MRI (1251).png,.png,..\dataset\lung_cancer_MRI_dataset\validate\cancer\Lung MRI (1251).png,498,402,RGBA
validate,cancer,Lung MRI (1252).png,.png,..\dataset\lung_cancer_MRI_dataset\validate\cancer\Lung MRI (1252).png,335,237,RGBA
validate,cancer,Lung MRI (1253).png,.png,..\dataset\lung_cancer_MRI_dataset\validate\cancer\Lung MRI (1253).png,412,337,RGBA
validate,cancer,Lung MRI (1254).png,.png,..\dataset\lung_cancer_MRI_dataset\validate\cancer\Lung MRI (1254).png,475,331,RGBA
validate,cancer,Lung MRI (1255).png,.png,..\dataset\lung_cancer_MRI_dataset\validate\cancer\Lung MRI (1255).png,424,373,RGBA
validate,cancer,Lung MRI (1256).png,.png,..\dataset\lung_cancer_MRI_dataset\validate\cancer\Lung MRI (1256).png,415,299,RGBA
validate,cancer,Lung MRI (1257).png,.png,..\dataset\lung_cancer_MRI_dataset\validate\cancer\Lung MRI (1257).png,479,327,RGBA
validate,cancer,Lung MRI (1258).png,.png,..\dataset\lung_cancer_MRI_dataset\validate\cancer\Lung MRI (1258).png,422,355,RGBA
validate,cancer,Lung MRI (1259).png,.png,..\dataset\lung_cancer_MRI_dataset\validate\cancer\Lung MRI (1259).png,470,319,RGBA
validate,cancer,Lung MRI (1260).png,.png,..\dataset\lung_cancer_MRI_dataset\validate\cancer\Lung MRI (1260).png,485,331,RGBA
validate,cancer,Lung MRI (1261).png,.png,..\dataset\lung_cancer_MRI_dataset\validate\cancer\Lung MRI (1261).png,501,273,RGBA
validate,cancer,Lung MRI (1262).png,.png,..\dataset\lung_cancer_MRI_dataset\validate\cancer\Lung MRI (1262).png,456,315,RGBA
validate,cancer,Lung MRI (1263).png,.png,..\dataset\lung_cancer_MRI_dataset\validate\cancer\Lung MRI (1263).png,417,284,RGBA
validate,cancer,Lung MRI (1264).png,.png,..\dataset\lung_cancer_MRI_dataset\validate\cancer\Lung MRI (1264).png,417,334,RGBA
validate,cancer,Lung MRI (1265).png,.png,..\dataset\lung_cancer_MRI_dataset\validate\cancer\Lung MRI (1265).png,419,298,RGBA
validate,cancer,Lung MRI (1266).png,.png,..\dataset\lung_cancer_MRI_dataset\validate\cancer\Lung MRI (1266).png,476,337,RGBA
validate,cancer,Lung MRI (1267).png,.png,..\dataset\lung_cancer_MRI_dataset\validate\cancer\Lung MRI (1267).png,448,326,RGBA
validate,cancer,Lung MRI (1268).png,.png,..\dataset\lung_cancer_MRI_dataset\validate\cancer\Lung MRI (1268).png,402,282,RGBA
validate,cancer,Lung MRI (1269).png,.png,..\dataset\lung_cancer_MRI_dataset\validate\cancer\Lung MRI (1269).png,438,319,RGBA
validate,cancer,Lung MRI (1270).png,.png,..\dataset\lung_cancer_MRI_dataset\validate\cancer\Lung MRI (1270).png,476,356,RGBA
validate,cancer,Lung MRI (1271).png,.png,..\dataset\lung_cancer_MRI_dataset\validate\cancer\Lung MRI (1271).png,361,220,RGBA
validate,cancer,Lung MRI (1272).png,.png,..\dataset\lung_cancer_MRI_dataset\validate\cancer\Lung MRI (1272).png,499,320,RGBA
validate,cancer,Lung MRI (1273).png,.png,..\dataset\lung_cancer_MRI_dataset\validate\cancer\Lung MRI (1273).png,480,341,RGBA
validate,cancer,Lung MRI (1274).png,.png,..\dataset\lung_cancer_MRI_dataset\validate\cancer\Lung MRI (1274).png,445,347,RGBA
validate,cancer,Lung MRI (1275).png,.png,..\dataset\lung_cancer_MRI_dataset\validate\cancer\Lung MRI (1275).png,460,341,RGBA
validate,cancer,Lung MRI (1276).png,.png,..\dataset\lung_cancer_MRI_dataset\validate\cancer\Lung MRI (1276).png,479,357,RGBA
validate,cancer,Lung MRI (1277).png,.png,..\dataset\lung_cancer_MRI_dataset\validate\cancer\Lung MRI (1277).png,393,352,RGBA
validate,cancer,Lung MRI (1278).png,.png,..\dataset\lung_cancer_MRI_dataset\validate\cancer\Lung MRI (1278).png,402,353,RGBA
validate,cancer,Lung MRI (1279).png,.png,..\dataset\lung_cancer_MRI_dataset\validate\cancer\Lung MRI (1279).png,491,274,RGBA
validate,cancer,Lung MRI (1280).png,.png,..\dataset\lung_cancer_MRI_dataset\validate\cancer\Lung MRI (1280).png,430,336,RGBA
validate,cancer,Lung MRI (1281).png,.png,..\dataset\lung_cancer_MRI_dataset\validate\cancer\Lung MRI (1281).png,419,354,RGBA
validate,cancer,Lung MRI (1282).png,.png,..\dataset\lung_cancer_MRI_dataset\validate\cancer\Lung MRI (1282).png,409,322,RGBA
validate,cancer,Lung MRI (1283).png,.png,..\dataset\lung_cancer_MRI_dataset\validate\cancer\Lung MRI (1283).png,462,277,RGBA
validate,cancer,Lung MRI (1284).png,.png,..\dataset\lung_cancer_MRI_dataset\validate\cancer\Lung MRI (1284).png,424,275,RGBA
validate,cancer,Lung MRI (1285).png,.png,..\dataset\lung_cancer_MRI_dataset\validate\cancer\Lung MRI (1285).png,397,286,RGBA
validate,cancer,Lung MRI (1286).png,.png,..\dataset\lung_cancer_MRI_dataset\validate\cancer\Lung MRI (1286).png,438,309,RGBA
validate,cancer,Lung MRI (1287).png,.png,..\dataset\lung_cancer_MRI_dataset\validate\cancer\Lung MRI (1287).png,423,311,RGBA
validate,cancer,Lung MRI (1288).png,.png,..\dataset\lung_cancer_MRI_dataset\validate\cancer\Lung MRI (1288).png,480,353,RGBA
validate,cancer,Lung MRI (1289).png,.png,..\dataset\lung_cancer_MRI_dataset\validate\cancer\Lung MRI (1289).png,365,256,RGBA
validate,cancer,Lung MRI (1290).png,.png,..\dataset\lung_cancer_MRI_dataset\validate\cancer\Lung MRI (1290).png,372,222,RGBA
validate,cancer,Lung MRI (1291).png,.png,..\dataset\lung_cancer_MRI_dataset\validate\cancer\Lung MRI (1291).png,467,360,RGBA
validate,cancer,Lung MRI (1292).png,.png,..\dataset\lung_cancer_MRI_dataset\validate\cancer\Lung MRI (1292).png,450,329,RGBA
validate,cancer,Lung MRI (1293).png,.png,..\dataset\lung_cancer_MRI_dataset\validate\cancer\Lung MRI (1293).png,374,329,RGBA
validate,cancer,Lung MRI (1294).png,.png,..\dataset\lung_cancer_MRI_dataset\validate\cancer\Lung MRI (1294).png,408,355,RGBA
validate,cancer,Lung MRI (1295).png,.png,..\dataset\lung_cancer_MRI_dataset\validate\cancer\Lung MRI (1295).png,409,311,RGBA
validate,cancer,Lung MRI (1296).png,.png,..\dataset\lung_cancer_MRI_dataset\validate\cancer\Lung MRI (1296).png,487,346,RGBA
validate,cancer,Lung MRI (1297).png,.png,..\dataset\lung_cancer_MRI_dataset\validate\cancer\Lung MRI (1297).png,397,311,RGBA
validate,cancer,Lung MRI (1298).png,.png,..\dataset\lung_cancer_MRI_dataset\validate\cancer\Lung MRI (1298).png,385,313,RGBA
validate,cancer,Lung MRI (1299).png,.png,..\dataset\lung_cancer_MRI_dataset\validate\cancer\Lung MRI (1299).png,421,365,RGBA
validate,cancer,Lung MRI (1300).png,.png,..\dataset\lung_cancer_MRI_dataset\validate\cancer\Lung MRI (1300).png,435,300,RGBA
validate,cancer,Lung MRI (1301).png,.png,..\dataset\lung_cancer_MRI_dataset\validate\cancer\Lung MRI (1301).png,348,230,RGBA
validate,cancer,Lung MRI (1302).png,.png,..\dataset\lung_cancer_MRI_dataset\validate\cancer\Lung MRI (1302).png,466,358,RGBA
validate,cancer,Lung MRI (1303).png,.png,..\dataset\lung_cancer_MRI_dataset\validate\cancer\Lung MRI (1303).png,487,341,RGBA
validate,cancer,Lung MRI (1304).png,.png,..\dataset\lung_cancer_MRI_dataset\validate\cancer\Lung MRI (1304).png,373,336,RGBA
validate,cancer,Lung MRI (1305).png,.png,..\dataset\lung_cancer_MRI_dataset\validate\cancer\Lung MRI (1305).png,437,308,RGBA
validate,cancer,Lung MRI (1306).png,.png,..\dataset\lung_cancer_MRI_dataset\validate\cancer\Lung MRI (1306).png,446,339,RGBA
validate,cancer,Lung MRI (1307).png,.png,..\dataset\lung_cancer_MRI_dataset\validate\cancer\Lung MRI (1307).png,487,413,RGBA
validate,cancer,Lung MRI (1308).png,.png,..\dataset\lung_cancer_MRI_dataset\validate\cancer\Lung MRI (1308).png,420,323,RGBA
validate,cancer,Lung MRI (1309).png,.png,..\dataset\lung_cancer_MRI_dataset\validate\cancer\Lung MRI (1309).png,448,325,RGBA
validate,cancer,Lung MRI (1310).png,.png,..\dataset\lung_cancer_MRI_dataset\validate\cancer\Lung MRI (1310).png,401,310,RGBA
validate,cancer,Lung MRI (1311).png,.png,..\dataset\lung_cancer_MRI_dataset\validate\cancer\Lung MRI (1311).png,423,311,RGBA
validate,cancer,Lung MRI (1312).png,.png,..\dataset\lung_cancer_MRI_dataset\validate\cancer\Lung MRI (1312).png,478,367,RGBA
validate,cancer,Lung MRI (1313).png,.png,..\dataset\lung_cancer_MRI_dataset\validate\cancer\Lung MRI (1313).png,411,350,RGBA
validate,cancer,Lung MRI (1314).png,.png,..\dataset\lung_cancer_MRI_dataset\validate\cancer\Lung MRI (1314).png,383,316,RGBA
validate,cancer,Lung MRI (1315).png,.png,..\dataset\lung_cancer_MRI_dataset\validate\cancer\Lung MRI (1315).png,445,330,RGBA
validate,cancer,Lung MRI (1316).png,.png,..\dataset\lung_cancer_MRI_dataset\validate\cancer\Lung MRI (1316).png,460,341,RGBA
validate,cancer,Lung MRI (1317).png,.png,..\dataset\lung_cancer_MRI_dataset\validate\cancer\Lung MRI (1317).png,411,223,RGBA
validate,cancer,Lung MRI (1318).png,.png,..\dataset\lung_cancer_MRI_dataset\validate\cancer\Lung MRI (1318).png,433,324,RGBA
validate,cancer,Lung MRI (1319).png,.png,..\dataset\lung_cancer_MRI_dataset\validate\cancer\Lung MRI (1319).png,443,324,RGBA
validate,cancer,Lung MRI (1320).png,.png,..\dataset\lung_cancer_MRI_dataset\validate\cancer\Lung MRI (1320).png,442,280,RGBA
validate,cancer,Lung MRI (1321).png,.png,..\dataset\lung_cancer_MRI_dataset\validate\cancer\Lung MRI (1321).png,476,386,RGBA
validate,cancer,Lung MRI (1322).png,.png,..\dataset\lung_cancer_MRI_dataset\validate\cancer\Lung MRI (1322).png,434,342,RGBA
validate,cancer,Lung MRI (1323).png,.png,..\dataset\lung_cancer_MRI_dataset\validate\cancer\Lung MRI (1323).png,403,303,RGBA
validate,cancer,Lung MRI (1324).png,.png,..\dataset\lung_cancer_MRI_dataset\validate\cancer\Lung MRI (1324).png,369,342,RGBA
validate,cancer,Lung MRI (1325).png,.png,..\dataset\lung_cancer_MRI_dataset\validate\cancer\Lung MRI (1325).png,385,262,RGBA
validate,cancer,Lung MRI (1326).png,.png,..\dataset\lung_cancer_MRI_dataset\validate\cancer\Lung MRI (1326).png,402,314,RGBA
validate,cancer,Lung MRI (1327).png,.png,..\dataset\lung_cancer_MRI_dataset\validate\cancer\Lung MRI (1327).png,464,355,RGBA
validate,cancer,Lung MRI (1328).png,.png,..\dataset\lung_cancer_MRI_dataset\validate\cancer\Lung MRI (1328).png,416,332,RGBA
validate,cancer,Lung MRI (1329).png,.png,..\dataset\lung_cancer_MRI_dataset\validate\cancer\Lung MRI (1329).png,415,374,RGBA
validate,cancer,Lung MRI (1330).png,.png,..\dataset\lung_cancer_MRI_dataset\validate\cancer\Lung MRI (1330).png,440,311,RGBA
validate,cancer,Lung MRI (1331).png,.png,..\dataset\lung_cancer_MRI_dataset\validate\cancer\Lung MRI (1331).png,461,330,RGBA
validate,cancer,Lung MRI (1332).png,.png,..\dataset\lung_cancer_MRI_dataset\validate\cancer\Lung MRI (1332).png,456,354,RGBA
validate,cancer,Lung MRI (1333).png,.png,..\dataset\lung_cancer_MRI_dataset\validate\cancer\Lung MRI (1333).png,471,307,RGBA
validate,cancer,Lung MRI (1334).png,.png,..\dataset\lung_cancer_MRI_dataset\validate\cancer\Lung MRI (1334).png,461,377,RGBA
validate,cancer,Lung MRI (1335).png,.png,..\dataset\lung_cancer_MRI_dataset\validate\cancer\Lung MRI (1335).png,393,328,RGBA
validate,cancer,Lung MRI (1336).png,.png,..\dataset\lung_cancer_MRI_dataset\validate\cancer\Lung MRI (1336).png,389,282,RGBA
validate,cancer,Lung MRI (1337).png,.png,..\dataset\lung_cancer_MRI_dataset\validate\cancer\Lung MRI (1337).png,461,383,RGBA
validate,cancer,Lung MRI (1338).png,.png,..\dataset\lung_cancer_MRI_dataset\validate\cancer\Lung MRI (1338).png,406,372,RGBA
validate,cancer,Lung MRI (1339).png,.png,..\dataset\lung_cancer_MRI_dataset\validate\cancer\Lung MRI (1339).png,369,313,RGBA
validate,cancer,Lung MRI (1340).png,.png,..\dataset\lung_cancer_MRI_dataset\validate\cancer\Lung MRI (1340).png,464,330,RGBA
validate,cancer,Lung MRI (1341).png,.png,..\dataset\lung_cancer_MRI_dataset\validate\cancer\Lung MRI (1341).png,424,326,RGBA
validate,cancer,Lung MRI (1342).png,.png,..\dataset\lung_cancer_MRI_dataset\validate\cancer\Lung MRI (1342).png,419,191,RGBA
validate,cancer,Lung MRI (1343).png,.png,..\dataset\lung_cancer_MRI_dataset\validate\cancer\Lung MRI (1343).png,437,311,RGBA
validate,cancer,Lung MRI (1344).png,.png,..\dataset\lung_cancer_MRI_dataset\validate\cancer\Lung MRI (1344).png,414,279,RGBA
validate,cancer,Lung MRI (1345).png,.png,..\dataset\lung_cancer_MRI_dataset\validate\cancer\Lung MRI (1345).png,457,430,RGBA
validate,cancer,Lung MRI (1346).png,.png,..\dataset\lung_cancer_MRI_dataset\validate\cancer\Lung MRI (1346).png,412,301,RGBA
validate,cancer,Lung MRI (1347).png,.png,..\dataset\lung_cancer_MRI_dataset\validate\cancer\Lung MRI (1347).png,438,315,RGBA
validate,cancer,Lung MRI (1348).png,.png,..\dataset\lung_cancer_MRI_dataset\validate\cancer\Lung MRI (1348).png,425,320,RGBA
validate,cancer,Lung MRI (1349).png,.png,..\dataset\lung_cancer_MRI_dataset\validate\cancer\Lung MRI (1349).png,405,361,RGBA
validate,cancer,Lung MRI (1350).png,.png,..\dataset\lung_cancer_MRI_dataset\validate\cancer\Lung MRI (1350).png,403,205,RGBA
validate,cancer,Lung MRI (1351).png,.png,..\dataset\lung_cancer_MRI_dataset\validate\cancer\Lung MRI (1351).png,452,320,RGBA
validate,cancer,Lung MRI (1352).png,.png,..\dataset\lung_cancer_MRI_dataset\validate\cancer\Lung MRI (1352).png,459,402,RGBA
validate,cancer,Lung MRI (1353).png,.png,..\dataset\lung_cancer_MRI_dataset\validate\cancer\Lung MRI (1353).png,450,373,RGBA
validate,cancer,Lung MRI (1354).png,.png,..\dataset\lung_cancer_MRI_dataset\validate\cancer\Lung MRI (1354).png,387,217,RGBA
validate,cancer,Lung MRI (1355).png,.png,..\dataset\lung_cancer_MRI_dataset\validate\cancer\Lung MRI (1355).png,408,372,RGBA
validate,cancer,Lung MRI (1356).png,.png,..\dataset\lung_cancer_MRI_dataset\validate\cancer\Lung MRI (1356).png,449,299,RGBA
validate,cancer,Lung MRI (1357).png,.png,..\dataset\lung_cancer_MRI_dataset\validate\cancer\Lung MRI (1357).png,451,301,RGBA
validate,cancer,Lung MRI (1358).png,.png,..\dataset\lung_cancer_MRI_dataset\validate\cancer\Lung MRI (1358).png,434,319,RGBA
validate,cancer,Lung MRI (1359).png,.png,..\dataset\lung_cancer_MRI_dataset\validate\cancer\Lung MRI (1359).png,462,370,RGBA
validate,cancer,Lung MRI (1360).png,.png,..\dataset\lung_cancer_MRI_dataset\validate\cancer\Lung MRI (1360).png,388,369,RGBA
validate,cancer,Lung MRI (1361).png,.png,..\dataset\lung_cancer_MRI_dataset\validate\cancer\Lung MRI (1361).png,506,281,RGBA
validate,cancer,Lung MRI (1362).png,.png,..\dataset\lung_cancer_MRI_dataset\validate\cancer\Lung MRI (1362).png,219,153,RGBA
validate,cancer,Lung MRI (1363).png,.png,..\dataset\lung_cancer_MRI_dataset\validate\cancer\Lung MRI (1363).png,223,143,RGBA
validate,cancer,Lung MRI (1364).png,.png,..\dataset\lung_cancer_MRI_dataset\validate\cancer\Lung MRI (1364).png,263,192,RGB
validate,cancer,Lung MRI (1365).png,.png,..\dataset\lung_cancer_MRI_dataset\validate\cancer\Lung MRI (1365).png,240,134,RGBA
validate,cancer,Lung MRI (1366).png,.png,..\dataset\lung_cancer_MRI_dataset\validate\cancer\Lung MRI (1366).png,241,172,RGBA
validate,cancer,Lung MRI (1367).png,.png,..\dataset\lung_cancer_MRI_dataset\validate\cancer\Lung MRI (1367).png,216,136,RGBA
validate,cancer,Lung MRI (1368).png,.png,..\dataset\lung_cancer_MRI_dataset\validate\cancer\Lung MRI (1368).png,172,130,RGBA
validate,cancer,Lung MRI (1369).png,.png,..\dataset\lung_cancer_MRI_dataset\validate\cancer\Lung MRI (1369).png,214,125,RGBA
validate,cancer,Lung MRI (1370).png,.png,..\dataset\lung_cancer_MRI_dataset\validate\cancer\Lung MRI (1370).png,172,110,RGBA
validate,cancer,Lung MRI (1371).png,.png,..\dataset\lung_cancer_MRI_dataset\validate\cancer\Lung MRI (1371).png,1200,874,RGB
validate,cancer,Lung MRI (1372).png,.png,..\dataset\lung_cancer_MRI_dataset\validate\cancer\Lung MRI (1372).png,221,147,RGBA
validate,cancer,Lung MRI (1373).png,.png,..\dataset\lung_cancer_MRI_dataset\validate\cancer\Lung MRI (1373).png,175,152,RGBA
validate,cancer,Lung MRI (1374).png,.png,..\dataset\lung_cancer_MRI_dataset\validate\cancer\Lung MRI (1374).png,206,154,RGBA
validate,cancer,Lung MRI (1375).png,.png,..\dataset\lung_cancer_MRI_dataset\validate\cancer\Lung MRI (1375).png,252,200,RGB
validate,cancer,Lung MRI (1376).png,.png,..\dataset\lung_cancer_MRI_dataset\validate\cancer\Lung MRI (1376).png,609,374,RGBA
validate,cancer,Lung MRI (1377).png,.png,..\dataset\lung_cancer_MRI_dataset\validate\cancer\Lung MRI (1377).png,225,225,RGB
validate,cancer,Lung MRI (1378).png,.png,..\dataset\lung_cancer_MRI_dataset\validate\cancer\Lung MRI (1378).png,224,161,RGBA
validate,cancer,Lung MRI (1379).png,.png,..\dataset\lung_cancer_MRI_dataset\validate\cancer\Lung MRI (1379).png,172,144,RGBA
validate,cancer,Lung MRI (1380).png,.png,..\dataset\lung_cancer_MRI_dataset\validate\cancer\Lung MRI (1380).png,1200,802,RGB
validate,cancer,Lung MRI (1381).png,.png,..\dataset\lung_cancer_MRI_dataset\validate\cancer\Lung MRI (1381).png,212,170,RGBA
validate,cancer,Lung MRI (1382).png,.png,..\dataset\lung_cancer_MRI_dataset\validate\cancer\Lung MRI (1382).png,225,225,RGB
validate,cancer,Lung MRI (1383).png,.png,..\dataset\lung_cancer_MRI_dataset\validate\cancer\Lung MRI (1383).png,223,164,RGBA
validate,cancer,Lung MRI (1384).png,.png,..\dataset\lung_cancer_MRI_dataset\validate\cancer\Lung MRI (1384).png,630,630,RGB
validate,cancer,Lung MRI (1385).png,.png,..\dataset\lung_cancer_MRI_dataset\validate\cancer\Lung MRI (1385).png,225,225,RGB
validate,cancer,Lung MRI (1386).png,.png,..\dataset\lung_cancer_MRI_dataset\validate\cancer\Lung MRI (1386).png,218,156,RGBA
validate,cancer,Lung MRI (1387).png,.png,..\dataset\lung_cancer_MRI_dataset\validate\cancer\Lung MRI (1387).png,217,147,RGBA
validate,cancer,Lung MRI (1388).png,.png,..\dataset\lung_cancer_MRI_dataset\validate\cancer\Lung MRI (1388).png,240,210,RGB
validate,cancer,Lung MRI (1389).png,.png,..\dataset\lung_cancer_MRI_dataset\validate\cancer\Lung MRI (1389).png,425,404,L
validate,cancer,Lung MRI (1390).png,.png,..\dataset\lung_cancer_MRI_dataset\validate\cancer\Lung MRI (1390).png,168,122,RGBA
validate,cancer,Lung MRI (1391).png,.png,..\dataset\lung_cancer_MRI_dataset\validate\cancer\Lung MRI (1391).png,512,512,RGBA
validate,cancer,Lung MRI (1392).png,.png,..\dataset\lung_cancer_MRI_dataset\validate\cancer\Lung MRI (1392).png,512,512,RGBA
validate,cancer,Lung MRI (1393).png,.png,..\dataset\lung_cancer_MRI_dataset\validate\cancer\Lung MRI (1393).png,512,512,RGBA
validate,cancer,Lung MRI (1394).png,.png,..\dataset\lung_cancer_MRI_dataset\validate\cancer\Lung MRI (1394).png,512,512,RGBA
validate,cancer,Lung MRI (1395).png,.png,..\dataset\lung_cancer_MRI_dataset\validate\cancer\Lung MRI (1395).png,512,512,RGBA
validate,cancer,Lung MRI (1396).png,.png,..\dataset\lung_cancer_MRI_dataset\validate\cancer\Lung MRI (1396).png,512,512,RGBA
validate,cancer,Lung MRI (1397).png,.png,..\dataset\lung_cancer_MRI_dataset\validate\cancer\Lung MRI (1397).png,512,512,RGBA
validate,cancer,Lung MRI (1398).png,.png,..\dataset\lung_cancer_MRI_dataset\validate\cancer\Lung MRI (1398).png,512,512,RGBA
validate,cancer,Lung MRI (1399).png,.png,..\dataset\lung_cancer_MRI_dataset\validate\cancer\Lung MRI (1399).png,512,512,RGBA
validate,cancer,Lung MRI (1400).png,.png,..\dataset\lung_cancer_MRI_dataset\validate\cancer\Lung MRI (1400).png,512,512,RGBA
validate,cancer,Lung MRI (1401).png,.png,..\dataset\lung_cancer_MRI_dataset\validate\cancer\Lung MRI (1401).png,512,512,RGBA
validate,cancer,Lung MRI (1402).png,.png,..\dataset\lung_cancer_MRI_dataset\validate\cancer\Lung MRI (1402).png,512,512,RGBA
validate,cancer,Lung MRI (1403).png,.png,..\dataset\lung_cancer_MRI_dataset\validate\cancer\Lung MRI (1403).png,512,512,RGBA
validate,cancer,Lung MRI (1404).png,.png,..\dataset\lung_cancer_MRI_dataset\validate\cancer\Lung MRI (1404).png,512,512,RGBA
validate,cancer,Lung MRI (1405).png,.png,..\dataset\lung_cancer_MRI_dataset\validate\cancer\Lung MRI (1405).png,512,512,RGBA
validate,cancer,Lung MRI (1406).png,.png,..\dataset\lung_cancer_MRI_dataset\validate\cancer\Lung MRI (1406).png,512,512,RGBA
validate,cancer,Lung MRI (1407).png,.png,..\dataset\lung_cancer_MRI_dataset\validate\cancer\Lung MRI (1407).png,512,512,RGBA
validate,cancer,Lung MRI (1408).png,.png,..\dataset\lung_cancer_MRI_dataset\validate\cancer\Lung MRI (1408).png,512,512,RGBA
validate,cancer,Lung MRI (1409).png,.png,..\dataset\lung_cancer_MRI_dataset\validate\cancer\Lung MRI (1409).png,512,512,RGBA
validate,cancer,Lung MRI (1410).png,.png,..\dataset\lung_cancer_MRI_dataset\validate\cancer\Lung MRI (1410).png,512,512,RGBA
validate,cancer,Lung MRI (1411).png,.png,..\dataset\lung_cancer_MRI_dataset\validate\cancer\Lung MRI (1411).png,512,512,RGBA
validate,cancer,Lung MRI (1412).png,.png,..\dataset\lung_cancer_MRI_dataset\validate\cancer\Lung MRI (1412).png,512,512,RGBA
validate,cancer,Lung MRI (1413).png,.png,..\dataset\lung_cancer_MRI_dataset\validate\cancer\Lung MRI (1413).png,512,512,RGBA
validate,cancer,Lung MRI (1414).png,.png,..\dataset\lung_cancer_MRI_dataset\validate\cancer\Lung MRI (1414).png,512,512,RGBA
validate,cancer,Lung MRI (1415).png,.png,..\dataset\lung_cancer_MRI_dataset\validate\cancer\Lung MRI (1415).png,512,512,RGBA
validate,cancer,Lung MRI (1416).png,.png,..\dataset\lung_cancer_MRI_dataset\validate\cancer\Lung MRI (1416).png,512,512,RGBA
validate,cancer,Lung MRI (1417).png,.png,..\dataset\lung_cancer_MRI_dataset\validate\cancer\Lung MRI (1417).png,512,512,RGBA
validate,cancer,Lung MRI (1418).png,.png,..\dataset\lung_cancer_MRI_dataset\validate\cancer\Lung MRI (1418).png,512,512,RGBA
validate,cancer,Lung MRI (1419).png,.png,..\dataset\lung_cancer_MRI_dataset\validate\cancer\Lung MRI (1419).png,512,512,RGBA
validate,cancer,Lung MRI (1420).png,.png,..\dataset\lung_cancer_MRI_dataset\validate\cancer\Lung MRI (1420).png,512,512,RGBA
validate,cancer,Lung MRI (1421).png,.png,..\dataset\lung_cancer_MRI_dataset\validate\cancer\Lung MRI (1421).png,512,512,RGBA
validate,cancer,Lung MRI (1422).png,.png,..\dataset\lung_cancer_MRI_dataset\validate\cancer\Lung MRI (1422).png,512,512,RGBA
validate,cancer,Lung MRI (1423).png,.png,..\dataset\lung_cancer_MRI_dataset\validate\cancer\Lung MRI (1423).png,512,512,RGBA
validate,cancer,Lung MRI (1424).png,.png,..\dataset\lung_cancer_MRI_dataset\validate\cancer\Lung MRI (1424).png,512,512,RGBA
validate,cancer,Lung MRI (1425).png,.png,..\dataset\lung_cancer_MRI_dataset\validate\cancer\Lung MRI (1425).png,512,512,RGBA
validate,cancer,Lung MRI (1426).png,.png,..\dataset\lung_cancer_MRI_dataset\validate\cancer\Lung MRI (1426).png,512,512,RGBA
validate,cancer,Lung MRI (1427).png,.png,..\dataset\lung_cancer_MRI_dataset\validate\cancer\Lung MRI (1427).png,512,512,RGBA
validate,cancer,Lung MRI (1428).png,.png,..\dataset\lung_cancer_MRI_dataset\validate\cancer\Lung MRI (1428).png,512,512,RGBA
validate,cancer,Lung MRI (1429).png,.png,..\dataset\lung_cancer_MRI_dataset\validate\cancer\Lung MRI (1429).png,512,512,RGBA
validate,cancer,Lung MRI (1430).png,.png,..\dataset\lung_cancer_MRI_dataset\validate\cancer\Lung MRI (1430).png,512,512,RGBA
validate,cancer,Lung MRI (1431).png,.png,..\dataset\lung_cancer_MRI_dataset\validate\cancer\Lung MRI (1431).png,512,512,RGBA
validate,cancer,Lung MRI (1432).png,.png,..\dataset\lung_cancer_MRI_dataset\validate\cancer\Lung MRI (1432).png,512,512,RGBA
validate,cancer,Lung MRI (1433).png,.png,..\dataset\lung_cancer_MRI_dataset\validate\cancer\Lung MRI (1433).png,512,512,RGBA
validate,cancer,Lung MRI (1434).png,.png,..\dataset\lung_cancer_MRI_dataset\validate\cancer\Lung MRI (1434).png,512,512,RGBA
validate,cancer,Lung MRI (1435).png,.png,..\dataset\lung_cancer_MRI_dataset\validate\cancer\Lung MRI (1435).png,512,512,RGBA
validate,cancer,Lung MRI (1436).png,.png,..\dataset\lung_cancer_MRI_dataset\validate\cancer\Lung MRI (1436).png,512,512,RGBA
validate,cancer,Lung MRI (1437).png,.png,..\dataset\lung_cancer_MRI_dataset\validate\cancer\Lung MRI (1437).png,512,512,RGBA
validate,cancer,Lung MRI (1438).png,.png,..\dataset\lung_cancer_MRI_dataset\validate\cancer\Lung MRI (1438).png,512,512,RGBA
validate,cancer,Lung MRI (1439).png,.png,..\dataset\lung_cancer_MRI_dataset\validate\cancer\Lung MRI (1439).png,512,512,RGBA
validate,cancer,Lung MRI (1440).png,.png,..\dataset\lung_cancer_MRI_dataset\validate\cancer\Lung MRI (1440).png,512,512,RGBA
validate,cancer,Lung MRI (1441).png,.png,..\dataset\lung_cancer_MRI_dataset\validate\cancer\Lung MRI (1441).png,512,512,RGBA
validate,cancer,Lung MRI (1442).png,.png,..\dataset\lung_cancer_MRI_dataset\validate\cancer\Lung MRI (1442).png,512,512,RGBA
validate,cancer,Lung MRI (1443).png,.png,..\dataset\lung_cancer_MRI_dataset\validate\cancer\Lung MRI (1443).png,512,512,RGBA
validate,cancer,Lung MRI (1444).png,.png,..\dataset\lung_cancer_MRI_dataset\validate\cancer\Lung MRI (1444).png,512,512,RGBA
validate,cancer,Lung MRI (1445).png,.png,..\dataset\lung_cancer_MRI_dataset\validate\cancer\Lung MRI (1445).png,512,512,RGBA
validate,cancer,Lung MRI (1446).png,.png,..\dataset\lung_cancer_MRI_dataset\validate\cancer\Lung MRI (1446).png,512,512,RGBA
validate,cancer,Lung MRI (1447).png,.png,..\dataset\lung_cancer_MRI_dataset\validate\cancer\Lung MRI (1447).png,512,512,RGBA
validate,cancer,Lung MRI (1448).png,.png,..\dataset\lung_cancer_MRI_dataset\validate\cancer\Lung MRI (1448).png,512,512,RGBA
validate,cancer,Lung MRI (1449).png,.png,..\dataset\lung_cancer_MRI_dataset\validate\cancer\Lung MRI (1449).png,512,512,RGBA
validate,cancer,Lung MRI (1450).png,.png,..\dataset\lung_cancer_MRI_dataset\validate\cancer\Lung MRI (1450).png,512,512,RGBA
validate,cancer,Lung MRI (1451).png,.png,..\dataset\lung_cancer_MRI_dataset\validate\cancer\Lung MRI (1451).png,512,512,RGBA
validate,cancer,Lung MRI (1452).png,.png,..\dataset\lung_cancer_MRI_dataset\validate\cancer\Lung MRI (1452).png,512,512,RGBA
validate,cancer,Lung MRI (1453).png,.png,..\dataset\lung_cancer_MRI_dataset\validate\cancer\Lung MRI (1453).png,512,512,RGBA
validate,cancer,Lung MRI (1454).png,.png,..\dataset\lung_cancer_MRI_dataset\validate\cancer\Lung MRI (1454).png,512,512,RGBA
validate,cancer,Lung MRI (1455).png,.png,..\dataset\lung_cancer_MRI_dataset\validate\cancer\Lung MRI (1455).png,512,512,RGBA
validate,cancer,Lung MRI (1456).png,.png,..\dataset\lung_cancer_MRI_dataset\validate\cancer\Lung MRI (1456).png,512,512,RGBA
validate,cancer,Lung MRI (1457).png,.png,..\dataset\lung_cancer_MRI_dataset\validate\cancer\Lung MRI (1457).png,512,512,RGBA
validate,cancer,Lung MRI (1458).png,.png,..\dataset\lung_cancer_MRI_dataset\validate\cancer\Lung MRI (1458).png,512,512,RGBA
validate,cancer,Lung MRI (1459).png,.png,..\dataset\lung_cancer_MRI_dataset\validate\cancer\Lung MRI (1459).png,512,512,RGBA
validate,cancer,Lung MRI (1460).png,.png,..\dataset\lung_cancer_MRI_dataset\validate\cancer\Lung MRI (1460).png,512,512,RGBA
validate,cancer,Lung MRI (1461).png,.png,..\dataset\lung_cancer_MRI_dataset\validate\cancer\Lung MRI (1461).png,512,512,RGBA
validate,cancer,Lung MRI (1462).png,.png,..\dataset\lung_cancer_MRI_dataset\validate\cancer\Lung MRI (1462).png,512,512,RGBA
validate,cancer,Lung MRI (1463).png,.png,..\dataset\lung_cancer_MRI_dataset\validate\cancer\Lung MRI (1463).png,512,512,RGBA
validate,cancer,Lung MRI (1464).png,.png,..\dataset\lung_cancer_MRI_dataset\validate\cancer\Lung MRI (1464).png,512,512,RGBA
validate,cancer,Lung MRI (1465).png,.png,..\dataset\lung_cancer_MRI_dataset\validate\cancer\Lung MRI (1465).png,512,512,RGBA
validate,cancer,Lung MRI (1466).png,.png,..\dataset\lung_cancer_MRI_dataset\validate\cancer\Lung MRI (1466).png,512,512,RGBA
validate,cancer,Lung MRI (1467).png,.png,..\dataset\lung_cancer_MRI_dataset\validate\cancer\Lung MRI (1467).png,512,512,RGBA
validate,cancer,Lung MRI (1468).png,.png,..\dataset\lung_cancer_MRI_dataset\validate\cancer\Lung MRI (1468).png,512,512,RGBA
validate,cancer,Lung MRI (1469).png,.png,..\dataset\lung_cancer_MRI_dataset\validate\cancer\Lung MRI (1469).png,512,512,RGBA
validate,cancer,Lung MRI (1470).png,.png,..\dataset\lung_cancer_MRI_dataset\validate\cancer\Lung MRI (1470).png,512,512,RGBA
validate,cancer,Lung MRI (1471).png,.png,..\dataset\lung_cancer_MRI_dataset\validate\cancer\Lung MRI (1471).png,512,512,RGBA
validate,cancer,Lung MRI (1472).png,.png,..\dataset\lung_cancer_MRI_dataset\validate\cancer\Lung MRI (1472).png,512,512,RGBA
validate,cancer,Lung MRI (1473).png,.png,..\dataset\lung_cancer_MRI_dataset\validate\cancer\Lung MRI (1473).png,512,512,RGBA
validate,cancer,Lung MRI (1474).png,.png,..\dataset\lung_cancer_MRI_dataset\validate\cancer\Lung MRI (1474).png,512,512,RGBA
validate,cancer,Lung MRI (1475).png,.png,..\dataset\lung_cancer_MRI_dataset\validate\cancer\Lung MRI (1475).png,512,512,RGBA
validate,cancer,Lung MRI (1476).png,.png,..\dataset\lung_cancer_MRI_dataset\validate\cancer\Lung MRI (1476).png,512,512,RGBA
validate,cancer,Lung MRI (1477).png,.png,..\dataset\lung_cancer_MRI_dataset\validate\cancer\Lung MRI (1477).png,512,512,RGBA
validate,cancer,Lung MRI (1478).png,.png,..\dataset\lung_cancer_MRI_dataset\validate\cancer\Lung MRI (1478).png,512,512,RGBA
validate,cancer,Lung MRI (1479).png,.png,..\dataset\lung_cancer_MRI_dataset\validate\cancer\Lung MRI (1479).png,512,512,RGBA
validate,cancer,Lung MRI (1480).png,.png,..\dataset\lung_cancer_MRI_dataset\validate\cancer\Lung MRI (1480).png,512,512,RGBA
validate,cancer,Lung MRI (1481).png,.png,..\dataset\lung_cancer_MRI_dataset\validate\cancer\Lung MRI (1481).png,512,512,RGBA
validate,cancer,Lung MRI (1482).png,.png,..\dataset\lung_cancer_MRI_dataset\validate\cancer\Lung MRI (1482).png,512,512,RGBA
validate,cancer,Lung MRI (1483).png,.png,..\dataset\lung_cancer_MRI_dataset\validate\cancer\Lung MRI (1483).png,512,512,RGBA
validate,cancer,Lung MRI (1484).png,.png,..\dataset\lung_cancer_MRI_dataset\validate\cancer\Lung MRI (1484).png,512,512,RGBA
validate,cancer,Lung MRI (1485).png,.png,..\dataset\lung_cancer_MRI_dataset\validate\cancer\Lung MRI (1485).png,512,512,RGBA
validate,cancer,Lung MRI (1486).png,.png,..\dataset\lung_cancer_MRI_dataset\validate\cancer\Lung MRI (1486).png,512,512,RGBA
validate,cancer,Lung MRI (1487).png,.png,..\dataset\lung_cancer_MRI_dataset\validate\cancer\Lung MRI (1487).png,512,512,RGBA
validate,cancer,Lung MRI (1488).png,.png,..\dataset\lung_cancer_MRI_dataset\validate\cancer\Lung MRI (1488).png,512,512,RGBA
validate,cancer,Lung MRI (1489).png,.png,..\dataset\lung_cancer_MRI_dataset\validate\cancer\Lung MRI (1489).png,512,512,RGBA
validate,cancer,Lung MRI (1490).png,.png,..\dataset\lung_cancer_MRI_dataset\validate\cancer\Lung MRI (1490).png,512,512,RGBA
validate,cancer,Lung MRI (1491).png,.png,..\dataset\lung_cancer_MRI_dataset\validate\cancer\Lung MRI (1491).png,512,512,RGBA
validate,cancer,Lung MRI (1492).png,.png,..\dataset\lung_cancer_MRI_dataset\validate\cancer\Lung MRI (1492).png,512,512,RGBA
validate,cancer,Lung MRI (1493).png,.png,..\dataset\lung_cancer_MRI_dataset\validate\cancer\Lung MRI (1493).png,512,512,RGBA
validate,cancer,Lung MRI (1494).png,.png,..\dataset\lung_cancer_MRI_dataset\validate\cancer\Lung MRI (1494).png,512,512,RGBA
validate,cancer,Lung MRI (1495).png,.png,..\dataset\lung_cancer_MRI_dataset\validate\cancer\Lung MRI (1495).png,512,512,RGBA
validate,cancer,Lung MRI (1496).png,.png,..\dataset\lung_cancer_MRI_dataset\validate\cancer\Lung MRI (1496).png,512,512,RGBA
validate,cancer,Lung MRI (1497).png,.png,..\dataset\lung_cancer_MRI_dataset\validate\cancer\Lung MRI (1497).png,512,512,RGBA
validate,cancer,Lung MRI (1498).png,.png,..\dataset\lung_cancer_MRI_dataset\validate\cancer\Lung MRI (1498).png,289,174,RGB
validate,cancer,Lung MRI (1499).png,.png,..\dataset\lung_cancer_MRI_dataset\validate\cancer\Lung MRI (1499).png,240,210,RGB
validate,cancer,Lung MRI (1500).png,.png,..\dataset\lung_cancer_MRI_dataset\validate\cancer\Lung MRI (1500).png,265,190,RGB
validate,cancer,Lung MRI (1501).png,.png,..\dataset\lung_cancer_MRI_dataset\validate\cancer\Lung MRI (1501).png,265,190,RGB
validate,cancer,Lung MRI (1502).png,.png,..\dataset\lung_cancer_MRI_dataset\validate\cancer\Lung MRI (1502).png,282,179,RGB
validate,cancer,Lung MRI (1503).png,.png,..\dataset\lung_cancer_MRI_dataset\validate\cancer\Lung MRI (1503).png,282,179,RGB
validate,cancer,Lung MRI (753).png,.png,..\dataset\lung_cancer_MRI_dataset\validate\cancer\Lung MRI (753).png,342,252,RGBA
validate,cancer,Lung MRI (754).png,.png,..\dataset\lung_cancer_MRI_dataset\validate\cancer\Lung MRI (754).png,400,273,RGBA
validate,cancer,Lung MRI (755).png,.png,..\dataset\lung_cancer_MRI_dataset\validate\cancer\Lung MRI (755).png,423,213,RGBA
validate,cancer,Lung MRI (756).png,.png,..\dataset\lung_cancer_MRI_dataset\validate\cancer\Lung MRI (756).png,437,258,RGBA
validate,cancer,Lung MRI (757).png,.png,..\dataset\lung_cancer_MRI_dataset\validate\cancer\Lung MRI (757).png,443,260,RGBA
validate,cancer,Lung MRI (758).png,.png,..\dataset\lung_cancer_MRI_dataset\validate\cancer\Lung MRI (758).png,380,231,RGBA
validate,cancer,Lung MRI (759).png,.png,..\dataset\lung_cancer_MRI_dataset\validate\cancer\Lung MRI (759).png,376,222,RGBA
validate,cancer,Lung MRI (760).png,.png,..\dataset\lung_cancer_MRI_dataset\validate\cancer\Lung MRI (760).png,413,311,RGBA
validate,cancer,Lung MRI (761).png,.png,..\dataset\lung_cancer_MRI_dataset\validate\cancer\Lung MRI (761).png,409,328,RGBA
validate,cancer,Lung MRI (762).png,.png,..\dataset\lung_cancer_MRI_dataset\validate\cancer\Lung MRI (762).png,397,243,RGBA
validate,cancer,Lung MRI (763).png,.png,..\dataset\lung_cancer_MRI_dataset\validate\cancer\Lung MRI (763).png,392,244,RGBA
validate,cancer,Lung MRI (764).png,.png,..\dataset\lung_cancer_MRI_dataset\validate\cancer\Lung MRI (764).png,363,270,RGBA
validate,cancer,Lung MRI (765).png,.png,..\dataset\lung_cancer_MRI_dataset\validate\cancer\Lung MRI (765).png,396,209,RGBA
validate,cancer,Lung MRI (766).png,.png,..\dataset\lung_cancer_MRI_dataset\validate\cancer\Lung MRI (766).png,337,272,RGBA
validate,cancer,Lung MRI (767).png,.png,..\dataset\lung_cancer_MRI_dataset\validate\cancer\Lung MRI (767).png,381,229,RGBA
validate,cancer,Lung MRI (768).png,.png,..\dataset\lung_cancer_MRI_dataset\validate\cancer\Lung MRI (768).png,437,280,RGBA
validate,cancer,Lung MRI (769).png,.png,..\dataset\lung_cancer_MRI_dataset\validate\cancer\Lung MRI (769).png,377,220,RGBA
validate,cancer,Lung MRI (770).png,.png,..\dataset\lung_cancer_MRI_dataset\validate\cancer\Lung MRI (770).png,449,274,RGBA
validate,cancer,Lung MRI (771).png,.png,..\dataset\lung_cancer_MRI_dataset\validate\cancer\Lung MRI (771).png,440,270,RGBA
validate,cancer,Lung MRI (772).png,.png,..\dataset\lung_cancer_MRI_dataset\validate\cancer\Lung MRI (772).png,423,267,RGBA
validate,cancer,Lung MRI (773).png,.png,..\dataset\lung_cancer_MRI_dataset\validate\cancer\Lung MRI (773).png,449,288,RGBA
validate,cancer,Lung MRI (774).png,.png,..\dataset\lung_cancer_MRI_dataset\validate\cancer\Lung MRI (774).png,416,242,RGBA
validate,cancer,Lung MRI (775).png,.png,..\dataset\lung_cancer_MRI_dataset\validate\cancer\Lung MRI (775).png,369,281,RGBA
validate,cancer,Lung MRI (776).png,.png,..\dataset\lung_cancer_MRI_dataset\validate\cancer\Lung MRI (776).png,389,276,RGBA
validate,cancer,Lung MRI (777).png,.png,..\dataset\lung_cancer_MRI_dataset\validate\cancer\Lung MRI (777).png,413,255,RGBA
validate,cancer,Lung MRI (778).png,.png,..\dataset\lung_cancer_MRI_dataset\validate\cancer\Lung MRI (778).png,384,328,RGBA
validate,cancer,Lung MRI (779).png,.png,..\dataset\lung_cancer_MRI_dataset\validate\cancer\Lung MRI (779).png,417,323,RGBA
validate,cancer,Lung MRI (780).png,.png,..\dataset\lung_cancer_MRI_dataset\validate\cancer\Lung MRI (780).png,386,232,RGBA
validate,cancer,Lung MRI (781).png,.png,..\dataset\lung_cancer_MRI_dataset\validate\cancer\Lung MRI (781).png,430,261,RGBA
validate,cancer,Lung MRI (782).png,.png,..\dataset\lung_cancer_MRI_dataset\validate\cancer\Lung MRI (782).png,438,302,RGBA
validate,cancer,Lung MRI (783).png,.png,..\dataset\lung_cancer_MRI_dataset\validate\cancer\Lung MRI (783).png,410,246,RGBA
validate,cancer,Lung MRI (784).png,.png,..\dataset\lung_cancer_MRI_dataset\validate\cancer\Lung MRI (784).png,341,247,RGBA
validate,cancer,Lung MRI (785).png,.png,..\dataset\lung_cancer_MRI_dataset\validate\cancer\Lung MRI (785).png,401,266,RGBA
validate,cancer,Lung MRI (786).png,.png,..\dataset\lung_cancer_MRI_dataset\validate\cancer\Lung MRI (786).png,401,296,RGBA
validate,cancer,Lung MRI (787).png,.png,..\dataset\lung_cancer_MRI_dataset\validate\cancer\Lung MRI (787).png,412,279,RGBA
validate,cancer,Lung MRI (788).png,.png,..\dataset\lung_cancer_MRI_dataset\validate\cancer\Lung MRI (788).png,390,250,RGBA
validate,cancer,Lung MRI (789).png,.png,..\dataset\lung_cancer_MRI_dataset\validate\cancer\Lung MRI (789).png,327,286,RGBA
validate,cancer,Lung MRI (790).png,.png,..\dataset\lung_cancer_MRI_dataset\validate\cancer\Lung MRI (790).png,414,274,RGBA
validate,cancer,Lung MRI (791).png,.png,..\dataset\lung_cancer_MRI_dataset\validate\cancer\Lung MRI (791).png,423,242,RGBA
validate,cancer,Lung MRI (792).png,.png,..\dataset\lung_cancer_MRI_dataset\validate\cancer\Lung MRI (792).png,394,266,RGBA
validate,cancer,Lung MRI (793).png,.png,..\dataset\lung_cancer_MRI_dataset\validate\cancer\Lung MRI (793).png,402,189,RGBA
validate,cancer,Lung MRI (794).png,.png,..\dataset\lung_cancer_MRI_dataset\validate\cancer\Lung MRI (794).png,419,269,RGBA
validate,cancer,Lung MRI (795).png,.png,..\dataset\lung_cancer_MRI_dataset\validate\cancer\Lung MRI (795).png,413,262,RGBA
validate,cancer,Lung MRI (796).png,.png,..\dataset\lung_cancer_MRI_dataset\validate\cancer\Lung MRI (796).png,439,258,RGBA
validate,cancer,Lung MRI (797).png,.png,..\dataset\lung_cancer_MRI_dataset\validate\cancer\Lung MRI (797).png,444,241,RGBA
validate,cancer,Lung MRI (798).png,.png,..\dataset\lung_cancer_MRI_dataset\validate\cancer\Lung MRI (798).png,429,259,RGBA
validate,cancer,Lung MRI (799).png,.png,..\dataset\lung_cancer_MRI_dataset\validate\cancer\Lung MRI (799).png,426,259,RGBA
validate,cancer,Lung MRI (800).png,.png,..\dataset\lung_cancer_MRI_dataset\validate\cancer\Lung MRI (800).png,412,297,RGBA
validate,cancer,Lung MRI (801).png,.png,..\dataset\lung_cancer_MRI_dataset\validate\cancer\Lung MRI (801).png,413,305,RGBA
validate,cancer,Lung MRI (802).png,.png,..\dataset\lung_cancer_MRI_dataset\validate\cancer\Lung MRI (802).png,413,286,RGBA
validate,cancer,Lung MRI (803).png,.png,..\dataset\lung_cancer_MRI_dataset\validate\cancer\Lung MRI (803).png,373,211,RGBA
validate,cancer,Lung MRI (804).png,.png,..\dataset\lung_cancer_MRI_dataset\validate\cancer\Lung MRI (804).png,387,258,RGBA
validate,cancer,Lung MRI (805).png,.png,..\dataset\lung_cancer_MRI_dataset\validate\cancer\Lung MRI (805).png,377,284,RGBA
validate,cancer,Lung MRI (806).png,.png,..\dataset\lung_cancer_MRI_dataset\validate\cancer\Lung MRI (806).png,432,206,RGBA
validate,cancer,Lung MRI (807).png,.png,..\dataset\lung_cancer_MRI_dataset\validate\cancer\Lung MRI (807).png,391,295,RGBA
validate,cancer,Lung MRI (808).png,.png,..\dataset\lung_cancer_MRI_dataset\validate\cancer\Lung MRI (808).png,396,296,RGBA
validate,cancer,Lung MRI (809).png,.png,..\dataset\lung_cancer_MRI_dataset\validate\cancer\Lung MRI (809).png,385,265,RGBA
validate,cancer,Lung MRI (810).png,.png,..\dataset\lung_cancer_MRI_dataset\validate\cancer\Lung MRI (810).png,418,267,RGBA
validate,cancer,Lung MRI (811).png,.png,..\dataset\lung_cancer_MRI_dataset\validate\cancer\Lung MRI (811).png,410,313,RGBA
validate,cancer,Lung MRI (812).png,.png,..\dataset\lung_cancer_MRI_dataset\validate\cancer\Lung MRI (812).png,416,278,RGBA
validate,cancer,Lung MRI (813).png,.png,..\dataset\lung_cancer_MRI_dataset\validate\cancer\Lung MRI (813).png,384,232,RGBA
validate,cancer,Lung MRI (814).png,.png,..\dataset\lung_cancer_MRI_dataset\validate\cancer\Lung MRI (814).png,385,196,RGBA
validate,cancer,Lung MRI (815).png,.png,..\dataset\lung_cancer_MRI_dataset\validate\cancer\Lung MRI (815).png,432,174,RGBA
validate,cancer,Lung MRI (816).png,.png,..\dataset\lung_cancer_MRI_dataset\validate\cancer\Lung MRI (816).png,440,274,RGBA
validate,cancer,Lung MRI (817).png,.png,..\dataset\lung_cancer_MRI_dataset\validate\cancer\Lung MRI (817).png,439,250,RGBA
validate,cancer,Lung MRI (818).png,.png,..\dataset\lung_cancer_MRI_dataset\validate\cancer\Lung MRI (818).png,400,240,RGBA
validate,cancer,Lung MRI (819).png,.png,..\dataset\lung_cancer_MRI_dataset\validate\cancer\Lung MRI (819).png,345,244,RGBA
validate,cancer,Lung MRI (820).png,.png,..\dataset\lung_cancer_MRI_dataset\validate\cancer\Lung MRI (820).png,453,186,RGBA
validate,cancer,Lung MRI (821).png,.png,..\dataset\lung_cancer_MRI_dataset\validate\cancer\Lung MRI (821).png,402,309,RGBA
validate,cancer,Lung MRI (822).png,.png,..\dataset\lung_cancer_MRI_dataset\validate\cancer\Lung MRI (822).png,393,320,RGBA
validate,cancer,Lung MRI (823).png,.png,..\dataset\lung_cancer_MRI_dataset\validate\cancer\Lung MRI (823).png,425,344,RGBA
validate,cancer,Lung MRI (824).png,.png,..\dataset\lung_cancer_MRI_dataset\validate\cancer\Lung MRI (824).png,349,239,RGBA
validate,cancer,Lung MRI (825).png,.png,..\dataset\lung_cancer_MRI_dataset\validate\cancer\Lung MRI (825).png,364,224,RGBA
validate,cancer,Lung MRI (826).png,.png,..\dataset\lung_cancer_MRI_dataset\validate\cancer\Lung MRI (826).png,423,249,RGBA
validate,cancer,Lung MRI (827).png,.png,..\dataset\lung_cancer_MRI_dataset\validate\cancer\Lung MRI (827).png,417,256,RGBA
validate,cancer,Lung MRI (828).png,.png,..\dataset\lung_cancer_MRI_dataset\validate\cancer\Lung MRI (828).png,402,252,RGBA
validate,cancer,Lung MRI (829).png,.png,..\dataset\lung_cancer_MRI_dataset\validate\cancer\Lung MRI (829).png,338,258,RGBA
validate,cancer,Lung MRI (830).png,.png,..\dataset\lung_cancer_MRI_dataset\validate\cancer\Lung MRI (830).png,382,291,RGBA
validate,cancer,Lung MRI (831).png,.png,..\dataset\lung_cancer_MRI_dataset\validate\cancer\Lung MRI (831).png,456,302,RGBA
validate,cancer,Lung MRI (832).png,.png,..\dataset\lung_cancer_MRI_dataset\validate\cancer\Lung MRI (832).png,377,288,RGBA
validate,cancer,Lung MRI (833).png,.png,..\dataset\lung_cancer_MRI_dataset\validate\cancer\Lung MRI (833).png,369,309,RGBA
validate,cancer,Lung MRI (834).png,.png,..\dataset\lung_cancer_MRI_dataset\validate\cancer\Lung MRI (834).png,381,231,RGBA
validate,cancer,Lung MRI (835).png,.png,..\dataset\lung_cancer_MRI_dataset\validate\cancer\Lung MRI (835).png,351,244,RGBA
validate,cancer,Lung MRI (836).png,.png,..\dataset\lung_cancer_MRI_dataset\validate\cancer\Lung MRI (836).png,441,287,RGBA
validate,cancer,Lung MRI (837).png,.png,..\dataset\lung_cancer_MRI_dataset\validate\cancer\Lung MRI (837).png,433,271,RGBA
validate,cancer,Lung MRI (838).png,.png,..\dataset\lung_cancer_MRI_dataset\validate\cancer\Lung MRI (838).png,347,272,RGBA
validate,cancer,Lung MRI (839).png,.png,..\dataset\lung_cancer_MRI_dataset\validate\cancer\Lung MRI (839).png,429,245,RGBA
validate,cancer,Lung MRI (840).png,.png,..\dataset\lung_cancer_MRI_dataset\validate\cancer\Lung MRI (840).png,393,269,RGBA
validate,cancer,Lung MRI (841).png,.png,..\dataset\lung_cancer_MRI_dataset\validate\cancer\Lung MRI (841).png,420,297,RGBA
validate,cancer,Lung MRI (842).png,.png,..\dataset\lung_cancer_MRI_dataset\validate\cancer\Lung MRI (842).png,378,255,RGBA
validate,cancer,Lung MRI (843).png,.png,..\dataset\lung_cancer_MRI_dataset\validate\cancer\Lung MRI (843).png,401,317,RGBA
validate,cancer,Lung MRI (844).png,.png,..\dataset\lung_cancer_MRI_dataset\validate\cancer\Lung MRI (844).png,435,313,RGBA
validate,cancer,Lung MRI (845).png,.png,..\dataset\lung_cancer_MRI_dataset\validate\cancer\Lung MRI (845).png,403,207,RGBA
validate,cancer,Lung MRI (846).png,.png,..\dataset\lung_cancer_MRI_dataset\validate\cancer\Lung MRI (846).png,409,224,RGBA
validate,cancer,Lung MRI (847).png,.png,..\dataset\lung_cancer_MRI_dataset\validate\cancer\Lung MRI (847).png,361,277,RGBA
validate,cancer,Lung MRI (848).png,.png,..\dataset\lung_cancer_MRI_dataset\validate\cancer\Lung MRI (848).png,388,280,RGBA
validate,cancer,Lung MRI (849).png,.png,..\dataset\lung_cancer_MRI_dataset\validate\cancer\Lung MRI (849).png,343,268,RGBA
validate,cancer,Lung MRI (850).png,.png,..\dataset\lung_cancer_MRI_dataset\validate\cancer\Lung MRI (850).png,431,296,RGBA
validate,cancer,Lung MRI (851).png,.png,..\dataset\lung_cancer_MRI_dataset\validate\cancer\Lung MRI (851).png,423,287,RGBA
validate,cancer,Lung MRI (852).png,.png,..\dataset\lung_cancer_MRI_dataset\validate\cancer\Lung MRI (852).png,385,263,RGBA
validate,cancer,Lung MRI (853).png,.png,..\dataset\lung_cancer_MRI_dataset\validate\cancer\Lung MRI (853).png,381,236,RGBA
validate,cancer,Lung MRI (854).png,.png,..\dataset\lung_cancer_MRI_dataset\validate\cancer\Lung MRI (854).png,411,211,RGBA
validate,cancer,Lung MRI (855).png,.png,..\dataset\lung_cancer_MRI_dataset\validate\cancer\Lung MRI (855).png,409,273,RGBA
validate,cancer,Lung MRI (856).png,.png,..\dataset\lung_cancer_MRI_dataset\validate\cancer\Lung MRI (856).png,368,249,RGBA
validate,cancer,Lung MRI (857).png,.png,..\dataset\lung_cancer_MRI_dataset\validate\cancer\Lung MRI (857).png,404,300,RGBA
validate,cancer,Lung MRI (858).png,.png,..\dataset\lung_cancer_MRI_dataset\validate\cancer\Lung MRI (858).png,389,308,RGBA
validate,cancer,Lung MRI (859).png,.png,..\dataset\lung_cancer_MRI_dataset\validate\cancer\Lung MRI (859).png,420,243,RGBA
validate,cancer,Lung MRI (860).png,.png,..\dataset\lung_cancer_MRI_dataset\validate\cancer\Lung MRI (860).png,376,228,RGBA
validate,cancer,Lung MRI (861).png,.png,..\dataset\lung_cancer_MRI_dataset\validate\cancer\Lung MRI (861).png,371,240,RGBA
validate,cancer,Lung MRI (862).png,.png,..\dataset\lung_cancer_MRI_dataset\validate\cancer\Lung MRI (862).png,403,272,RGBA
validate,cancer,Lung MRI (863).png,.png,..\dataset\lung_cancer_MRI_dataset\validate\cancer\Lung MRI (863).png,439,255,RGBA
validate,cancer,Lung MRI (864).png,.png,..\dataset\lung_cancer_MRI_dataset\validate\cancer\Lung MRI (864).png,426,288,RGBA
validate,cancer,Lung MRI (865).png,.png,..\dataset\lung_cancer_MRI_dataset\validate\cancer\Lung MRI (865).png,434,329,RGBA
validate,cancer,Lung MRI (866).png,.png,..\dataset\lung_cancer_MRI_dataset\validate\cancer\Lung MRI (866).png,423,304,RGBA
validate,cancer,Lung MRI (867).png,.png,..\dataset\lung_cancer_MRI_dataset\validate\cancer\Lung MRI (867).png,438,299,RGBA
validate,cancer,Lung MRI (868).png,.png,..\dataset\lung_cancer_MRI_dataset\validate\cancer\Lung MRI (868).png,430,254,RGBA
validate,cancer,Lung MRI (869).png,.png,..\dataset\lung_cancer_MRI_dataset\validate\cancer\Lung MRI (869).png,435,266,RGBA
validate,cancer,Lung MRI (870).png,.png,..\dataset\lung_cancer_MRI_dataset\validate\cancer\Lung MRI (870).png,419,161,RGBA
validate,cancer,Lung MRI (871).png,.png,..\dataset\lung_cancer_MRI_dataset\validate\cancer\Lung MRI (871).png,374,244,RGBA
validate,cancer,Lung MRI (872).png,.png,..\dataset\lung_cancer_MRI_dataset\validate\cancer\Lung MRI (872).png,438,236,RGBA
validate,cancer,Lung MRI (873).png,.png,..\dataset\lung_cancer_MRI_dataset\validate\cancer\Lung MRI (873).png,309,248,RGBA
validate,cancer,Lung MRI (874).png,.png,..\dataset\lung_cancer_MRI_dataset\validate\cancer\Lung MRI (874).png,397,263,RGBA
validate,cancer,Lung MRI (875).png,.png,..\dataset\lung_cancer_MRI_dataset\validate\cancer\Lung MRI (875).png,422,259,RGBA
validate,cancer,Lung MRI (876).png,.png,..\dataset\lung_cancer_MRI_dataset\validate\cancer\Lung MRI (876).png,352,256,RGBA
validate,cancer,Lung MRI (877).png,.png,..\dataset\lung_cancer_MRI_dataset\validate\cancer\Lung MRI (877).png,450,303,RGBA
validate,cancer,Lung MRI (878).png,.png,..\dataset\lung_cancer_MRI_dataset\validate\cancer\Lung MRI (878).png,404,281,RGBA
validate,cancer,Lung MRI (879).png,.png,..\dataset\lung_cancer_MRI_dataset\validate\cancer\Lung MRI (879).png,415,281,RGBA
validate,cancer,Lung MRI (880).png,.png,..\dataset\lung_cancer_MRI_dataset\validate\cancer\Lung MRI (880).png,399,215,RGBA
validate,cancer,Lung MRI (881).png,.png,..\dataset\lung_cancer_MRI_dataset\validate\cancer\Lung MRI (881).png,332,225,RGBA
validate,cancer,Lung MRI (882).png,.png,..\dataset\lung_cancer_MRI_dataset\validate\cancer\Lung MRI (882).png,435,180,RGBA
validate,cancer,Lung MRI (883).png,.png,..\dataset\lung_cancer_MRI_dataset\validate\cancer\Lung MRI (883).png,401,309,RGBA
validate,cancer,Lung MRI (884).png,.png,..\dataset\lung_cancer_MRI_dataset\validate\cancer\Lung MRI (884).png,370,246,RGBA
validate,cancer,Lung MRI (885).png,.png,..\dataset\lung_cancer_MRI_dataset\validate\cancer\Lung MRI (885).png,442,304,RGBA
validate,cancer,Lung MRI (886).png,.png,..\dataset\lung_cancer_MRI_dataset\validate\cancer\Lung MRI (886).png,401,280,RGBA
validate,cancer,Lung MRI (887).png,.png,..\dataset\lung_cancer_MRI_dataset\validate\cancer\Lung MRI (887).png,348,222,RGBA
validate,cancer,Lung MRI (888).png,.png,..\dataset\lung_cancer_MRI_dataset\validate\cancer\Lung MRI (888).png,381,255,RGBA
validate,cancer,Lung MRI (889).png,.png,..\dataset\lung_cancer_MRI_dataset\validate\cancer\Lung MRI (889).png,345,272,RGBA
validate,cancer,Lung MRI (890).png,.png,..\dataset\lung_cancer_MRI_dataset\validate\cancer\Lung MRI (890).png,436,292,RGBA
validate,cancer,Lung MRI (891).png,.png,..\dataset\lung_cancer_MRI_dataset\validate\cancer\Lung MRI (891).png,419,241,RGBA
validate,cancer,Lung MRI (892).png,.png,..\dataset\lung_cancer_MRI_dataset\validate\cancer\Lung MRI (892).png,432,294,RGBA
validate,cancer,Lung MRI (893).png,.png,..\dataset\lung_cancer_MRI_dataset\validate\cancer\Lung MRI (893).png,355,274,RGBA
validate,cancer,Lung MRI (894).png,.png,..\dataset\lung_cancer_MRI_dataset\validate\cancer\Lung MRI (894).png,401,176,RGBA
validate,cancer,Lung MRI (895).png,.png,..\dataset\lung_cancer_MRI_dataset\validate\cancer\Lung MRI (895).png,414,307,RGBA
validate,cancer,Lung MRI (896).png,.png,..\dataset\lung_cancer_MRI_dataset\validate\cancer\Lung MRI (896).png,405,329,RGBA
validate,cancer,Lung MRI (897).png,.png,..\dataset\lung_cancer_MRI_dataset\validate\cancer\Lung MRI (897).png,383,292,RGBA
validate,cancer,Lung MRI (898).png,.png,..\dataset\lung_cancer_MRI_dataset\validate\cancer\Lung MRI (898).png,398,214,RGBA
validate,cancer,Lung MRI (899).png,.png,..\dataset\lung_cancer_MRI_dataset\validate\cancer\Lung MRI (899).png,374,303,RGBA
validate,cancer,Lung MRI (900).png,.png,..\dataset\lung_cancer_MRI_dataset\validate\cancer\Lung MRI (900).png,467,210,RGBA
validate,cancer,Lung MRI (901).png,.png,..\dataset\lung_cancer_MRI_dataset\validate\cancer\Lung MRI (901).png,390,274,RGBA
validate,cancer,Lung MRI (902).png,.png,..\dataset\lung_cancer_MRI_dataset\validate\cancer\Lung MRI (902).png,432,302,RGBA
validate,cancer,Lung MRI (903).png,.png,..\dataset\lung_cancer_MRI_dataset\validate\cancer\Lung MRI (903).png,357,263,RGBA
validate,cancer,Lung MRI (904).png,.png,..\dataset\lung_cancer_MRI_dataset\validate\cancer\Lung MRI (904).png,413,258,RGBA
validate,cancer,Lung MRI (905).png,.png,..\dataset\lung_cancer_MRI_dataset\validate\cancer\Lung MRI (905).png,408,258,RGBA
validate,cancer,Lung MRI (906).png,.png,..\dataset\lung_cancer_MRI_dataset\validate\cancer\Lung MRI (906).png,446,281,RGBA
validate,cancer,Lung MRI (907).png,.png,..\dataset\lung_cancer_MRI_dataset\validate\cancer\Lung MRI (907).png,398,291,RGBA
validate,cancer,Lung MRI (908).png,.png,..\dataset\lung_cancer_MRI_dataset\validate\cancer\Lung MRI (908).png,385,300,RGBA
validate,cancer,Lung MRI (909).png,.png,..\dataset\lung_cancer_MRI_dataset\validate\cancer\Lung MRI (909).png,351,291,RGBA
validate,cancer,Lung MRI (910).png,.png,..\dataset\lung_cancer_MRI_dataset\validate\cancer\Lung MRI (910).png,372,249,RGBA
validate,cancer,Lung MRI (911).png,.png,..\dataset\lung_cancer_MRI_dataset\validate\cancer\Lung MRI (911).png,377,248,RGBA
validate,cancer,Lung MRI (912).png,.png,..\dataset\lung_cancer_MRI_dataset\validate\cancer\Lung MRI (912).png,327,231,RGBA
validate,cancer,Lung MRI (913).png,.png,..\dataset\lung_cancer_MRI_dataset\validate\cancer\Lung MRI (913).png,421,294,RGBA
validate,cancer,Lung MRI (914).png,.png,..\dataset\lung_cancer_MRI_dataset\validate\cancer\Lung MRI (914).png,351,288,RGBA
validate,cancer,Lung MRI (915).png,.png,..\dataset\lung_cancer_MRI_dataset\validate\cancer\Lung MRI (915).png,424,221,RGBA
validate,cancer,Lung MRI (916).png,.png,..\dataset\lung_cancer_MRI_dataset\validate\cancer\Lung MRI (916).png,412,259,RGBA
validate,cancer,Lung MRI (917).png,.png,..\dataset\lung_cancer_MRI_dataset\validate\cancer\Lung MRI (917).png,421,261,RGBA
validate,cancer,Lung MRI (918).png,.png,..\dataset\lung_cancer_MRI_dataset\validate\cancer\Lung MRI (918).png,440,297,RGBA
validate,cancer,Lung MRI (919).png,.png,..\dataset\lung_cancer_MRI_dataset\validate\cancer\Lung MRI (919).png,404,240,RGBA
validate,cancer,Lung MRI (920).png,.png,..\dataset\lung_cancer_MRI_dataset\validate\cancer\Lung MRI (920).png,466,252,RGBA
validate,cancer,Lung MRI (921).png,.png,..\dataset\lung_cancer_MRI_dataset\validate\cancer\Lung MRI (921).png,429,291,RGBA
validate,cancer,Lung MRI (922).png,.png,..\dataset\lung_cancer_MRI_dataset\validate\cancer\Lung MRI (922).png,434,261,RGBA
validate,cancer,Lung MRI (923).png,.png,..\dataset\lung_cancer_MRI_dataset\validate\cancer\Lung MRI (923).png,370,324,RGBA
validate,cancer,Lung MRI (924).png,.png,..\dataset\lung_cancer_MRI_dataset\validate\cancer\Lung MRI (924).png,430,278,RGBA
validate,cancer,Lung MRI (925).png,.png,..\dataset\lung_cancer_MRI_dataset\validate\cancer\Lung MRI (925).png,429,271,RGBA
validate,cancer,Lung MRI (926).png,.png,..\dataset\lung_cancer_MRI_dataset\validate\cancer\Lung MRI (926).png,416,318,RGBA
validate,cancer,Lung MRI (927).png,.png,..\dataset\lung_cancer_MRI_dataset\validate\cancer\Lung MRI (927).png,420,320,RGBA
validate,cancer,Lung MRI (928).png,.png,..\dataset\lung_cancer_MRI_dataset\validate\cancer\Lung MRI (928).png,423,233,RGBA
validate,cancer,Lung MRI (929).png,.png,..\dataset\lung_cancer_MRI_dataset\validate\cancer\Lung MRI (929).png,429,270,RGBA
validate,cancer,Lung MRI (930).png,.png,..\dataset\lung_cancer_MRI_dataset\validate\cancer\Lung MRI (930).png,390,218,RGBA
validate,cancer,Lung MRI (931).png,.png,..\dataset\lung_cancer_MRI_dataset\validate\cancer\Lung MRI (931).png,429,299,RGBA
validate,cancer,Lung MRI (932).png,.png,..\dataset\lung_cancer_MRI_dataset\validate\cancer\Lung MRI (932).png,401,254,RGBA
validate,cancer,Lung MRI (933).png,.png,..\dataset\lung_cancer_MRI_dataset\validate\cancer\Lung MRI (933).png,416,284,RGBA
validate,cancer,Lung MRI (934).png,.png,..\dataset\lung_cancer_MRI_dataset\validate\cancer\Lung MRI (934).png,367,306,RGBA
validate,cancer,Lung MRI (935).png,.png,..\dataset\lung_cancer_MRI_dataset\validate\cancer\Lung MRI (935).png,422,293,RGBA
validate,cancer,Lung MRI (936).png,.png,..\dataset\lung_cancer_MRI_dataset\validate\cancer\Lung MRI (936).png,421,276,RGBA
validate,cancer,Lung MRI (937).png,.png,..\dataset\lung_cancer_MRI_dataset\validate\cancer\Lung MRI (937).png,422,328,RGBA
validate,cancer,Lung MRI (938).png,.png,..\dataset\lung_cancer_MRI_dataset\validate\cancer\Lung MRI (938).png,413,302,RGBA
validate,cancer,Lung MRI (939).png,.png,..\dataset\lung_cancer_MRI_dataset\validate\cancer\Lung MRI (939).png,376,263,RGBA
validate,cancer,Lung MRI (940).png,.png,..\dataset\lung_cancer_MRI_dataset\validate\cancer\Lung MRI (940).png,426,260,RGBA
validate,cancer,Lung MRI (941).png,.png,..\dataset\lung_cancer_MRI_dataset\validate\cancer\Lung MRI (941).png,425,273,RGBA
validate,cancer,Lung MRI (942).png,.png,..\dataset\lung_cancer_MRI_dataset\validate\cancer\Lung MRI (942).png,424,302,RGBA
validate,cancer,Lung MRI (943).png,.png,..\dataset\lung_cancer_MRI_dataset\validate\cancer\Lung MRI (943).png,426,330,RGBA
validate,cancer,Lung MRI (944).png,.png,..\dataset\lung_cancer_MRI_dataset\validate\cancer\Lung MRI (944).png,358,298,RGBA
validate,cancer,Lung MRI (945).png,.png,..\dataset\lung_cancer_MRI_dataset\validate\cancer\Lung MRI (945).png,368,221,RGBA
validate,cancer,Lung MRI (946).png,.png,..\dataset\lung_cancer_MRI_dataset\validate\cancer\Lung MRI (946).png,361,245,RGBA
validate,cancer,Lung MRI (947).png,.png,..\dataset\lung_cancer_MRI_dataset\validate\cancer\Lung MRI (947).png,390,295,RGBA
validate,cancer,Lung MRI (948).png,.png,..\dataset\lung_cancer_MRI_dataset\validate\cancer\Lung MRI (948).png,377,350,RGBA
validate,cancer,Lung MRI (949).png,.png,..\dataset\lung_cancer_MRI_dataset\validate\cancer\Lung MRI (949).png,393,284,RGBA
validate,cancer,Lung MRI (950).png,.png,..\dataset\lung_cancer_MRI_dataset\validate\cancer\Lung MRI (950).png,403,310,RGBA
validate,cancer,Lung MRI (951).png,.png,..\dataset\lung_cancer_MRI_dataset\validate\cancer\Lung MRI (951).png,399,300,RGBA
validate,cancer,Lung MRI (952).png,.png,..\dataset\lung_cancer_MRI_dataset\validate\cancer\Lung MRI (952).png,414,228,RGBA
validate,cancer,Lung MRI (953).png,.png,..\dataset\lung_cancer_MRI_dataset\validate\cancer\Lung MRI (953).png,430,295,RGBA
validate,cancer,Lung MRI (954).png,.png,..\dataset\lung_cancer_MRI_dataset\validate\cancer\Lung MRI (954).png,423,247,RGBA
validate,cancer,Lung MRI (955).png,.png,..\dataset\lung_cancer_MRI_dataset\validate\cancer\Lung MRI (955).png,414,262,RGBA
validate,cancer,Lung MRI (956).png,.png,..\dataset\lung_cancer_MRI_dataset\validate\cancer\Lung MRI (956).png,446,296,RGBA
validate,cancer,Lung MRI (957).png,.png,..\dataset\lung_cancer_MRI_dataset\validate\cancer\Lung MRI (957).png,315,280,RGBA
validate,cancer,Lung MRI (958).png,.png,..\dataset\lung_cancer_MRI_dataset\validate\cancer\Lung MRI (958).png,397,226,RGBA
validate,cancer,Lung MRI (959).png,.png,..\dataset\lung_cancer_MRI_dataset\validate\cancer\Lung MRI (959).png,418,208,RGBA
validate,cancer,Lung MRI (960).png,.png,..\dataset\lung_cancer_MRI_dataset\validate\cancer\Lung MRI (960).png,381,251,RGBA
validate,cancer,Lung MRI (961).png,.png,..\dataset\lung_cancer_MRI_dataset\validate\cancer\Lung MRI (961).png,396,291,RGBA
validate,cancer,Lung MRI (962).png,.png,..\dataset\lung_cancer_MRI_dataset\validate\cancer\Lung MRI (962).png,400,308,RGBA
validate,cancer,Lung MRI (963).png,.png,..\dataset\lung_cancer_MRI_dataset\validate\cancer\Lung MRI (963).png,415,304,RGBA
validate,cancer,Lung MRI (964).png,.png,..\dataset\lung_cancer_MRI_dataset\validate\cancer\Lung MRI (964).png,406,253,RGBA
validate,cancer,Lung MRI (965).png,.png,..\dataset\lung_cancer_MRI_dataset\validate\cancer\Lung MRI (965).png,425,293,RGBA
validate,cancer,Lung MRI (966).png,.png,..\dataset\lung_cancer_MRI_dataset\validate\cancer\Lung MRI (966).png,384,231,RGBA
validate,cancer,Lung MRI (967).png,.png,..\dataset\lung_cancer_MRI_dataset\validate\cancer\Lung MRI (967).png,357,239,RGBA
validate,cancer,Lung MRI (968).png,.png,..\dataset\lung_cancer_MRI_dataset\validate\cancer\Lung MRI (968).png,367,194,RGBA
validate,cancer,Lung MRI (969).png,.png,..\dataset\lung_cancer_MRI_dataset\validate\cancer\Lung MRI (969).png,446,257,RGBA
validate,cancer,Lung MRI (970).png,.png,..\dataset\lung_cancer_MRI_dataset\validate\cancer\Lung MRI (970).png,404,311,RGBA
validate,cancer,Lung MRI (971).png,.png,..\dataset\lung_cancer_MRI_dataset\validate\cancer\Lung MRI (971).png,413,310,RGBA
validate,cancer,Lung MRI (972).png,.png,..\dataset\lung_cancer_MRI_dataset\validate\cancer\Lung MRI (972).png,428,329,RGBA
validate,cancer,Lung MRI (973).png,.png,..\dataset\lung_cancer_MRI_dataset\validate\cancer\Lung MRI (973).png,351,243,RGBA
validate,cancer,Lung MRI (974).png,.png,..\dataset\lung_cancer_MRI_dataset\validate\cancer\Lung MRI (974).png,386,198,RGBA
validate,cancer,Lung MRI (975).png,.png,..\dataset\lung_cancer_MRI_dataset\validate\cancer\Lung MRI (975).png,414,284,RGBA
validate,cancer,Lung MRI (976).png,.png,..\dataset\lung_cancer_MRI_dataset\validate\cancer\Lung MRI (976).png,357,217,RGBA
validate,cancer,Lung MRI (977).png,.png,..\dataset\lung_cancer_MRI_dataset\validate\cancer\Lung MRI (977).png,409,272,RGBA
validate,cancer,Lung MRI (978).png,.png,..\dataset\lung_cancer_MRI_dataset\validate\cancer\Lung MRI (978).png,332,241,RGBA
validate,cancer,Lung MRI (979).png,.png,..\dataset\lung_cancer_MRI_dataset\validate\cancer\Lung MRI (979).png,386,277,RGBA
validate,cancer,Lung MRI (980).png,.png,..\dataset\lung_cancer_MRI_dataset\validate\cancer\Lung MRI (980).png,400,314,RGBA
validate,cancer,Lung MRI (981).png,.png,..\dataset\lung_cancer_MRI_dataset\validate\cancer\Lung MRI (981).png,418,289,RGBA
validate,cancer,Lung MRI (982).png,.png,..\dataset\lung_cancer_MRI_dataset\validate\cancer\Lung MRI (982).png,378,306,RGBA
validate,cancer,Lung MRI (983).png,.png,..\dataset\lung_cancer_MRI_dataset\validate\cancer\Lung MRI (983).png,448,287,RGBA
validate,cancer,Lung MRI (984).png,.png,..\dataset\lung_cancer_MRI_dataset\validate\cancer\Lung MRI (984).png,389,248,RGBA
validate,cancer,Lung MRI (985).png,.png,..\dataset\lung_cancer_MRI_dataset\validate\cancer\Lung MRI (985).png,418,231,RGBA
validate,cancer,Lung MRI (986).png,.png,..\dataset\lung_cancer_MRI_dataset\validate\cancer\Lung MRI (986).png,398,284,RGBA
validate,cancer,Lung MRI (987).png,.png,..\dataset\lung_cancer_MRI_dataset\validate\cancer\Lung MRI (987).png,410,220,RGBA
validate,cancer,Lung MRI (988).png,.png,..\dataset\lung_cancer_MRI_dataset\validate\cancer\Lung MRI (988).png,332,238,RGBA
validate,cancer,Lung MRI (989).png,.png,..\dataset\lung_cancer_MRI_dataset\validate\cancer\Lung MRI (989).png,410,196,RGBA
validate,cancer,Lung MRI (990).png,.png,..\dataset\lung_cancer_MRI_dataset\validate\cancer\Lung MRI (990).png,420,265,RGBA
validate,cancer,Lung MRI (991).png,.png,..\dataset\lung_cancer_MRI_dataset\validate\cancer\Lung MRI (991).png,410,298,RGBA
validate,cancer,Lung MRI (992).png,.png,..\dataset\lung_cancer_MRI_dataset\validate\cancer\Lung MRI (992).png,426,255,RGBA
validate,cancer,Lung MRI (993).png,.png,..\dataset\lung_cancer_MRI_dataset\validate\cancer\Lung MRI (993).png,425,307,RGBA
validate,cancer,Lung MRI (994).png,.png,..\dataset\lung_cancer_MRI_dataset\validate\cancer\Lung MRI (994).png,415,271,RGBA
validate,cancer,Lung MRI (995).png,.png,..\dataset\lung_cancer_MRI_dataset\validate\cancer\Lung MRI (995).png,388,205,RGBA
validate,cancer,Lung MRI (996).png,.png,..\dataset\lung_cancer_MRI_dataset\validate\cancer\Lung MRI (996).png,449,266,RGBA
validate,cancer,Lung MRI (997).png,.png,..\dataset\lung_cancer_MRI_dataset\validate\cancer\Lung MRI (997).png,436,261,RGBA
validate,cancer,Lung MRI (998).png,.png,..\dataset\lung_cancer_MRI_dataset\validate\cancer\Lung MRI (998).png,416,308,RGBA
validate,cancer,Lung MRI (999).png,.png,..\dataset\lung_cancer_MRI_dataset\validate\cancer\Lung MRI (999).png,349,255,RGBA
validate,no_cancer,LUNG MRI NC (1).jpg,.jpg,..\dataset\lung_cancer_MRI_dataset\validate\no_cancer\LUNG MRI NC (1).jpg,224,225,RGB
validate,no_cancer,LUNG MRI NC (1).png,.png,..\dataset\lung_cancer_MRI_dataset\validate\no_cancer\LUNG MRI NC (1).png,630,626,RGBA
validate,no_cancer,LUNG MRI NC (10).jpg,.jpg,..\dataset\lung_cancer_MRI_dataset\validate\no_cancer\LUNG MRI NC (10).jpg,400,358,RGB
validate,no_cancer,LUNG MRI NC (10).png,.png,..\dataset\lung_cancer_MRI_dataset\validate\no_cancer\LUNG MRI NC (10).png,443,344,RGBA
validate,no_cancer,LUNG MRI NC (100).png,.png,..\dataset\lung_cancer_MRI_dataset\validate\no_cancer\LUNG MRI NC (100).png,366,234,RGBA
validate,no_cancer,LUNG MRI NC (101).png,.png,..\dataset\lung_cancer_MRI_dataset\validate\no_cancer\LUNG MRI NC (101).png,543,475,RGBA
validate,no_cancer,LUNG MRI NC (102).png,.png,..\dataset\lung_cancer_MRI_dataset\validate\no_cancer\LUNG MRI NC (102).png,453,425,RGBA
validate,no_cancer,LUNG MRI NC (103).png,.png,..\dataset\lung_cancer_MRI_dataset\validate\no_cancer\LUNG MRI NC (103).png,453,425,RGBA
validate,no_cancer,LUNG MRI NC (104).png,.png,..\dataset\lung_cancer_MRI_dataset\validate\no_cancer\LUNG MRI NC (104).png,543,475,RGBA
validate,no_cancer,LUNG MRI NC (105).png,.png,..\dataset\lung_cancer_MRI_dataset\validate\no_cancer\LUNG MRI NC (105).png,543,475,RGBA
validate,no_cancer,LUNG MRI NC (106).png,.png,..\dataset\lung_cancer_MRI_dataset\validate\no_cancer\LUNG MRI NC (106).png,543,475,RGBA
validate,no_cancer,LUNG MRI NC (107).png,.png,..\dataset\lung_cancer_MRI_dataset\validate\no_cancer\LUNG MRI NC (107).png,543,475,RGBA
validate,no_cancer,LUNG MRI NC (108).png,.png,..\dataset\lung_cancer_MRI_dataset\validate\no_cancer\LUNG MRI NC (108).png,543,475,RGBA
validate,no_cancer,LUNG MRI NC (109).png,.png,..\dataset\lung_cancer_MRI_dataset\validate\no_cancer\LUNG MRI NC (109).png,438,338,RGBA
validate,no_cancer,LUNG MRI NC (11).jpg,.jpg,..\dataset\lung_cancer_MRI_dataset\validate\no_cancer\LUNG MRI NC (11).jpg,400,358,RGB
validate,no_cancer,LUNG MRI NC (11).png,.png,..\dataset\lung_cancer_MRI_dataset\validate\no_cancer\LUNG MRI NC (11).png,443,344,RGBA
validate,no_cancer,LUNG MRI NC (110).png,.png,..\dataset\lung_cancer_MRI_dataset\validate\no_cancer\LUNG MRI NC (110).png,438,338,RGBA
validate,no_cancer,LUNG MRI NC (111).png,.png,..\dataset\lung_cancer_MRI_dataset\validate\no_cancer\LUNG MRI NC (111).png,438,338,RGBA
validate,no_cancer,LUNG MRI NC (112).png,.png,..\dataset\lung_cancer_MRI_dataset\validate\no_cancer\LUNG MRI NC (112).png,438,338,RGBA
validate,no_cancer,LUNG MRI NC (113).png,.png,..\dataset\lung_cancer_MRI_dataset\validate\no_cancer\LUNG MRI NC (113).png,438,338,RGBA
validate,no_cancer,LUNG MRI NC (114).png,.png,..\dataset\lung_cancer_MRI_dataset\validate\no_cancer\LUNG MRI NC (114).png,438,338,RGBA
validate,no_cancer,LUNG MRI NC (115).png,.png,..\dataset\lung_cancer_MRI_dataset\validate\no_cancer\LUNG MRI NC (115).png,438,338,RGBA
validate,no_cancer,LUNG MRI NC (116).png,.png,..\dataset\lung_cancer_MRI_dataset\validate\no_cancer\LUNG MRI NC (116).png,438,338,RGBA
validate,no_cancer,LUNG MRI NC (117).png,.png,..\dataset\lung_cancer_MRI_dataset\validate\no_cancer\LUNG MRI NC (117).png,538,419,RGBA
validate,no_cancer,LUNG MRI NC (118).png,.png,..\dataset\lung_cancer_MRI_dataset\validate\no_cancer\LUNG MRI NC (118).png,478,356,RGBA
validate,no_cancer,LUNG MRI NC (119).png,.png,..\dataset\lung_cancer_MRI_dataset\validate\no_cancer\LUNG MRI NC (119).png,478,356,RGBA
validate,no_cancer,LUNG MRI NC (12).jpg,.jpg,..\dataset\lung_cancer_MRI_dataset\validate\no_cancer\LUNG MRI NC (12).jpg,400,358,RGB
validate,no_cancer,LUNG MRI NC (12).png,.png,..\dataset\lung_cancer_MRI_dataset\validate\no_cancer\LUNG MRI NC (12).png,443,344,RGB
validate,no_cancer,LUNG MRI NC (120).png,.png,..\dataset\lung_cancer_MRI_dataset\validate\no_cancer\LUNG MRI NC (120).png,538,419,RGBA
validate,no_cancer,LUNG MRI NC (121).png,.png,..\dataset\lung_cancer_MRI_dataset\validate\no_cancer\LUNG MRI NC (121).png,538,419,RGBA
validate,no_cancer,LUNG MRI NC (122).png,.png,..\dataset\lung_cancer_MRI_dataset\validate\no_cancer\LUNG MRI NC (122).png,538,419,RGBA
validate,no_cancer,LUNG MRI NC (123).png,.png,..\dataset\lung_cancer_MRI_dataset\validate\no_cancer\LUNG MRI NC (123).png,538,419,RGBA
validate,no_cancer,LUNG MRI NC (124).png,.png,..\dataset\lung_cancer_MRI_dataset\validate\no_cancer\LUNG MRI NC (124).png,538,419,RGBA
validate,no_cancer,LUNG MRI NC (125).png,.png,..\dataset\lung_cancer_MRI_dataset\validate\no_cancer\LUNG MRI NC (125).png,393,270,RGBA
validate,no_cancer,LUNG MRI NC (126).png,.png,..\dataset\lung_cancer_MRI_dataset\validate\no_cancer\LUNG MRI NC (126).png,393,270,RGBA
validate,no_cancer,LUNG MRI NC (127).png,.png,..\dataset\lung_cancer_MRI_dataset\validate\no_cancer\LUNG MRI NC (127).png,393,270,RGBA
validate,no_cancer,LUNG MRI NC (128).png,.png,..\dataset\lung_cancer_MRI_dataset\validate\no_cancer\LUNG MRI NC (128).png,393,270,RGBA
validate,no_cancer,LUNG MRI NC (129).png,.png,..\dataset\lung_cancer_MRI_dataset\validate\no_cancer\LUNG MRI NC (129).png,393,270,RGBA
validate,no_cancer,LUNG MRI NC (13).png,.png,..\dataset\lung_cancer_MRI_dataset\validate\no_cancer\LUNG MRI NC (13).png,443,344,RGBA
validate,no_cancer,LUNG MRI NC (130).png,.png,..\dataset\lung_cancer_MRI_dataset\validate\no_cancer\LUNG MRI NC (130).png,393,270,RGBA
validate,no_cancer,LUNG MRI NC (131).png,.png,..\dataset\lung_cancer_MRI_dataset\validate\no_cancer\LUNG MRI NC (131).png,393,270,RGBA
validate,no_cancer,LUNG MRI NC (132).png,.png,..\dataset\lung_cancer_MRI_dataset\validate\no_cancer\LUNG MRI NC (132).png,393,270,RGBA
validate,no_cancer,LUNG MRI NC (133).png,.png,..\dataset\lung_cancer_MRI_dataset\validate\no_cancer\LUNG MRI NC (133).png,629,491,RGBA
validate,no_cancer,LUNG MRI NC (134).png,.png,..\dataset\lung_cancer_MRI_dataset\validate\no_cancer\LUNG MRI NC (134).png,629,491,RGBA
validate,no_cancer,LUNG MRI NC (135).png,.png,..\dataset\lung_cancer_MRI_dataset\validate\no_cancer\LUNG MRI NC (135).png,629,491,RGBA
validate,no_cancer,LUNG MRI NC (136).png,.png,..\dataset\lung_cancer_MRI_dataset\validate\no_cancer\LUNG MRI NC (136).png,629,491,RGBA
validate,no_cancer,LUNG MRI NC (137).png,.png,..\dataset\lung_cancer_MRI_dataset\validate\no_cancer\LUNG MRI NC (137).png,629,491,RGBA
validate,no_cancer,LUNG MRI NC (138).png,.png,..\dataset\lung_cancer_MRI_dataset\validate\no_cancer\LUNG MRI NC (138).png,360,263,RGBA
validate,no_cancer,LUNG MRI NC (139).png,.png,..\dataset\lung_cancer_MRI_dataset\validate\no_cancer\LUNG MRI NC (139).png,676,500,RGB
validate,no_cancer,LUNG MRI NC (14).png,.png,..\dataset\lung_cancer_MRI_dataset\validate\no_cancer\LUNG MRI NC (14).png,443,344,RGB
validate,no_cancer,LUNG MRI NC (140).png,.png,..\dataset\lung_cancer_MRI_dataset\validate\no_cancer\LUNG MRI NC (140).png,773,523,RGBA
validate,no_cancer,LUNG MRI NC (141).png,.png,..\dataset\lung_cancer_MRI_dataset\validate\no_cancer\LUNG MRI NC (141).png,773,523,RGBA
validate,no_cancer,LUNG MRI NC (142).png,.png,..\dataset\lung_cancer_MRI_dataset\validate\no_cancer\LUNG MRI NC (142).png,700,700,RGB
validate,no_cancer,LUNG MRI NC (143).png,.png,..\dataset\lung_cancer_MRI_dataset\validate\no_cancer\LUNG MRI NC (143).png,512,512,RGB
validate,no_cancer,LUNG MRI NC (144).png,.png,..\dataset\lung_cancer_MRI_dataset\validate\no_cancer\LUNG MRI NC (144).png,512,512,RGB
validate,no_cancer,LUNG MRI NC (145).png,.png,..\dataset\lung_cancer_MRI_dataset\validate\no_cancer\LUNG MRI NC (145).png,512,512,RGB
validate,no_cancer,LUNG MRI NC (146).png,.png,..\dataset\lung_cancer_MRI_dataset\validate\no_cancer\LUNG MRI NC (146).png,512,512,RGBA
validate,no_cancer,LUNG MRI NC (147).png,.png,..\dataset\lung_cancer_MRI_dataset\validate\no_cancer\LUNG MRI NC (147).png,512,512,RGBA
validate,no_cancer,LUNG MRI NC (148).png,.png,..\dataset\lung_cancer_MRI_dataset\validate\no_cancer\LUNG MRI NC (148).png,512,512,RGBA
validate,no_cancer,LUNG MRI NC (149).png,.png,..\dataset\lung_cancer_MRI_dataset\validate\no_cancer\LUNG MRI NC (149).png,512,512,RGBA
validate,no_cancer,LUNG MRI NC (15).png,.png,..\dataset\lung_cancer_MRI_dataset\validate\no_cancer\LUNG MRI NC (15).png,443,344,RGB
validate,no_cancer,LUNG MRI NC (150).png,.png,..\dataset\lung_cancer_MRI_dataset\validate\no_cancer\LUNG MRI NC (150).png,512,512,RGBA
validate,no_cancer,LUNG MRI NC (151).png,.png,..\dataset\lung_cancer_MRI_dataset\validate\no_cancer\LUNG MRI NC (151).png,512,512,RGBA
validate,no_cancer,LUNG MRI NC (152).png,.png,..\dataset\lung_cancer_MRI_dataset\validate\no_cancer\LUNG MRI NC (152).png,512,512,RGBA
validate,no_cancer,LUNG MRI NC (153).png,.png,..\dataset\lung_cancer_MRI_dataset\validate\no_cancer\LUNG MRI NC (153).png,512,512,RGBA
validate,no_cancer,LUNG MRI NC (154).png,.png,..\dataset\lung_cancer_MRI_dataset\validate\no_cancer\LUNG MRI NC (154).png,512,512,RGBA
validate,no_cancer,LUNG MRI NC (155).png,.png,..\dataset\lung_cancer_MRI_dataset\validate\no_cancer\LUNG MRI NC (155).png,512,512,RGBA
validate,no_cancer,LUNG MRI NC (156).png,.png,..\dataset\lung_cancer_MRI_dataset\validate\no_cancer\LUNG MRI NC (156).png,512,512,RGBA
validate,no_cancer,LUNG MRI NC (157).png,.png,..\dataset\lung_cancer_MRI_dataset\validate\no_cancer\LUNG MRI NC (157).png,512,512,RGBA
validate,no_cancer,LUNG MRI NC (158).png,.png,..\dataset\lung_cancer_MRI_dataset\validate\no_cancer\LUNG MRI NC (158).png,512,512,RGBA
validate,no_cancer,LUNG MRI NC (159).png,.png,..\dataset\lung_cancer_MRI_dataset\validate\no_cancer\LUNG MRI NC (159).png,512,512,RGBA
validate,no_cancer,LUNG MRI NC (16).png,.png,..\dataset\lung_cancer_MRI_dataset\validate\no_cancer\LUNG MRI NC (16).png,443,344,RGB
validate,no_cancer,LUNG MRI NC (160).png,.png,..\dataset\lung_cancer_MRI_dataset\validate\no_cancer\LUNG MRI NC (160).png,512,512,RGBA
validate,no_cancer,LUNG MRI NC (161).png,.png,..\dataset\lung_cancer_MRI_dataset\validate\no_cancer\LUNG MRI NC (161).png,512,512,RGBA
validate,no_cancer,LUNG MRI NC (162).png,.png,..\dataset\lung_cancer_MRI_dataset\validate\no_cancer\LUNG MRI NC (162).png,512,512,RGBA
validate,no_cancer,LUNG MRI NC (163).png,.png,..\dataset\lung_cancer_MRI_dataset\validate\no_cancer\LUNG MRI NC (163).png,512,512,RGBA
validate,no_cancer,LUNG MRI NC (164).png,.png,..\dataset\lung_cancer_MRI_dataset\validate\no_cancer\LUNG MRI NC (164).png,512,512,RGBA
validate,no_cancer,LUNG MRI NC (165).png,.png,..\dataset\lung_cancer_MRI_dataset\validate\no_cancer\LUNG MRI NC (165).png,512,512,RGBA
validate,no_cancer,LUNG MRI NC (166).png,.png,..\dataset\lung_cancer_MRI_dataset\validate\no_cancer\LUNG MRI NC (166).png,512,512,RGBA
validate,no_cancer,LUNG MRI NC (167).png,.png,..\dataset\lung_cancer_MRI_dataset\validate\no_cancer\LUNG MRI NC (167).png,512,512,RGBA
validate,no_cancer,LUNG MRI NC (168).png,.png,..\dataset\lung_cancer_MRI_dataset\validate\no_cancer\LUNG MRI NC (168).png,512,512,RGBA
validate,no_cancer,LUNG MRI NC (169).png,.png,..\dataset\lung_cancer_MRI_dataset\validate\no_cancer\LUNG MRI NC (169).png,512,512,RGBA
validate,no_cancer,LUNG MRI NC (17).png,.png,..\dataset\lung_cancer_MRI_dataset\validate\no_cancer\LUNG MRI NC (17).png,615,495,RGBA
validate,no_cancer,LUNG MRI NC (170).png,.png,..\dataset\lung_cancer_MRI_dataset\validate\no_cancer\LUNG MRI NC (170).png,512,512,RGBA
validate,no_cancer,LUNG MRI NC (171).png,.png,..\dataset\lung_cancer_MRI_dataset\validate\no_cancer\LUNG MRI NC (171).png,512,512,RGBA
validate,no_cancer,LUNG MRI NC (172).png,.png,..\dataset\lung_cancer_MRI_dataset\validate\no_cancer\LUNG MRI NC (172).png,512,512,RGBA
validate,no_cancer,LUNG MRI NC (173).png,.png,..\dataset\lung_cancer_MRI_dataset\validate\no_cancer\LUNG MRI NC (173).png,512,512,RGBA
validate,no_cancer,LUNG MRI NC (174).png,.png,..\dataset\lung_cancer_MRI_dataset\validate\no_cancer\LUNG MRI NC (174).png,512,512,RGBA
validate,no_cancer,LUNG MRI NC (175).png,.png,..\dataset\lung_cancer_MRI_dataset\validate\no_cancer\LUNG MRI NC (175).png,512,512,RGBA
validate,no_cancer,LUNG MRI NC (176).png,.png,..\dataset\lung_cancer_MRI_dataset\validate\no_cancer\LUNG MRI NC (176).png,512,512,RGBA
validate,no_cancer,LUNG MRI NC (177).png,.png,..\dataset\lung_cancer_MRI_dataset\validate\no_cancer\LUNG MRI NC (177).png,512,512,RGBA
validate,no_cancer,LUNG MRI NC (178).png,.png,..\dataset\lung_cancer_MRI_dataset\validate\no_cancer\LUNG MRI NC (178).png,512,512,RGBA
validate,no_cancer,LUNG MRI NC (179).png,.png,..\dataset\lung_cancer_MRI_dataset\validate\no_cancer\LUNG MRI NC (179).png,512,512,RGBA
validate,no_cancer,LUNG MRI NC (18).png,.png,..\dataset\lung_cancer_MRI_dataset\validate\no_cancer\LUNG MRI NC (18).png,615,495,RGBA
validate,no_cancer,LUNG MRI NC (180).png,.png,..\dataset\lung_cancer_MRI_dataset\validate\no_cancer\LUNG MRI NC (180).png,512,512,RGBA
validate,no_cancer,LUNG MRI NC (181).png,.png,..\dataset\lung_cancer_MRI_dataset\validate\no_cancer\LUNG MRI NC (181).png,512,512,RGBA
validate,no_cancer,LUNG MRI NC (182).png,.png,..\dataset\lung_cancer_MRI_dataset\validate\no_cancer\LUNG MRI NC (182).png,512,512,RGBA
validate,no_cancer,LUNG MRI NC (183).png,.png,..\dataset\lung_cancer_MRI_dataset\validate\no_cancer\LUNG MRI NC (183).png,512,512,RGBA
validate,no_cancer,LUNG MRI NC (184).png,.png,..\dataset\lung_cancer_MRI_dataset\validate\no_cancer\LUNG MRI NC (184).png,512,512,RGBA
validate,no_cancer,LUNG MRI NC (185).png,.png,..\dataset\lung_cancer_MRI_dataset\validate\no_cancer\LUNG MRI NC (185).png,512,512,RGBA
validate,no_cancer,LUNG MRI NC (186).png,.png,..\dataset\lung_cancer_MRI_dataset\validate\no_cancer\LUNG MRI NC (186).png,512,512,RGBA
validate,no_cancer,LUNG MRI NC (187).png,.png,..\dataset\lung_cancer_MRI_dataset\validate\no_cancer\LUNG MRI NC (187).png,512,512,RGBA
validate,no_cancer,LUNG MRI NC (188).png,.png,..\dataset\lung_cancer_MRI_dataset\validate\no_cancer\LUNG MRI NC (188).png,512,512,RGBA
validate,no_cancer,LUNG MRI NC (189).png,.png,..\dataset\lung_cancer_MRI_dataset\validate\no_cancer\LUNG MRI NC (189).png,512,512,RGBA
validate,no_cancer,LUNG MRI NC (19).png,.png,..\dataset\lung_cancer_MRI_dataset\validate\no_cancer\LUNG MRI NC (19).png,615,495,RGBA
validate,no_cancer,LUNG MRI NC (190).png,.png,..\dataset\lung_cancer_MRI_dataset\validate\no_cancer\LUNG MRI NC (190).png,512,512,RGBA
validate,no_cancer,LUNG MRI NC (191).png,.png,..\dataset\lung_cancer_MRI_dataset\validate\no_cancer\LUNG MRI NC (191).png,512,512,RGBA
validate,no_cancer,LUNG MRI NC (192).png,.png,..\dataset\lung_cancer_MRI_dataset\validate\no_cancer\LUNG MRI NC (192).png,512,512,RGBA
validate,no_cancer,LUNG MRI NC (193).png,.png,..\dataset\lung_cancer_MRI_dataset\validate\no_cancer\LUNG MRI NC (193).png,512,512,RGBA
validate,no_cancer,LUNG MRI NC (194).png,.png,..\dataset\lung_cancer_MRI_dataset\validate\no_cancer\LUNG MRI NC (194).png,512,512,RGBA
validate,no_cancer,LUNG MRI NC (195).png,.png,..\dataset\lung_cancer_MRI_dataset\validate\no_cancer\LUNG MRI NC (195).png,512,512,RGBA
validate,no_cancer,LUNG MRI NC (196).png,.png,..\dataset\lung_cancer_MRI_dataset\validate\no_cancer\LUNG MRI NC (196).png,512,512,RGBA
validate,no_cancer,LUNG MRI NC (197).png,.png,..\dataset\lung_cancer_MRI_dataset\validate\no_cancer\LUNG MRI NC (197).png,512,512,RGBA
validate,no_cancer,LUNG MRI NC (198).png,.png,..\dataset\lung_cancer_MRI_dataset\validate\no_cancer\LUNG MRI NC (198).png,512,512,RGBA
validate,no_cancer,LUNG MRI NC (199).png,.png,..\dataset\lung_cancer_MRI_dataset\validate\no_cancer\LUNG MRI NC (199).png,512,512,RGBA
validate,no_cancer,LUNG MRI NC (2).jpg,.jpg,..\dataset\lung_cancer_MRI_dataset\validate\no_cancer\LUNG MRI NC (2).jpg,224,225,RGB
validate,no_cancer,LUNG MRI NC (2).png,.png,..\dataset\lung_cancer_MRI_dataset\validate\no_cancer\LUNG MRI NC (2).png,630,626,RGBA
validate,no_cancer,LUNG MRI NC (20).png,.png,..\dataset\lung_cancer_MRI_dataset\validate\no_cancer\LUNG MRI NC (20).png,617,481,RGBA
validate,no_cancer,LUNG MRI NC (200).png,.png,..\dataset\lung_cancer_MRI_dataset\validate\no_cancer\LUNG MRI NC (200).png,512,512,RGBA
validate,no_cancer,LUNG MRI NC (201).png,.png,..\dataset\lung_cancer_MRI_dataset\validate\no_cancer\LUNG MRI NC (201).png,512,512,RGBA
validate,no_cancer,LUNG MRI NC (202).png,.png,..\dataset\lung_cancer_MRI_dataset\validate\no_cancer\LUNG MRI NC (202).png,512,512,RGBA
validate,no_cancer,LUNG MRI NC (203).png,.png,..\dataset\lung_cancer_MRI_dataset\validate\no_cancer\LUNG MRI NC (203).png,512,512,RGBA
validate,no_cancer,LUNG MRI NC (204).png,.png,..\dataset\lung_cancer_MRI_dataset\validate\no_cancer\LUNG MRI NC (204).png,512,512,RGBA
validate,no_cancer,LUNG MRI NC (205).png,.png,..\dataset\lung_cancer_MRI_dataset\validate\no_cancer\LUNG MRI NC (205).png,512,512,RGBA
validate,no_cancer,LUNG MRI NC (206).png,.png,..\dataset\lung_cancer_MRI_dataset\validate\no_cancer\LUNG MRI NC (206).png,512,512,RGBA
validate,no_cancer,LUNG MRI NC (207).png,.png,..\dataset\lung_cancer_MRI_dataset\validate\no_cancer\LUNG MRI NC (207).png,512,512,RGBA
validate,no_cancer,LUNG MRI NC (208).png,.png,..\dataset\lung_cancer_MRI_dataset\validate\no_cancer\LUNG MRI NC (208).png,512,512,RGBA
validate,no_cancer,LUNG MRI NC (209).png,.png,..\dataset\lung_cancer_MRI_dataset\validate\no_cancer\LUNG MRI NC (209).png,512,512,RGBA
validate,no_cancer,LUNG MRI NC (21).png,.png,..\dataset\lung_cancer_MRI_dataset\validate\no_cancer\LUNG MRI NC (21).png,615,495,RGBA
validate,no_cancer,LUNG MRI NC (210).png,.png,..\dataset\lung_cancer_MRI_dataset\validate\no_cancer\LUNG MRI NC (210).png,512,512,RGBA
validate,no_cancer,LUNG MRI NC (211).png,.png,..\dataset\lung_cancer_MRI_dataset\validate\no_cancer\LUNG MRI NC (211).png,512,512,RGBA
validate,no_cancer,LUNG MRI NC (212).png,.png,..\dataset\lung_cancer_MRI_dataset\validate\no_cancer\LUNG MRI NC (212).png,512,512,RGBA
validate,no_cancer,LUNG MRI NC (213).png,.png,..\dataset\lung_cancer_MRI_dataset\validate\no_cancer\LUNG MRI NC (213).png,512,512,RGBA
validate,no_cancer,LUNG MRI NC (214).png,.png,..\dataset\lung_cancer_MRI_dataset\validate\no_cancer\LUNG MRI NC (214).png,512,512,RGBA
validate,no_cancer,LUNG MRI NC (215).png,.png,..\dataset\lung_cancer_MRI_dataset\validate\no_cancer\LUNG MRI NC (215).png,512,512,RGBA
validate,no_cancer,LUNG MRI NC (216).png,.png,..\dataset\lung_cancer_MRI_dataset\validate\no_cancer\LUNG MRI NC (216).png,512,512,RGBA
validate,no_cancer,LUNG MRI NC (217).png,.png,..\dataset\lung_cancer_MRI_dataset\validate\no_cancer\LUNG MRI NC (217).png,512,512,RGBA
validate,no_cancer,LUNG MRI NC (218).png,.png,..\dataset\lung_cancer_MRI_dataset\validate\no_cancer\LUNG MRI NC (218).png,512,512,RGBA
validate,no_cancer,LUNG MRI NC (219).png,.png,..\dataset\lung_cancer_MRI_dataset\validate\no_cancer\LUNG MRI NC (219).png,512,512,RGBA
validate,no_cancer,LUNG MRI NC (22).png,.png,..\dataset\lung_cancer_MRI_dataset\validate\no_cancer\LUNG MRI NC (22).png,617,481,RGBA
validate,no_cancer,LUNG MRI NC (220).png,.png,..\dataset\lung_cancer_MRI_dataset\validate\no_cancer\LUNG MRI NC (220).png,512,512,RGBA
validate,no_cancer,LUNG MRI NC (221).png,.png,..\dataset\lung_cancer_MRI_dataset\validate\no_cancer\LUNG MRI NC (221).png,512,512,RGBA
validate,no_cancer,LUNG MRI NC (222).png,.png,..\dataset\lung_cancer_MRI_dataset\validate\no_cancer\LUNG MRI NC (222).png,512,512,RGBA
validate,no_cancer,LUNG MRI NC (223).png,.png,..\dataset\lung_cancer_MRI_dataset\validate\no_cancer\LUNG MRI NC (223).png,512,512,RGBA
validate,no_cancer,LUNG MRI NC (224).png,.png,..\dataset\lung_cancer_MRI_dataset\validate\no_cancer\LUNG MRI NC (224).png,512,512,RGBA
validate,no_cancer,LUNG MRI NC (225).png,.png,..\dataset\lung_cancer_MRI_dataset\validate\no_cancer\LUNG MRI NC (225).png,512,512,RGBA
validate,no_cancer,LUNG MRI NC (226).png,.png,..\dataset\lung_cancer_MRI_dataset\validate\no_cancer\LUNG MRI NC (226).png,512,512,RGBA
validate,no_cancer,LUNG MRI NC (227).png,.png,..\dataset\lung_cancer_MRI_dataset\validate\no_cancer\LUNG MRI NC (227).png,512,512,RGBA
validate,no_cancer,LUNG MRI NC (228).png,.png,..\dataset\lung_cancer_MRI_dataset\validate\no_cancer\LUNG MRI NC (228).png,512,512,RGBA
validate,no_cancer,LUNG MRI NC (229).png,.png,..\dataset\lung_cancer_MRI_dataset\validate\no_cancer\LUNG MRI NC (229).png,512,512,RGBA
validate,no_cancer,LUNG MRI NC (23).png,.png,..\dataset\lung_cancer_MRI_dataset\validate\no_cancer\LUNG MRI NC (23).png,617,481,RGBA
validate,no_cancer,LUNG MRI NC (230).png,.png,..\dataset\lung_cancer_MRI_dataset\validate\no_cancer\LUNG MRI NC (230).png,512,512,RGBA
validate,no_cancer,LUNG MRI NC (231).png,.png,..\dataset\lung_cancer_MRI_dataset\validate\no_cancer\LUNG MRI NC (231).png,512,512,RGBA
validate,no_cancer,LUNG MRI NC (232).png,.png,..\dataset\lung_cancer_MRI_dataset\validate\no_cancer\LUNG MRI NC (232).png,512,512,RGBA
validate,no_cancer,LUNG MRI NC (233).png,.png,..\dataset\lung_cancer_MRI_dataset\validate\no_cancer\LUNG MRI NC (233).png,512,512,RGBA
validate,no_cancer,LUNG MRI NC (234).png,.png,..\dataset\lung_cancer_MRI_dataset\validate\no_cancer\LUNG MRI NC (234).png,512,512,RGBA
validate,no_cancer,LUNG MRI NC (235).png,.png,..\dataset\lung_cancer_MRI_dataset\validate\no_cancer\LUNG MRI NC (235).png,512,512,RGBA
validate,no_cancer,LUNG MRI NC (236).png,.png,..\dataset\lung_cancer_MRI_dataset\validate\no_cancer\LUNG MRI NC (236).png,512,512,RGBA
validate,no_cancer,LUNG MRI NC (237).png,.png,..\dataset\lung_cancer_MRI_dataset\validate\no_cancer\LUNG MRI NC (237).png,512,512,RGBA
validate,no_cancer,LUNG MRI NC (238).png,.png,..\dataset\lung_cancer_MRI_dataset\validate\no_cancer\LUNG MRI NC (238).png,512,512,RGBA
validate,no_cancer,LUNG MRI NC (239).png,.png,..\dataset\lung_cancer_MRI_dataset\validate\no_cancer\LUNG MRI NC (239).png,512,512,RGBA
validate,no_cancer,LUNG MRI NC (24).png,.png,..\dataset\lung_cancer_MRI_dataset\validate\no_cancer\LUNG MRI NC (24).png,617,481,RGBA
validate,no_cancer,LUNG MRI NC (240).png,.png,..\dataset\lung_cancer_MRI_dataset\validate\no_cancer\LUNG MRI NC (240).png,512,512,RGBA
validate,no_cancer,LUNG MRI NC (241).png,.png,..\dataset\lung_cancer_MRI_dataset\validate\no_cancer\LUNG MRI NC (241).png,512,512,RGBA
validate,no_cancer,LUNG MRI NC (242).png,.png,..\dataset\lung_cancer_MRI_dataset\validate\no_cancer\LUNG MRI NC (242).png,512,512,RGBA
validate,no_cancer,LUNG MRI NC (243).png,.png,..\dataset\lung_cancer_MRI_dataset\validate\no_cancer\LUNG MRI NC (243).png,512,512,RGBA
validate,no_cancer,LUNG MRI NC (244).png,.png,..\dataset\lung_cancer_MRI_dataset\validate\no_cancer\LUNG MRI NC (244).png,512,512,RGBA
validate,no_cancer,LUNG MRI NC (245).png,.png,..\dataset\lung_cancer_MRI_dataset\validate\no_cancer\LUNG MRI NC (245).png,512,512,RGBA
validate,no_cancer,LUNG MRI NC (246).png,.png,..\dataset\lung_cancer_MRI_dataset\validate\no_cancer\LUNG MRI NC (246).png,512,512,RGBA
validate,no_cancer,LUNG MRI NC (247).png,.png,..\dataset\lung_cancer_MRI_dataset\validate\no_cancer\LUNG MRI NC (247).png,512,512,RGBA
validate,no_cancer,LUNG MRI NC (248).png,.png,..\dataset\lung_cancer_MRI_dataset\validate\no_cancer\LUNG MRI NC (248).png,512,512,RGBA
validate,no_cancer,LUNG MRI NC (249).png,.png,..\dataset\lung_cancer_MRI_dataset\validate\no_cancer\LUNG MRI NC (249).png,512,512,RGBA
validate,no_cancer,LUNG MRI NC (25).png,.png,..\dataset\lung_cancer_MRI_dataset\validate\no_cancer\LUNG MRI NC (25).png,850,506,RGB
validate,no_cancer,LUNG MRI NC (250).png,.png,..\dataset\lung_cancer_MRI_dataset\validate\no_cancer\LUNG MRI NC (250).png,512,512,RGBA
validate,no_cancer,LUNG MRI NC (251).png,.png,..\dataset\lung_cancer_MRI_dataset\validate\no_cancer\LUNG MRI NC (251).png,512,512,RGBA
validate,no_cancer,LUNG MRI NC (252).png,.png,..\dataset\lung_cancer_MRI_dataset\validate\no_cancer\LUNG MRI NC (252).png,512,512,RGBA
validate,no_cancer,LUNG MRI NC (253).png,.png,..\dataset\lung_cancer_MRI_dataset\validate\no_cancer\LUNG MRI NC (253).png,512,512,RGBA
validate,no_cancer,LUNG MRI NC (254).png,.png,..\dataset\lung_cancer_MRI_dataset\validate\no_cancer\LUNG MRI NC (254).png,512,512,RGBA
validate,no_cancer,LUNG MRI NC (255).png,.png,..\dataset\lung_cancer_MRI_dataset\validate\no_cancer\LUNG MRI NC (255).png,512,512,RGBA
validate,no_cancer,LUNG MRI NC (256).png,.png,..\dataset\lung_cancer_MRI_dataset\validate\no_cancer\LUNG MRI NC (256).png,512,512,RGBA
validate,no_cancer,LUNG MRI NC (257).png,.png,..\dataset\lung_cancer_MRI_dataset\validate\no_cancer\LUNG MRI NC (257).png,512,512,RGBA
validate,no_cancer,LUNG MRI NC (258).png,.png,..\dataset\lung_cancer_MRI_dataset\validate\no_cancer\LUNG MRI NC (258).png,512,512,RGBA
validate,no_cancer,LUNG MRI NC (259).png,.png,..\dataset\lung_cancer_MRI_dataset\validate\no_cancer\LUNG MRI NC (259).png,512,512,RGBA
validate,no_cancer,LUNG MRI NC (26).png,.png,..\dataset\lung_cancer_MRI_dataset\validate\no_cancer\LUNG MRI NC (26).png,850,506,RGB
validate,no_cancer,LUNG MRI NC (260).png,.png,..\dataset\lung_cancer_MRI_dataset\validate\no_cancer\LUNG MRI NC (260).png,512,512,RGBA
validate,no_cancer,LUNG MRI NC (261).png,.png,..\dataset\lung_cancer_MRI_dataset\validate\no_cancer\LUNG MRI NC (261).png,512,512,RGBA
validate,no_cancer,LUNG MRI NC (262).png,.png,..\dataset\lung_cancer_MRI_dataset\validate\no_cancer\LUNG MRI NC (262).png,512,512,RGBA
validate,no_cancer,LUNG MRI NC (263).png,.png,..\dataset\lung_cancer_MRI_dataset\validate\no_cancer\LUNG MRI NC (263).png,512,512,RGBA
validate,no_cancer,LUNG MRI NC (264).png,.png,..\dataset\lung_cancer_MRI_dataset\validate\no_cancer\LUNG MRI NC (264).png,512,512,RGBA
validate,no_cancer,LUNG MRI NC (265).png,.png,..\dataset\lung_cancer_MRI_dataset\validate\no_cancer\LUNG MRI NC (265).png,512,512,RGBA
validate,no_cancer,LUNG MRI NC (266).png,.png,..\dataset\lung_cancer_MRI_dataset\validate\no_cancer\LUNG MRI NC (266).png,512,512,RGBA
validate,no_cancer,LUNG MRI NC (267).png,.png,..\dataset\lung_cancer_MRI_dataset\validate\no_cancer\LUNG MRI NC (267).png,512,512,RGBA
validate,no_cancer,LUNG MRI NC (268).png,.png,..\dataset\lung_cancer_MRI_dataset\validate\no_cancer\LUNG MRI NC (268).png,512,512,RGBA
validate,no_cancer,LUNG MRI NC (269).png,.png,..\dataset\lung_cancer_MRI_dataset\validate\no_cancer\LUNG MRI NC (269).png,512,512,RGBA
validate,no_cancer,LUNG MRI NC (27).png,.png,..\dataset\lung_cancer_MRI_dataset\validate\no_cancer\LUNG MRI NC (27).png,850,506,RGB
validate,no_cancer,LUNG MRI NC (270).png,.png,..\dataset\lung_cancer_MRI_dataset\validate\no_cancer\LUNG MRI NC (270).png,512,512,RGBA
validate,no_cancer,LUNG MRI NC (271).png,.png,..\dataset\lung_cancer_MRI_dataset\validate\no_cancer\LUNG MRI NC (271).png,512,512,RGBA
validate,no_cancer,LUNG MRI NC (272).png,.png,..\dataset\lung_cancer_MRI_dataset\validate\no_cancer\LUNG MRI NC (272).png,512,512,RGBA
validate,no_cancer,LUNG MRI NC (273).png,.png,..\dataset\lung_cancer_MRI_dataset\validate\no_cancer\LUNG MRI NC (273).png,512,512,RGBA
validate,no_cancer,LUNG MRI NC (274).png,.png,..\dataset\lung_cancer_MRI_dataset\validate\no_cancer\LUNG MRI NC (274).png,512,512,RGBA
validate,no_cancer,LUNG MRI NC (275).png,.png,..\dataset\lung_cancer_MRI_dataset\validate\no_cancer\LUNG MRI NC (275).png,512,512,RGBA
validate,no_cancer,LUNG MRI NC (276).png,.png,..\dataset\lung_cancer_MRI_dataset\validate\no_cancer\LUNG MRI NC (276).png,512,512,RGBA
validate,no_cancer,LUNG MRI NC (277).png,.png,..\dataset\lung_cancer_MRI_dataset\validate\no_cancer\LUNG MRI NC (277).png,512,512,RGBA
validate,no_cancer,LUNG MRI NC (278).png,.png,..\dataset\lung_cancer_MRI_dataset\validate\no_cancer\LUNG MRI NC (278).png,512,512,RGBA
validate,no_cancer,LUNG MRI NC (279).png,.png,..\dataset\lung_cancer_MRI_dataset\validate\no_cancer\LUNG MRI NC (279).png,512,512,RGBA
validate,no_cancer,LUNG MRI NC (28).png,.png,..\dataset\lung_cancer_MRI_dataset\validate\no_cancer\LUNG MRI NC (28).png,850,506,RGB
validate,no_cancer,LUNG MRI NC (280).png,.png,..\dataset\lung_cancer_MRI_dataset\validate\no_cancer\LUNG MRI NC (280).png,512,512,RGBA
validate,no_cancer,LUNG MRI NC (281).png,.png,..\dataset\lung_cancer_MRI_dataset\validate\no_cancer\LUNG MRI NC (281).png,512,512,RGBA
validate,no_cancer,LUNG MRI NC (282).png,.png,..\dataset\lung_cancer_MRI_dataset\validate\no_cancer\LUNG MRI NC (282).png,512,512,RGBA
validate,no_cancer,LUNG MRI NC (283).png,.png,..\dataset\lung_cancer_MRI_dataset\validate\no_cancer\LUNG MRI NC (283).png,512,512,RGBA
validate,no_cancer,LUNG MRI NC (284).png,.png,..\dataset\lung_cancer_MRI_dataset\validate\no_cancer\LUNG MRI NC (284).png,512,512,RGBA
validate,no_cancer,LUNG MRI NC (285).png,.png,..\dataset\lung_cancer_MRI_dataset\validate\no_cancer\LUNG MRI NC (285).png,512,512,RGBA
validate,no_cancer,LUNG MRI NC (286).png,.png,..\dataset\lung_cancer_MRI_dataset\validate\no_cancer\LUNG MRI NC (286).png,512,512,RGBA
validate,no_cancer,LUNG MRI NC (287).png,.png,..\dataset\lung_cancer_MRI_dataset\validate\no_cancer\LUNG MRI NC (287).png,512,512,RGBA
validate,no_cancer,LUNG MRI NC (288).png,.png,..\dataset\lung_cancer_MRI_dataset\validate\no_cancer\LUNG MRI NC (288).png,512,512,RGBA
validate,no_cancer,LUNG MRI NC (289).png,.png,..\dataset\lung_cancer_MRI_dataset\validate\no_cancer\LUNG MRI NC (289).png,512,512,RGBA
validate,no_cancer,LUNG MRI NC (29).png,.png,..\dataset\lung_cancer_MRI_dataset\validate\no_cancer\LUNG MRI NC (29).png,850,506,RGB
validate,no_cancer,LUNG MRI NC (290).png,.png,..\dataset\lung_cancer_MRI_dataset\validate\no_cancer\LUNG MRI NC (290).png,512,512,RGBA
validate,no_cancer,LUNG MRI NC (291).png,.png,..\dataset\lung_cancer_MRI_dataset\validate\no_cancer\LUNG MRI NC (291).png,512,512,RGBA
validate,no_cancer,LUNG MRI NC (292).png,.png,..\dataset\lung_cancer_MRI_dataset\validate\no_cancer\LUNG MRI NC (292).png,512,512,RGBA
validate,no_cancer,LUNG MRI NC (293).png,.png,..\dataset\lung_cancer_MRI_dataset\validate\no_cancer\LUNG MRI NC (293).png,512,512,RGBA
validate,no_cancer,LUNG MRI NC (294).png,.png,..\dataset\lung_cancer_MRI_dataset\validate\no_cancer\LUNG MRI NC (294).png,512,512,RGBA
validate,no_cancer,LUNG MRI NC (295).png,.png,..\dataset\lung_cancer_MRI_dataset\validate\no_cancer\LUNG MRI NC (295).png,512,512,RGBA
validate,no_cancer,LUNG MRI NC (296).png,.png,..\dataset\lung_cancer_MRI_dataset\validate\no_cancer\LUNG MRI NC (296).png,512,512,RGBA
validate,no_cancer,LUNG MRI NC (297).png,.png,..\dataset\lung_cancer_MRI_dataset\validate\no_cancer\LUNG MRI NC (297).png,512,512,RGBA
validate,no_cancer,LUNG MRI NC (298).png,.png,..\dataset\lung_cancer_MRI_dataset\validate\no_cancer\LUNG MRI NC (298).png,512,512,RGBA
validate,no_cancer,LUNG MRI NC (299).png,.png,..\dataset\lung_cancer_MRI_dataset\validate\no_cancer\LUNG MRI NC (299).png,512,512,RGBA
validate,no_cancer,LUNG MRI NC (3).jpg,.jpg,..\dataset\lung_cancer_MRI_dataset\validate\no_cancer\LUNG MRI NC (3).jpg,224,225,RGB
validate,no_cancer,LUNG MRI NC (3).png,.png,..\dataset\lung_cancer_MRI_dataset\validate\no_cancer\LUNG MRI NC (3).png,630,626,RGBA
validate,no_cancer,LUNG MRI NC (30).png,.png,..\dataset\lung_cancer_MRI_dataset\validate\no_cancer\LUNG MRI NC (30).png,850,506,RGB
validate,no_cancer,LUNG MRI NC (300).png,.png,..\dataset\lung_cancer_MRI_dataset\validate\no_cancer\LUNG MRI NC (300).png,512,512,RGBA
validate,no_cancer,LUNG MRI NC (301).png,.png,..\dataset\lung_cancer_MRI_dataset\validate\no_cancer\LUNG MRI NC (301).png,512,512,RGBA
validate,no_cancer,LUNG MRI NC (302).png,.png,..\dataset\lung_cancer_MRI_dataset\validate\no_cancer\LUNG MRI NC (302).png,512,512,RGBA
validate,no_cancer,LUNG MRI NC (303).png,.png,..\dataset\lung_cancer_MRI_dataset\validate\no_cancer\LUNG MRI NC (303).png,512,512,RGBA
validate,no_cancer,LUNG MRI NC (304).png,.png,..\dataset\lung_cancer_MRI_dataset\validate\no_cancer\LUNG MRI NC (304).png,512,512,RGBA
validate,no_cancer,LUNG MRI NC (305).png,.png,..\dataset\lung_cancer_MRI_dataset\validate\no_cancer\LUNG MRI NC (305).png,512,512,RGBA
validate,no_cancer,LUNG MRI NC (306).png,.png,..\dataset\lung_cancer_MRI_dataset\validate\no_cancer\LUNG MRI NC (306).png,512,512,RGBA
validate,no_cancer,LUNG MRI NC (307).png,.png,..\dataset\lung_cancer_MRI_dataset\validate\no_cancer\LUNG MRI NC (307).png,512,512,RGBA
validate,no_cancer,LUNG MRI NC (308).png,.png,..\dataset\lung_cancer_MRI_dataset\validate\no_cancer\LUNG MRI NC (308).png,512,512,RGBA
validate,no_cancer,LUNG MRI NC (309).png,.png,..\dataset\lung_cancer_MRI_dataset\validate\no_cancer\LUNG MRI NC (309).png,512,512,RGBA
validate,no_cancer,LUNG MRI NC (31).png,.png,..\dataset\lung_cancer_MRI_dataset\validate\no_cancer\LUNG MRI NC (31).png,850,506,RGB
validate,no_cancer,LUNG MRI NC (310).png,.png,..\dataset\lung_cancer_MRI_dataset\validate\no_cancer\LUNG MRI NC (310).png,512,512,RGBA
validate,no_cancer,LUNG MRI NC (311).png,.png,..\dataset\lung_cancer_MRI_dataset\validate\no_cancer\LUNG MRI NC (311).png,512,512,RGBA
validate,no_cancer,LUNG MRI NC (312).png,.png,..\dataset\lung_cancer_MRI_dataset\validate\no_cancer\LUNG MRI NC (312).png,512,512,RGBA
validate,no_cancer,LUNG MRI NC (313).png,.png,..\dataset\lung_cancer_MRI_dataset\validate\no_cancer\LUNG MRI NC (313).png,512,512,RGBA
validate,no_cancer,LUNG MRI NC (314).png,.png,..\dataset\lung_cancer_MRI_dataset\validate\no_cancer\LUNG MRI NC (314).png,512,512,RGBA
validate,no_cancer,LUNG MRI NC (315).png,.png,..\dataset\lung_cancer_MRI_dataset\validate\no_cancer\LUNG MRI NC (315).png,512,512,RGBA
validate,no_cancer,LUNG MRI NC (316).png,.png,..\dataset\lung_cancer_MRI_dataset\validate\no_cancer\LUNG MRI NC (316).png,512,512,RGBA
validate,no_cancer,LUNG MRI NC (317).png,.png,..\dataset\lung_cancer_MRI_dataset\validate\no_cancer\LUNG MRI NC (317).png,512,512,RGBA
validate,no_cancer,LUNG MRI NC (318).png,.png,..\dataset\lung_cancer_MRI_dataset\validate\no_cancer\LUNG MRI NC (318).png,512,512,RGBA
validate,no_cancer,LUNG MRI NC (319).png,.png,..\dataset\lung_cancer_MRI_dataset\validate\no_cancer\LUNG MRI NC (319).png,512,512,RGBA
validate,no_cancer,LUNG MRI NC (32).png,.png,..\dataset\lung_cancer_MRI_dataset\validate\no_cancer\LUNG MRI NC (32).png,850,506,RGB
validate,no_cancer,LUNG MRI NC (320).png,.png,..\dataset\lung_cancer_MRI_dataset\validate\no_cancer\LUNG MRI NC (320).png,512,512,RGBA
validate,no_cancer,LUNG MRI NC (321).png,.png,..\dataset\lung_cancer_MRI_dataset\validate\no_cancer\LUNG MRI NC (321).png,512,512,RGBA
validate,no_cancer,LUNG MRI NC (322).png,.png,..\dataset\lung_cancer_MRI_dataset\validate\no_cancer\LUNG MRI NC (322).png,512,512,RGBA
validate,no_cancer,LUNG MRI NC (323).png,.png,..\dataset\lung_cancer_MRI_dataset\validate\no_cancer\LUNG MRI NC (323).png,512,512,RGBA
validate,no_cancer,LUNG MRI NC (324).png,.png,..\dataset\lung_cancer_MRI_dataset\validate\no_cancer\LUNG MRI NC (324).png,512,512,RGBA
validate,no_cancer,LUNG MRI NC (325).png,.png,..\dataset\lung_cancer_MRI_dataset\validate\no_cancer\LUNG MRI NC (325).png,512,512,RGBA
validate,no_cancer,LUNG MRI NC (326).png,.png,..\dataset\lung_cancer_MRI_dataset\validate\no_cancer\LUNG MRI NC (326).png,512,512,RGBA
validate,no_cancer,LUNG MRI NC (327).png,.png,..\dataset\lung_cancer_MRI_dataset\validate\no_cancer\LUNG MRI NC (327).png,512,512,RGBA
validate,no_cancer,LUNG MRI NC (328).png,.png,..\dataset\lung_cancer_MRI_dataset\validate\no_cancer\LUNG MRI NC (328).png,512,512,RGBA
validate,no_cancer,LUNG MRI NC (329).png,.png,..\dataset\lung_cancer_MRI_dataset\validate\no_cancer\LUNG MRI NC (329).png,512,512,RGBA
validate,no_cancer,LUNG MRI NC (33).png,.png,..\dataset\lung_cancer_MRI_dataset\validate\no_cancer\LUNG MRI NC (33).png,581,476,RGBA
validate,no_cancer,LUNG MRI NC (330).png,.png,..\dataset\lung_cancer_MRI_dataset\validate\no_cancer\LUNG MRI NC (330).png,512,512,RGBA
validate,no_cancer,LUNG MRI NC (331).png,.png,..\dataset\lung_cancer_MRI_dataset\validate\no_cancer\LUNG MRI NC (331).png,512,512,RGBA
validate,no_cancer,LUNG MRI NC (332).png,.png,..\dataset\lung_cancer_MRI_dataset\validate\no_cancer\LUNG MRI NC (332).png,512,512,RGBA
validate,no_cancer,LUNG MRI NC (333).png,.png,..\dataset\lung_cancer_MRI_dataset\validate\no_cancer\LUNG MRI NC (333).png,512,512,RGBA
validate,no_cancer,LUNG MRI NC (334).png,.png,..\dataset\lung_cancer_MRI_dataset\validate\no_cancer\LUNG MRI NC (334).png,512,512,RGBA
validate,no_cancer,LUNG MRI NC (335).png,.png,..\dataset\lung_cancer_MRI_dataset\validate\no_cancer\LUNG MRI NC (335).png,512,512,RGBA
validate,no_cancer,LUNG MRI NC (336).png,.png,..\dataset\lung_cancer_MRI_dataset\validate\no_cancer\LUNG MRI NC (336).png,512,512,RGBA
validate,no_cancer,LUNG MRI NC (337).png,.png,..\dataset\lung_cancer_MRI_dataset\validate\no_cancer\LUNG MRI NC (337).png,512,512,RGBA
validate,no_cancer,LUNG MRI NC (338).png,.png,..\dataset\lung_cancer_MRI_dataset\validate\no_cancer\LUNG MRI NC (338).png,512,512,RGBA
validate,no_cancer,LUNG MRI NC (339).png,.png,..\dataset\lung_cancer_MRI_dataset\validate\no_cancer\LUNG MRI NC (339).png,512,512,RGBA
validate,no_cancer,LUNG MRI NC (34).png,.png,..\dataset\lung_cancer_MRI_dataset\validate\no_cancer\LUNG MRI NC (34).png,581,476,RGBA
validate,no_cancer,LUNG MRI NC (340).png,.png,..\dataset\lung_cancer_MRI_dataset\validate\no_cancer\LUNG MRI NC (340).png,512,512,RGBA
validate,no_cancer,LUNG MRI NC (341).png,.png,..\dataset\lung_cancer_MRI_dataset\validate\no_cancer\LUNG MRI NC (341).png,512,512,RGBA
validate,no_cancer,LUNG MRI NC (342).png,.png,..\dataset\lung_cancer_MRI_dataset\validate\no_cancer\LUNG MRI NC (342).png,512,512,RGBA
validate,no_cancer,LUNG MRI NC (343).png,.png,..\dataset\lung_cancer_MRI_dataset\validate\no_cancer\LUNG MRI NC (343).png,512,512,RGBA
validate,no_cancer,LUNG MRI NC (344).png,.png,..\dataset\lung_cancer_MRI_dataset\validate\no_cancer\LUNG MRI NC (344).png,512,512,RGBA
validate,no_cancer,LUNG MRI NC (345).png,.png,..\dataset\lung_cancer_MRI_dataset\validate\no_cancer\LUNG MRI NC (345).png,512,512,RGBA
validate,no_cancer,LUNG MRI NC (346).png,.png,..\dataset\lung_cancer_MRI_dataset\validate\no_cancer\LUNG MRI NC (346).png,512,512,RGBA
validate,no_cancer,LUNG MRI NC (347).png,.png,..\dataset\lung_cancer_MRI_dataset\validate\no_cancer\LUNG MRI NC (347).png,512,512,RGBA
validate,no_cancer,LUNG MRI NC (348).png,.png,..\dataset\lung_cancer_MRI_dataset\validate\no_cancer\LUNG MRI NC (348).png,512,512,RGBA
validate,no_cancer,LUNG MRI NC (349).png,.png,..\dataset\lung_cancer_MRI_dataset\validate\no_cancer\LUNG MRI NC (349).png,512,512,RGBA
validate,no_cancer,LUNG MRI NC (35).png,.png,..\dataset\lung_cancer_MRI_dataset\validate\no_cancer\LUNG MRI NC (35).png,581,476,RGBA
validate,no_cancer,LUNG MRI NC (350).png,.png,..\dataset\lung_cancer_MRI_dataset\validate\no_cancer\LUNG MRI NC (350).png,512,512,RGBA
validate,no_cancer,LUNG MRI NC (351).png,.png,..\dataset\lung_cancer_MRI_dataset\validate\no_cancer\LUNG MRI NC (351).png,512,512,RGBA
validate,no_cancer,LUNG MRI NC (352).png,.png,..\dataset\lung_cancer_MRI_dataset\validate\no_cancer\LUNG MRI NC (352).png,512,512,RGBA
validate,no_cancer,LUNG MRI NC (353).png,.png,..\dataset\lung_cancer_MRI_dataset\validate\no_cancer\LUNG MRI NC (353).png,512,512,RGBA
validate,no_cancer,LUNG MRI NC (354).png,.png,..\dataset\lung_cancer_MRI_dataset\validate\no_cancer\LUNG MRI NC (354).png,512,512,RGBA
validate,no_cancer,LUNG MRI NC (355).png,.png,..\dataset\lung_cancer_MRI_dataset\validate\no_cancer\LUNG MRI NC (355).png,512,512,RGBA
validate,no_cancer,LUNG MRI NC (356).png,.png,..\dataset\lung_cancer_MRI_dataset\validate\no_cancer\LUNG MRI NC (356).png,512,512,RGBA
validate,no_cancer,LUNG MRI NC (357).png,.png,..\dataset\lung_cancer_MRI_dataset\validate\no_cancer\LUNG MRI NC (357).png,512,512,RGBA
validate,no_cancer,LUNG MRI NC (358).png,.png,..\dataset\lung_cancer_MRI_dataset\validate\no_cancer\LUNG MRI NC (358).png,512,512,RGBA
validate,no_cancer,LUNG MRI NC (359).png,.png,..\dataset\lung_cancer_MRI_dataset\validate\no_cancer\LUNG MRI NC (359).png,512,512,RGBA
validate,no_cancer,LUNG MRI NC (36).png,.png,..\dataset\lung_cancer_MRI_dataset\validate\no_cancer\LUNG MRI NC (36).png,581,476,RGBA
validate,no_cancer,LUNG MRI NC (360).png,.png,..\dataset\lung_cancer_MRI_dataset\validate\no_cancer\LUNG MRI NC (360).png,512,512,RGBA
validate,no_cancer,LUNG MRI NC (361).png,.png,..\dataset\lung_cancer_MRI_dataset\validate\no_cancer\LUNG MRI NC (361).png,512,512,RGBA
validate,no_cancer,LUNG MRI NC (362).png,.png,..\dataset\lung_cancer_MRI_dataset\validate\no_cancer\LUNG MRI NC (362).png,512,512,RGBA
validate,no_cancer,LUNG MRI NC (363).png,.png,..\dataset\lung_cancer_MRI_dataset\validate\no_cancer\LUNG MRI NC (363).png,512,512,RGBA
validate,no_cancer,LUNG MRI NC (364).png,.png,..\dataset\lung_cancer_MRI_dataset\validate\no_cancer\LUNG MRI NC (364).png,512,512,RGBA
validate,no_cancer,LUNG MRI NC (365).png,.png,..\dataset\lung_cancer_MRI_dataset\validate\no_cancer\LUNG MRI NC (365).png,512,512,RGBA
validate,no_cancer,LUNG MRI NC (366).png,.png,..\dataset\lung_cancer_MRI_dataset\validate\no_cancer\LUNG MRI NC (366).png,512,512,RGBA
validate,no_cancer,LUNG MRI NC (367).png,.png,..\dataset\lung_cancer_MRI_dataset\validate\no_cancer\LUNG MRI NC (367).png,512,512,RGBA
validate,no_cancer,LUNG MRI NC (368).png,.png,..\dataset\lung_cancer_MRI_dataset\validate\no_cancer\LUNG MRI NC (368).png,512,512,RGBA
validate,no_cancer,LUNG MRI NC (369).png,.png,..\dataset\lung_cancer_MRI_dataset\validate\no_cancer\LUNG MRI NC (369).png,512,512,RGBA
validate,no_cancer,LUNG MRI NC (37).png,.png,..\dataset\lung_cancer_MRI_dataset\validate\no_cancer\LUNG MRI NC (37).png,800,552,RGB
validate,no_cancer,LUNG MRI NC (370).png,.png,..\dataset\lung_cancer_MRI_dataset\validate\no_cancer\LUNG MRI NC (370).png,512,512,RGBA
validate,no_cancer,LUNG MRI NC (371).png,.png,..\dataset\lung_cancer_MRI_dataset\validate\no_cancer\LUNG MRI NC (371).png,512,512,RGBA
validate,no_cancer,LUNG MRI NC (372).png,.png,..\dataset\lung_cancer_MRI_dataset\validate\no_cancer\LUNG MRI NC (372).png,512,512,RGBA
validate,no_cancer,LUNG MRI NC (373).png,.png,..\dataset\lung_cancer_MRI_dataset\validate\no_cancer\LUNG MRI NC (373).png,512,512,RGBA
validate,no_cancer,LUNG MRI NC (374).png,.png,..\dataset\lung_cancer_MRI_dataset\validate\no_cancer\LUNG MRI NC (374).png,512,512,RGBA
validate,no_cancer,LUNG MRI NC (375).png,.png,..\dataset\lung_cancer_MRI_dataset\validate\no_cancer\LUNG MRI NC (375).png,512,512,RGBA
validate,no_cancer,LUNG MRI NC (376).png,.png,..\dataset\lung_cancer_MRI_dataset\validate\no_cancer\LUNG MRI NC (376).png,512,512,RGBA
validate,no_cancer,LUNG MRI NC (377).png,.png,..\dataset\lung_cancer_MRI_dataset\validate\no_cancer\LUNG MRI NC (377).png,512,512,RGBA
validate,no_cancer,LUNG MRI NC (378).png,.png,..\dataset\lung_cancer_MRI_dataset\validate\no_cancer\LUNG MRI NC (378).png,512,512,RGBA
validate,no_cancer,LUNG MRI NC (379).png,.png,..\dataset\lung_cancer_MRI_dataset\validate\no_cancer\LUNG MRI NC (379).png,512,512,RGBA
validate,no_cancer,LUNG MRI NC (38).png,.png,..\dataset\lung_cancer_MRI_dataset\validate\no_cancer\LUNG MRI NC (38).png,800,552,RGB
validate,no_cancer,LUNG MRI NC (380).png,.png,..\dataset\lung_cancer_MRI_dataset\validate\no_cancer\LUNG MRI NC (380).png,512,512,RGBA
validate,no_cancer,LUNG MRI NC (381).png,.png,..\dataset\lung_cancer_MRI_dataset\validate\no_cancer\LUNG MRI NC (381).png,512,512,RGBA
validate,no_cancer,LUNG MRI NC (382).png,.png,..\dataset\lung_cancer_MRI_dataset\validate\no_cancer\LUNG MRI NC (382).png,512,512,RGBA
validate,no_cancer,LUNG MRI NC (383).png,.png,..\dataset\lung_cancer_MRI_dataset\validate\no_cancer\LUNG MRI NC (383).png,512,512,RGBA
validate,no_cancer,LUNG MRI NC (384).png,.png,..\dataset\lung_cancer_MRI_dataset\validate\no_cancer\LUNG MRI NC (384).png,512,512,RGBA
validate,no_cancer,LUNG MRI NC (385).png,.png,..\dataset\lung_cancer_MRI_dataset\validate\no_cancer\LUNG MRI NC (385).png,512,512,RGBA
validate,no_cancer,LUNG MRI NC (386).png,.png,..\dataset\lung_cancer_MRI_dataset\validate\no_cancer\LUNG MRI NC (386).png,512,512,RGBA
validate,no_cancer,LUNG MRI NC (387).png,.png,..\dataset\lung_cancer_MRI_dataset\validate\no_cancer\LUNG MRI NC (387).png,512,512,RGBA
validate,no_cancer,LUNG MRI NC (388).png,.png,..\dataset\lung_cancer_MRI_dataset\validate\no_cancer\LUNG MRI NC (388).png,512,512,RGBA
validate,no_cancer,LUNG MRI NC (389).png,.png,..\dataset\lung_cancer_MRI_dataset\validate\no_cancer\LUNG MRI NC (389).png,512,512,RGBA
validate,no_cancer,LUNG MRI NC (39).png,.png,..\dataset\lung_cancer_MRI_dataset\validate\no_cancer\LUNG MRI NC (39).png,581,476,RGBA
validate,no_cancer,LUNG MRI NC (390).png,.png,..\dataset\lung_cancer_MRI_dataset\validate\no_cancer\LUNG MRI NC (390).png,512,512,RGBA
validate,no_cancer,LUNG MRI NC (391).png,.png,..\dataset\lung_cancer_MRI_dataset\validate\no_cancer\LUNG MRI NC (391).png,512,512,RGBA
validate,no_cancer,LUNG MRI NC (392).png,.png,..\dataset\lung_cancer_MRI_dataset\validate\no_cancer\LUNG MRI NC (392).png,512,512,RGBA
validate,no_cancer,LUNG MRI NC (393).png,.png,..\dataset\lung_cancer_MRI_dataset\validate\no_cancer\LUNG MRI NC (393).png,512,512,RGBA
validate,no_cancer,LUNG MRI NC (394).png,.png,..\dataset\lung_cancer_MRI_dataset\validate\no_cancer\LUNG MRI NC (394).png,512,512,RGBA
validate,no_cancer,LUNG MRI NC (395).png,.png,..\dataset\lung_cancer_MRI_dataset\validate\no_cancer\LUNG MRI NC (395).png,512,512,RGBA
validate,no_cancer,LUNG MRI NC (396).png,.png,..\dataset\lung_cancer_MRI_dataset\validate\no_cancer\LUNG MRI NC (396).png,512,512,RGBA
validate,no_cancer,LUNG MRI NC (397).png,.png,..\dataset\lung_cancer_MRI_dataset\validate\no_cancer\LUNG MRI NC (397).png,512,512,RGBA
validate,no_cancer,LUNG MRI NC (398).png,.png,..\dataset\lung_cancer_MRI_dataset\validate\no_cancer\LUNG MRI NC (398).png,512,512,RGBA
validate,no_cancer,LUNG MRI NC (399).png,.png,..\dataset\lung_cancer_MRI_dataset\validate\no_cancer\LUNG MRI NC (399).png,512,512,RGBA
validate,no_cancer,LUNG MRI NC (4).jpg,.jpg,..\dataset\lung_cancer_MRI_dataset\validate\no_cancer\LUNG MRI NC (4).jpg,224,225,RGB
validate,no_cancer,LUNG MRI NC (4).png,.png,..\dataset\lung_cancer_MRI_dataset\validate\no_cancer\LUNG MRI NC (4).png,630,626,L
validate,no_cancer,LUNG MRI NC (40).png,.png,..\dataset\lung_cancer_MRI_dataset\validate\no_cancer\LUNG MRI NC (40).png,800,552,RGB
validate,no_cancer,LUNG MRI NC (400).png,.png,..\dataset\lung_cancer_MRI_dataset\validate\no_cancer\LUNG MRI NC (400).png,512,512,RGBA
validate,no_cancer,LUNG MRI NC (401).png,.png,..\dataset\lung_cancer_MRI_dataset\validate\no_cancer\LUNG MRI NC (401).png,512,512,RGBA
validate,no_cancer,LUNG MRI NC (402).png,.png,..\dataset\lung_cancer_MRI_dataset\validate\no_cancer\LUNG MRI NC (402).png,512,512,RGBA
validate,no_cancer,LUNG MRI NC (403).png,.png,..\dataset\lung_cancer_MRI_dataset\validate\no_cancer\LUNG MRI NC (403).png,512,512,RGBA
validate,no_cancer,LUNG MRI NC (404).png,.png,..\dataset\lung_cancer_MRI_dataset\validate\no_cancer\LUNG MRI NC (404).png,512,512,RGBA
validate,no_cancer,LUNG MRI NC (405).png,.png,..\dataset\lung_cancer_MRI_dataset\validate\no_cancer\LUNG MRI NC (405).png,512,512,RGBA
validate,no_cancer,LUNG MRI NC (406).png,.png,..\dataset\lung_cancer_MRI_dataset\validate\no_cancer\LUNG MRI NC (406).png,512,512,RGBA
validate,no_cancer,LUNG MRI NC (407).png,.png,..\dataset\lung_cancer_MRI_dataset\validate\no_cancer\LUNG MRI NC (407).png,512,512,RGBA
validate,no_cancer,LUNG MRI NC (408).png,.png,..\dataset\lung_cancer_MRI_dataset\validate\no_cancer\LUNG MRI NC (408).png,512,512,RGBA
validate,no_cancer,LUNG MRI NC (409).png,.png,..\dataset\lung_cancer_MRI_dataset\validate\no_cancer\LUNG MRI NC (409).png,512,512,RGBA
validate,no_cancer,LUNG MRI NC (41).png,.png,..\dataset\lung_cancer_MRI_dataset\validate\no_cancer\LUNG MRI NC (41).png,800,552,RGB
validate,no_cancer,LUNG MRI NC (410).png,.png,..\dataset\lung_cancer_MRI_dataset\validate\no_cancer\LUNG MRI NC (410).png,512,512,RGBA
validate,no_cancer,LUNG MRI NC (411).png,.png,..\dataset\lung_cancer_MRI_dataset\validate\no_cancer\LUNG MRI NC (411).png,512,512,RGBA
validate,no_cancer,LUNG MRI NC (412).png,.png,..\dataset\lung_cancer_MRI_dataset\validate\no_cancer\LUNG MRI NC (412).png,512,512,RGBA
validate,no_cancer,LUNG MRI NC (413).png,.png,..\dataset\lung_cancer_MRI_dataset\validate\no_cancer\LUNG MRI NC (413).png,512,512,RGBA
validate,no_cancer,LUNG MRI NC (414).png,.png,..\dataset\lung_cancer_MRI_dataset\validate\no_cancer\LUNG MRI NC (414).png,512,512,RGBA
validate,no_cancer,LUNG MRI NC (415).png,.png,..\dataset\lung_cancer_MRI_dataset\validate\no_cancer\LUNG MRI NC (415).png,512,512,RGBA
validate,no_cancer,LUNG MRI NC (416).png,.png,..\dataset\lung_cancer_MRI_dataset\validate\no_cancer\LUNG MRI NC (416).png,512,512,RGBA
validate,no_cancer,LUNG MRI NC (417).png,.png,..\dataset\lung_cancer_MRI_dataset\validate\no_cancer\LUNG MRI NC (417).png,512,512,RGBA
validate,no_cancer,LUNG MRI NC (418).png,.png,..\dataset\lung_cancer_MRI_dataset\validate\no_cancer\LUNG MRI NC (418).png,512,512,RGBA
validate,no_cancer,LUNG MRI NC (419).png,.png,..\dataset\lung_cancer_MRI_dataset\validate\no_cancer\LUNG MRI NC (419).png,512,512,RGBA
validate,no_cancer,LUNG MRI NC (42).png,.png,..\dataset\lung_cancer_MRI_dataset\validate\no_cancer\LUNG MRI NC (42).png,800,552,RGB
validate,no_cancer,LUNG MRI NC (420).png,.png,..\dataset\lung_cancer_MRI_dataset\validate\no_cancer\LUNG MRI NC (420).png,512,512,RGBA
validate,no_cancer,LUNG MRI NC (421).png,.png,..\dataset\lung_cancer_MRI_dataset\validate\no_cancer\LUNG MRI NC (421).png,512,512,RGBA
validate,no_cancer,LUNG MRI NC (422).png,.png,..\dataset\lung_cancer_MRI_dataset\validate\no_cancer\LUNG MRI NC (422).png,512,512,RGBA
validate,no_cancer,LUNG MRI NC (423).png,.png,..\dataset\lung_cancer_MRI_dataset\validate\no_cancer\LUNG MRI NC (423).png,512,512,RGBA
validate,no_cancer,LUNG MRI NC (424).png,.png,..\dataset\lung_cancer_MRI_dataset\validate\no_cancer\LUNG MRI NC (424).png,512,512,RGBA
validate,no_cancer,LUNG MRI NC (425).png,.png,..\dataset\lung_cancer_MRI_dataset\validate\no_cancer\LUNG MRI NC (425).png,512,512,RGBA
validate,no_cancer,LUNG MRI NC (426).png,.png,..\dataset\lung_cancer_MRI_dataset\validate\no_cancer\LUNG MRI NC (426).png,512,512,RGBA
validate,no_cancer,LUNG MRI NC (427).png,.png,..\dataset\lung_cancer_MRI_dataset\validate\no_cancer\LUNG MRI NC (427).png,512,512,RGBA
validate,no_cancer,LUNG MRI NC (428).png,.png,..\dataset\lung_cancer_MRI_dataset\validate\no_cancer\LUNG MRI NC (428).png,512,512,RGBA
validate,no_cancer,LUNG MRI NC (429).png,.png,..\dataset\lung_cancer_MRI_dataset\validate\no_cancer\LUNG MRI NC (429).png,512,512,RGBA
validate,no_cancer,LUNG MRI NC (43).png,.png,..\dataset\lung_cancer_MRI_dataset\validate\no_cancer\LUNG MRI NC (43).png,731,555,RGBA
validate,no_cancer,LUNG MRI NC (430).png,.png,..\dataset\lung_cancer_MRI_dataset\validate\no_cancer\LUNG MRI NC (430).png,512,512,RGBA
validate,no_cancer,LUNG MRI NC (431).png,.png,..\dataset\lung_cancer_MRI_dataset\validate\no_cancer\LUNG MRI NC (431).png,512,512,RGBA
validate,no_cancer,LUNG MRI NC (432).png,.png,..\dataset\lung_cancer_MRI_dataset\validate\no_cancer\LUNG MRI NC (432).png,512,512,RGBA
validate,no_cancer,LUNG MRI NC (433).png,.png,..\dataset\lung_cancer_MRI_dataset\validate\no_cancer\LUNG MRI NC (433).png,512,512,RGBA
validate,no_cancer,LUNG MRI NC (434).png,.png,..\dataset\lung_cancer_MRI_dataset\validate\no_cancer\LUNG MRI NC (434).png,512,512,RGBA
validate,no_cancer,LUNG MRI NC (435).png,.png,..\dataset\lung_cancer_MRI_dataset\validate\no_cancer\LUNG MRI NC (435).png,512,512,RGBA
validate,no_cancer,LUNG MRI NC (436).png,.png,..\dataset\lung_cancer_MRI_dataset\validate\no_cancer\LUNG MRI NC (436).png,512,512,RGBA
validate,no_cancer,LUNG MRI NC (437).png,.png,..\dataset\lung_cancer_MRI_dataset\validate\no_cancer\LUNG MRI NC (437).png,512,512,RGBA
validate,no_cancer,LUNG MRI NC (438).png,.png,..\dataset\lung_cancer_MRI_dataset\validate\no_cancer\LUNG MRI NC (438).png,512,512,RGBA
validate,no_cancer,LUNG MRI NC (439).png,.png,..\dataset\lung_cancer_MRI_dataset\validate\no_cancer\LUNG MRI NC (439).png,512,512,RGBA
validate,no_cancer,LUNG MRI NC (44).png,.png,..\dataset\lung_cancer_MRI_dataset\validate\no_cancer\LUNG MRI NC (44).png,731,555,RGBA
validate,no_cancer,LUNG MRI NC (440).png,.png,..\dataset\lung_cancer_MRI_dataset\validate\no_cancer\LUNG MRI NC (440).png,512,512,RGBA
validate,no_cancer,LUNG MRI NC (441).png,.png,..\dataset\lung_cancer_MRI_dataset\validate\no_cancer\LUNG MRI NC (441).png,512,512,RGBA
validate,no_cancer,LUNG MRI NC (442).png,.png,..\dataset\lung_cancer_MRI_dataset\validate\no_cancer\LUNG MRI NC (442).png,512,512,RGBA
validate,no_cancer,LUNG MRI NC (443).png,.png,..\dataset\lung_cancer_MRI_dataset\validate\no_cancer\LUNG MRI NC (443).png,512,512,RGBA
validate,no_cancer,LUNG MRI NC (444).png,.png,..\dataset\lung_cancer_MRI_dataset\validate\no_cancer\LUNG MRI NC (444).png,512,512,RGBA
validate,no_cancer,LUNG MRI NC (445).png,.png,..\dataset\lung_cancer_MRI_dataset\validate\no_cancer\LUNG MRI NC (445).png,512,512,RGBA
validate,no_cancer,LUNG MRI NC (446).png,.png,..\dataset\lung_cancer_MRI_dataset\validate\no_cancer\LUNG MRI NC (446).png,512,512,RGBA
validate,no_cancer,LUNG MRI NC (447).png,.png,..\dataset\lung_cancer_MRI_dataset\validate\no_cancer\LUNG MRI NC (447).png,512,512,RGBA
validate,no_cancer,LUNG MRI NC (448).png,.png,..\dataset\lung_cancer_MRI_dataset\validate\no_cancer\LUNG MRI NC (448).png,512,512,RGBA
validate,no_cancer,LUNG MRI NC (449).png,.png,..\dataset\lung_cancer_MRI_dataset\validate\no_cancer\LUNG MRI NC (449).png,512,512,RGBA
validate,no_cancer,LUNG MRI NC (45).png,.png,..\dataset\lung_cancer_MRI_dataset\validate\no_cancer\LUNG MRI NC (45).png,731,555,RGBA
validate,no_cancer,LUNG MRI NC (450).png,.png,..\dataset\lung_cancer_MRI_dataset\validate\no_cancer\LUNG MRI NC (450).png,512,512,RGBA
validate,no_cancer,LUNG MRI NC (451).png,.png,..\dataset\lung_cancer_MRI_dataset\validate\no_cancer\LUNG MRI NC (451).png,512,512,RGBA
validate,no_cancer,LUNG MRI NC (452).png,.png,..\dataset\lung_cancer_MRI_dataset\validate\no_cancer\LUNG MRI NC (452).png,512,512,RGBA
validate,no_cancer,LUNG MRI NC (453).png,.png,..\dataset\lung_cancer_MRI_dataset\validate\no_cancer\LUNG MRI NC (453).png,512,512,RGBA
validate,no_cancer,LUNG MRI NC (454).png,.png,..\dataset\lung_cancer_MRI_dataset\validate\no_cancer\LUNG MRI NC (454).png,512,512,RGBA
validate,no_cancer,LUNG MRI NC (455).png,.png,..\dataset\lung_cancer_MRI_dataset\validate\no_cancer\LUNG MRI NC (455).png,512,512,RGBA
validate,no_cancer,LUNG MRI NC (456).png,.png,..\dataset\lung_cancer_MRI_dataset\validate\no_cancer\LUNG MRI NC (456).png,512,512,RGBA
validate,no_cancer,LUNG MRI NC (457).png,.png,..\dataset\lung_cancer_MRI_dataset\validate\no_cancer\LUNG MRI NC (457).png,512,512,RGBA
validate,no_cancer,LUNG MRI NC (458).png,.png,..\dataset\lung_cancer_MRI_dataset\validate\no_cancer\LUNG MRI NC (458).png,512,512,RGBA
validate,no_cancer,LUNG MRI NC (459).png,.png,..\dataset\lung_cancer_MRI_dataset\validate\no_cancer\LUNG MRI NC (459).png,512,512,RGBA
validate,no_cancer,LUNG MRI NC (46).png,.png,..\dataset\lung_cancer_MRI_dataset\validate\no_cancer\LUNG MRI NC (46).png,940,627,RGB
validate,no_cancer,LUNG MRI NC (460).png,.png,..\dataset\lung_cancer_MRI_dataset\validate\no_cancer\LUNG MRI NC (460).png,512,512,RGBA
validate,no_cancer,LUNG MRI NC (461).png,.png,..\dataset\lung_cancer_MRI_dataset\validate\no_cancer\LUNG MRI NC (461).png,512,512,RGBA
validate,no_cancer,LUNG MRI NC (462).png,.png,..\dataset\lung_cancer_MRI_dataset\validate\no_cancer\LUNG MRI NC (462).png,512,512,RGBA
validate,no_cancer,LUNG MRI NC (463).png,.png,..\dataset\lung_cancer_MRI_dataset\validate\no_cancer\LUNG MRI NC (463).png,512,512,RGBA
validate,no_cancer,LUNG MRI NC (464).png,.png,..\dataset\lung_cancer_MRI_dataset\validate\no_cancer\LUNG MRI NC (464).png,512,512,RGBA
validate,no_cancer,LUNG MRI NC (465).png,.png,..\dataset\lung_cancer_MRI_dataset\validate\no_cancer\LUNG MRI NC (465).png,512,512,RGBA
validate,no_cancer,LUNG MRI NC (466).png,.png,..\dataset\lung_cancer_MRI_dataset\validate\no_cancer\LUNG MRI NC (466).png,512,512,RGBA
validate,no_cancer,LUNG MRI NC (467).png,.png,..\dataset\lung_cancer_MRI_dataset\validate\no_cancer\LUNG MRI NC (467).png,512,512,RGBA
validate,no_cancer,LUNG MRI NC (468).png,.png,..\dataset\lung_cancer_MRI_dataset\validate\no_cancer\LUNG MRI NC (468).png,512,512,RGBA
validate,no_cancer,LUNG MRI NC (469).png,.png,..\dataset\lung_cancer_MRI_dataset\validate\no_cancer\LUNG MRI NC (469).png,512,512,RGBA
validate,no_cancer,LUNG MRI NC (47).png,.png,..\dataset\lung_cancer_MRI_dataset\validate\no_cancer\LUNG MRI NC (47).png,940,627,RGB
validate,no_cancer,LUNG MRI NC (470).png,.png,..\dataset\lung_cancer_MRI_dataset\validate\no_cancer\LUNG MRI NC (470).png,512,512,RGBA
validate,no_cancer,LUNG MRI NC (471).png,.png,..\dataset\lung_cancer_MRI_dataset\validate\no_cancer\LUNG MRI NC (471).png,512,512,RGBA
validate,no_cancer,LUNG MRI NC (472).png,.png,..\dataset\lung_cancer_MRI_dataset\validate\no_cancer\LUNG MRI NC (472).png,512,512,RGBA
validate,no_cancer,LUNG MRI NC (473).png,.png,..\dataset\lung_cancer_MRI_dataset\validate\no_cancer\LUNG MRI NC (473).png,512,512,RGBA
validate,no_cancer,LUNG MRI NC (474).png,.png,..\dataset\lung_cancer_MRI_dataset\validate\no_cancer\LUNG MRI NC (474).png,512,512,RGBA
validate,no_cancer,LUNG MRI NC (475).png,.png,..\dataset\lung_cancer_MRI_dataset\validate\no_cancer\LUNG MRI NC (475).png,600,475,RGB
validate,no_cancer,LUNG MRI NC (476).png,.png,..\dataset\lung_cancer_MRI_dataset\validate\no_cancer\LUNG MRI NC (476).png,600,475,RGB
validate,no_cancer,LUNG MRI NC (477).png,.png,..\dataset\lung_cancer_MRI_dataset\validate\no_cancer\LUNG MRI NC (477).png,600,475,RGB
validate,no_cancer,LUNG MRI NC (478).png,.png,..\dataset\lung_cancer_MRI_dataset\validate\no_cancer\LUNG MRI NC (478).png,600,475,RGB
validate,no_cancer,LUNG MRI NC (479).png,.png,..\dataset\lung_cancer_MRI_dataset\validate\no_cancer\LUNG MRI NC (479).png,607,465,RGBA
validate,no_cancer,LUNG MRI NC (48).png,.png,..\dataset\lung_cancer_MRI_dataset\validate\no_cancer\LUNG MRI NC (48).png,731,555,RGBA
validate,no_cancer,LUNG MRI NC (480).png,.png,..\dataset\lung_cancer_MRI_dataset\validate\no_cancer\LUNG MRI NC (480).png,627,630,RGB
validate,no_cancer,LUNG MRI NC (49).png,.png,..\dataset\lung_cancer_MRI_dataset\validate\no_cancer\LUNG MRI NC (49).png,940,627,RGB
validate,no_cancer,LUNG MRI NC (5).jpg,.jpg,..\dataset\lung_cancer_MRI_dataset\validate\no_cancer\LUNG MRI NC (5).jpg,800,552,RGB
validate,no_cancer,LUNG MRI NC (5).png,.png,..\dataset\lung_cancer_MRI_dataset\validate\no_cancer\LUNG MRI NC (5).png,630,626,RGBA
validate,no_cancer,LUNG MRI NC (50).png,.png,..\dataset\lung_cancer_MRI_dataset\validate\no_cancer\LUNG MRI NC (50).png,940,627,RGB
validate,no_cancer,LUNG MRI NC (51).png,.png,..\dataset\lung_cancer_MRI_dataset\validate\no_cancer\LUNG MRI NC (51).png,940,627,RGB
validate,no_cancer,LUNG MRI NC (52).png,.png,..\dataset\lung_cancer_MRI_dataset\validate\no_cancer\LUNG MRI NC (52).png,800,577,RGBA
validate,no_cancer,LUNG MRI NC (53).png,.png,..\dataset\lung_cancer_MRI_dataset\validate\no_cancer\LUNG MRI NC (53).png,800,577,RGBA
validate,no_cancer,LUNG MRI NC (54).png,.png,..\dataset\lung_cancer_MRI_dataset\validate\no_cancer\LUNG MRI NC (54).png,800,577,RGBA
validate,no_cancer,LUNG MRI NC (55).png,.png,..\dataset\lung_cancer_MRI_dataset\validate\no_cancer\LUNG MRI NC (55).png,800,577,RGB
validate,no_cancer,LUNG MRI NC (56).png,.png,..\dataset\lung_cancer_MRI_dataset\validate\no_cancer\LUNG MRI NC (56).png,800,577,RGB
validate,no_cancer,LUNG MRI NC (57).png,.png,..\dataset\lung_cancer_MRI_dataset\validate\no_cancer\LUNG MRI NC (57).png,800,577,RGBA
validate,no_cancer,LUNG MRI NC (58).png,.png,..\dataset\lung_cancer_MRI_dataset\validate\no_cancer\LUNG MRI NC (58).png,800,577,RGBA
validate,no_cancer,LUNG MRI NC (59).png,.png,..\dataset\lung_cancer_MRI_dataset\validate\no_cancer\LUNG MRI NC (59).png,800,577,RGBA
validate,no_cancer,LUNG MRI NC (6).jpg,.jpg,..\dataset\lung_cancer_MRI_dataset\validate\no_cancer\LUNG MRI NC (6).jpg,800,552,RGB
validate,no_cancer,LUNG MRI NC (6).png,.png,..\dataset\lung_cancer_MRI_dataset\validate\no_cancer\LUNG MRI NC (6).png,619,479,RGBA
validate,no_cancer,LUNG MRI NC (60).png,.png,..\dataset\lung_cancer_MRI_dataset\validate\no_cancer\LUNG MRI NC (60).png,800,577,RGB
validate,no_cancer,LUNG MRI NC (61).png,.png,..\dataset\lung_cancer_MRI_dataset\validate\no_cancer\LUNG MRI NC (61).png,371,251,RGBA
validate,no_cancer,LUNG MRI NC (62).png,.png,..\dataset\lung_cancer_MRI_dataset\validate\no_cancer\LUNG MRI NC (62).png,371,251,RGBA
validate,no_cancer,LUNG MRI NC (63).png,.png,..\dataset\lung_cancer_MRI_dataset\validate\no_cancer\LUNG MRI NC (63).png,371,251,RGBA
validate,no_cancer,LUNG MRI NC (64).png,.png,..\dataset\lung_cancer_MRI_dataset\validate\no_cancer\LUNG MRI NC (64).png,371,251,RGBA
validate,no_cancer,LUNG MRI NC (65).png,.png,..\dataset\lung_cancer_MRI_dataset\validate\no_cancer\LUNG MRI NC (65).png,371,251,RGBA
validate,no_cancer,LUNG MRI NC (66).png,.png,..\dataset\lung_cancer_MRI_dataset\validate\no_cancer\LUNG MRI NC (66).png,371,251,RGBA
validate,no_cancer,LUNG MRI NC (67).png,.png,..\dataset\lung_cancer_MRI_dataset\validate\no_cancer\LUNG MRI NC (67).png,371,251,RGBA
validate,no_cancer,LUNG MRI NC (68).png,.png,..\dataset\lung_cancer_MRI_dataset\validate\no_cancer\LUNG MRI NC (68).png,371,251,RGBA
validate,no_cancer,LUNG MRI NC (69).png,.png,..\dataset\lung_cancer_MRI_dataset\validate\no_cancer\LUNG MRI NC (69).png,441,341,RGBA
validate,no_cancer,LUNG MRI NC (7).jpg,.jpg,..\dataset\lung_cancer_MRI_dataset\validate\no_cancer\LUNG MRI NC (7).jpg,800,552,RGB
validate,no_cancer,LUNG MRI NC (7).png,.png,..\dataset\lung_cancer_MRI_dataset\validate\no_cancer\LUNG MRI NC (7).png,619,479,RGBA
validate,no_cancer,LUNG MRI NC (70).png,.png,..\dataset\lung_cancer_MRI_dataset\validate\no_cancer\LUNG MRI NC (70).png,441,341,RGBA
validate,no_cancer,LUNG MRI NC (71).png,.png,..\dataset\lung_cancer_MRI_dataset\validate\no_cancer\LUNG MRI NC (71).png,441,341,RGBA
validate,no_cancer,LUNG MRI NC (72).png,.png,..\dataset\lung_cancer_MRI_dataset\validate\no_cancer\LUNG MRI NC (72).png,440,345,RGBA
validate,no_cancer,LUNG MRI NC (73).png,.png,..\dataset\lung_cancer_MRI_dataset\validate\no_cancer\LUNG MRI NC (73).png,441,341,RGBA
validate,no_cancer,LUNG MRI NC (74).png,.png,..\dataset\lung_cancer_MRI_dataset\validate\no_cancer\LUNG MRI NC (74).png,440,345,RGBA
validate,no_cancer,LUNG MRI NC (75).png,.png,..\dataset\lung_cancer_MRI_dataset\validate\no_cancer\LUNG MRI NC (75).png,440,345,RGBA
validate,no_cancer,LUNG MRI NC (76).png,.png,..\dataset\lung_cancer_MRI_dataset\validate\no_cancer\LUNG MRI NC (76).png,440,345,RGBA
validate,no_cancer,LUNG MRI NC (77).png,.png,..\dataset\lung_cancer_MRI_dataset\validate\no_cancer\LUNG MRI NC (77).png,619,481,RGBA
validate,no_cancer,LUNG MRI NC (78).png,.png,..\dataset\lung_cancer_MRI_dataset\validate\no_cancer\LUNG MRI NC (78).png,586,462,RGBA
validate,no_cancer,LUNG MRI NC (79).png,.png,..\dataset\lung_cancer_MRI_dataset\validate\no_cancer\LUNG MRI NC (79).png,586,462,RGBA
validate,no_cancer,LUNG MRI NC (8).jpg,.jpg,..\dataset\lung_cancer_MRI_dataset\validate\no_cancer\LUNG MRI NC (8).jpg,800,552,RGB
validate,no_cancer,LUNG MRI NC (8).png,.png,..\dataset\lung_cancer_MRI_dataset\validate\no_cancer\LUNG MRI NC (8).png,630,626,L
validate,no_cancer,LUNG MRI NC (80).png,.png,..\dataset\lung_cancer_MRI_dataset\validate\no_cancer\LUNG MRI NC (80).png,619,481,RGBA
validate,no_cancer,LUNG MRI NC (81).png,.png,..\dataset\lung_cancer_MRI_dataset\validate\no_cancer\LUNG MRI NC (81).png,619,481,RGBA
validate,no_cancer,LUNG MRI NC (82).png,.png,..\dataset\lung_cancer_MRI_dataset\validate\no_cancer\LUNG MRI NC (82).png,619,481,RGBA
validate,no_cancer,LUNG MRI NC (83).png,.png,..\dataset\lung_cancer_MRI_dataset\validate\no_cancer\LUNG MRI NC (83).png,619,481,RGBA
validate,no_cancer,LUNG MRI NC (84).png,.png,..\dataset\lung_cancer_MRI_dataset\validate\no_cancer\LUNG MRI NC (84).png,619,481,RGBA
validate,no_cancer,LUNG MRI NC (85).png,.png,..\dataset\lung_cancer_MRI_dataset\validate\no_cancer\LUNG MRI NC (85).png,847,533,RGBA
validate,no_cancer,LUNG MRI NC (86).png,.png,..\dataset\lung_cancer_MRI_dataset\validate\no_cancer\LUNG MRI NC (86).png,665,508,RGBA
validate,no_cancer,LUNG MRI NC (87).png,.png,..\dataset\lung_cancer_MRI_dataset\validate\no_cancer\LUNG MRI NC (87).png,665,508,RGBA
validate,no_cancer,LUNG MRI NC (88).png,.png,..\dataset\lung_cancer_MRI_dataset\validate\no_cancer\LUNG MRI NC (88).png,847,533,RGBA
validate,no_cancer,LUNG MRI NC (89).png,.png,..\dataset\lung_cancer_MRI_dataset\validate\no_cancer\LUNG MRI NC (89).png,847,533,RGBA
validate,no_cancer,LUNG MRI NC (9).jpg,.jpg,..\dataset\lung_cancer_MRI_dataset\validate\no_cancer\LUNG MRI NC (9).jpg,400,358,RGB
validate,no_cancer,LUNG MRI NC (9).png,.png,..\dataset\lung_cancer_MRI_dataset\validate\no_cancer\LUNG MRI NC (9).png,443,344,RGBA
validate,no_cancer,LUNG MRI NC (90).png,.png,..\dataset\lung_cancer_MRI_dataset\validate\no_cancer\LUNG MRI NC (90).png,668,517,RGBA
validate,no_cancer,LUNG MRI NC (91).png,.png,..\dataset\lung_cancer_MRI_dataset\validate\no_cancer\LUNG MRI NC (91).png,668,517,RGBA
validate,no_cancer,LUNG MRI NC (92).png,.png,..\dataset\lung_cancer_MRI_dataset\validate\no_cancer\LUNG MRI NC (92).png,847,533,RGBA
validate,no_cancer,LUNG MRI NC (93).png,.png,..\dataset\lung_cancer_MRI_dataset\validate\no_cancer\LUNG MRI NC (93).png,366,234,RGBA
validate,no_cancer,LUNG MRI NC (94).png,.png,..\dataset\lung_cancer_MRI_dataset\validate\no_cancer\LUNG MRI NC (94).png,279,210,RGBA
validate,no_cancer,LUNG MRI NC (95).png,.png,..\dataset\lung_cancer_MRI_dataset\validate\no_cancer\LUNG MRI NC (95).png,279,210,RGBA
validate,no_cancer,LUNG MRI NC (96).png,.png,..\dataset\lung_cancer_MRI_dataset\validate\no_cancer\LUNG MRI NC (96).png,366,234,RGBA
validate,no_cancer,LUNG MRI NC (97).png,.png,..\dataset\lung_cancer_MRI_dataset\validate\no_cancer\LUNG MRI NC (97).png,366,234,RGBA
validate,no_cancer,LUNG MRI NC (98).png,.png,..\dataset\lung_cancer_MRI_dataset\validate\no_cancer\LUNG MRI NC (98).png,366,234,RGBA
validate,no_cancer,LUNG MRI NC (99).png,.png,..\dataset\lung_cancer_MRI_dataset\validate\no_cancer\LUNG MRI NC (99).png,366,234,RGBA
