path,filename,label,phash
D:\skripsi\dataset_external\iqothnccd\The IQ-OTHNCCD lung cancer dataset\The IQ-OTHNCCD lung cancer dataset\Malignant cases\Malignant case (1).jpg,Malignant case (1).jpg,cancer,76580979dc2f2982f134b3c012e238fe
D:\skripsi\dataset_external\iqothnccd\The IQ-OTHNCCD lung cancer dataset\The IQ-OTHNCCD lung cancer dataset\Malignant cases\Malignant case (10).jpg,Malignant case (10).jpg,cancer,44fb6d0ca788c87ce19037c8e069390d
D:\skripsi\dataset_external\iqothnccd\The IQ-OTHNCCD lung cancer dataset\The IQ-OTHNCCD lung cancer dataset\Malignant cases\Malignant case (100).jpg,Malignant case (100).jpg,cancer,4313540b95911465483ea20378204b92
D:\skripsi\dataset_external\iqothnccd\The IQ-OTHNCCD lung cancer dataset\The IQ-OTHNCCD lung cancer dataset\Malignant cases\Malignant case (101).jpg,Malignant case (101).jpg,cancer,4ed41795f3dad4381e2c6d2d046d6d93
D:\skripsi\dataset_external\iqothnccd\The IQ-OTHNCCD lung cancer dataset\The IQ-OTHNCCD lung cancer dataset\Malignant cases\Malignant case (102).jpg,Malignant case (102).jpg,cancer,498cd4b2c6a44afde3c0690322f30915
D:\skripsi\dataset_external\iqothnccd\The IQ-OTHNCCD lung cancer dataset\The IQ-OTHNCCD lung cancer dataset\Malignant cases\Malignant case (103).jpg,Malignant case (103).jpg,cancer,9a3649db805e97b56e18aa7f78ccb672
D:\skripsi\dataset_external\iqothnccd\The IQ-OTHNCCD lung cancer dataset\The IQ-OTHNCCD lung cancer dataset\Malignant cases\Malignant case (104).jpg,Malignant case (104).jpg,cancer,350fc417af394c364e15d16a85d81bb0
D:\skripsi\dataset_external\iqothnccd\The IQ-OTHNCCD lung cancer dataset\The IQ-OTHNCCD lung cancer dataset\Malignant cases\Malignant case (105).jpg,Malignant case (105).jpg,cancer,ec85e9b3f47293c6899bb2b1480f5d4a
D:\skripsi\dataset_external\iqothnccd\The IQ-OTHNCCD lung cancer dataset\The IQ-OTHNCCD lung cancer dataset\Malignant cases\Malignant case (106).jpg,Malignant case (106).jpg,cancer,7ce73e17afd331c23caf4d4ca5988bd9
D:\skripsi\dataset_external\iqothnccd\The IQ-OTHNCCD lung cancer dataset\The IQ-OTHNCCD lung cancer dataset\Malignant cases\Malignant case (107).jpg,Malignant case (107).jpg,cancer,a1e4c45cb13677d207702f8fcd6695a3
D:\skripsi\dataset_external\iqothnccd\The IQ-OTHNCCD lung cancer dataset\The IQ-OTHNCCD lung cancer dataset\Malignant cases\Malignant case (108).jpg,Malignant case (108).jpg,cancer,824047bd1d7e3409c4de598c6853b3fa
D:\skripsi\dataset_external\iqothnccd\The IQ-OTHNCCD lung cancer dataset\The IQ-OTHNCCD lung cancer dataset\Malignant cases\Malignant case (109).jpg,Malignant case (109).jpg,cancer,dad92c7c64f8cedba0756aa7f85f97f7
D:\skripsi\dataset_external\iqothnccd\The IQ-OTHNCCD lung cancer dataset\The IQ-OTHNCCD lung cancer dataset\Malignant cases\Malignant case (11).jpg,Malignant case (11).jpg,cancer,05467ac2b2ebe626a42ab06bb389d756
D:\skripsi\dataset_external\iqothnccd\The IQ-OTHNCCD lung cancer dataset\The IQ-OTHNCCD lung cancer dataset\Malignant cases\Malignant case (110).jpg,Malignant case (110).jpg,cancer,975e65d061ca774de5b55ef18f3030f8
D:\skripsi\dataset_external\iqothnccd\The IQ-OTHNCCD lung cancer dataset\The IQ-OTHNCCD lung cancer dataset\Malignant cases\Malignant case (111).jpg,Malignant case (111).jpg,cancer,9d7a02f5de10d8f33670c070bfa13b3a
D:\skripsi\dataset_external\iqothnccd\The IQ-OTHNCCD lung cancer dataset\The IQ-OTHNCCD lung cancer dataset\Malignant cases\Malignant case (112).jpg,Malignant case (112).jpg,cancer,9bc97ca79d509c83b308583dfda99a7c
D:\skripsi\dataset_external\iqothnccd\The IQ-OTHNCCD lung cancer dataset\The IQ-OTHNCCD lung cancer dataset\Malignant cases\Malignant case (113).jpg,Malignant case (113).jpg,cancer,30b0ecd8d24ba864826a9f96d1f908a5
D:\skripsi\dataset_external\iqothnccd\The IQ-OTHNCCD lung cancer dataset\The IQ-OTHNCCD lung cancer dataset\Malignant cases\Malignant case (114).jpg,Malignant case (114).jpg,cancer,8be388e46fdcc5fb2eab7b0f44d4264e
D:\skripsi\dataset_external\iqothnccd\The IQ-OTHNCCD lung cancer dataset\The IQ-OTHNCCD lung cancer dataset\Malignant cases\Malignant case (115).jpg,Malignant case (115).jpg,cancer,87227ef829c5aa6be8796cd2c47b4e03
D:\skripsi\dataset_external\iqothnccd\The IQ-OTHNCCD lung cancer dataset\The IQ-OTHNCCD lung cancer dataset\Malignant cases\Malignant case (116).jpg,Malignant case (116).jpg,cancer,62fda59358d6b76f55e913d86abee070
D:\skripsi\dataset_external\iqothnccd\The IQ-OTHNCCD lung cancer dataset\The IQ-OTHNCCD lung cancer dataset\Malignant cases\Malignant case (117).jpg,Malignant case (117).jpg,cancer,770d0ae01fe1b8cb619e5557e0663f5e
D:\skripsi\dataset_external\iqothnccd\The IQ-OTHNCCD lung cancer dataset\The IQ-OTHNCCD lung cancer dataset\Malignant cases\Malignant case (118).jpg,Malignant case (118).jpg,cancer,b039bc2c6fa47fa489b1aa02421824bf
D:\skripsi\dataset_external\iqothnccd\The IQ-OTHNCCD lung cancer dataset\The IQ-OTHNCCD lung cancer dataset\Malignant cases\Malignant case (119).jpg,Malignant case (119).jpg,cancer,4159e81e5ab9d79b4ace7ca5cde553ed
D:\skripsi\dataset_external\iqothnccd\The IQ-OTHNCCD lung cancer dataset\The IQ-OTHNCCD lung cancer dataset\Malignant cases\Malignant case (12).jpg,Malignant case (12).jpg,cancer,ee3e8ac4d370a62cd9739608989751e6
D:\skripsi\dataset_external\iqothnccd\The IQ-OTHNCCD lung cancer dataset\The IQ-OTHNCCD lung cancer dataset\Malignant cases\Malignant case (120).jpg,Malignant case (120).jpg,cancer,e07f5bfc37cfe44a88bfdf6b9f90bcab
D:\skripsi\dataset_external\iqothnccd\The IQ-OTHNCCD lung cancer dataset\The IQ-OTHNCCD lung cancer dataset\Malignant cases\Malignant case (121).jpg,Malignant case (121).jpg,cancer,d29b96d7d636d160760675fa7266ec0c
D:\skripsi\dataset_external\iqothnccd\The IQ-OTHNCCD lung cancer dataset\The IQ-OTHNCCD lung cancer dataset\Malignant cases\Malignant case (122).jpg,Malignant case (122).jpg,cancer,e81926a2e73004627020d3ddda229df4
D:\skripsi\dataset_external\iqothnccd\The IQ-OTHNCCD lung cancer dataset\The IQ-OTHNCCD lung cancer dataset\Malignant cases\Malignant case (123).jpg,Malignant case (123).jpg,cancer,b27dd37c94daa315285053ed6547353c
D:\skripsi\dataset_external\iqothnccd\The IQ-OTHNCCD lung cancer dataset\The IQ-OTHNCCD lung cancer dataset\Malignant cases\Malignant case (124).jpg,Malignant case (124).jpg,cancer,2e4cb45d0a02d555ccd2607b93339a20
D:\skripsi\dataset_external\iqothnccd\The IQ-OTHNCCD lung cancer dataset\The IQ-OTHNCCD lung cancer dataset\Malignant cases\Malignant case (125).jpg,Malignant case (125).jpg,cancer,67bfdf0d6dca2ef433c5f8928d60170c
D:\skripsi\dataset_external\iqothnccd\The IQ-OTHNCCD lung cancer dataset\The IQ-OTHNCCD lung cancer dataset\Malignant cases\Malignant case (126).jpg,Malignant case (126).jpg,cancer,382b904f41f539e5f6d4387cc97abfcd
D:\skripsi\dataset_external\iqothnccd\The IQ-OTHNCCD lung cancer dataset\The IQ-OTHNCCD lung cancer dataset\Malignant cases\Malignant case (127).jpg,Malignant case (127).jpg,cancer,f313b565dbf4af0615bc3d5a185f0400
D:\skripsi\dataset_external\iqothnccd\The IQ-OTHNCCD lung cancer dataset\The IQ-OTHNCCD lung cancer dataset\Malignant cases\Malignant case (128).jpg,Malignant case (128).jpg,cancer,baf7a1b2292db2d37accbde1dc9fb55e
D:\skripsi\dataset_external\iqothnccd\The IQ-OTHNCCD lung cancer dataset\The IQ-OTHNCCD lung cancer dataset\Malignant cases\Malignant case (129).jpg,Malignant case (129).jpg,cancer,162835684bdc310faaedcc424467e4a2
D:\skripsi\dataset_external\iqothnccd\The IQ-OTHNCCD lung cancer dataset\The IQ-OTHNCCD lung cancer dataset\Malignant cases\Malignant case (13).jpg,Malignant case (13).jpg,cancer,ddc753eecd6f8a4615f57e401f9416d5
D:\skripsi\dataset_external\iqothnccd\The IQ-OTHNCCD lung cancer dataset\The IQ-OTHNCCD lung cancer dataset\Malignant cases\Malignant case (130).jpg,Malignant case (130).jpg,cancer,5deb918003f76fd78dc6587decf5ba95
D:\skripsi\dataset_external\iqothnccd\The IQ-OTHNCCD lung cancer dataset\The IQ-OTHNCCD lung cancer dataset\Malignant cases\Malignant case (131).jpg,Malignant case (131).jpg,cancer,db4c78ecff79da403092e97736093a03
D:\skripsi\dataset_external\iqothnccd\The IQ-OTHNCCD lung cancer dataset\The IQ-OTHNCCD lung cancer dataset\Malignant cases\Malignant case (132).jpg,Malignant case (132).jpg,cancer,3f7443c2d26e9f5eddf5cf03f66e7789
D:\skripsi\dataset_external\iqothnccd\The IQ-OTHNCCD lung cancer dataset\The IQ-OTHNCCD lung cancer dataset\Malignant cases\Malignant case (133).jpg,Malignant case (133).jpg,cancer,ad1c9bfedc2835f64bbdabcd994adc7e
D:\skripsi\dataset_external\iqothnccd\The IQ-OTHNCCD lung cancer dataset\The IQ-OTHNCCD lung cancer dataset\Malignant cases\Malignant case (134).jpg,Malignant case (134).jpg,cancer,ddaf03d83bd9100a3825d31ba0e7ebaa
D:\skripsi\dataset_external\iqothnccd\The IQ-OTHNCCD lung cancer dataset\The IQ-OTHNCCD lung cancer dataset\Malignant cases\Malignant case (135).jpg,Malignant case (135).jpg,cancer,b33bc31a4fc4e9994056ff0bd0a0bf2c
D:\skripsi\dataset_external\iqothnccd\The IQ-OTHNCCD lung cancer dataset\The IQ-OTHNCCD lung cancer dataset\Malignant cases\Malignant case (136).jpg,Malignant case (136).jpg,cancer,f6913c7bb733f284a5392b7e706a251b
D:\skripsi\dataset_external\iqothnccd\The IQ-OTHNCCD lung cancer dataset\The IQ-OTHNCCD lung cancer dataset\Malignant cases\Malignant case (137).jpg,Malignant case (137).jpg,cancer,04e2976626b8239e4a335a9a755c005d
D:\skripsi\dataset_external\iqothnccd\The IQ-OTHNCCD lung cancer dataset\The IQ-OTHNCCD lung cancer dataset\Malignant cases\Malignant case (14).jpg,Malignant case (14).jpg,cancer,b565f31cde940b66f802ba168405bdbf
D:\skripsi\dataset_external\iqothnccd\The IQ-OTHNCCD lung cancer dataset\The IQ-OTHNCCD lung cancer dataset\Malignant cases\Malignant case (142).jpg,Malignant case (142).jpg,cancer,e96e44ced42eefd76bf128a3b31e206a
D:\skripsi\dataset_external\iqothnccd\The IQ-OTHNCCD lung cancer dataset\The IQ-OTHNCCD lung cancer dataset\Malignant cases\Malignant case (143).jpg,Malignant case (143).jpg,cancer,e685e48e21615b8f1054925eb86fbe29
D:\skripsi\dataset_external\iqothnccd\The IQ-OTHNCCD lung cancer dataset\The IQ-OTHNCCD lung cancer dataset\Malignant cases\Malignant case (144).jpg,Malignant case (144).jpg,cancer,4dd92ad808e7b27c0280c63d5037bb3d
D:\skripsi\dataset_external\iqothnccd\The IQ-OTHNCCD lung cancer dataset\The IQ-OTHNCCD lung cancer dataset\Malignant cases\Malignant case (145).jpg,Malignant case (145).jpg,cancer,8e4491f84cf3cf7caf4a4c6f94326667
D:\skripsi\dataset_external\iqothnccd\The IQ-OTHNCCD lung cancer dataset\The IQ-OTHNCCD lung cancer dataset\Malignant cases\Malignant case (146).jpg,Malignant case (146).jpg,cancer,4ab9774d730eb9001b6735f92ce6a45f
D:\skripsi\dataset_external\iqothnccd\The IQ-OTHNCCD lung cancer dataset\The IQ-OTHNCCD lung cancer dataset\Malignant cases\Malignant case (147).jpg,Malignant case (147).jpg,cancer,8d6083ed1cf09e780b121c558421fb31
D:\skripsi\dataset_external\iqothnccd\The IQ-OTHNCCD lung cancer dataset\The IQ-OTHNCCD lung cancer dataset\Malignant cases\Malignant case (149).jpg,Malignant case (149).jpg,cancer,81104c62032aa375aa574b0de5b5090b
D:\skripsi\dataset_external\iqothnccd\The IQ-OTHNCCD lung cancer dataset\The IQ-OTHNCCD lung cancer dataset\Malignant cases\Malignant case (15).jpg,Malignant case (15).jpg,cancer,573fee7bbff99a9d7d4109d018c58d56
D:\skripsi\dataset_external\iqothnccd\The IQ-OTHNCCD lung cancer dataset\The IQ-OTHNCCD lung cancer dataset\Malignant cases\Malignant case (150).jpg,Malignant case (150).jpg,cancer,8082cec9254be69aba9dfa102fc1fcf5
D:\skripsi\dataset_external\iqothnccd\The IQ-OTHNCCD lung cancer dataset\The IQ-OTHNCCD lung cancer dataset\Malignant cases\Malignant case (151).jpg,Malignant case (151).jpg,cancer,039b056bdaa38321f951e4e8e505b072
D:\skripsi\dataset_external\iqothnccd\The IQ-OTHNCCD lung cancer dataset\The IQ-OTHNCCD lung cancer dataset\Malignant cases\Malignant case (153).jpg,Malignant case (153).jpg,cancer,c16660bd55ee56ca73993025c8ada974
D:\skripsi\dataset_external\iqothnccd\The IQ-OTHNCCD lung cancer dataset\The IQ-OTHNCCD lung cancer dataset\Malignant cases\Malignant case (154).jpg,Malignant case (154).jpg,cancer,d0386e9a22c27ab045a1c8ae99ab83d8
D:\skripsi\dataset_external\iqothnccd\The IQ-OTHNCCD lung cancer dataset\The IQ-OTHNCCD lung cancer dataset\Malignant cases\Malignant case (155).jpg,Malignant case (155).jpg,cancer,681802747f14ccbf082dedaa4eb1af0d
D:\skripsi\dataset_external\iqothnccd\The IQ-OTHNCCD lung cancer dataset\The IQ-OTHNCCD lung cancer dataset\Malignant cases\Malignant case (156).jpg,Malignant case (156).jpg,cancer,512a3b5f0e2f89a7ec84df79cfb14b6b
D:\skripsi\dataset_external\iqothnccd\The IQ-OTHNCCD lung cancer dataset\The IQ-OTHNCCD lung cancer dataset\Malignant cases\Malignant case (157).jpg,Malignant case (157).jpg,cancer,eaec2ecf7c47b665cc96195db8c50bc5
D:\skripsi\dataset_external\iqothnccd\The IQ-OTHNCCD lung cancer dataset\The IQ-OTHNCCD lung cancer dataset\Malignant cases\Malignant case (158).jpg,Malignant case (158).jpg,cancer,86cf809eae1c3b9be028f170265e969e
D:\skripsi\dataset_external\iqothnccd\The IQ-OTHNCCD lung cancer dataset\The IQ-OTHNCCD lung cancer dataset\Malignant cases\Malignant case (159).jpg,Malignant case (159).jpg,cancer,5cce25a0c8da5ffe2c4dae2ee319ba43
D:\skripsi\dataset_external\iqothnccd\The IQ-OTHNCCD lung cancer dataset\The IQ-OTHNCCD lung cancer dataset\Malignant cases\Malignant case (16).jpg,Malignant case (16).jpg,cancer,f199fd2470caa88cd95967101a1977fd
D:\skripsi\dataset_external\iqothnccd\The IQ-OTHNCCD lung cancer dataset\The IQ-OTHNCCD lung cancer dataset\Malignant cases\Malignant case (160).jpg,Malignant case (160).jpg,cancer,1b8d1af76daf855c6cd53ee75d6dd434
D:\skripsi\dataset_external\iqothnccd\The IQ-OTHNCCD lung cancer dataset\The IQ-OTHNCCD lung cancer dataset\Malignant cases\Malignant case (161).jpg,Malignant case (161).jpg,cancer,6bf73b62a75eeb8eb97d7ac98d364979
D:\skripsi\dataset_external\iqothnccd\The IQ-OTHNCCD lung cancer dataset\The IQ-OTHNCCD lung cancer dataset\Malignant cases\Malignant case (162).jpg,Malignant case (162).jpg,cancer,3385edb49e2c1f17bd3d38a2d1e24040
D:\skripsi\dataset_external\iqothnccd\The IQ-OTHNCCD lung cancer dataset\The IQ-OTHNCCD lung cancer dataset\Malignant cases\Malignant case (163).jpg,Malignant case (163).jpg,cancer,3bc6faed3698f62bc41ad986372f0e60
D:\skripsi\dataset_external\iqothnccd\The IQ-OTHNCCD lung cancer dataset\The IQ-OTHNCCD lung cancer dataset\Malignant cases\Malignant case (164).jpg,Malignant case (164).jpg,cancer,c585ee91a9d058e9fe0d0b53a761de74
D:\skripsi\dataset_external\iqothnccd\The IQ-OTHNCCD lung cancer dataset\The IQ-OTHNCCD lung cancer dataset\Malignant cases\Malignant case (165).jpg,Malignant case (165).jpg,cancer,b3c9095441a60b4f9c0d2abd596925d7
D:\skripsi\dataset_external\iqothnccd\The IQ-OTHNCCD lung cancer dataset\The IQ-OTHNCCD lung cancer dataset\Malignant cases\Malignant case (166).jpg,Malignant case (166).jpg,cancer,11a93ed2ac0b2ac5357518280a234c41
D:\skripsi\dataset_external\iqothnccd\The IQ-OTHNCCD lung cancer dataset\The IQ-OTHNCCD lung cancer dataset\Malignant cases\Malignant case (167).jpg,Malignant case (167).jpg,cancer,b07d31d2271c588285ff44c73a7e702f
D:\skripsi\dataset_external\iqothnccd\The IQ-OTHNCCD lung cancer dataset\The IQ-OTHNCCD lung cancer dataset\Malignant cases\Malignant case (168).jpg,Malignant case (168).jpg,cancer,299bb6c455c479fabcae50ecbd14d927
D:\skripsi\dataset_external\iqothnccd\The IQ-OTHNCCD lung cancer dataset\The IQ-OTHNCCD lung cancer dataset\Malignant cases\Malignant case (169).jpg,Malignant case (169).jpg,cancer,163d8a92d2a8d5172b8a62d2ca314cd8
D:\skripsi\dataset_external\iqothnccd\The IQ-OTHNCCD lung cancer dataset\The IQ-OTHNCCD lung cancer dataset\Malignant cases\Malignant case (17).jpg,Malignant case (17).jpg,cancer,fb3cf2c5484b130b541a82f745681ffb
D:\skripsi\dataset_external\iqothnccd\The IQ-OTHNCCD lung cancer dataset\The IQ-OTHNCCD lung cancer dataset\Malignant cases\Malignant case (170).jpg,Malignant case (170).jpg,cancer,f3b4cc89efad54fbaaaab3ec17e513c0
D:\skripsi\dataset_external\iqothnccd\The IQ-OTHNCCD lung cancer dataset\The IQ-OTHNCCD lung cancer dataset\Malignant cases\Malignant case (171).jpg,Malignant case (171).jpg,cancer,431fe4eebca3aaf3f5b6708597c879e5
D:\skripsi\dataset_external\iqothnccd\The IQ-OTHNCCD lung cancer dataset\The IQ-OTHNCCD lung cancer dataset\Malignant cases\Malignant case (172).jpg,Malignant case (172).jpg,cancer,f9df6d19ea39e388275ab072c3b452f6
D:\skripsi\dataset_external\iqothnccd\The IQ-OTHNCCD lung cancer dataset\The IQ-OTHNCCD lung cancer dataset\Malignant cases\Malignant case (173).jpg,Malignant case (173).jpg,cancer,938e7cc3a51c7236df646eba60dbdf24
D:\skripsi\dataset_external\iqothnccd\The IQ-OTHNCCD lung cancer dataset\The IQ-OTHNCCD lung cancer dataset\Malignant cases\Malignant case (174).jpg,Malignant case (174).jpg,cancer,d8509dcfab0724af803cf6c77016059a
D:\skripsi\dataset_external\iqothnccd\The IQ-OTHNCCD lung cancer dataset\The IQ-OTHNCCD lung cancer dataset\Malignant cases\Malignant case (175).jpg,Malignant case (175).jpg,cancer,35d4219f7479608fc97270f3f9666cf2
D:\skripsi\dataset_external\iqothnccd\The IQ-OTHNCCD lung cancer dataset\The IQ-OTHNCCD lung cancer dataset\Malignant cases\Malignant case (176).jpg,Malignant case (176).jpg,cancer,c7460c6ca3db92d3eb608a9a0cdccdb9
D:\skripsi\dataset_external\iqothnccd\The IQ-OTHNCCD lung cancer dataset\The IQ-OTHNCCD lung cancer dataset\Malignant cases\Malignant case (177).jpg,Malignant case (177).jpg,cancer,3cd6c199899bccc85a32d2f8ccca7423
D:\skripsi\dataset_external\iqothnccd\The IQ-OTHNCCD lung cancer dataset\The IQ-OTHNCCD lung cancer dataset\Malignant cases\Malignant case (178).jpg,Malignant case (178).jpg,cancer,0590a8ea8b40593f8c2cdb28e221448b
D:\skripsi\dataset_external\iqothnccd\The IQ-OTHNCCD lung cancer dataset\The IQ-OTHNCCD lung cancer dataset\Malignant cases\Malignant case (179).jpg,Malignant case (179).jpg,cancer,95993fb38a37e9ba33969e78652cd3a1
D:\skripsi\dataset_external\iqothnccd\The IQ-OTHNCCD lung cancer dataset\The IQ-OTHNCCD lung cancer dataset\Malignant cases\Malignant case (18).jpg,Malignant case (18).jpg,cancer,e4b854706f51a409d62df237844e8bb5
D:\skripsi\dataset_external\iqothnccd\The IQ-OTHNCCD lung cancer dataset\The IQ-OTHNCCD lung cancer dataset\Malignant cases\Malignant case (180).jpg,Malignant case (180).jpg,cancer,e04f8565f7f1787fa37bec6db4fa99bf
D:\skripsi\dataset_external\iqothnccd\The IQ-OTHNCCD lung cancer dataset\The IQ-OTHNCCD lung cancer dataset\Malignant cases\Malignant case (181).jpg,Malignant case (181).jpg,cancer,06bdc57dca5296aef904b288b010210e
D:\skripsi\dataset_external\iqothnccd\The IQ-OTHNCCD lung cancer dataset\The IQ-OTHNCCD lung cancer dataset\Malignant cases\Malignant case (182).jpg,Malignant case (182).jpg,cancer,a2c3df95b536c6b795c1fa71c57b7b96
D:\skripsi\dataset_external\iqothnccd\The IQ-OTHNCCD lung cancer dataset\The IQ-OTHNCCD lung cancer dataset\Malignant cases\Malignant case (183).jpg,Malignant case (183).jpg,cancer,7c5895bc18d6b84d31b8cc3d23c210fd
D:\skripsi\dataset_external\iqothnccd\The IQ-OTHNCCD lung cancer dataset\The IQ-OTHNCCD lung cancer dataset\Malignant cases\Malignant case (184).jpg,Malignant case (184).jpg,cancer,d8ebf236e265fc823a6335f249663b93
D:\skripsi\dataset_external\iqothnccd\The IQ-OTHNCCD lung cancer dataset\The IQ-OTHNCCD lung cancer dataset\Malignant cases\Malignant case (185).jpg,Malignant case (185).jpg,cancer,ffd06f8dd83c9503c089303e5ae075c0
D:\skripsi\dataset_external\iqothnccd\The IQ-OTHNCCD lung cancer dataset\The IQ-OTHNCCD lung cancer dataset\Malignant cases\Malignant case (186).jpg,Malignant case (186).jpg,cancer,014632e904fe2950d5f8e6ba3f120b89
D:\skripsi\dataset_external\iqothnccd\The IQ-OTHNCCD lung cancer dataset\The IQ-OTHNCCD lung cancer dataset\Malignant cases\Malignant case (187).jpg,Malignant case (187).jpg,cancer,c32da92a1b5cbc6c5b1d780705d7647d
D:\skripsi\dataset_external\iqothnccd\The IQ-OTHNCCD lung cancer dataset\The IQ-OTHNCCD lung cancer dataset\Malignant cases\Malignant case (188).jpg,Malignant case (188).jpg,cancer,caa1be5a2fe2c90dffacdf70347997a6
D:\skripsi\dataset_external\iqothnccd\The IQ-OTHNCCD lung cancer dataset\The IQ-OTHNCCD lung cancer dataset\Malignant cases\Malignant case (189).jpg,Malignant case (189).jpg,cancer,15d45392981cb1f14710f87c7ee2f239
D:\skripsi\dataset_external\iqothnccd\The IQ-OTHNCCD lung cancer dataset\The IQ-OTHNCCD lung cancer dataset\Malignant cases\Malignant case (19).jpg,Malignant case (19).jpg,cancer,3a3a9c33c8fe3a6c2549e175e8aada03
D:\skripsi\dataset_external\iqothnccd\The IQ-OTHNCCD lung cancer dataset\The IQ-OTHNCCD lung cancer dataset\Malignant cases\Malignant case (190).jpg,Malignant case (190).jpg,cancer,db09f255e561653a0fb3e0a449780869
D:\skripsi\dataset_external\iqothnccd\The IQ-OTHNCCD lung cancer dataset\The IQ-OTHNCCD lung cancer dataset\Malignant cases\Malignant case (191).jpg,Malignant case (191).jpg,cancer,2103a2dc903921bd246e85dc4fc7df47
D:\skripsi\dataset_external\iqothnccd\The IQ-OTHNCCD lung cancer dataset\The IQ-OTHNCCD lung cancer dataset\Malignant cases\Malignant case (192).jpg,Malignant case (192).jpg,cancer,0d8ba74d809aaa5f419835946e293d38
D:\skripsi\dataset_external\iqothnccd\The IQ-OTHNCCD lung cancer dataset\The IQ-OTHNCCD lung cancer dataset\Malignant cases\Malignant case (193).jpg,Malignant case (193).jpg,cancer,cfaa4d26808c19ddb6d9de60a59e096a
D:\skripsi\dataset_external\iqothnccd\The IQ-OTHNCCD lung cancer dataset\The IQ-OTHNCCD lung cancer dataset\Malignant cases\Malignant case (194).jpg,Malignant case (194).jpg,cancer,dfccc5b2ca886f2b86a2486be00cd44a
D:\skripsi\dataset_external\iqothnccd\The IQ-OTHNCCD lung cancer dataset\The IQ-OTHNCCD lung cancer dataset\Malignant cases\Malignant case (195).jpg,Malignant case (195).jpg,cancer,96c5754e4733f86bdd3ced9229218282
D:\skripsi\dataset_external\iqothnccd\The IQ-OTHNCCD lung cancer dataset\The IQ-OTHNCCD lung cancer dataset\Malignant cases\Malignant case (196).jpg,Malignant case (196).jpg,cancer,ccfcebf9029b15219d7f2919fde06f94
D:\skripsi\dataset_external\iqothnccd\The IQ-OTHNCCD lung cancer dataset\The IQ-OTHNCCD lung cancer dataset\Malignant cases\Malignant case (197).jpg,Malignant case (197).jpg,cancer,3c80e392e88243bc2a3343c6588d8e71
D:\skripsi\dataset_external\iqothnccd\The IQ-OTHNCCD lung cancer dataset\The IQ-OTHNCCD lung cancer dataset\Malignant cases\Malignant case (198).jpg,Malignant case (198).jpg,cancer,64a4ede7be0dfbbddfcc27fd437ed7ce
D:\skripsi\dataset_external\iqothnccd\The IQ-OTHNCCD lung cancer dataset\The IQ-OTHNCCD lung cancer dataset\Malignant cases\Malignant case (199).jpg,Malignant case (199).jpg,cancer,2cbcbe795ff34dd2ecbc5d013ed56264
D:\skripsi\dataset_external\iqothnccd\The IQ-OTHNCCD lung cancer dataset\The IQ-OTHNCCD lung cancer dataset\Malignant cases\Malignant case (2).jpg,Malignant case (2).jpg,cancer,18bdd9039aab8232274560927c0025b0
D:\skripsi\dataset_external\iqothnccd\The IQ-OTHNCCD lung cancer dataset\The IQ-OTHNCCD lung cancer dataset\Malignant cases\Malignant case (20).jpg,Malignant case (20).jpg,cancer,8fb77e42cc9d631022d7f8738b6c75a1
D:\skripsi\dataset_external\iqothnccd\The IQ-OTHNCCD lung cancer dataset\The IQ-OTHNCCD lung cancer dataset\Malignant cases\Malignant case (200).jpg,Malignant case (200).jpg,cancer,4715976e3b53c3348adad63b03fa9620
D:\skripsi\dataset_external\iqothnccd\The IQ-OTHNCCD lung cancer dataset\The IQ-OTHNCCD lung cancer dataset\Malignant cases\Malignant case (201).jpg,Malignant case (201).jpg,cancer,56c9d32ce3e1b2b5dbfe0f4df2fe4f11
D:\skripsi\dataset_external\iqothnccd\The IQ-OTHNCCD lung cancer dataset\The IQ-OTHNCCD lung cancer dataset\Malignant cases\Malignant case (202).jpg,Malignant case (202).jpg,cancer,3cf2405e65fa96592fa067d01f6833a1
D:\skripsi\dataset_external\iqothnccd\The IQ-OTHNCCD lung cancer dataset\The IQ-OTHNCCD lung cancer dataset\Malignant cases\Malignant case (203).jpg,Malignant case (203).jpg,cancer,453fddd3f78ab921af706505e1056258
D:\skripsi\dataset_external\iqothnccd\The IQ-OTHNCCD lung cancer dataset\The IQ-OTHNCCD lung cancer dataset\Malignant cases\Malignant case (204).jpg,Malignant case (204).jpg,cancer,3a63d279b9f8255e5a15fcc3450910a6
D:\skripsi\dataset_external\iqothnccd\The IQ-OTHNCCD lung cancer dataset\The IQ-OTHNCCD lung cancer dataset\Malignant cases\Malignant case (205).jpg,Malignant case (205).jpg,cancer,3df9efecbd63cf9c3b1288a2f26438b0
D:\skripsi\dataset_external\iqothnccd\The IQ-OTHNCCD lung cancer dataset\The IQ-OTHNCCD lung cancer dataset\Malignant cases\Malignant case (206).jpg,Malignant case (206).jpg,cancer,91b84104680203d2c2a67f68f6f454e2
D:\skripsi\dataset_external\iqothnccd\The IQ-OTHNCCD lung cancer dataset\The IQ-OTHNCCD lung cancer dataset\Malignant cases\Malignant case (207).jpg,Malignant case (207).jpg,cancer,3389dc6ded88f1d6647e30f9e9d7e818
D:\skripsi\dataset_external\iqothnccd\The IQ-OTHNCCD lung cancer dataset\The IQ-OTHNCCD lung cancer dataset\Malignant cases\Malignant case (208).jpg,Malignant case (208).jpg,cancer,57d93e1e8a85903131088656b21bd195
D:\skripsi\dataset_external\iqothnccd\The IQ-OTHNCCD lung cancer dataset\The IQ-OTHNCCD lung cancer dataset\Malignant cases\Malignant case (209).jpg,Malignant case (209).jpg,cancer,25a615dad67bccbb4fee3618161e52eb
D:\skripsi\dataset_external\iqothnccd\The IQ-OTHNCCD lung cancer dataset\The IQ-OTHNCCD lung cancer dataset\Malignant cases\Malignant case (21).jpg,Malignant case (21).jpg,cancer,a40412551e9696825af662a60079bead
D:\skripsi\dataset_external\iqothnccd\The IQ-OTHNCCD lung cancer dataset\The IQ-OTHNCCD lung cancer dataset\Malignant cases\Malignant case (210).jpg,Malignant case (210).jpg,cancer,322f7b066d9c382ab6f582d5e9255ccd
D:\skripsi\dataset_external\iqothnccd\The IQ-OTHNCCD lung cancer dataset\The IQ-OTHNCCD lung cancer dataset\Malignant cases\Malignant case (211).jpg,Malignant case (211).jpg,cancer,d813a263ea0bef5a59bb9df1dd23952a
D:\skripsi\dataset_external\iqothnccd\The IQ-OTHNCCD lung cancer dataset\The IQ-OTHNCCD lung cancer dataset\Malignant cases\Malignant case (212).jpg,Malignant case (212).jpg,cancer,2ee5317af2d9246941e3b74cc72f1540
D:\skripsi\dataset_external\iqothnccd\The IQ-OTHNCCD lung cancer dataset\The IQ-OTHNCCD lung cancer dataset\Malignant cases\Malignant case (213).jpg,Malignant case (213).jpg,cancer,c1be9a82369cd16b7a73cee327d2c941
D:\skripsi\dataset_external\iqothnccd\The IQ-OTHNCCD lung cancer dataset\The IQ-OTHNCCD lung cancer dataset\Malignant cases\Malignant case (214).jpg,Malignant case (214).jpg,cancer,f4d018e64bb5804c18bfea77182e6f90
D:\skripsi\dataset_external\iqothnccd\The IQ-OTHNCCD lung cancer dataset\The IQ-OTHNCCD lung cancer dataset\Malignant cases\Malignant case (215).jpg,Malignant case (215).jpg,cancer,499a4b63955f94d8fa81a1c6efae899c
D:\skripsi\dataset_external\iqothnccd\The IQ-OTHNCCD lung cancer dataset\The IQ-OTHNCCD lung cancer dataset\Malignant cases\Malignant case (216).jpg,Malignant case (216).jpg,cancer,981789067a8bd7c59188b4e151d0e89d
D:\skripsi\dataset_external\iqothnccd\The IQ-OTHNCCD lung cancer dataset\The IQ-OTHNCCD lung cancer dataset\Malignant cases\Malignant case (217).jpg,Malignant case (217).jpg,cancer,599acdea5d682fb442798f6955ac62d0
D:\skripsi\dataset_external\iqothnccd\The IQ-OTHNCCD lung cancer dataset\The IQ-OTHNCCD lung cancer dataset\Malignant cases\Malignant case (218).jpg,Malignant case (218).jpg,cancer,c2ac8b89eace4fec1185e5f496cb3503
D:\skripsi\dataset_external\iqothnccd\The IQ-OTHNCCD lung cancer dataset\The IQ-OTHNCCD lung cancer dataset\Malignant cases\Malignant case (219).jpg,Malignant case (219).jpg,cancer,b062da6186fe55f9cee179dfe1b60a98
D:\skripsi\dataset_external\iqothnccd\The IQ-OTHNCCD lung cancer dataset\The IQ-OTHNCCD lung cancer dataset\Malignant cases\Malignant case (22).jpg,Malignant case (22).jpg,cancer,0cbc3a56842fc460580a26afd5e2c408
D:\skripsi\dataset_external\iqothnccd\The IQ-OTHNCCD lung cancer dataset\The IQ-OTHNCCD lung cancer dataset\Malignant cases\Malignant case (220).jpg,Malignant case (220).jpg,cancer,7c1e327f3c9eeb0b15553084c7fc32a4
D:\skripsi\dataset_external\iqothnccd\The IQ-OTHNCCD lung cancer dataset\The IQ-OTHNCCD lung cancer dataset\Malignant cases\Malignant case (221).jpg,Malignant case (221).jpg,cancer,5d9377af6f88768642b2960c961aff01
D:\skripsi\dataset_external\iqothnccd\The IQ-OTHNCCD lung cancer dataset\The IQ-OTHNCCD lung cancer dataset\Malignant cases\Malignant case (222).jpg,Malignant case (222).jpg,cancer,60877a7c8d2622d9e19aca89f57ee821
D:\skripsi\dataset_external\iqothnccd\The IQ-OTHNCCD lung cancer dataset\The IQ-OTHNCCD lung cancer dataset\Malignant cases\Malignant case (223).jpg,Malignant case (223).jpg,cancer,ea402f2f941f5f56b7bddc41570e1345
D:\skripsi\dataset_external\iqothnccd\The IQ-OTHNCCD lung cancer dataset\The IQ-OTHNCCD lung cancer dataset\Malignant cases\Malignant case (224).jpg,Malignant case (224).jpg,cancer,7181e6c13595f0e53f5db99c108dbdb9
D:\skripsi\dataset_external\iqothnccd\The IQ-OTHNCCD lung cancer dataset\The IQ-OTHNCCD lung cancer dataset\Malignant cases\Malignant case (225).jpg,Malignant case (225).jpg,cancer,03aaed2beeb1739c7df2e1497cb9ac5f
D:\skripsi\dataset_external\iqothnccd\The IQ-OTHNCCD lung cancer dataset\The IQ-OTHNCCD lung cancer dataset\Malignant cases\Malignant case (226).jpg,Malignant case (226).jpg,cancer,55ce1c58cf9d386b54b93c8c0c5e377b
D:\skripsi\dataset_external\iqothnccd\The IQ-OTHNCCD lung cancer dataset\The IQ-OTHNCCD lung cancer dataset\Malignant cases\Malignant case (227).jpg,Malignant case (227).jpg,cancer,aed2a277798dc034a19ba1ecb1f44593
D:\skripsi\dataset_external\iqothnccd\The IQ-OTHNCCD lung cancer dataset\The IQ-OTHNCCD lung cancer dataset\Malignant cases\Malignant case (228).jpg,Malignant case (228).jpg,cancer,a32e2914df958898bb5e2d811d9bc762
D:\skripsi\dataset_external\iqothnccd\The IQ-OTHNCCD lung cancer dataset\The IQ-OTHNCCD lung cancer dataset\Malignant cases\Malignant case (229).jpg,Malignant case (229).jpg,cancer,8868ae5cd03c402427048467c3854eb2
D:\skripsi\dataset_external\iqothnccd\The IQ-OTHNCCD lung cancer dataset\The IQ-OTHNCCD lung cancer dataset\Malignant cases\Malignant case (23).jpg,Malignant case (23).jpg,cancer,fc49a80142eae2dc09957349ed1e48de
D:\skripsi\dataset_external\iqothnccd\The IQ-OTHNCCD lung cancer dataset\The IQ-OTHNCCD lung cancer dataset\Malignant cases\Malignant case (230).jpg,Malignant case (230).jpg,cancer,233527e7f7e49c68c5745427b54472d3
D:\skripsi\dataset_external\iqothnccd\The IQ-OTHNCCD lung cancer dataset\The IQ-OTHNCCD lung cancer dataset\Malignant cases\Malignant case (231).jpg,Malignant case (231).jpg,cancer,906df62601fabc0446e8fa7da5dd0a97
D:\skripsi\dataset_external\iqothnccd\The IQ-OTHNCCD lung cancer dataset\The IQ-OTHNCCD lung cancer dataset\Malignant cases\Malignant case (232).jpg,Malignant case (232).jpg,cancer,b134788b91ffa69ca70b741a7e50eace
D:\skripsi\dataset_external\iqothnccd\The IQ-OTHNCCD lung cancer dataset\The IQ-OTHNCCD lung cancer dataset\Malignant cases\Malignant case (233).jpg,Malignant case (233).jpg,cancer,84f2b24c8f2b5bf9c7338064aeb0dbea
D:\skripsi\dataset_external\iqothnccd\The IQ-OTHNCCD lung cancer dataset\The IQ-OTHNCCD lung cancer dataset\Malignant cases\Malignant case (234).jpg,Malignant case (234).jpg,cancer,7b104ad03f1e4777c8857eeef1618146
D:\skripsi\dataset_external\iqothnccd\The IQ-OTHNCCD lung cancer dataset\The IQ-OTHNCCD lung cancer dataset\Malignant cases\Malignant case (235).jpg,Malignant case (235).jpg,cancer,1e0335380fab269bdfc9ce0a3f679901
D:\skripsi\dataset_external\iqothnccd\The IQ-OTHNCCD lung cancer dataset\The IQ-OTHNCCD lung cancer dataset\Malignant cases\Malignant case (236).jpg,Malignant case (236).jpg,cancer,e4032596f5cb0b9ffb32eb6d31aa39d5
D:\skripsi\dataset_external\iqothnccd\The IQ-OTHNCCD lung cancer dataset\The IQ-OTHNCCD lung cancer dataset\Malignant cases\Malignant case (237).jpg,Malignant case (237).jpg,cancer,788502e37d3887971591610868fda925
D:\skripsi\dataset_external\iqothnccd\The IQ-OTHNCCD lung cancer dataset\The IQ-OTHNCCD lung cancer dataset\Malignant cases\Malignant case (238).jpg,Malignant case (238).jpg,cancer,6e647553342ca13b9ff0aa676eb368a4
D:\skripsi\dataset_external\iqothnccd\The IQ-OTHNCCD lung cancer dataset\The IQ-OTHNCCD lung cancer dataset\Malignant cases\Malignant case (239).jpg,Malignant case (239).jpg,cancer,c047ff0c3481dc6fb16fc93896daed5b
D:\skripsi\dataset_external\iqothnccd\The IQ-OTHNCCD lung cancer dataset\The IQ-OTHNCCD lung cancer dataset\Malignant cases\Malignant case (24).jpg,Malignant case (24).jpg,cancer,240d0903080c479ed701eca2625134c8
D:\skripsi\dataset_external\iqothnccd\The IQ-OTHNCCD lung cancer dataset\The IQ-OTHNCCD lung cancer dataset\Malignant cases\Malignant case (240).jpg,Malignant case (240).jpg,cancer,0f9635ab33af4eada14dc8d1076030e6
D:\skripsi\dataset_external\iqothnccd\The IQ-OTHNCCD lung cancer dataset\The IQ-OTHNCCD lung cancer dataset\Malignant cases\Malignant case (241).jpg,Malignant case (241).jpg,cancer,82da8e7aa8517a08f46cae9baaace29c
D:\skripsi\dataset_external\iqothnccd\The IQ-OTHNCCD lung cancer dataset\The IQ-OTHNCCD lung cancer dataset\Malignant cases\Malignant case (242).jpg,Malignant case (242).jpg,cancer,d1574859852c8967d04f28345d2a5576
D:\skripsi\dataset_external\iqothnccd\The IQ-OTHNCCD lung cancer dataset\The IQ-OTHNCCD lung cancer dataset\Malignant cases\Malignant case (243).jpg,Malignant case (243).jpg,cancer,af1ac9ecd767801db31a8d31ddadbfd5
D:\skripsi\dataset_external\iqothnccd\The IQ-OTHNCCD lung cancer dataset\The IQ-OTHNCCD lung cancer dataset\Malignant cases\Malignant case (244).jpg,Malignant case (244).jpg,cancer,515fadf72a05129b900e5d55bea4e892
D:\skripsi\dataset_external\iqothnccd\The IQ-OTHNCCD lung cancer dataset\The IQ-OTHNCCD lung cancer dataset\Malignant cases\Malignant case (245).jpg,Malignant case (245).jpg,cancer,5ff3e55baa4eb8f45ab2857870e76dae
D:\skripsi\dataset_external\iqothnccd\The IQ-OTHNCCD lung cancer dataset\The IQ-OTHNCCD lung cancer dataset\Malignant cases\Malignant case (246).jpg,Malignant case (246).jpg,cancer,a76f94f39e4e295ff07b09f88a7df372
D:\skripsi\dataset_external\iqothnccd\The IQ-OTHNCCD lung cancer dataset\The IQ-OTHNCCD lung cancer dataset\Malignant cases\Malignant case (247).jpg,Malignant case (247).jpg,cancer,5b8a9f59ccb884645dbc5c902b4f4644
D:\skripsi\dataset_external\iqothnccd\The IQ-OTHNCCD lung cancer dataset\The IQ-OTHNCCD lung cancer dataset\Malignant cases\Malignant case (248).jpg,Malignant case (248).jpg,cancer,aab7a411d70f95650b30acaec1331d54
D:\skripsi\dataset_external\iqothnccd\The IQ-OTHNCCD lung cancer dataset\The IQ-OTHNCCD lung cancer dataset\Malignant cases\Malignant case (249).jpg,Malignant case (249).jpg,cancer,df56b40810b8de1a0f6108715c8891e6
D:\skripsi\dataset_external\iqothnccd\The IQ-OTHNCCD lung cancer dataset\The IQ-OTHNCCD lung cancer dataset\Malignant cases\Malignant case (25).jpg,Malignant case (25).jpg,cancer,f04c22560d605aa1711c13c50291a9ff
D:\skripsi\dataset_external\iqothnccd\The IQ-OTHNCCD lung cancer dataset\The IQ-OTHNCCD lung cancer dataset\Malignant cases\Malignant case (250).jpg,Malignant case (250).jpg,cancer,05d8c39120e2446f343bdebf585704c9
D:\skripsi\dataset_external\iqothnccd\The IQ-OTHNCCD lung cancer dataset\The IQ-OTHNCCD lung cancer dataset\Malignant cases\Malignant case (251).jpg,Malignant case (251).jpg,cancer,106e1611e1acd00f211fc145a56db358
D:\skripsi\dataset_external\iqothnccd\The IQ-OTHNCCD lung cancer dataset\The IQ-OTHNCCD lung cancer dataset\Malignant cases\Malignant case (252).jpg,Malignant case (252).jpg,cancer,a00e9f764003636ad3b3923912d3e185
D:\skripsi\dataset_external\iqothnccd\The IQ-OTHNCCD lung cancer dataset\The IQ-OTHNCCD lung cancer dataset\Malignant cases\Malignant case (253).jpg,Malignant case (253).jpg,cancer,1a6bf2b21a399d3ae524753b8291a5c9
D:\skripsi\dataset_external\iqothnccd\The IQ-OTHNCCD lung cancer dataset\The IQ-OTHNCCD lung cancer dataset\Malignant cases\Malignant case (254).jpg,Malignant case (254).jpg,cancer,ddf570ada5cba33643083a7f35b37104
D:\skripsi\dataset_external\iqothnccd\The IQ-OTHNCCD lung cancer dataset\The IQ-OTHNCCD lung cancer dataset\Malignant cases\Malignant case (255).jpg,Malignant case (255).jpg,cancer,1ab9c66d82787f7553fe4879b82f3505
D:\skripsi\dataset_external\iqothnccd\The IQ-OTHNCCD lung cancer dataset\The IQ-OTHNCCD lung cancer dataset\Malignant cases\Malignant case (256).jpg,Malignant case (256).jpg,cancer,37e814645cbf60c1531b36173c7b75d3
D:\skripsi\dataset_external\iqothnccd\The IQ-OTHNCCD lung cancer dataset\The IQ-OTHNCCD lung cancer dataset\Malignant cases\Malignant case (257).jpg,Malignant case (257).jpg,cancer,fced5007ef5bafacdd440521985a710c
D:\skripsi\dataset_external\iqothnccd\The IQ-OTHNCCD lung cancer dataset\The IQ-OTHNCCD lung cancer dataset\Malignant cases\Malignant case (258).jpg,Malignant case (258).jpg,cancer,32f56147a64cf5a258e69e8050fd26be
D:\skripsi\dataset_external\iqothnccd\The IQ-OTHNCCD lung cancer dataset\The IQ-OTHNCCD lung cancer dataset\Malignant cases\Malignant case (259).jpg,Malignant case (259).jpg,cancer,da25b8b4763ab38caecd7d29cb499a84
D:\skripsi\dataset_external\iqothnccd\The IQ-OTHNCCD lung cancer dataset\The IQ-OTHNCCD lung cancer dataset\Malignant cases\Malignant case (26).jpg,Malignant case (26).jpg,cancer,01dd6cfd52906e933d425e6bde9cc3de
D:\skripsi\dataset_external\iqothnccd\The IQ-OTHNCCD lung cancer dataset\The IQ-OTHNCCD lung cancer dataset\Malignant cases\Malignant case (260).jpg,Malignant case (260).jpg,cancer,f80a86974200bbbb80f404760dadc142
D:\skripsi\dataset_external\iqothnccd\The IQ-OTHNCCD lung cancer dataset\The IQ-OTHNCCD lung cancer dataset\Malignant cases\Malignant case (261).jpg,Malignant case (261).jpg,cancer,71f029b79fc52dfcedd20de94cd0d0bf
D:\skripsi\dataset_external\iqothnccd\The IQ-OTHNCCD lung cancer dataset\The IQ-OTHNCCD lung cancer dataset\Malignant cases\Malignant case (262).jpg,Malignant case (262).jpg,cancer,e03b6f0fca5c24e5dd0242a548fc5182
D:\skripsi\dataset_external\iqothnccd\The IQ-OTHNCCD lung cancer dataset\The IQ-OTHNCCD lung cancer dataset\Malignant cases\Malignant case (263).jpg,Malignant case (263).jpg,cancer,0411ab6134c33c573adec3897a58a7a6
D:\skripsi\dataset_external\iqothnccd\The IQ-OTHNCCD lung cancer dataset\The IQ-OTHNCCD lung cancer dataset\Malignant cases\Malignant case (264).jpg,Malignant case (264).jpg,cancer,aca440f0f4c5d7167ec9d15a40c7a47d
D:\skripsi\dataset_external\iqothnccd\The IQ-OTHNCCD lung cancer dataset\The IQ-OTHNCCD lung cancer dataset\Malignant cases\Malignant case (265).jpg,Malignant case (265).jpg,cancer,1c1ce9712d27fe7fc4a66559cf9e45f0
D:\skripsi\dataset_external\iqothnccd\The IQ-OTHNCCD lung cancer dataset\The IQ-OTHNCCD lung cancer dataset\Malignant cases\Malignant case (266).jpg,Malignant case (266).jpg,cancer,bb14a652842a15cf46561fb37bbbb2c1
D:\skripsi\dataset_external\iqothnccd\The IQ-OTHNCCD lung cancer dataset\The IQ-OTHNCCD lung cancer dataset\Malignant cases\Malignant case (267).jpg,Malignant case (267).jpg,cancer,76105fae960f47017159b05be78cf24e
D:\skripsi\dataset_external\iqothnccd\The IQ-OTHNCCD lung cancer dataset\The IQ-OTHNCCD lung cancer dataset\Malignant cases\Malignant case (268).jpg,Malignant case (268).jpg,cancer,2fe7a207da534c28e3ef3997e4ac15c5
D:\skripsi\dataset_external\iqothnccd\The IQ-OTHNCCD lung cancer dataset\The IQ-OTHNCCD lung cancer dataset\Malignant cases\Malignant case (269).jpg,Malignant case (269).jpg,cancer,dcfc66a5a7f47e06629ad6f13ec3227d
D:\skripsi\dataset_external\iqothnccd\The IQ-OTHNCCD lung cancer dataset\The IQ-OTHNCCD lung cancer dataset\Malignant cases\Malignant case (27).jpg,Malignant case (27).jpg,cancer,1e22674f809b61c0b4f6e0cdf9b4501f
D:\skripsi\dataset_external\iqothnccd\The IQ-OTHNCCD lung cancer dataset\The IQ-OTHNCCD lung cancer dataset\Malignant cases\Malignant case (270).jpg,Malignant case (270).jpg,cancer,a649df0b10b2894711afd1bf35569ef1
D:\skripsi\dataset_external\iqothnccd\The IQ-OTHNCCD lung cancer dataset\The IQ-OTHNCCD lung cancer dataset\Malignant cases\Malignant case (271).jpg,Malignant case (271).jpg,cancer,8e181a8b6c31b20cf3f13c4afdb4766d
D:\skripsi\dataset_external\iqothnccd\The IQ-OTHNCCD lung cancer dataset\The IQ-OTHNCCD lung cancer dataset\Malignant cases\Malignant case (272).jpg,Malignant case (272).jpg,cancer,90646a24bc370ac6e957cb76b111fb52
D:\skripsi\dataset_external\iqothnccd\The IQ-OTHNCCD lung cancer dataset\The IQ-OTHNCCD lung cancer dataset\Malignant cases\Malignant case (273).jpg,Malignant case (273).jpg,cancer,e98e59867aecff27ca3c9b5d6ec043c7
D:\skripsi\dataset_external\iqothnccd\The IQ-OTHNCCD lung cancer dataset\The IQ-OTHNCCD lung cancer dataset\Malignant cases\Malignant case (274).jpg,Malignant case (274).jpg,cancer,f86046b985bf337c37388779e178bfd8
D:\skripsi\dataset_external\iqothnccd\The IQ-OTHNCCD lung cancer dataset\The IQ-OTHNCCD lung cancer dataset\Malignant cases\Malignant case (275).jpg,Malignant case (275).jpg,cancer,d948c0b17f230573af0e5a69bc74edf5
D:\skripsi\dataset_external\iqothnccd\The IQ-OTHNCCD lung cancer dataset\The IQ-OTHNCCD lung cancer dataset\Malignant cases\Malignant case (276).jpg,Malignant case (276).jpg,cancer,bf1fec38d24c4ef79f7a1fd493fedfc1
D:\skripsi\dataset_external\iqothnccd\The IQ-OTHNCCD lung cancer dataset\The IQ-OTHNCCD lung cancer dataset\Malignant cases\Malignant case (277).jpg,Malignant case (277).jpg,cancer,6160143f4eb6e6bca856ee4e8bc327ac
D:\skripsi\dataset_external\iqothnccd\The IQ-OTHNCCD lung cancer dataset\The IQ-OTHNCCD lung cancer dataset\Malignant cases\Malignant case (278).jpg,Malignant case (278).jpg,cancer,fb98adfdae5af52b70d4d9a35273f3a3
D:\skripsi\dataset_external\iqothnccd\The IQ-OTHNCCD lung cancer dataset\The IQ-OTHNCCD lung cancer dataset\Malignant cases\Malignant case (279).jpg,Malignant case (279).jpg,cancer,9fb0f7a57cd7e799ede43558a78abdbe
D:\skripsi\dataset_external\iqothnccd\The IQ-OTHNCCD lung cancer dataset\The IQ-OTHNCCD lung cancer dataset\Malignant cases\Malignant case (28).jpg,Malignant case (28).jpg,cancer,6e78bd3682e8fe83e74117c0afb0bcb3
D:\skripsi\dataset_external\iqothnccd\The IQ-OTHNCCD lung cancer dataset\The IQ-OTHNCCD lung cancer dataset\Malignant cases\Malignant case (280).jpg,Malignant case (280).jpg,cancer,f1bca741144cdc9c96e922ef920376f9
D:\skripsi\dataset_external\iqothnccd\The IQ-OTHNCCD lung cancer dataset\The IQ-OTHNCCD lung cancer dataset\Malignant cases\Malignant case (281).jpg,Malignant case (281).jpg,cancer,3b40a764befe61ef7fb8b223cbfd824d
D:\skripsi\dataset_external\iqothnccd\The IQ-OTHNCCD lung cancer dataset\The IQ-OTHNCCD lung cancer dataset\Malignant cases\Malignant case (282).jpg,Malignant case (282).jpg,cancer,6a539e6b5fb413677a2fc68ad0f0f9d0
D:\skripsi\dataset_external\iqothnccd\The IQ-OTHNCCD lung cancer dataset\The IQ-OTHNCCD lung cancer dataset\Malignant cases\Malignant case (283).jpg,Malignant case (283).jpg,cancer,465eb949d9bc720f3e368e1eaefe603c
D:\skripsi\dataset_external\iqothnccd\The IQ-OTHNCCD lung cancer dataset\The IQ-OTHNCCD lung cancer dataset\Malignant cases\Malignant case (284).jpg,Malignant case (284).jpg,cancer,ec7f0e67e1ae161c7f51d9de642a4087
D:\skripsi\dataset_external\iqothnccd\The IQ-OTHNCCD lung cancer dataset\The IQ-OTHNCCD lung cancer dataset\Malignant cases\Malignant case (285).jpg,Malignant case (285).jpg,cancer,f0b5640b63fadaaca2bee4e7f12a7bae
D:\skripsi\dataset_external\iqothnccd\The IQ-OTHNCCD lung cancer dataset\The IQ-OTHNCCD lung cancer dataset\Malignant cases\Malignant case (286).jpg,Malignant case (286).jpg,cancer,449420722c91de752bc58617d5a083e2
D:\skripsi\dataset_external\iqothnccd\The IQ-OTHNCCD lung cancer dataset\The IQ-OTHNCCD lung cancer dataset\Malignant cases\Malignant case (287).jpg,Malignant case (287).jpg,cancer,f395041d8e84b8796bc70a7a10da482c
D:\skripsi\dataset_external\iqothnccd\The IQ-OTHNCCD lung cancer dataset\The IQ-OTHNCCD lung cancer dataset\Malignant cases\Malignant case (288).jpg,Malignant case (288).jpg,cancer,c30f60bc1e6572e914e53258182acfd2
D:\skripsi\dataset_external\iqothnccd\The IQ-OTHNCCD lung cancer dataset\The IQ-OTHNCCD lung cancer dataset\Malignant cases\Malignant case (289).jpg,Malignant case (289).jpg,cancer,8e5d2d2d91b2cd8f3898a6a40c6f321a
D:\skripsi\dataset_external\iqothnccd\The IQ-OTHNCCD lung cancer dataset\The IQ-OTHNCCD lung cancer dataset\Malignant cases\Malignant case (29).jpg,Malignant case (29).jpg,cancer,0fbb018bbd019d913568b12ce517d4aa
D:\skripsi\dataset_external\iqothnccd\The IQ-OTHNCCD lung cancer dataset\The IQ-OTHNCCD lung cancer dataset\Malignant cases\Malignant case (290).jpg,Malignant case (290).jpg,cancer,b658693ca7cc52e45b98406a465a6f69
D:\skripsi\dataset_external\iqothnccd\The IQ-OTHNCCD lung cancer dataset\The IQ-OTHNCCD lung cancer dataset\Malignant cases\Malignant case (291).jpg,Malignant case (291).jpg,cancer,4fe5ba4ca3c415315eca845daee88023
D:\skripsi\dataset_external\iqothnccd\The IQ-OTHNCCD lung cancer dataset\The IQ-OTHNCCD lung cancer dataset\Malignant cases\Malignant case (292).jpg,Malignant case (292).jpg,cancer,5bffb0d374be8f8d5a5ae9bc48babaa6
D:\skripsi\dataset_external\iqothnccd\The IQ-OTHNCCD lung cancer dataset\The IQ-OTHNCCD lung cancer dataset\Malignant cases\Malignant case (293).jpg,Malignant case (293).jpg,cancer,cf3e293d0056862df016246c377771b3
D:\skripsi\dataset_external\iqothnccd\The IQ-OTHNCCD lung cancer dataset\The IQ-OTHNCCD lung cancer dataset\Malignant cases\Malignant case (294).jpg,Malignant case (294).jpg,cancer,85964f2df4bdb68f79c0b2d55386c541
D:\skripsi\dataset_external\iqothnccd\The IQ-OTHNCCD lung cancer dataset\The IQ-OTHNCCD lung cancer dataset\Malignant cases\Malignant case (295).jpg,Malignant case (295).jpg,cancer,bdb1985201ec4107428d96d50c012400
D:\skripsi\dataset_external\iqothnccd\The IQ-OTHNCCD lung cancer dataset\The IQ-OTHNCCD lung cancer dataset\Malignant cases\Malignant case (296).jpg,Malignant case (296).jpg,cancer,d2ffc4e844db0bf07423577b97afe235
D:\skripsi\dataset_external\iqothnccd\The IQ-OTHNCCD lung cancer dataset\The IQ-OTHNCCD lung cancer dataset\Malignant cases\Malignant case (297).jpg,Malignant case (297).jpg,cancer,850ad58371992edb0bda7e4762f388af
D:\skripsi\dataset_external\iqothnccd\The IQ-OTHNCCD lung cancer dataset\The IQ-OTHNCCD lung cancer dataset\Malignant cases\Malignant case (298).jpg,Malignant case (298).jpg,cancer,2e3020fddb1a2e60e792602e9f3c8b83
D:\skripsi\dataset_external\iqothnccd\The IQ-OTHNCCD lung cancer dataset\The IQ-OTHNCCD lung cancer dataset\Malignant cases\Malignant case (299).jpg,Malignant case (299).jpg,cancer,e9a29f646bc3c72180ee826d289ed81a
D:\skripsi\dataset_external\iqothnccd\The IQ-OTHNCCD lung cancer dataset\The IQ-OTHNCCD lung cancer dataset\Malignant cases\Malignant case (3).jpg,Malignant case (3).jpg,cancer,aa8504fc2a6f4e5c0369f10ede647284
D:\skripsi\dataset_external\iqothnccd\The IQ-OTHNCCD lung cancer dataset\The IQ-OTHNCCD lung cancer dataset\Malignant cases\Malignant case (30).jpg,Malignant case (30).jpg,cancer,cfdeae54b6ffb9c28c5ed78ae442ff4c
D:\skripsi\dataset_external\iqothnccd\The IQ-OTHNCCD lung cancer dataset\The IQ-OTHNCCD lung cancer dataset\Malignant cases\Malignant case (300).jpg,Malignant case (300).jpg,cancer,ed9455baffc0899c77a210c3d2a4f351
D:\skripsi\dataset_external\iqothnccd\The IQ-OTHNCCD lung cancer dataset\The IQ-OTHNCCD lung cancer dataset\Malignant cases\Malignant case (301).jpg,Malignant case (301).jpg,cancer,6e96dbb76f7fe5bbb69db25ea166c161
D:\skripsi\dataset_external\iqothnccd\The IQ-OTHNCCD lung cancer dataset\The IQ-OTHNCCD lung cancer dataset\Malignant cases\Malignant case (302).jpg,Malignant case (302).jpg,cancer,2217ec04b2e67f359cc5e26a15ea24c2
D:\skripsi\dataset_external\iqothnccd\The IQ-OTHNCCD lung cancer dataset\The IQ-OTHNCCD lung cancer dataset\Malignant cases\Malignant case (303).jpg,Malignant case (303).jpg,cancer,768bfe06e94cc2d223e58b6f8232ab60
D:\skripsi\dataset_external\iqothnccd\The IQ-OTHNCCD lung cancer dataset\The IQ-OTHNCCD lung cancer dataset\Malignant cases\Malignant case (304).jpg,Malignant case (304).jpg,cancer,e39dd05655fce41592acc8dd04fc270e
D:\skripsi\dataset_external\iqothnccd\The IQ-OTHNCCD lung cancer dataset\The IQ-OTHNCCD lung cancer dataset\Malignant cases\Malignant case (305).jpg,Malignant case (305).jpg,cancer,7c6f29cccecbbed69e7b4cdefe11bca8
D:\skripsi\dataset_external\iqothnccd\The IQ-OTHNCCD lung cancer dataset\The IQ-OTHNCCD lung cancer dataset\Malignant cases\Malignant case (306).jpg,Malignant case (306).jpg,cancer,9cf29182b01a18c2938d3d320572bf7c
D:\skripsi\dataset_external\iqothnccd\The IQ-OTHNCCD lung cancer dataset\The IQ-OTHNCCD lung cancer dataset\Malignant cases\Malignant case (307).jpg,Malignant case (307).jpg,cancer,4587fb8c56cc890903f5b227533c62e2
D:\skripsi\dataset_external\iqothnccd\The IQ-OTHNCCD lung cancer dataset\The IQ-OTHNCCD lung cancer dataset\Malignant cases\Malignant case (308).jpg,Malignant case (308).jpg,cancer,7299fab3f93806330f121c1dd2d783c9
D:\skripsi\dataset_external\iqothnccd\The IQ-OTHNCCD lung cancer dataset\The IQ-OTHNCCD lung cancer dataset\Malignant cases\Malignant case (309).jpg,Malignant case (309).jpg,cancer,d7db19297c15780b1c8d81e3e2a848e3
D:\skripsi\dataset_external\iqothnccd\The IQ-OTHNCCD lung cancer dataset\The IQ-OTHNCCD lung cancer dataset\Malignant cases\Malignant case (31).jpg,Malignant case (31).jpg,cancer,ae4c2bafc22bff093f64fc62c3861738
D:\skripsi\dataset_external\iqothnccd\The IQ-OTHNCCD lung cancer dataset\The IQ-OTHNCCD lung cancer dataset\Malignant cases\Malignant case (310).jpg,Malignant case (310).jpg,cancer,611f8b62b6d157cf7cb6198cc797c5c7
D:\skripsi\dataset_external\iqothnccd\The IQ-OTHNCCD lung cancer dataset\The IQ-OTHNCCD lung cancer dataset\Malignant cases\Malignant case (311).jpg,Malignant case (311).jpg,cancer,c3e0bcfc7d162b10c69f6e4f620dc071
D:\skripsi\dataset_external\iqothnccd\The IQ-OTHNCCD lung cancer dataset\The IQ-OTHNCCD lung cancer dataset\Malignant cases\Malignant case (312).jpg,Malignant case (312).jpg,cancer,13c6e5461940ffe3c7a8610defa6b998
D:\skripsi\dataset_external\iqothnccd\The IQ-OTHNCCD lung cancer dataset\The IQ-OTHNCCD lung cancer dataset\Malignant cases\Malignant case (313).jpg,Malignant case (313).jpg,cancer,224d673868153357bf954bccf92934cf
D:\skripsi\dataset_external\iqothnccd\The IQ-OTHNCCD lung cancer dataset\The IQ-OTHNCCD lung cancer dataset\Malignant cases\Malignant case (314).jpg,Malignant case (314).jpg,cancer,b69637e7cd1fd608f8d09d88f4c9630e
D:\skripsi\dataset_external\iqothnccd\The IQ-OTHNCCD lung cancer dataset\The IQ-OTHNCCD lung cancer dataset\Malignant cases\Malignant case (315).jpg,Malignant case (315).jpg,cancer,bfeb9b2f1b52faf07ec72b15cf945594
D:\skripsi\dataset_external\iqothnccd\The IQ-OTHNCCD lung cancer dataset\The IQ-OTHNCCD lung cancer dataset\Malignant cases\Malignant case (316).jpg,Malignant case (316).jpg,cancer,f160dab0b4159f1481d70248b30d4858
D:\skripsi\dataset_external\iqothnccd\The IQ-OTHNCCD lung cancer dataset\The IQ-OTHNCCD lung cancer dataset\Malignant cases\Malignant case (317).jpg,Malignant case (317).jpg,cancer,f276ab9658cd37dad4fad41e5b4def4c
D:\skripsi\dataset_external\iqothnccd\The IQ-OTHNCCD lung cancer dataset\The IQ-OTHNCCD lung cancer dataset\Malignant cases\Malignant case (318).jpg,Malignant case (318).jpg,cancer,e1da2d9435e80199d38352121d6f90db
D:\skripsi\dataset_external\iqothnccd\The IQ-OTHNCCD lung cancer dataset\The IQ-OTHNCCD lung cancer dataset\Malignant cases\Malignant case (319).jpg,Malignant case (319).jpg,cancer,703da08f744a1e8e33eca4d47b05dd66
D:\skripsi\dataset_external\iqothnccd\The IQ-OTHNCCD lung cancer dataset\The IQ-OTHNCCD lung cancer dataset\Malignant cases\Malignant case (32).jpg,Malignant case (32).jpg,cancer,c4a232428ff0a8599a40d45cdfaa38c0
D:\skripsi\dataset_external\iqothnccd\The IQ-OTHNCCD lung cancer dataset\The IQ-OTHNCCD lung cancer dataset\Malignant cases\Malignant case (320).jpg,Malignant case (320).jpg,cancer,d6d35198a82d8ad3057061a794313634
D:\skripsi\dataset_external\iqothnccd\The IQ-OTHNCCD lung cancer dataset\The IQ-OTHNCCD lung cancer dataset\Malignant cases\Malignant case (321).jpg,Malignant case (321).jpg,cancer,0214a731f3f1365a443c21ec875921a0
D:\skripsi\dataset_external\iqothnccd\The IQ-OTHNCCD lung cancer dataset\The IQ-OTHNCCD lung cancer dataset\Malignant cases\Malignant case (322).jpg,Malignant case (322).jpg,cancer,6de6acef31c8cfdc0169dcd216de7c1b
D:\skripsi\dataset_external\iqothnccd\The IQ-OTHNCCD lung cancer dataset\The IQ-OTHNCCD lung cancer dataset\Malignant cases\Malignant case (323).jpg,Malignant case (323).jpg,cancer,3c01599638e7230a85cbcc94d1ce333e
D:\skripsi\dataset_external\iqothnccd\The IQ-OTHNCCD lung cancer dataset\The IQ-OTHNCCD lung cancer dataset\Malignant cases\Malignant case (324).jpg,Malignant case (324).jpg,cancer,b20062bb703247a4e1fbb3e6adc337da
D:\skripsi\dataset_external\iqothnccd\The IQ-OTHNCCD lung cancer dataset\The IQ-OTHNCCD lung cancer dataset\Malignant cases\Malignant case (325).jpg,Malignant case (325).jpg,cancer,01437a20b9fbe91e8799c5c3cd5b4ef6
D:\skripsi\dataset_external\iqothnccd\The IQ-OTHNCCD lung cancer dataset\The IQ-OTHNCCD lung cancer dataset\Malignant cases\Malignant case (326).jpg,Malignant case (326).jpg,cancer,4523267ba5dcd763eed8f3e69c4c1940
D:\skripsi\dataset_external\iqothnccd\The IQ-OTHNCCD lung cancer dataset\The IQ-OTHNCCD lung cancer dataset\Malignant cases\Malignant case (327).jpg,Malignant case (327).jpg,cancer,1ed4ceaaabf5ca71cc8d141a09b84b15
D:\skripsi\dataset_external\iqothnccd\The IQ-OTHNCCD lung cancer dataset\The IQ-OTHNCCD lung cancer dataset\Malignant cases\Malignant case (328).jpg,Malignant case (328).jpg,cancer,a4d70de48e03072dbaa12a244005b6f4
D:\skripsi\dataset_external\iqothnccd\The IQ-OTHNCCD lung cancer dataset\The IQ-OTHNCCD lung cancer dataset\Malignant cases\Malignant case (329).jpg,Malignant case (329).jpg,cancer,78023de1bfe37f402782b4d622e68b55
D:\skripsi\dataset_external\iqothnccd\The IQ-OTHNCCD lung cancer dataset\The IQ-OTHNCCD lung cancer dataset\Malignant cases\Malignant case (33).jpg,Malignant case (33).jpg,cancer,97b21006e3eb00f86cffc72afe99a8fe
D:\skripsi\dataset_external\iqothnccd\The IQ-OTHNCCD lung cancer dataset\The IQ-OTHNCCD lung cancer dataset\Malignant cases\Malignant case (330).jpg,Malignant case (330).jpg,cancer,22839911b34692f97a0bf3c78f15bfbf
D:\skripsi\dataset_external\iqothnccd\The IQ-OTHNCCD lung cancer dataset\The IQ-OTHNCCD lung cancer dataset\Malignant cases\Malignant case (331).jpg,Malignant case (331).jpg,cancer,6385cb29ae0751208ca930c17c7bfcba
D:\skripsi\dataset_external\iqothnccd\The IQ-OTHNCCD lung cancer dataset\The IQ-OTHNCCD lung cancer dataset\Malignant cases\Malignant case (332).jpg,Malignant case (332).jpg,cancer,83b5dbeb768ba0e7b14e54db6109977d
D:\skripsi\dataset_external\iqothnccd\The IQ-OTHNCCD lung cancer dataset\The IQ-OTHNCCD lung cancer dataset\Malignant cases\Malignant case (333).jpg,Malignant case (333).jpg,cancer,cf5baa34099ec4bb9465dbaf7d59266b
D:\skripsi\dataset_external\iqothnccd\The IQ-OTHNCCD lung cancer dataset\The IQ-OTHNCCD lung cancer dataset\Malignant cases\Malignant case (334).jpg,Malignant case (334).jpg,cancer,5987486ee1a08ec9a6604f39eec7b8fc
D:\skripsi\dataset_external\iqothnccd\The IQ-OTHNCCD lung cancer dataset\The IQ-OTHNCCD lung cancer dataset\Malignant cases\Malignant case (335).jpg,Malignant case (335).jpg,cancer,ff77edb35803e192697cceef704cfcf2
D:\skripsi\dataset_external\iqothnccd\The IQ-OTHNCCD lung cancer dataset\The IQ-OTHNCCD lung cancer dataset\Malignant cases\Malignant case (336).jpg,Malignant case (336).jpg,cancer,30bc0e97046c23c8d4bfeeff9b7927d7
D:\skripsi\dataset_external\iqothnccd\The IQ-OTHNCCD lung cancer dataset\The IQ-OTHNCCD lung cancer dataset\Malignant cases\Malignant case (337).jpg,Malignant case (337).jpg,cancer,f07ca508624ee1fff17e67593801d259
D:\skripsi\dataset_external\iqothnccd\The IQ-OTHNCCD lung cancer dataset\The IQ-OTHNCCD lung cancer dataset\Malignant cases\Malignant case (338).jpg,Malignant case (338).jpg,cancer,d1b1f301a9277b627892752cfa568b91
D:\skripsi\dataset_external\iqothnccd\The IQ-OTHNCCD lung cancer dataset\The IQ-OTHNCCD lung cancer dataset\Malignant cases\Malignant case (339).jpg,Malignant case (339).jpg,cancer,f3c44380de1fd4a85dc9eebea363f534
D:\skripsi\dataset_external\iqothnccd\The IQ-OTHNCCD lung cancer dataset\The IQ-OTHNCCD lung cancer dataset\Malignant cases\Malignant case (34).jpg,Malignant case (34).jpg,cancer,5102e662ba9b444b41e902764e31f5ea
D:\skripsi\dataset_external\iqothnccd\The IQ-OTHNCCD lung cancer dataset\The IQ-OTHNCCD lung cancer dataset\Malignant cases\Malignant case (340).jpg,Malignant case (340).jpg,cancer,04cc661ca62d6b77b2ebd21a8c45172a
D:\skripsi\dataset_external\iqothnccd\The IQ-OTHNCCD lung cancer dataset\The IQ-OTHNCCD lung cancer dataset\Malignant cases\Malignant case (341).jpg,Malignant case (341).jpg,cancer,7d469420faae29933151d6158d29fcea
D:\skripsi\dataset_external\iqothnccd\The IQ-OTHNCCD lung cancer dataset\The IQ-OTHNCCD lung cancer dataset\Malignant cases\Malignant case (342).jpg,Malignant case (342).jpg,cancer,f22236b908e87d7ccae6fc7473bb5064
D:\skripsi\dataset_external\iqothnccd\The IQ-OTHNCCD lung cancer dataset\The IQ-OTHNCCD lung cancer dataset\Malignant cases\Malignant case (343).jpg,Malignant case (343).jpg,cancer,28df407995f811df55a5e9b742742185
D:\skripsi\dataset_external\iqothnccd\The IQ-OTHNCCD lung cancer dataset\The IQ-OTHNCCD lung cancer dataset\Malignant cases\Malignant case (344).jpg,Malignant case (344).jpg,cancer,248d7adccbbeee1606fa59e06957378b
D:\skripsi\dataset_external\iqothnccd\The IQ-OTHNCCD lung cancer dataset\The IQ-OTHNCCD lung cancer dataset\Malignant cases\Malignant case (345).jpg,Malignant case (345).jpg,cancer,d715b4a73c20f72163ea4bc9e0912bb4
D:\skripsi\dataset_external\iqothnccd\The IQ-OTHNCCD lung cancer dataset\The IQ-OTHNCCD lung cancer dataset\Malignant cases\Malignant case (346).jpg,Malignant case (346).jpg,cancer,125c3a8f0d4bddb825eda446c8733c2b
D:\skripsi\dataset_external\iqothnccd\The IQ-OTHNCCD lung cancer dataset\The IQ-OTHNCCD lung cancer dataset\Malignant cases\Malignant case (347).jpg,Malignant case (347).jpg,cancer,1c6182c1916e29410b8330f1382cf307
D:\skripsi\dataset_external\iqothnccd\The IQ-OTHNCCD lung cancer dataset\The IQ-OTHNCCD lung cancer dataset\Malignant cases\Malignant case (348).jpg,Malignant case (348).jpg,cancer,b08aa6f679fa78734accdb9a3272e825
D:\skripsi\dataset_external\iqothnccd\The IQ-OTHNCCD lung cancer dataset\The IQ-OTHNCCD lung cancer dataset\Malignant cases\Malignant case (349).jpg,Malignant case (349).jpg,cancer,9a9b500fbd56717a3f17ca99f81fbc95
D:\skripsi\dataset_external\iqothnccd\The IQ-OTHNCCD lung cancer dataset\The IQ-OTHNCCD lung cancer dataset\Malignant cases\Malignant case (35).jpg,Malignant case (35).jpg,cancer,cb634f280c18191517cbc051138b9098
D:\skripsi\dataset_external\iqothnccd\The IQ-OTHNCCD lung cancer dataset\The IQ-OTHNCCD lung cancer dataset\Malignant cases\Malignant case (350).jpg,Malignant case (350).jpg,cancer,dc70f3f83b6eac067ef543b41ef49900
D:\skripsi\dataset_external\iqothnccd\The IQ-OTHNCCD lung cancer dataset\The IQ-OTHNCCD lung cancer dataset\Malignant cases\Malignant case (351).jpg,Malignant case (351).jpg,cancer,9b2cf38eeb0e50cd316ffa4c266061c1
D:\skripsi\dataset_external\iqothnccd\The IQ-OTHNCCD lung cancer dataset\The IQ-OTHNCCD lung cancer dataset\Malignant cases\Malignant case (352).jpg,Malignant case (352).jpg,cancer,0a2e42dfd30600fe98ed87f4a7e86638
D:\skripsi\dataset_external\iqothnccd\The IQ-OTHNCCD lung cancer dataset\The IQ-OTHNCCD lung cancer dataset\Malignant cases\Malignant case (353).jpg,Malignant case (353).jpg,cancer,e2b467f06224cbbac8203c78976b6a0f
D:\skripsi\dataset_external\iqothnccd\The IQ-OTHNCCD lung cancer dataset\The IQ-OTHNCCD lung cancer dataset\Malignant cases\Malignant case (354).jpg,Malignant case (354).jpg,cancer,d955d3c1b1a6be3ee1632cfa035a60a8
D:\skripsi\dataset_external\iqothnccd\The IQ-OTHNCCD lung cancer dataset\The IQ-OTHNCCD lung cancer dataset\Malignant cases\Malignant case (355).jpg,Malignant case (355).jpg,cancer,29a0fcf639de7d6ff5ad1e7da8552ed6
D:\skripsi\dataset_external\iqothnccd\The IQ-OTHNCCD lung cancer dataset\The IQ-OTHNCCD lung cancer dataset\Malignant cases\Malignant case (356).jpg,Malignant case (356).jpg,cancer,2f54c17d203ef942a14204c207796f84
D:\skripsi\dataset_external\iqothnccd\The IQ-OTHNCCD lung cancer dataset\The IQ-OTHNCCD lung cancer dataset\Malignant cases\Malignant case (357).jpg,Malignant case (357).jpg,cancer,98be087f6d5749857c90ae11d7c635e8
D:\skripsi\dataset_external\iqothnccd\The IQ-OTHNCCD lung cancer dataset\The IQ-OTHNCCD lung cancer dataset\Malignant cases\Malignant case (358).jpg,Malignant case (358).jpg,cancer,f97185f11f0e96526168fb62195d21bc
D:\skripsi\dataset_external\iqothnccd\The IQ-OTHNCCD lung cancer dataset\The IQ-OTHNCCD lung cancer dataset\Malignant cases\Malignant case (359).jpg,Malignant case (359).jpg,cancer,8ccffd25bf68a4b2dbe007119dc678b3
D:\skripsi\dataset_external\iqothnccd\The IQ-OTHNCCD lung cancer dataset\The IQ-OTHNCCD lung cancer dataset\Malignant cases\Malignant case (36).jpg,Malignant case (36).jpg,cancer,3d14729c0b493e5f8356c08877c2c51b
D:\skripsi\dataset_external\iqothnccd\The IQ-OTHNCCD lung cancer dataset\The IQ-OTHNCCD lung cancer dataset\Malignant cases\Malignant case (360).jpg,Malignant case (360).jpg,cancer,ad8db225bf3278fc6a36fc569328dabe
D:\skripsi\dataset_external\iqothnccd\The IQ-OTHNCCD lung cancer dataset\The IQ-OTHNCCD lung cancer dataset\Malignant cases\Malignant case (361).jpg,Malignant case (361).jpg,cancer,00480db3de2082fe2324cb112bbafdb0
D:\skripsi\dataset_external\iqothnccd\The IQ-OTHNCCD lung cancer dataset\The IQ-OTHNCCD lung cancer dataset\Malignant cases\Malignant case (362).jpg,Malignant case (362).jpg,cancer,aa65e6b94df50a5518b45cac2fc30fad
D:\skripsi\dataset_external\iqothnccd\The IQ-OTHNCCD lung cancer dataset\The IQ-OTHNCCD lung cancer dataset\Malignant cases\Malignant case (363).jpg,Malignant case (363).jpg,cancer,e0f43d5ce23b14fa142b6b90cb28a8ad
D:\skripsi\dataset_external\iqothnccd\The IQ-OTHNCCD lung cancer dataset\The IQ-OTHNCCD lung cancer dataset\Malignant cases\Malignant case (364).jpg,Malignant case (364).jpg,cancer,2385b44b1a034961b99f0027b3b19e5d
D:\skripsi\dataset_external\iqothnccd\The IQ-OTHNCCD lung cancer dataset\The IQ-OTHNCCD lung cancer dataset\Malignant cases\Malignant case (365).jpg,Malignant case (365).jpg,cancer,00daf1a9a3499d73d54ce0c65284e58d
D:\skripsi\dataset_external\iqothnccd\The IQ-OTHNCCD lung cancer dataset\The IQ-OTHNCCD lung cancer dataset\Malignant cases\Malignant case (366).jpg,Malignant case (366).jpg,cancer,d02ce75b7f2074909b79a8ae078eec2c
D:\skripsi\dataset_external\iqothnccd\The IQ-OTHNCCD lung cancer dataset\The IQ-OTHNCCD lung cancer dataset\Malignant cases\Malignant case (367).jpg,Malignant case (367).jpg,cancer,3d3e6646b08605dcc6c96099a618b128
D:\skripsi\dataset_external\iqothnccd\The IQ-OTHNCCD lung cancer dataset\The IQ-OTHNCCD lung cancer dataset\Malignant cases\Malignant case (368).jpg,Malignant case (368).jpg,cancer,d666d0ca42a63e5e9f4c5c3390b90525
D:\skripsi\dataset_external\iqothnccd\The IQ-OTHNCCD lung cancer dataset\The IQ-OTHNCCD lung cancer dataset\Malignant cases\Malignant case (369).jpg,Malignant case (369).jpg,cancer,17a4e7687a23568ef056c8fc838f8aac
D:\skripsi\dataset_external\iqothnccd\The IQ-OTHNCCD lung cancer dataset\The IQ-OTHNCCD lung cancer dataset\Malignant cases\Malignant case (37).jpg,Malignant case (37).jpg,cancer,9dbff0cf081249536972087772ac6d22
D:\skripsi\dataset_external\iqothnccd\The IQ-OTHNCCD lung cancer dataset\The IQ-OTHNCCD lung cancer dataset\Malignant cases\Malignant case (370).jpg,Malignant case (370).jpg,cancer,136ff03bc652ae19f8c6daf08195655b
D:\skripsi\dataset_external\iqothnccd\The IQ-OTHNCCD lung cancer dataset\The IQ-OTHNCCD lung cancer dataset\Malignant cases\Malignant case (371).jpg,Malignant case (371).jpg,cancer,24c8829c958aafb8014ad2d279860795
D:\skripsi\dataset_external\iqothnccd\The IQ-OTHNCCD lung cancer dataset\The IQ-OTHNCCD lung cancer dataset\Malignant cases\Malignant case (372).jpg,Malignant case (372).jpg,cancer,cc1432be03494f8ebb8f54ab21dc5904
D:\skripsi\dataset_external\iqothnccd\The IQ-OTHNCCD lung cancer dataset\The IQ-OTHNCCD lung cancer dataset\Malignant cases\Malignant case (373).jpg,Malignant case (373).jpg,cancer,1602d3efa95cf98ca12619765568026a
D:\skripsi\dataset_external\iqothnccd\The IQ-OTHNCCD lung cancer dataset\The IQ-OTHNCCD lung cancer dataset\Malignant cases\Malignant case (374).jpg,Malignant case (374).jpg,cancer,f4600684434e471a96cf7f47049e9123
D:\skripsi\dataset_external\iqothnccd\The IQ-OTHNCCD lung cancer dataset\The IQ-OTHNCCD lung cancer dataset\Malignant cases\Malignant case (375).jpg,Malignant case (375).jpg,cancer,393d27e1495859d55e1620cac27771a6
D:\skripsi\dataset_external\iqothnccd\The IQ-OTHNCCD lung cancer dataset\The IQ-OTHNCCD lung cancer dataset\Malignant cases\Malignant case (376).jpg,Malignant case (376).jpg,cancer,49e6e1d02aa59d2a72730d9cbeee53d5
D:\skripsi\dataset_external\iqothnccd\The IQ-OTHNCCD lung cancer dataset\The IQ-OTHNCCD lung cancer dataset\Malignant cases\Malignant case (377).jpg,Malignant case (377).jpg,cancer,6ade4c2e7dbeb74fdbabaee062574ec8
D:\skripsi\dataset_external\iqothnccd\The IQ-OTHNCCD lung cancer dataset\The IQ-OTHNCCD lung cancer dataset\Malignant cases\Malignant case (378).jpg,Malignant case (378).jpg,cancer,850b5506a727980ea1c03df7b7c2ad31
D:\skripsi\dataset_external\iqothnccd\The IQ-OTHNCCD lung cancer dataset\The IQ-OTHNCCD lung cancer dataset\Malignant cases\Malignant case (379).jpg,Malignant case (379).jpg,cancer,d36060c36ccc344b2954c9b945d0ad89
D:\skripsi\dataset_external\iqothnccd\The IQ-OTHNCCD lung cancer dataset\The IQ-OTHNCCD lung cancer dataset\Malignant cases\Malignant case (38).jpg,Malignant case (38).jpg,cancer,377438d3fcbd49ac3f0b35f76dec4a23
D:\skripsi\dataset_external\iqothnccd\The IQ-OTHNCCD lung cancer dataset\The IQ-OTHNCCD lung cancer dataset\Malignant cases\Malignant case (380).jpg,Malignant case (380).jpg,cancer,53e7bb552c888b63f84eec16f95f2c89
D:\skripsi\dataset_external\iqothnccd\The IQ-OTHNCCD lung cancer dataset\The IQ-OTHNCCD lung cancer dataset\Malignant cases\Malignant case (381).jpg,Malignant case (381).jpg,cancer,c0a8aeeb9b5353cccdd76d73b99cb995
D:\skripsi\dataset_external\iqothnccd\The IQ-OTHNCCD lung cancer dataset\The IQ-OTHNCCD lung cancer dataset\Malignant cases\Malignant case (382).jpg,Malignant case (382).jpg,cancer,6d43ea1dc345581458be6a84c0db7c80
D:\skripsi\dataset_external\iqothnccd\The IQ-OTHNCCD lung cancer dataset\The IQ-OTHNCCD lung cancer dataset\Malignant cases\Malignant case (383).jpg,Malignant case (383).jpg,cancer,f993903e98f40411e733048c09493503
D:\skripsi\dataset_external\iqothnccd\The IQ-OTHNCCD lung cancer dataset\The IQ-OTHNCCD lung cancer dataset\Malignant cases\Malignant case (384).jpg,Malignant case (384).jpg,cancer,a6c4a262b88c1abbffdc2b190b46b6a3
D:\skripsi\dataset_external\iqothnccd\The IQ-OTHNCCD lung cancer dataset\The IQ-OTHNCCD lung cancer dataset\Malignant cases\Malignant case (385).jpg,Malignant case (385).jpg,cancer,a47c097d34535586af8424a3187fe35f
D:\skripsi\dataset_external\iqothnccd\The IQ-OTHNCCD lung cancer dataset\The IQ-OTHNCCD lung cancer dataset\Malignant cases\Malignant case (386).jpg,Malignant case (386).jpg,cancer,d4984531c8d8999df7aa640488a213c9
D:\skripsi\dataset_external\iqothnccd\The IQ-OTHNCCD lung cancer dataset\The IQ-OTHNCCD lung cancer dataset\Malignant cases\Malignant case (387).jpg,Malignant case (387).jpg,cancer,8abb8b90b1932463be76140d01ba4fb0
D:\skripsi\dataset_external\iqothnccd\The IQ-OTHNCCD lung cancer dataset\The IQ-OTHNCCD lung cancer dataset\Malignant cases\Malignant case (388).jpg,Malignant case (388).jpg,cancer,a7a344950953d2e0556778ff9c58dcfa
D:\skripsi\dataset_external\iqothnccd\The IQ-OTHNCCD lung cancer dataset\The IQ-OTHNCCD lung cancer dataset\Malignant cases\Malignant case (389).jpg,Malignant case (389).jpg,cancer,afc4f43b4939f2d0d66b88854bbea144
D:\skripsi\dataset_external\iqothnccd\The IQ-OTHNCCD lung cancer dataset\The IQ-OTHNCCD lung cancer dataset\Malignant cases\Malignant case (39).jpg,Malignant case (39).jpg,cancer,c1c4b4edb1244c4fea819effbdc39609
D:\skripsi\dataset_external\iqothnccd\The IQ-OTHNCCD lung cancer dataset\The IQ-OTHNCCD lung cancer dataset\Malignant cases\Malignant case (390).jpg,Malignant case (390).jpg,cancer,c608234a365578749322b5aa1dd4066f
D:\skripsi\dataset_external\iqothnccd\The IQ-OTHNCCD lung cancer dataset\The IQ-OTHNCCD lung cancer dataset\Malignant cases\Malignant case (391).jpg,Malignant case (391).jpg,cancer,6c5cb77d830f4d8e23ef4294e60a7d86
D:\skripsi\dataset_external\iqothnccd\The IQ-OTHNCCD lung cancer dataset\The IQ-OTHNCCD lung cancer dataset\Malignant cases\Malignant case (392).jpg,Malignant case (392).jpg,cancer,b903ad73bfb7265ade51d3ae8d2d9f8f
D:\skripsi\dataset_external\iqothnccd\The IQ-OTHNCCD lung cancer dataset\The IQ-OTHNCCD lung cancer dataset\Malignant cases\Malignant case (393).jpg,Malignant case (393).jpg,cancer,d401737940a4566655dc06b5e1c03518
D:\skripsi\dataset_external\iqothnccd\The IQ-OTHNCCD lung cancer dataset\The IQ-OTHNCCD lung cancer dataset\Malignant cases\Malignant case (394).jpg,Malignant case (394).jpg,cancer,3ccb5d6fe079f9c98d1f27ddc38571e5
D:\skripsi\dataset_external\iqothnccd\The IQ-OTHNCCD lung cancer dataset\The IQ-OTHNCCD lung cancer dataset\Malignant cases\Malignant case (395).jpg,Malignant case (395).jpg,cancer,990b83478d2666cd9f6aa8886af9363e
D:\skripsi\dataset_external\iqothnccd\The IQ-OTHNCCD lung cancer dataset\The IQ-OTHNCCD lung cancer dataset\Malignant cases\Malignant case (396).jpg,Malignant case (396).jpg,cancer,d9314ac765f0319feb0cd20e1291afc2
D:\skripsi\dataset_external\iqothnccd\The IQ-OTHNCCD lung cancer dataset\The IQ-OTHNCCD lung cancer dataset\Malignant cases\Malignant case (397).jpg,Malignant case (397).jpg,cancer,fefe95fe356a2422150f068841979ec3
D:\skripsi\dataset_external\iqothnccd\The IQ-OTHNCCD lung cancer dataset\The IQ-OTHNCCD lung cancer dataset\Malignant cases\Malignant case (398).jpg,Malignant case (398).jpg,cancer,2824f83c12f58ad9a71328824a53bcd9
D:\skripsi\dataset_external\iqothnccd\The IQ-OTHNCCD lung cancer dataset\The IQ-OTHNCCD lung cancer dataset\Malignant cases\Malignant case (399).jpg,Malignant case (399).jpg,cancer,59745c55b8f20966459f500ae328bd36
D:\skripsi\dataset_external\iqothnccd\The IQ-OTHNCCD lung cancer dataset\The IQ-OTHNCCD lung cancer dataset\Malignant cases\Malignant case (4).jpg,Malignant case (4).jpg,cancer,58236354d10b140b9e0ef804c0addf0d
D:\skripsi\dataset_external\iqothnccd\The IQ-OTHNCCD lung cancer dataset\The IQ-OTHNCCD lung cancer dataset\Malignant cases\Malignant case (40).jpg,Malignant case (40).jpg,cancer,cb8c89761325bb9995a52d715cf85778
D:\skripsi\dataset_external\iqothnccd\The IQ-OTHNCCD lung cancer dataset\The IQ-OTHNCCD lung cancer dataset\Malignant cases\Malignant case (400).jpg,Malignant case (400).jpg,cancer,cf1792e4ce79e9c15cf73602b3afa82d
D:\skripsi\dataset_external\iqothnccd\The IQ-OTHNCCD lung cancer dataset\The IQ-OTHNCCD lung cancer dataset\Malignant cases\Malignant case (401).jpg,Malignant case (401).jpg,cancer,2338cb7ae492dbc31e36d01c0663ee7a
D:\skripsi\dataset_external\iqothnccd\The IQ-OTHNCCD lung cancer dataset\The IQ-OTHNCCD lung cancer dataset\Malignant cases\Malignant case (402).jpg,Malignant case (402).jpg,cancer,749cd27979940512be6068a0c5055c68
D:\skripsi\dataset_external\iqothnccd\The IQ-OTHNCCD lung cancer dataset\The IQ-OTHNCCD lung cancer dataset\Malignant cases\Malignant case (403).jpg,Malignant case (403).jpg,cancer,e6672a00b2ada9e845f382f01b260838
D:\skripsi\dataset_external\iqothnccd\The IQ-OTHNCCD lung cancer dataset\The IQ-OTHNCCD lung cancer dataset\Malignant cases\Malignant case (404).jpg,Malignant case (404).jpg,cancer,2f12382cf62969a3aae0ae50cce47dad
D:\skripsi\dataset_external\iqothnccd\The IQ-OTHNCCD lung cancer dataset\The IQ-OTHNCCD lung cancer dataset\Malignant cases\Malignant case (405).jpg,Malignant case (405).jpg,cancer,c386bedccc1fed8c08edf8bd6b3bdb1b
D:\skripsi\dataset_external\iqothnccd\The IQ-OTHNCCD lung cancer dataset\The IQ-OTHNCCD lung cancer dataset\Malignant cases\Malignant case (406).jpg,Malignant case (406).jpg,cancer,1b0a8927798d56e82573a5d8f9962b05
D:\skripsi\dataset_external\iqothnccd\The IQ-OTHNCCD lung cancer dataset\The IQ-OTHNCCD lung cancer dataset\Malignant cases\Malignant case (407).jpg,Malignant case (407).jpg,cancer,f78316381aedc241afab5f162721447e
D:\skripsi\dataset_external\iqothnccd\The IQ-OTHNCCD lung cancer dataset\The IQ-OTHNCCD lung cancer dataset\Malignant cases\Malignant case (408).jpg,Malignant case (408).jpg,cancer,ab9870e28179260e6286a11eed06b942
D:\skripsi\dataset_external\iqothnccd\The IQ-OTHNCCD lung cancer dataset\The IQ-OTHNCCD lung cancer dataset\Malignant cases\Malignant case (409).jpg,Malignant case (409).jpg,cancer,ba3e18975a274dd9f3962fa98825da69
D:\skripsi\dataset_external\iqothnccd\The IQ-OTHNCCD lung cancer dataset\The IQ-OTHNCCD lung cancer dataset\Malignant cases\Malignant case (41).jpg,Malignant case (41).jpg,cancer,31aae63ee37bbeb37a95baafc18714b4
D:\skripsi\dataset_external\iqothnccd\The IQ-OTHNCCD lung cancer dataset\The IQ-OTHNCCD lung cancer dataset\Malignant cases\Malignant case (410).jpg,Malignant case (410).jpg,cancer,bbbf66ed7e04793be81a404b8a1245a2
D:\skripsi\dataset_external\iqothnccd\The IQ-OTHNCCD lung cancer dataset\The IQ-OTHNCCD lung cancer dataset\Malignant cases\Malignant case (411).jpg,Malignant case (411).jpg,cancer,3104ba894237ee498d2e9c6a7f4c8289
D:\skripsi\dataset_external\iqothnccd\The IQ-OTHNCCD lung cancer dataset\The IQ-OTHNCCD lung cancer dataset\Malignant cases\Malignant case (412).jpg,Malignant case (412).jpg,cancer,90eac10f660263c86c1fb7c4784af4c7
D:\skripsi\dataset_external\iqothnccd\The IQ-OTHNCCD lung cancer dataset\The IQ-OTHNCCD lung cancer dataset\Malignant cases\Malignant case (413).jpg,Malignant case (413).jpg,cancer,670f81d31291dd19547cb3575167d06d
D:\skripsi\dataset_external\iqothnccd\The IQ-OTHNCCD lung cancer dataset\The IQ-OTHNCCD lung cancer dataset\Malignant cases\Malignant case (414).jpg,Malignant case (414).jpg,cancer,a5a2b2171100b2311d56265f5c30f505
D:\skripsi\dataset_external\iqothnccd\The IQ-OTHNCCD lung cancer dataset\The IQ-OTHNCCD lung cancer dataset\Malignant cases\Malignant case (415).jpg,Malignant case (415).jpg,cancer,e91fba55868c7c27ae5da23256974402
D:\skripsi\dataset_external\iqothnccd\The IQ-OTHNCCD lung cancer dataset\The IQ-OTHNCCD lung cancer dataset\Malignant cases\Malignant case (416).jpg,Malignant case (416).jpg,cancer,4d202624b289cc0921452a40bf7159e5
D:\skripsi\dataset_external\iqothnccd\The IQ-OTHNCCD lung cancer dataset\The IQ-OTHNCCD lung cancer dataset\Malignant cases\Malignant case (417).jpg,Malignant case (417).jpg,cancer,1e75de304f40c4c3d3bc98a36d3436e9
D:\skripsi\dataset_external\iqothnccd\The IQ-OTHNCCD lung cancer dataset\The IQ-OTHNCCD lung cancer dataset\Malignant cases\Malignant case (418).jpg,Malignant case (418).jpg,cancer,0ccc6bc7a57e0ef2da4ed7c2a30efa4a
D:\skripsi\dataset_external\iqothnccd\The IQ-OTHNCCD lung cancer dataset\The IQ-OTHNCCD lung cancer dataset\Malignant cases\Malignant case (419).jpg,Malignant case (419).jpg,cancer,ee3f06ff068ff0b770af7e1e3ee09cd7
D:\skripsi\dataset_external\iqothnccd\The IQ-OTHNCCD lung cancer dataset\The IQ-OTHNCCD lung cancer dataset\Malignant cases\Malignant case (42).jpg,Malignant case (42).jpg,cancer,dc59164267b824d80a60a1f0364ad29a
D:\skripsi\dataset_external\iqothnccd\The IQ-OTHNCCD lung cancer dataset\The IQ-OTHNCCD lung cancer dataset\Malignant cases\Malignant case (420).jpg,Malignant case (420).jpg,cancer,ec43c1dbf1c87ffd00ed12fa03650279
D:\skripsi\dataset_external\iqothnccd\The IQ-OTHNCCD lung cancer dataset\The IQ-OTHNCCD lung cancer dataset\Malignant cases\Malignant case (421).jpg,Malignant case (421).jpg,cancer,4074d1f5e654d48e7579bf74ea6cdc9d
D:\skripsi\dataset_external\iqothnccd\The IQ-OTHNCCD lung cancer dataset\The IQ-OTHNCCD lung cancer dataset\Malignant cases\Malignant case (422).jpg,Malignant case (422).jpg,cancer,ce1ddc7374db9cc5c678766a692dd0ce
D:\skripsi\dataset_external\iqothnccd\The IQ-OTHNCCD lung cancer dataset\The IQ-OTHNCCD lung cancer dataset\Malignant cases\Malignant case (423).jpg,Malignant case (423).jpg,cancer,9a1df96d0b45a75d6599739cbb609282
D:\skripsi\dataset_external\iqothnccd\The IQ-OTHNCCD lung cancer dataset\The IQ-OTHNCCD lung cancer dataset\Malignant cases\Malignant case (424).jpg,Malignant case (424).jpg,cancer,7fe7e678924c85c747461ec4c45d9614
D:\skripsi\dataset_external\iqothnccd\The IQ-OTHNCCD lung cancer dataset\The IQ-OTHNCCD lung cancer dataset\Malignant cases\Malignant case (425).jpg,Malignant case (425).jpg,cancer,82c412b19526652eb6656c86be0cb762
D:\skripsi\dataset_external\iqothnccd\The IQ-OTHNCCD lung cancer dataset\The IQ-OTHNCCD lung cancer dataset\Malignant cases\Malignant case (426).jpg,Malignant case (426).jpg,cancer,fb12ad4b1a7eb5f44cd0d86686f436f8
D:\skripsi\dataset_external\iqothnccd\The IQ-OTHNCCD lung cancer dataset\The IQ-OTHNCCD lung cancer dataset\Malignant cases\Malignant case (427).jpg,Malignant case (427).jpg,cancer,f06ef3613473a22b495d6bbefa999bab
D:\skripsi\dataset_external\iqothnccd\The IQ-OTHNCCD lung cancer dataset\The IQ-OTHNCCD lung cancer dataset\Malignant cases\Malignant case (428).jpg,Malignant case (428).jpg,cancer,974e296a8376e0b8bf8db1bfb66f20ae
D:\skripsi\dataset_external\iqothnccd\The IQ-OTHNCCD lung cancer dataset\The IQ-OTHNCCD lung cancer dataset\Malignant cases\Malignant case (429).jpg,Malignant case (429).jpg,cancer,73f383ebc3789e7be01886921ab7280f
D:\skripsi\dataset_external\iqothnccd\The IQ-OTHNCCD lung cancer dataset\The IQ-OTHNCCD lung cancer dataset\Malignant cases\Malignant case (43).jpg,Malignant case (43).jpg,cancer,e0b596424d1d6b6b8f6770709dd6707a
D:\skripsi\dataset_external\iqothnccd\The IQ-OTHNCCD lung cancer dataset\The IQ-OTHNCCD lung cancer dataset\Malignant cases\Malignant case (430).jpg,Malignant case (430).jpg,cancer,cf4cb6c45baa8a2e2a279b4edb18afe0
D:\skripsi\dataset_external\iqothnccd\The IQ-OTHNCCD lung cancer dataset\The IQ-OTHNCCD lung cancer dataset\Malignant cases\Malignant case (431).jpg,Malignant case (431).jpg,cancer,7bb9b24f3446983808cde2aca7e9874c
D:\skripsi\dataset_external\iqothnccd\The IQ-OTHNCCD lung cancer dataset\The IQ-OTHNCCD lung cancer dataset\Malignant cases\Malignant case (432).jpg,Malignant case (432).jpg,cancer,9d2d9f526c9fc7d9ec0c1e7087ccbac8
D:\skripsi\dataset_external\iqothnccd\The IQ-OTHNCCD lung cancer dataset\The IQ-OTHNCCD lung cancer dataset\Malignant cases\Malignant case (433).jpg,Malignant case (433).jpg,cancer,e02f14fb29f1ad3b1bf6cd553c23dbbe
D:\skripsi\dataset_external\iqothnccd\The IQ-OTHNCCD lung cancer dataset\The IQ-OTHNCCD lung cancer dataset\Malignant cases\Malignant case (434).jpg,Malignant case (434).jpg,cancer,99f190e1bd532bc724eab5bf2765ad5d
D:\skripsi\dataset_external\iqothnccd\The IQ-OTHNCCD lung cancer dataset\The IQ-OTHNCCD lung cancer dataset\Malignant cases\Malignant case (435).jpg,Malignant case (435).jpg,cancer,34f14870fd7a209ad9239abd2f357745
D:\skripsi\dataset_external\iqothnccd\The IQ-OTHNCCD lung cancer dataset\The IQ-OTHNCCD lung cancer dataset\Malignant cases\Malignant case (436).jpg,Malignant case (436).jpg,cancer,056fde5135e43b8360aa80b107077239
D:\skripsi\dataset_external\iqothnccd\The IQ-OTHNCCD lung cancer dataset\The IQ-OTHNCCD lung cancer dataset\Malignant cases\Malignant case (437).jpg,Malignant case (437).jpg,cancer,844abde85d38380cad026643df7fe31e
D:\skripsi\dataset_external\iqothnccd\The IQ-OTHNCCD lung cancer dataset\The IQ-OTHNCCD lung cancer dataset\Malignant cases\Malignant case (438).jpg,Malignant case (438).jpg,cancer,995bdbb3a4d960b3600311eb9b68bb37
D:\skripsi\dataset_external\iqothnccd\The IQ-OTHNCCD lung cancer dataset\The IQ-OTHNCCD lung cancer dataset\Malignant cases\Malignant case (439).jpg,Malignant case (439).jpg,cancer,67bdc390383cd7916257e9e18e1106d7
D:\skripsi\dataset_external\iqothnccd\The IQ-OTHNCCD lung cancer dataset\The IQ-OTHNCCD lung cancer dataset\Malignant cases\Malignant case (44).jpg,Malignant case (44).jpg,cancer,e57218442b821337d9f09323fca484cc
D:\skripsi\dataset_external\iqothnccd\The IQ-OTHNCCD lung cancer dataset\The IQ-OTHNCCD lung cancer dataset\Malignant cases\Malignant case (440).jpg,Malignant case (440).jpg,cancer,9e607abe52948d20172ff6ce4f4187ec
D:\skripsi\dataset_external\iqothnccd\The IQ-OTHNCCD lung cancer dataset\The IQ-OTHNCCD lung cancer dataset\Malignant cases\Malignant case (441).jpg,Malignant case (441).jpg,cancer,0aa40e930f5f5c1175228a574998f6c9
D:\skripsi\dataset_external\iqothnccd\The IQ-OTHNCCD lung cancer dataset\The IQ-OTHNCCD lung cancer dataset\Malignant cases\Malignant case (442).jpg,Malignant case (442).jpg,cancer,33b7ebc75d72bafda9b5b963b5483fbf
D:\skripsi\dataset_external\iqothnccd\The IQ-OTHNCCD lung cancer dataset\The IQ-OTHNCCD lung cancer dataset\Malignant cases\Malignant case (443).jpg,Malignant case (443).jpg,cancer,289c224d6a12f352f8c92cadd61cbdff
D:\skripsi\dataset_external\iqothnccd\The IQ-OTHNCCD lung cancer dataset\The IQ-OTHNCCD lung cancer dataset\Malignant cases\Malignant case (444).jpg,Malignant case (444).jpg,cancer,7f8d70820f7fd402369b9161080e6bff
D:\skripsi\dataset_external\iqothnccd\The IQ-OTHNCCD lung cancer dataset\The IQ-OTHNCCD lung cancer dataset\Malignant cases\Malignant case (445).jpg,Malignant case (445).jpg,cancer,ce42982b5eb8c56bcef18b4f54b71d72
D:\skripsi\dataset_external\iqothnccd\The IQ-OTHNCCD lung cancer dataset\The IQ-OTHNCCD lung cancer dataset\Malignant cases\Malignant case (446).jpg,Malignant case (446).jpg,cancer,6aeb53e99b90f950aa6dc34a4be7ee79
D:\skripsi\dataset_external\iqothnccd\The IQ-OTHNCCD lung cancer dataset\The IQ-OTHNCCD lung cancer dataset\Malignant cases\Malignant case (447).jpg,Malignant case (447).jpg,cancer,306f80f24867974bd1ed95cbe96236ab
D:\skripsi\dataset_external\iqothnccd\The IQ-OTHNCCD lung cancer dataset\The IQ-OTHNCCD lung cancer dataset\Malignant cases\Malignant case (448).jpg,Malignant case (448).jpg,cancer,fa51e1a86ebbf0ac7e606e79e8ea7712
D:\skripsi\dataset_external\iqothnccd\The IQ-OTHNCCD lung cancer dataset\The IQ-OTHNCCD lung cancer dataset\Malignant cases\Malignant case (449).jpg,Malignant case (449).jpg,cancer,efe8beb62af00352ec98ac27710472c1
D:\skripsi\dataset_external\iqothnccd\The IQ-OTHNCCD lung cancer dataset\The IQ-OTHNCCD lung cancer dataset\Malignant cases\Malignant case (45).jpg,Malignant case (45).jpg,cancer,ea3bc109ee9b87461de2e08571170280
D:\skripsi\dataset_external\iqothnccd\The IQ-OTHNCCD lung cancer dataset\The IQ-OTHNCCD lung cancer dataset\Malignant cases\Malignant case (450).jpg,Malignant case (450).jpg,cancer,f6f7f7da4c56172a8fd991b7fa5bba64
D:\skripsi\dataset_external\iqothnccd\The IQ-OTHNCCD lung cancer dataset\The IQ-OTHNCCD lung cancer dataset\Malignant cases\Malignant case (451).jpg,Malignant case (451).jpg,cancer,6c77b8cbd2d249c51db3dcba8143a34a
D:\skripsi\dataset_external\iqothnccd\The IQ-OTHNCCD lung cancer dataset\The IQ-OTHNCCD lung cancer dataset\Malignant cases\Malignant case (452).jpg,Malignant case (452).jpg,cancer,ad6c1a4db1792bb4d51eab76c50a5290
D:\skripsi\dataset_external\iqothnccd\The IQ-OTHNCCD lung cancer dataset\The IQ-OTHNCCD lung cancer dataset\Malignant cases\Malignant case (453).jpg,Malignant case (453).jpg,cancer,aeb826bc72a00b574ab0fbad5bd49b5e
D:\skripsi\dataset_external\iqothnccd\The IQ-OTHNCCD lung cancer dataset\The IQ-OTHNCCD lung cancer dataset\Malignant cases\Malignant case (454).jpg,Malignant case (454).jpg,cancer,0bccdeeeb10fd7dcd10d646836837fa4
D:\skripsi\dataset_external\iqothnccd\The IQ-OTHNCCD lung cancer dataset\The IQ-OTHNCCD lung cancer dataset\Malignant cases\Malignant case (455).jpg,Malignant case (455).jpg,cancer,c05eeb85e8af37eb47efb5773a6dcce1
D:\skripsi\dataset_external\iqothnccd\The IQ-OTHNCCD lung cancer dataset\The IQ-OTHNCCD lung cancer dataset\Malignant cases\Malignant case (456).jpg,Malignant case (456).jpg,cancer,b1a0e9ec9de7fd4b95d37e2350c9b623
D:\skripsi\dataset_external\iqothnccd\The IQ-OTHNCCD lung cancer dataset\The IQ-OTHNCCD lung cancer dataset\Malignant cases\Malignant case (457).jpg,Malignant case (457).jpg,cancer,a0ac58546f3284d29325da21b1b7278f
D:\skripsi\dataset_external\iqothnccd\The IQ-OTHNCCD lung cancer dataset\The IQ-OTHNCCD lung cancer dataset\Malignant cases\Malignant case (458).jpg,Malignant case (458).jpg,cancer,5f098e18676358aef625d0cff5c3cdb2
D:\skripsi\dataset_external\iqothnccd\The IQ-OTHNCCD lung cancer dataset\The IQ-OTHNCCD lung cancer dataset\Malignant cases\Malignant case (459).jpg,Malignant case (459).jpg,cancer,7cbf9ddd103b18f7b91fa88824ed221c
D:\skripsi\dataset_external\iqothnccd\The IQ-OTHNCCD lung cancer dataset\The IQ-OTHNCCD lung cancer dataset\Malignant cases\Malignant case (46).jpg,Malignant case (46).jpg,cancer,473996ff6836e07bd85ad729a1345e1d
D:\skripsi\dataset_external\iqothnccd\The IQ-OTHNCCD lung cancer dataset\The IQ-OTHNCCD lung cancer dataset\Malignant cases\Malignant case (460).jpg,Malignant case (460).jpg,cancer,9bcdec039446e378ed36c8a21647da12
D:\skripsi\dataset_external\iqothnccd\The IQ-OTHNCCD lung cancer dataset\The IQ-OTHNCCD lung cancer dataset\Malignant cases\Malignant case (461).jpg,Malignant case (461).jpg,cancer,f0fcaf60c6e2a380069684cedc23f91d
D:\skripsi\dataset_external\iqothnccd\The IQ-OTHNCCD lung cancer dataset\The IQ-OTHNCCD lung cancer dataset\Malignant cases\Malignant case (462).jpg,Malignant case (462).jpg,cancer,8028327cbc6946003f48c60759d8c201
D:\skripsi\dataset_external\iqothnccd\The IQ-OTHNCCD lung cancer dataset\The IQ-OTHNCCD lung cancer dataset\Malignant cases\Malignant case (463).jpg,Malignant case (463).jpg,cancer,de3a4c2fc5b416cfe7fef9a1b825cf26
D:\skripsi\dataset_external\iqothnccd\The IQ-OTHNCCD lung cancer dataset\The IQ-OTHNCCD lung cancer dataset\Malignant cases\Malignant case (464).jpg,Malignant case (464).jpg,cancer,4e4de437484354e8687b79821f098a18
D:\skripsi\dataset_external\iqothnccd\The IQ-OTHNCCD lung cancer dataset\The IQ-OTHNCCD lung cancer dataset\Malignant cases\Malignant case (465).jpg,Malignant case (465).jpg,cancer,8274893fe09c459b4d9c7b835005dbe9
D:\skripsi\dataset_external\iqothnccd\The IQ-OTHNCCD lung cancer dataset\The IQ-OTHNCCD lung cancer dataset\Malignant cases\Malignant case (466).jpg,Malignant case (466).jpg,cancer,26e2d476b736327d43d39e4dc0bdc6c5
D:\skripsi\dataset_external\iqothnccd\The IQ-OTHNCCD lung cancer dataset\The IQ-OTHNCCD lung cancer dataset\Malignant cases\Malignant case (467).jpg,Malignant case (467).jpg,cancer,1a726abd1f32548e146239546332f4d6
D:\skripsi\dataset_external\iqothnccd\The IQ-OTHNCCD lung cancer dataset\The IQ-OTHNCCD lung cancer dataset\Malignant cases\Malignant case (468).jpg,Malignant case (468).jpg,cancer,4a7014eb7355885d37a62dc8979d9d13
D:\skripsi\dataset_external\iqothnccd\The IQ-OTHNCCD lung cancer dataset\The IQ-OTHNCCD lung cancer dataset\Malignant cases\Malignant case (469).jpg,Malignant case (469).jpg,cancer,66330a60fd919f513a830fe8eaf66e3d
D:\skripsi\dataset_external\iqothnccd\The IQ-OTHNCCD lung cancer dataset\The IQ-OTHNCCD lung cancer dataset\Malignant cases\Malignant case (47).jpg,Malignant case (47).jpg,cancer,8bf5ee5f22475df6fa6414c4e143f3d5
D:\skripsi\dataset_external\iqothnccd\The IQ-OTHNCCD lung cancer dataset\The IQ-OTHNCCD lung cancer dataset\Malignant cases\Malignant case (470).jpg,Malignant case (470).jpg,cancer,a5fad53c8b4fd33b6b697f2bbaf1962d
D:\skripsi\dataset_external\iqothnccd\The IQ-OTHNCCD lung cancer dataset\The IQ-OTHNCCD lung cancer dataset\Malignant cases\Malignant case (471).jpg,Malignant case (471).jpg,cancer,5fdcc54523fe2cc0d4b6221c75a994e9
D:\skripsi\dataset_external\iqothnccd\The IQ-OTHNCCD lung cancer dataset\The IQ-OTHNCCD lung cancer dataset\Malignant cases\Malignant case (472).jpg,Malignant case (472).jpg,cancer,d0c0818b02761510b5780140acd52a6a
D:\skripsi\dataset_external\iqothnccd\The IQ-OTHNCCD lung cancer dataset\The IQ-OTHNCCD lung cancer dataset\Malignant cases\Malignant case (473).jpg,Malignant case (473).jpg,cancer,3e32a6c16437422c840b3d14ef8afda7
D:\skripsi\dataset_external\iqothnccd\The IQ-OTHNCCD lung cancer dataset\The IQ-OTHNCCD lung cancer dataset\Malignant cases\Malignant case (474).jpg,Malignant case (474).jpg,cancer,11bce947459c6ef8d5d88d27dd2cea7a
D:\skripsi\dataset_external\iqothnccd\The IQ-OTHNCCD lung cancer dataset\The IQ-OTHNCCD lung cancer dataset\Malignant cases\Malignant case (475).jpg,Malignant case (475).jpg,cancer,c10a0b2bdbf1e17fa256002351c8b62a
D:\skripsi\dataset_external\iqothnccd\The IQ-OTHNCCD lung cancer dataset\The IQ-OTHNCCD lung cancer dataset\Malignant cases\Malignant case (476).jpg,Malignant case (476).jpg,cancer,b5a00976521da7cdb1390442598bc44d
D:\skripsi\dataset_external\iqothnccd\The IQ-OTHNCCD lung cancer dataset\The IQ-OTHNCCD lung cancer dataset\Malignant cases\Malignant case (477).jpg,Malignant case (477).jpg,cancer,78fdc7b8ec6c86d74b66c475f616522a
D:\skripsi\dataset_external\iqothnccd\The IQ-OTHNCCD lung cancer dataset\The IQ-OTHNCCD lung cancer dataset\Malignant cases\Malignant case (478).jpg,Malignant case (478).jpg,cancer,3c5ee573f578b40fb31f118b524a46b9
D:\skripsi\dataset_external\iqothnccd\The IQ-OTHNCCD lung cancer dataset\The IQ-OTHNCCD lung cancer dataset\Malignant cases\Malignant case (479).jpg,Malignant case (479).jpg,cancer,5459970ffdd8f8d195157bfb45c5fd7b
D:\skripsi\dataset_external\iqothnccd\The IQ-OTHNCCD lung cancer dataset\The IQ-OTHNCCD lung cancer dataset\Malignant cases\Malignant case (48).jpg,Malignant case (48).jpg,cancer,a18e28712270528fdcbeb9a89879e3c5
D:\skripsi\dataset_external\iqothnccd\The IQ-OTHNCCD lung cancer dataset\The IQ-OTHNCCD lung cancer dataset\Malignant cases\Malignant case (480).jpg,Malignant case (480).jpg,cancer,90c7567df7928b83bf10b15b4d0f132a
D:\skripsi\dataset_external\iqothnccd\The IQ-OTHNCCD lung cancer dataset\The IQ-OTHNCCD lung cancer dataset\Malignant cases\Malignant case (481).jpg,Malignant case (481).jpg,cancer,e0f976ddb5b8f95c90d38e0e61471a82
D:\skripsi\dataset_external\iqothnccd\The IQ-OTHNCCD lung cancer dataset\The IQ-OTHNCCD lung cancer dataset\Malignant cases\Malignant case (482).jpg,Malignant case (482).jpg,cancer,2f221d209554d7683da465a78e32e506
D:\skripsi\dataset_external\iqothnccd\The IQ-OTHNCCD lung cancer dataset\The IQ-OTHNCCD lung cancer dataset\Malignant cases\Malignant case (483).jpg,Malignant case (483).jpg,cancer,10cb11bcda6f7ce5ce386e6bc885eb02
D:\skripsi\dataset_external\iqothnccd\The IQ-OTHNCCD lung cancer dataset\The IQ-OTHNCCD lung cancer dataset\Malignant cases\Malignant case (484).jpg,Malignant case (484).jpg,cancer,48f631df157fe9c7ccdbe0883f0318e2
D:\skripsi\dataset_external\iqothnccd\The IQ-OTHNCCD lung cancer dataset\The IQ-OTHNCCD lung cancer dataset\Malignant cases\Malignant case (485).jpg,Malignant case (485).jpg,cancer,57f819e8c2589a16f3e926ec9e3e2b9c
D:\skripsi\dataset_external\iqothnccd\The IQ-OTHNCCD lung cancer dataset\The IQ-OTHNCCD lung cancer dataset\Malignant cases\Malignant case (486).jpg,Malignant case (486).jpg,cancer,f2220dafc1ea4ab9cf13b0bc669b2d40
D:\skripsi\dataset_external\iqothnccd\The IQ-OTHNCCD lung cancer dataset\The IQ-OTHNCCD lung cancer dataset\Malignant cases\Malignant case (487).jpg,Malignant case (487).jpg,cancer,b19290f912fdbc6c2e182fd9143e62c4
D:\skripsi\dataset_external\iqothnccd\The IQ-OTHNCCD lung cancer dataset\The IQ-OTHNCCD lung cancer dataset\Malignant cases\Malignant case (488).jpg,Malignant case (488).jpg,cancer,530b9455ab9eb977c1ca497adff4fed1
D:\skripsi\dataset_external\iqothnccd\The IQ-OTHNCCD lung cancer dataset\The IQ-OTHNCCD lung cancer dataset\Malignant cases\Malignant case (489).jpg,Malignant case (489).jpg,cancer,6b96154ab56da6e68de50676948d60d3
D:\skripsi\dataset_external\iqothnccd\The IQ-OTHNCCD lung cancer dataset\The IQ-OTHNCCD lung cancer dataset\Malignant cases\Malignant case (49).jpg,Malignant case (49).jpg,cancer,558efda547244fbd6555dc8f5956a810
D:\skripsi\dataset_external\iqothnccd\The IQ-OTHNCCD lung cancer dataset\The IQ-OTHNCCD lung cancer dataset\Malignant cases\Malignant case (490).jpg,Malignant case (490).jpg,cancer,edc5dcdeefc72f162cfab0b28b03b088
D:\skripsi\dataset_external\iqothnccd\The IQ-OTHNCCD lung cancer dataset\The IQ-OTHNCCD lung cancer dataset\Malignant cases\Malignant case (491).jpg,Malignant case (491).jpg,cancer,d784bd13bdf76949f8a5f88167b012ed
D:\skripsi\dataset_external\iqothnccd\The IQ-OTHNCCD lung cancer dataset\The IQ-OTHNCCD lung cancer dataset\Malignant cases\Malignant case (492).jpg,Malignant case (492).jpg,cancer,47d06706a27b9bd2fe6156026d33213b
D:\skripsi\dataset_external\iqothnccd\The IQ-OTHNCCD lung cancer dataset\The IQ-OTHNCCD lung cancer dataset\Malignant cases\Malignant case (493).jpg,Malignant case (493).jpg,cancer,8666d6c198a6f48be45c5115db3bdd27
D:\skripsi\dataset_external\iqothnccd\The IQ-OTHNCCD lung cancer dataset\The IQ-OTHNCCD lung cancer dataset\Malignant cases\Malignant case (494).jpg,Malignant case (494).jpg,cancer,0056feba410a1a8e29f14cabe753307f
D:\skripsi\dataset_external\iqothnccd\The IQ-OTHNCCD lung cancer dataset\The IQ-OTHNCCD lung cancer dataset\Malignant cases\Malignant case (495).jpg,Malignant case (495).jpg,cancer,450e624568b0cd24298b7a884b2402a0
D:\skripsi\dataset_external\iqothnccd\The IQ-OTHNCCD lung cancer dataset\The IQ-OTHNCCD lung cancer dataset\Malignant cases\Malignant case (496).jpg,Malignant case (496).jpg,cancer,7f880af8edf66a8337862d3d6e90ad4d
D:\skripsi\dataset_external\iqothnccd\The IQ-OTHNCCD lung cancer dataset\The IQ-OTHNCCD lung cancer dataset\Malignant cases\Malignant case (497).jpg,Malignant case (497).jpg,cancer,43541ea65a6cabbebe0b11421c1be2f1
D:\skripsi\dataset_external\iqothnccd\The IQ-OTHNCCD lung cancer dataset\The IQ-OTHNCCD lung cancer dataset\Malignant cases\Malignant case (498).jpg,Malignant case (498).jpg,cancer,526b2a7d12897316f45911f8b6fbd20f
D:\skripsi\dataset_external\iqothnccd\The IQ-OTHNCCD lung cancer dataset\The IQ-OTHNCCD lung cancer dataset\Malignant cases\Malignant case (499).jpg,Malignant case (499).jpg,cancer,720497c9fbf8a94e3e7bc02815972b18
D:\skripsi\dataset_external\iqothnccd\The IQ-OTHNCCD lung cancer dataset\The IQ-OTHNCCD lung cancer dataset\Malignant cases\Malignant case (5).jpg,Malignant case (5).jpg,cancer,8f3b5495740d0e1e3a7171a60d781bbc
D:\skripsi\dataset_external\iqothnccd\The IQ-OTHNCCD lung cancer dataset\The IQ-OTHNCCD lung cancer dataset\Malignant cases\Malignant case (50).jpg,Malignant case (50).jpg,cancer,fee50d5d733158053162c6561f8a9ea3
D:\skripsi\dataset_external\iqothnccd\The IQ-OTHNCCD lung cancer dataset\The IQ-OTHNCCD lung cancer dataset\Malignant cases\Malignant case (500).jpg,Malignant case (500).jpg,cancer,df423a919f2984716f0773e821312a1e
D:\skripsi\dataset_external\iqothnccd\The IQ-OTHNCCD lung cancer dataset\The IQ-OTHNCCD lung cancer dataset\Malignant cases\Malignant case (501).jpg,Malignant case (501).jpg,cancer,1d8fc1e40a7f43db8ee27d2443b23ac1
D:\skripsi\dataset_external\iqothnccd\The IQ-OTHNCCD lung cancer dataset\The IQ-OTHNCCD lung cancer dataset\Malignant cases\Malignant case (502).jpg,Malignant case (502).jpg,cancer,2c85890365aa7794d958b3da39cb8a93
D:\skripsi\dataset_external\iqothnccd\The IQ-OTHNCCD lung cancer dataset\The IQ-OTHNCCD lung cancer dataset\Malignant cases\Malignant case (503).jpg,Malignant case (503).jpg,cancer,ff987e763f5eec57accae2f85176282f
D:\skripsi\dataset_external\iqothnccd\The IQ-OTHNCCD lung cancer dataset\The IQ-OTHNCCD lung cancer dataset\Malignant cases\Malignant case (504).jpg,Malignant case (504).jpg,cancer,1faf384bec6ab2338d4375be726a1178
D:\skripsi\dataset_external\iqothnccd\The IQ-OTHNCCD lung cancer dataset\The IQ-OTHNCCD lung cancer dataset\Malignant cases\Malignant case (505).jpg,Malignant case (505).jpg,cancer,be4766b362ee61da7b1a4737fd02893a
D:\skripsi\dataset_external\iqothnccd\The IQ-OTHNCCD lung cancer dataset\The IQ-OTHNCCD lung cancer dataset\Malignant cases\Malignant case (506).jpg,Malignant case (506).jpg,cancer,de1a510478efd223fd043138d89965c4
D:\skripsi\dataset_external\iqothnccd\The IQ-OTHNCCD lung cancer dataset\The IQ-OTHNCCD lung cancer dataset\Malignant cases\Malignant case (507).jpg,Malignant case (507).jpg,cancer,5ba20205489570a3fefe990a436a82be
D:\skripsi\dataset_external\iqothnccd\The IQ-OTHNCCD lung cancer dataset\The IQ-OTHNCCD lung cancer dataset\Malignant cases\Malignant case (508).jpg,Malignant case (508).jpg,cancer,e3e862bb74ce6e57e75886ad17b64dfc
D:\skripsi\dataset_external\iqothnccd\The IQ-OTHNCCD lung cancer dataset\The IQ-OTHNCCD lung cancer dataset\Malignant cases\Malignant case (509).jpg,Malignant case (509).jpg,cancer,050353595f66a5346912f9ebc19923dc
D:\skripsi\dataset_external\iqothnccd\The IQ-OTHNCCD lung cancer dataset\The IQ-OTHNCCD lung cancer dataset\Malignant cases\Malignant case (51).jpg,Malignant case (51).jpg,cancer,bd4d0f9d841b10a082be691da9c9b3a5
D:\skripsi\dataset_external\iqothnccd\The IQ-OTHNCCD lung cancer dataset\The IQ-OTHNCCD lung cancer dataset\Malignant cases\Malignant case (510).jpg,Malignant case (510).jpg,cancer,a917aa6e3ca6a66ec7bd1fde10ec6920
D:\skripsi\dataset_external\iqothnccd\The IQ-OTHNCCD lung cancer dataset\The IQ-OTHNCCD lung cancer dataset\Malignant cases\Malignant case (511).jpg,Malignant case (511).jpg,cancer,c8fb0dbbe317a54f93cc65f20de9143d
D:\skripsi\dataset_external\iqothnccd\The IQ-OTHNCCD lung cancer dataset\The IQ-OTHNCCD lung cancer dataset\Malignant cases\Malignant case (512).jpg,Malignant case (512).jpg,cancer,0d7061e26ecc7978dfc2c2c703a15d01
D:\skripsi\dataset_external\iqothnccd\The IQ-OTHNCCD lung cancer dataset\The IQ-OTHNCCD lung cancer dataset\Malignant cases\Malignant case (513).jpg,Malignant case (513).jpg,cancer,c300d10b08304f05d83502e776e6926b
D:\skripsi\dataset_external\iqothnccd\The IQ-OTHNCCD lung cancer dataset\The IQ-OTHNCCD lung cancer dataset\Malignant cases\Malignant case (514).jpg,Malignant case (514).jpg,cancer,980152e28d3cc549f2b1e0a4f07a93d0
D:\skripsi\dataset_external\iqothnccd\The IQ-OTHNCCD lung cancer dataset\The IQ-OTHNCCD lung cancer dataset\Malignant cases\Malignant case (515).jpg,Malignant case (515).jpg,cancer,824a1a70cdf862333d8e010eeb96219b
D:\skripsi\dataset_external\iqothnccd\The IQ-OTHNCCD lung cancer dataset\The IQ-OTHNCCD lung cancer dataset\Malignant cases\Malignant case (516).jpg,Malignant case (516).jpg,cancer,ab7fc74cacb6e3d1fb5474fc50795aad
D:\skripsi\dataset_external\iqothnccd\The IQ-OTHNCCD lung cancer dataset\The IQ-OTHNCCD lung cancer dataset\Malignant cases\Malignant case (517).jpg,Malignant case (517).jpg,cancer,fd3c477690695538841e9eec87c7b544
D:\skripsi\dataset_external\iqothnccd\The IQ-OTHNCCD lung cancer dataset\The IQ-OTHNCCD lung cancer dataset\Malignant cases\Malignant case (518).jpg,Malignant case (518).jpg,cancer,e294ee1ae23a43176621ea984879eb24
D:\skripsi\dataset_external\iqothnccd\The IQ-OTHNCCD lung cancer dataset\The IQ-OTHNCCD lung cancer dataset\Malignant cases\Malignant case (519).jpg,Malignant case (519).jpg,cancer,63d3ea729758e1c240dddf9a32a24c19
D:\skripsi\dataset_external\iqothnccd\The IQ-OTHNCCD lung cancer dataset\The IQ-OTHNCCD lung cancer dataset\Malignant cases\Malignant case (52).jpg,Malignant case (52).jpg,cancer,f9192bab483a66e128ad9b8f38afd32b
D:\skripsi\dataset_external\iqothnccd\The IQ-OTHNCCD lung cancer dataset\The IQ-OTHNCCD lung cancer dataset\Malignant cases\Malignant case (520).jpg,Malignant case (520).jpg,cancer,58d0710a3bed4922b4c6a5cec4ba5663
D:\skripsi\dataset_external\iqothnccd\The IQ-OTHNCCD lung cancer dataset\The IQ-OTHNCCD lung cancer dataset\Malignant cases\Malignant case (521).jpg,Malignant case (521).jpg,cancer,2c74bf9c5a0f68e89ac2fa0fa7f31920
D:\skripsi\dataset_external\iqothnccd\The IQ-OTHNCCD lung cancer dataset\The IQ-OTHNCCD lung cancer dataset\Malignant cases\Malignant case (522).jpg,Malignant case (522).jpg,cancer,8a7e1a7f62f1afe55cc67fd8a4c63eda
D:\skripsi\dataset_external\iqothnccd\The IQ-OTHNCCD lung cancer dataset\The IQ-OTHNCCD lung cancer dataset\Malignant cases\Malignant case (523).jpg,Malignant case (523).jpg,cancer,bc5db0d47a6d66e409cbcd5e62db88c5
D:\skripsi\dataset_external\iqothnccd\The IQ-OTHNCCD lung cancer dataset\The IQ-OTHNCCD lung cancer dataset\Malignant cases\Malignant case (524).jpg,Malignant case (524).jpg,cancer,1003721f2a16b16d9afc81f458d4dcf5
D:\skripsi\dataset_external\iqothnccd\The IQ-OTHNCCD lung cancer dataset\The IQ-OTHNCCD lung cancer dataset\Malignant cases\Malignant case (525).jpg,Malignant case (525).jpg,cancer,48ca5e98bbb5b6b5d46415b1d211e071
D:\skripsi\dataset_external\iqothnccd\The IQ-OTHNCCD lung cancer dataset\The IQ-OTHNCCD lung cancer dataset\Malignant cases\Malignant case (526).jpg,Malignant case (526).jpg,cancer,25c08f801366527fecb6cdd280a64ee6
D:\skripsi\dataset_external\iqothnccd\The IQ-OTHNCCD lung cancer dataset\The IQ-OTHNCCD lung cancer dataset\Malignant cases\Malignant case (527).jpg,Malignant case (527).jpg,cancer,d5a7aa7182dd5e0f7b483825ba5196ee
D:\skripsi\dataset_external\iqothnccd\The IQ-OTHNCCD lung cancer dataset\The IQ-OTHNCCD lung cancer dataset\Malignant cases\Malignant case (528).jpg,Malignant case (528).jpg,cancer,659f381e908a69cecb213be4a369e10a
D:\skripsi\dataset_external\iqothnccd\The IQ-OTHNCCD lung cancer dataset\The IQ-OTHNCCD lung cancer dataset\Malignant cases\Malignant case (529).jpg,Malignant case (529).jpg,cancer,c369494d5cecbfaf7f4db75e32fbe762
D:\skripsi\dataset_external\iqothnccd\The IQ-OTHNCCD lung cancer dataset\The IQ-OTHNCCD lung cancer dataset\Malignant cases\Malignant case (53).jpg,Malignant case (53).jpg,cancer,c881541f5e255dc3edd97925c424e8c8
D:\skripsi\dataset_external\iqothnccd\The IQ-OTHNCCD lung cancer dataset\The IQ-OTHNCCD lung cancer dataset\Malignant cases\Malignant case (530).jpg,Malignant case (530).jpg,cancer,b07300f682393d9aff5b3699dfff9833
D:\skripsi\dataset_external\iqothnccd\The IQ-OTHNCCD lung cancer dataset\The IQ-OTHNCCD lung cancer dataset\Malignant cases\Malignant case (531).jpg,Malignant case (531).jpg,cancer,3e358f51145ea4ab9ab1f2c862106b54
D:\skripsi\dataset_external\iqothnccd\The IQ-OTHNCCD lung cancer dataset\The IQ-OTHNCCD lung cancer dataset\Malignant cases\Malignant case (532).jpg,Malignant case (532).jpg,cancer,c90e79e9fb08c296d373d1e9f8234c07
D:\skripsi\dataset_external\iqothnccd\The IQ-OTHNCCD lung cancer dataset\The IQ-OTHNCCD lung cancer dataset\Malignant cases\Malignant case (533).jpg,Malignant case (533).jpg,cancer,7ec4964becf8c8f40cd737e293dc4f25
D:\skripsi\dataset_external\iqothnccd\The IQ-OTHNCCD lung cancer dataset\The IQ-OTHNCCD lung cancer dataset\Malignant cases\Malignant case (534).jpg,Malignant case (534).jpg,cancer,2579cb9a2bdd1d7aa1fc44c5cb6b1d92
D:\skripsi\dataset_external\iqothnccd\The IQ-OTHNCCD lung cancer dataset\The IQ-OTHNCCD lung cancer dataset\Malignant cases\Malignant case (535).jpg,Malignant case (535).jpg,cancer,8e259048d55db7028d7d5de882a32a12
D:\skripsi\dataset_external\iqothnccd\The IQ-OTHNCCD lung cancer dataset\The IQ-OTHNCCD lung cancer dataset\Malignant cases\Malignant case (536).jpg,Malignant case (536).jpg,cancer,e800a15b5e5f8c0faa1df553773db8e3
D:\skripsi\dataset_external\iqothnccd\The IQ-OTHNCCD lung cancer dataset\The IQ-OTHNCCD lung cancer dataset\Malignant cases\Malignant case (537).jpg,Malignant case (537).jpg,cancer,e41ead50a292c917cf83f2b03247627c
D:\skripsi\dataset_external\iqothnccd\The IQ-OTHNCCD lung cancer dataset\The IQ-OTHNCCD lung cancer dataset\Malignant cases\Malignant case (538).jpg,Malignant case (538).jpg,cancer,d8404c81917b8d11bc183239a6ba3bca
D:\skripsi\dataset_external\iqothnccd\The IQ-OTHNCCD lung cancer dataset\The IQ-OTHNCCD lung cancer dataset\Malignant cases\Malignant case (539).jpg,Malignant case (539).jpg,cancer,8d0a94b62628790a341f67fd45862587
D:\skripsi\dataset_external\iqothnccd\The IQ-OTHNCCD lung cancer dataset\The IQ-OTHNCCD lung cancer dataset\Malignant cases\Malignant case (54).jpg,Malignant case (54).jpg,cancer,0447ebb75c377ab3576822ab17a5d175
D:\skripsi\dataset_external\iqothnccd\The IQ-OTHNCCD lung cancer dataset\The IQ-OTHNCCD lung cancer dataset\Malignant cases\Malignant case (540).jpg,Malignant case (540).jpg,cancer,01d80901440905a6acf8f95b11ddd627
D:\skripsi\dataset_external\iqothnccd\The IQ-OTHNCCD lung cancer dataset\The IQ-OTHNCCD lung cancer dataset\Malignant cases\Malignant case (541).jpg,Malignant case (541).jpg,cancer,4bc21b6e865bbadb8d9a3ec57b92d7df
D:\skripsi\dataset_external\iqothnccd\The IQ-OTHNCCD lung cancer dataset\The IQ-OTHNCCD lung cancer dataset\Malignant cases\Malignant case (542).jpg,Malignant case (542).jpg,cancer,0137f9dbaaa253544062f3876f1d2adf
D:\skripsi\dataset_external\iqothnccd\The IQ-OTHNCCD lung cancer dataset\The IQ-OTHNCCD lung cancer dataset\Malignant cases\Malignant case (543).jpg,Malignant case (543).jpg,cancer,9b56c7c3897b956fc612ebca47abcb80
D:\skripsi\dataset_external\iqothnccd\The IQ-OTHNCCD lung cancer dataset\The IQ-OTHNCCD lung cancer dataset\Malignant cases\Malignant case (544).jpg,Malignant case (544).jpg,cancer,829946b21d2a29ccf6604831225bbe7e
D:\skripsi\dataset_external\iqothnccd\The IQ-OTHNCCD lung cancer dataset\The IQ-OTHNCCD lung cancer dataset\Malignant cases\Malignant case (545).jpg,Malignant case (545).jpg,cancer,77360abe1bcaaa5910bb6f511a24b980
D:\skripsi\dataset_external\iqothnccd\The IQ-OTHNCCD lung cancer dataset\The IQ-OTHNCCD lung cancer dataset\Malignant cases\Malignant case (546).jpg,Malignant case (546).jpg,cancer,74beaba9d8a5dd792411dc214e1cfe81
D:\skripsi\dataset_external\iqothnccd\The IQ-OTHNCCD lung cancer dataset\The IQ-OTHNCCD lung cancer dataset\Malignant cases\Malignant case (547).jpg,Malignant case (547).jpg,cancer,dc28c197b0d584539dc6fd3c90793c2f
D:\skripsi\dataset_external\iqothnccd\The IQ-OTHNCCD lung cancer dataset\The IQ-OTHNCCD lung cancer dataset\Malignant cases\Malignant case (548).jpg,Malignant case (548).jpg,cancer,cd826e28f868b591ce3e9290ac8a4188
D:\skripsi\dataset_external\iqothnccd\The IQ-OTHNCCD lung cancer dataset\The IQ-OTHNCCD lung cancer dataset\Malignant cases\Malignant case (549).jpg,Malignant case (549).jpg,cancer,fe77ee3eb460046cc518ee5828672c5b
D:\skripsi\dataset_external\iqothnccd\The IQ-OTHNCCD lung cancer dataset\The IQ-OTHNCCD lung cancer dataset\Malignant cases\Malignant case (55).jpg,Malignant case (55).jpg,cancer,74a41cd1a66c6e06918e28ccf8d6d1e4
D:\skripsi\dataset_external\iqothnccd\The IQ-OTHNCCD lung cancer dataset\The IQ-OTHNCCD lung cancer dataset\Malignant cases\Malignant case (550).jpg,Malignant case (550).jpg,cancer,0b3bfb9f6578309b56ada546f7ab18d4
D:\skripsi\dataset_external\iqothnccd\The IQ-OTHNCCD lung cancer dataset\The IQ-OTHNCCD lung cancer dataset\Malignant cases\Malignant case (551).jpg,Malignant case (551).jpg,cancer,697da1bc2589736fee01a7f42f9ec820
D:\skripsi\dataset_external\iqothnccd\The IQ-OTHNCCD lung cancer dataset\The IQ-OTHNCCD lung cancer dataset\Malignant cases\Malignant case (552).jpg,Malignant case (552).jpg,cancer,90a3178651aa2ff2ca726329b9c66755
D:\skripsi\dataset_external\iqothnccd\The IQ-OTHNCCD lung cancer dataset\The IQ-OTHNCCD lung cancer dataset\Malignant cases\Malignant case (553).jpg,Malignant case (553).jpg,cancer,0e0e217b83537d048fe81ae00dc5f90c
D:\skripsi\dataset_external\iqothnccd\The IQ-OTHNCCD lung cancer dataset\The IQ-OTHNCCD lung cancer dataset\Malignant cases\Malignant case (554).jpg,Malignant case (554).jpg,cancer,283730148cd32e20b1d56ee57692391c
D:\skripsi\dataset_external\iqothnccd\The IQ-OTHNCCD lung cancer dataset\The IQ-OTHNCCD lung cancer dataset\Malignant cases\Malignant case (555).jpg,Malignant case (555).jpg,cancer,2ff102ed95f1917c2d8c5bddcaeee2da
D:\skripsi\dataset_external\iqothnccd\The IQ-OTHNCCD lung cancer dataset\The IQ-OTHNCCD lung cancer dataset\Malignant cases\Malignant case (556).jpg,Malignant case (556).jpg,cancer,328e733236285ec5c758c9e53a43a4e6
D:\skripsi\dataset_external\iqothnccd\The IQ-OTHNCCD lung cancer dataset\The IQ-OTHNCCD lung cancer dataset\Malignant cases\Malignant case (557).jpg,Malignant case (557).jpg,cancer,d71f2538ce0c4a23e587dc2d57883bef
D:\skripsi\dataset_external\iqothnccd\The IQ-OTHNCCD lung cancer dataset\The IQ-OTHNCCD lung cancer dataset\Malignant cases\Malignant case (558).jpg,Malignant case (558).jpg,cancer,6687f40e3cc0b758bd0733f0b086fb70
D:\skripsi\dataset_external\iqothnccd\The IQ-OTHNCCD lung cancer dataset\The IQ-OTHNCCD lung cancer dataset\Malignant cases\Malignant case (559).jpg,Malignant case (559).jpg,cancer,f9d8570ae3734fbf5f26eb59b9c187e7
D:\skripsi\dataset_external\iqothnccd\The IQ-OTHNCCD lung cancer dataset\The IQ-OTHNCCD lung cancer dataset\Malignant cases\Malignant case (56).jpg,Malignant case (56).jpg,cancer,481d0f54ecfce56b9b9df5e41d431796
D:\skripsi\dataset_external\iqothnccd\The IQ-OTHNCCD lung cancer dataset\The IQ-OTHNCCD lung cancer dataset\Malignant cases\Malignant case (560).jpg,Malignant case (560).jpg,cancer,1727877d273b1fafd39790029abac6e0
D:\skripsi\dataset_external\iqothnccd\The IQ-OTHNCCD lung cancer dataset\The IQ-OTHNCCD lung cancer dataset\Malignant cases\Malignant case (561).jpg,Malignant case (561).jpg,cancer,02db10e99ae280644648e0809f098a93
D:\skripsi\dataset_external\iqothnccd\The IQ-OTHNCCD lung cancer dataset\The IQ-OTHNCCD lung cancer dataset\Malignant cases\Malignant case (57).jpg,Malignant case (57).jpg,cancer,fa87fa7b80de7d69966c3ca2dc174164
D:\skripsi\dataset_external\iqothnccd\The IQ-OTHNCCD lung cancer dataset\The IQ-OTHNCCD lung cancer dataset\Malignant cases\Malignant case (58).jpg,Malignant case (58).jpg,cancer,adcd891c8dbf72526d94cc8dccf83537
D:\skripsi\dataset_external\iqothnccd\The IQ-OTHNCCD lung cancer dataset\The IQ-OTHNCCD lung cancer dataset\Malignant cases\Malignant case (59).jpg,Malignant case (59).jpg,cancer,7c3e52e9b30d4a3d526d1af435a04ad7
D:\skripsi\dataset_external\iqothnccd\The IQ-OTHNCCD lung cancer dataset\The IQ-OTHNCCD lung cancer dataset\Malignant cases\Malignant case (6).jpg,Malignant case (6).jpg,cancer,99e7196a6c76824944a3ea627d3ab24b
D:\skripsi\dataset_external\iqothnccd\The IQ-OTHNCCD lung cancer dataset\The IQ-OTHNCCD lung cancer dataset\Malignant cases\Malignant case (61).jpg,Malignant case (61).jpg,cancer,c4db6b81710001dbab7d916ebced2e96
D:\skripsi\dataset_external\iqothnccd\The IQ-OTHNCCD lung cancer dataset\The IQ-OTHNCCD lung cancer dataset\Malignant cases\Malignant case (63).jpg,Malignant case (63).jpg,cancer,bd678e868ac19530dc44507be578bfaf
D:\skripsi\dataset_external\iqothnccd\The IQ-OTHNCCD lung cancer dataset\The IQ-OTHNCCD lung cancer dataset\Malignant cases\Malignant case (64).jpg,Malignant case (64).jpg,cancer,67218b4e4aba0ba04bb84491b792e8ab
D:\skripsi\dataset_external\iqothnccd\The IQ-OTHNCCD lung cancer dataset\The IQ-OTHNCCD lung cancer dataset\Malignant cases\Malignant case (66).jpg,Malignant case (66).jpg,cancer,f54f2659b9425128a8811e66eac7d372
D:\skripsi\dataset_external\iqothnccd\The IQ-OTHNCCD lung cancer dataset\The IQ-OTHNCCD lung cancer dataset\Malignant cases\Malignant case (67).jpg,Malignant case (67).jpg,cancer,91450d57a6c7d93565e3c6ca7c862021
D:\skripsi\dataset_external\iqothnccd\The IQ-OTHNCCD lung cancer dataset\The IQ-OTHNCCD lung cancer dataset\Malignant cases\Malignant case (69).jpg,Malignant case (69).jpg,cancer,bdd34f756f67375e4b5968fce0af6598
D:\skripsi\dataset_external\iqothnccd\The IQ-OTHNCCD lung cancer dataset\The IQ-OTHNCCD lung cancer dataset\Malignant cases\Malignant case (7).jpg,Malignant case (7).jpg,cancer,4e4eac1e5b88dc376326fb141fd4fd54
D:\skripsi\dataset_external\iqothnccd\The IQ-OTHNCCD lung cancer dataset\The IQ-OTHNCCD lung cancer dataset\Malignant cases\Malignant case (70).jpg,Malignant case (70).jpg,cancer,9d0d7fc47363c1f5c93459b678afd66d
D:\skripsi\dataset_external\iqothnccd\The IQ-OTHNCCD lung cancer dataset\The IQ-OTHNCCD lung cancer dataset\Malignant cases\Malignant case (72).jpg,Malignant case (72).jpg,cancer,9c5d6a8048f2e26143db7441b619e961
D:\skripsi\dataset_external\iqothnccd\The IQ-OTHNCCD lung cancer dataset\The IQ-OTHNCCD lung cancer dataset\Malignant cases\Malignant case (74).jpg,Malignant case (74).jpg,cancer,9ee7fc5b30967aced543d9f8f074bafb
D:\skripsi\dataset_external\iqothnccd\The IQ-OTHNCCD lung cancer dataset\The IQ-OTHNCCD lung cancer dataset\Malignant cases\Malignant case (75).jpg,Malignant case (75).jpg,cancer,afb8ab37c30ae16579d2c95c197914db
D:\skripsi\dataset_external\iqothnccd\The IQ-OTHNCCD lung cancer dataset\The IQ-OTHNCCD lung cancer dataset\Malignant cases\Malignant case (76).jpg,Malignant case (76).jpg,cancer,4466c4394f51b22acca6df6cb08f7cff
D:\skripsi\dataset_external\iqothnccd\The IQ-OTHNCCD lung cancer dataset\The IQ-OTHNCCD lung cancer dataset\Malignant cases\Malignant case (77).jpg,Malignant case (77).jpg,cancer,3c53bb01d958de49708a210160996fcd
D:\skripsi\dataset_external\iqothnccd\The IQ-OTHNCCD lung cancer dataset\The IQ-OTHNCCD lung cancer dataset\Malignant cases\Malignant case (78).jpg,Malignant case (78).jpg,cancer,d451c4bc0f313f4c59fe120010fe616b
D:\skripsi\dataset_external\iqothnccd\The IQ-OTHNCCD lung cancer dataset\The IQ-OTHNCCD lung cancer dataset\Malignant cases\Malignant case (79).jpg,Malignant case (79).jpg,cancer,74a61afa85c808e058d0c09fe8c0f2c3
D:\skripsi\dataset_external\iqothnccd\The IQ-OTHNCCD lung cancer dataset\The IQ-OTHNCCD lung cancer dataset\Malignant cases\Malignant case (80).jpg,Malignant case (80).jpg,cancer,08d91748d49fe61f283dbee6e8148ba8
D:\skripsi\dataset_external\iqothnccd\The IQ-OTHNCCD lung cancer dataset\The IQ-OTHNCCD lung cancer dataset\Malignant cases\Malignant case (81).jpg,Malignant case (81).jpg,cancer,a3097d6881e17303042477ddc8b41337
D:\skripsi\dataset_external\iqothnccd\The IQ-OTHNCCD lung cancer dataset\The IQ-OTHNCCD lung cancer dataset\Malignant cases\Malignant case (82).jpg,Malignant case (82).jpg,cancer,2d2db644ff5c3d82fe48688953090ca6
D:\skripsi\dataset_external\iqothnccd\The IQ-OTHNCCD lung cancer dataset\The IQ-OTHNCCD lung cancer dataset\Malignant cases\Malignant case (83).jpg,Malignant case (83).jpg,cancer,d5aa364cc79f672d46dcdd7f4ea152ab
D:\skripsi\dataset_external\iqothnccd\The IQ-OTHNCCD lung cancer dataset\The IQ-OTHNCCD lung cancer dataset\Malignant cases\Malignant case (84).jpg,Malignant case (84).jpg,cancer,4e285c7ea622754ab49a69a7c95c73c5
D:\skripsi\dataset_external\iqothnccd\The IQ-OTHNCCD lung cancer dataset\The IQ-OTHNCCD lung cancer dataset\Malignant cases\Malignant case (85).jpg,Malignant case (85).jpg,cancer,a8d923b0db9957b3597f215bd95a32e9
D:\skripsi\dataset_external\iqothnccd\The IQ-OTHNCCD lung cancer dataset\The IQ-OTHNCCD lung cancer dataset\Malignant cases\Malignant case (86).jpg,Malignant case (86).jpg,cancer,3eadf5343981aa41eccb6baa9e63b5b3
D:\skripsi\dataset_external\iqothnccd\The IQ-OTHNCCD lung cancer dataset\The IQ-OTHNCCD lung cancer dataset\Malignant cases\Malignant case (87).jpg,Malignant case (87).jpg,cancer,3c2f1a018ae58efbe4b92ff2f33975ae
D:\skripsi\dataset_external\iqothnccd\The IQ-OTHNCCD lung cancer dataset\The IQ-OTHNCCD lung cancer dataset\Malignant cases\Malignant case (88).jpg,Malignant case (88).jpg,cancer,f88c75aa32e952545e473a2c638ce733
D:\skripsi\dataset_external\iqothnccd\The IQ-OTHNCCD lung cancer dataset\The IQ-OTHNCCD lung cancer dataset\Malignant cases\Malignant case (89).jpg,Malignant case (89).jpg,cancer,98a66f60296d047f377de46bdb6fb727
D:\skripsi\dataset_external\iqothnccd\The IQ-OTHNCCD lung cancer dataset\The IQ-OTHNCCD lung cancer dataset\Malignant cases\Malignant case (90).jpg,Malignant case (90).jpg,cancer,fd4888fb3be779f0d730dfcb1b01f962
D:\skripsi\dataset_external\iqothnccd\The IQ-OTHNCCD lung cancer dataset\The IQ-OTHNCCD lung cancer dataset\Malignant cases\Malignant case (91).jpg,Malignant case (91).jpg,cancer,47c0ea0b6b6be913c064634dd22ece96
D:\skripsi\dataset_external\iqothnccd\The IQ-OTHNCCD lung cancer dataset\The IQ-OTHNCCD lung cancer dataset\Malignant cases\Malignant case (92).jpg,Malignant case (92).jpg,cancer,81acd5cbcdff2043aafaa1cfd1a4687b
D:\skripsi\dataset_external\iqothnccd\The IQ-OTHNCCD lung cancer dataset\The IQ-OTHNCCD lung cancer dataset\Malignant cases\Malignant case (93).jpg,Malignant case (93).jpg,cancer,3bdd4574fdafb58121c9151214545561
D:\skripsi\dataset_external\iqothnccd\The IQ-OTHNCCD lung cancer dataset\The IQ-OTHNCCD lung cancer dataset\Malignant cases\Malignant case (94).jpg,Malignant case (94).jpg,cancer,3cb9b4b4e026c1dc035943021864077e
D:\skripsi\dataset_external\iqothnccd\The IQ-OTHNCCD lung cancer dataset\The IQ-OTHNCCD lung cancer dataset\Malignant cases\Malignant case (95).jpg,Malignant case (95).jpg,cancer,a2c705fbd37317a111cebc45603adf4f
D:\skripsi\dataset_external\iqothnccd\The IQ-OTHNCCD lung cancer dataset\The IQ-OTHNCCD lung cancer dataset\Malignant cases\Malignant case (96).jpg,Malignant case (96).jpg,cancer,40b9a2b0c4c47187412222a42e708eab
D:\skripsi\dataset_external\iqothnccd\The IQ-OTHNCCD lung cancer dataset\The IQ-OTHNCCD lung cancer dataset\Malignant cases\Malignant case (97).jpg,Malignant case (97).jpg,cancer,7c2a759e8d5b390dd34ff7ae407219d3
D:\skripsi\dataset_external\iqothnccd\The IQ-OTHNCCD lung cancer dataset\The IQ-OTHNCCD lung cancer dataset\Malignant cases\Malignant case (98).jpg,Malignant case (98).jpg,cancer,7168522a2b47daf3fc090f31e823b588
D:\skripsi\dataset_external\iqothnccd\The IQ-OTHNCCD lung cancer dataset\The IQ-OTHNCCD lung cancer dataset\Malignant cases\Malignant case (99).jpg,Malignant case (99).jpg,cancer,cafee127aad2e340ffeeaa5024e0ae53
D:\skripsi\dataset_external\iqothnccd\The IQ-OTHNCCD lung cancer dataset\The IQ-OTHNCCD lung cancer dataset\Bengin cases\Bengin case (1).jpg,Bengin case (1).jpg,no_cancer,cf0d9a55942a3ae7caa68c3ba1b0ed55
D:\skripsi\dataset_external\iqothnccd\The IQ-OTHNCCD lung cancer dataset\The IQ-OTHNCCD lung cancer dataset\Bengin cases\Bengin case (10).jpg,Bengin case (10).jpg,no_cancer,19c85b1689d0036ae2d9bc8be97a13a7
D:\skripsi\dataset_external\iqothnccd\The IQ-OTHNCCD lung cancer dataset\The IQ-OTHNCCD lung cancer dataset\Bengin cases\Bengin case (100).jpg,Bengin case (100).jpg,no_cancer,ff18701fe769d19e43eee5a5f0911aa2
D:\skripsi\dataset_external\iqothnccd\The IQ-OTHNCCD lung cancer dataset\The IQ-OTHNCCD lung cancer dataset\Bengin cases\Bengin case (101).jpg,Bengin case (101).jpg,no_cancer,fbce045228d75f8bd5b585952b7f186b
D:\skripsi\dataset_external\iqothnccd\The IQ-OTHNCCD lung cancer dataset\The IQ-OTHNCCD lung cancer dataset\Bengin cases\Bengin case (102).jpg,Bengin case (102).jpg,no_cancer,3b024a5d2ca0797d39b172897f288c54
D:\skripsi\dataset_external\iqothnccd\The IQ-OTHNCCD lung cancer dataset\The IQ-OTHNCCD lung cancer dataset\Bengin cases\Bengin case (103).jpg,Bengin case (103).jpg,no_cancer,baf5f118bd50e30ca63311ecc5f7dcf1
D:\skripsi\dataset_external\iqothnccd\The IQ-OTHNCCD lung cancer dataset\The IQ-OTHNCCD lung cancer dataset\Bengin cases\Bengin case (104).jpg,Bengin case (104).jpg,no_cancer,1e38d1ec1ddca2c198ef3b7a362fef99
D:\skripsi\dataset_external\iqothnccd\The IQ-OTHNCCD lung cancer dataset\The IQ-OTHNCCD lung cancer dataset\Bengin cases\Bengin case (106).jpg,Bengin case (106).jpg,no_cancer,3cbdab2176df91669b3decf991be319e
D:\skripsi\dataset_external\iqothnccd\The IQ-OTHNCCD lung cancer dataset\The IQ-OTHNCCD lung cancer dataset\Bengin cases\Bengin case (108).jpg,Bengin case (108).jpg,no_cancer,3689f30f8c05171013d00cfcdda94553
D:\skripsi\dataset_external\iqothnccd\The IQ-OTHNCCD lung cancer dataset\The IQ-OTHNCCD lung cancer dataset\Bengin cases\Bengin case (109).jpg,Bengin case (109).jpg,no_cancer,95e1081ede760cb4f67459aa7ad54daf
D:\skripsi\dataset_external\iqothnccd\The IQ-OTHNCCD lung cancer dataset\The IQ-OTHNCCD lung cancer dataset\Bengin cases\Bengin case (11).jpg,Bengin case (11).jpg,no_cancer,c553fa14c8cd28ba24e3d4bba02d5fe7
D:\skripsi\dataset_external\iqothnccd\The IQ-OTHNCCD lung cancer dataset\The IQ-OTHNCCD lung cancer dataset\Bengin cases\Bengin case (110).jpg,Bengin case (110).jpg,no_cancer,91c4a8cf52b95da61dd9007a307a5bec
D:\skripsi\dataset_external\iqothnccd\The IQ-OTHNCCD lung cancer dataset\The IQ-OTHNCCD lung cancer dataset\Bengin cases\Bengin case (111).jpg,Bengin case (111).jpg,no_cancer,6995bd5ef052f31d016656549802accb
D:\skripsi\dataset_external\iqothnccd\The IQ-OTHNCCD lung cancer dataset\The IQ-OTHNCCD lung cancer dataset\Bengin cases\Bengin case (112).jpg,Bengin case (112).jpg,no_cancer,0537aa1411aed8102c0c1dd828d4a4ab
D:\skripsi\dataset_external\iqothnccd\The IQ-OTHNCCD lung cancer dataset\The IQ-OTHNCCD lung cancer dataset\Bengin cases\Bengin case (114).jpg,Bengin case (114).jpg,no_cancer,5fbed7e1ef4746f6d7a3c74c01a4c018
D:\skripsi\dataset_external\iqothnccd\The IQ-OTHNCCD lung cancer dataset\The IQ-OTHNCCD lung cancer dataset\Bengin cases\Bengin case (116).jpg,Bengin case (116).jpg,no_cancer,99ffd5250bf25e3bff7ba1cf9d6dbdbe
D:\skripsi\dataset_external\iqothnccd\The IQ-OTHNCCD lung cancer dataset\The IQ-OTHNCCD lung cancer dataset\Bengin cases\Bengin case (117).jpg,Bengin case (117).jpg,no_cancer,2579c7f77ad29a3a6ac26df88431a793
D:\skripsi\dataset_external\iqothnccd\The IQ-OTHNCCD lung cancer dataset\The IQ-OTHNCCD lung cancer dataset\Bengin cases\Bengin case (118).jpg,Bengin case (118).jpg,no_cancer,28e07da140b86209bdce6728780e2a44
D:\skripsi\dataset_external\iqothnccd\The IQ-OTHNCCD lung cancer dataset\The IQ-OTHNCCD lung cancer dataset\Bengin cases\Bengin case (119).jpg,Bengin case (119).jpg,no_cancer,db1df61d75e79bad118c0725da47a00c
D:\skripsi\dataset_external\iqothnccd\The IQ-OTHNCCD lung cancer dataset\The IQ-OTHNCCD lung cancer dataset\Bengin cases\Bengin case (12).jpg,Bengin case (12).jpg,no_cancer,4cb11452577fc72780b0767d497a8aae
D:\skripsi\dataset_external\iqothnccd\The IQ-OTHNCCD lung cancer dataset\The IQ-OTHNCCD lung cancer dataset\Bengin cases\Bengin case (120).jpg,Bengin case (120).jpg,no_cancer,4035aa97cac0f5654f7f5355484e506f
D:\skripsi\dataset_external\iqothnccd\The IQ-OTHNCCD lung cancer dataset\The IQ-OTHNCCD lung cancer dataset\Bengin cases\Bengin case (13).jpg,Bengin case (13).jpg,no_cancer,605385293f2540645af6c990d9953021
D:\skripsi\dataset_external\iqothnccd\The IQ-OTHNCCD lung cancer dataset\The IQ-OTHNCCD lung cancer dataset\Bengin cases\Bengin case (14).jpg,Bengin case (14).jpg,no_cancer,01d27697b3db23839cdedf5578ff2132
D:\skripsi\dataset_external\iqothnccd\The IQ-OTHNCCD lung cancer dataset\The IQ-OTHNCCD lung cancer dataset\Bengin cases\Bengin case (15).jpg,Bengin case (15).jpg,no_cancer,ca4c863c38d2d173e55c06dd99bf4625
D:\skripsi\dataset_external\iqothnccd\The IQ-OTHNCCD lung cancer dataset\The IQ-OTHNCCD lung cancer dataset\Bengin cases\Bengin case (17).jpg,Bengin case (17).jpg,no_cancer,bb9dec4599973811ff042e08d13af478
D:\skripsi\dataset_external\iqothnccd\The IQ-OTHNCCD lung cancer dataset\The IQ-OTHNCCD lung cancer dataset\Bengin cases\Bengin case (19).jpg,Bengin case (19).jpg,no_cancer,01a58644e3062dfdcaf15bbd95052d70
D:\skripsi\dataset_external\iqothnccd\The IQ-OTHNCCD lung cancer dataset\The IQ-OTHNCCD lung cancer dataset\Bengin cases\Bengin case (2).jpg,Bengin case (2).jpg,no_cancer,5547a06fe86748051e5f7eaa54fb7dfd
D:\skripsi\dataset_external\iqothnccd\The IQ-OTHNCCD lung cancer dataset\The IQ-OTHNCCD lung cancer dataset\Bengin cases\Bengin case (20).jpg,Bengin case (20).jpg,no_cancer,54cfdc18c4f2ba9157b07d9b70e35738
D:\skripsi\dataset_external\iqothnccd\The IQ-OTHNCCD lung cancer dataset\The IQ-OTHNCCD lung cancer dataset\Bengin cases\Bengin case (21).jpg,Bengin case (21).jpg,no_cancer,52f6283ea15123eb16395940ca63bb07
D:\skripsi\dataset_external\iqothnccd\The IQ-OTHNCCD lung cancer dataset\The IQ-OTHNCCD lung cancer dataset\Bengin cases\Bengin case (22).jpg,Bengin case (22).jpg,no_cancer,1db35ff30277c197f7b1736e9b98e632
D:\skripsi\dataset_external\iqothnccd\The IQ-OTHNCCD lung cancer dataset\The IQ-OTHNCCD lung cancer dataset\Bengin cases\Bengin case (24).jpg,Bengin case (24).jpg,no_cancer,955fd08d14185bc5cb8bcd89d68cea77
D:\skripsi\dataset_external\iqothnccd\The IQ-OTHNCCD lung cancer dataset\The IQ-OTHNCCD lung cancer dataset\Bengin cases\Bengin case (25).jpg,Bengin case (25).jpg,no_cancer,376dce3e8687ef78ffe40d66f0c599f4
D:\skripsi\dataset_external\iqothnccd\The IQ-OTHNCCD lung cancer dataset\The IQ-OTHNCCD lung cancer dataset\Bengin cases\Bengin case (26).jpg,Bengin case (26).jpg,no_cancer,c265b5af88dfd2908663bc560c361693
D:\skripsi\dataset_external\iqothnccd\The IQ-OTHNCCD lung cancer dataset\The IQ-OTHNCCD lung cancer dataset\Bengin cases\Bengin case (28).jpg,Bengin case (28).jpg,no_cancer,edb88b77ab6db6f07df457dfa0b7ff2f
D:\skripsi\dataset_external\iqothnccd\The IQ-OTHNCCD lung cancer dataset\The IQ-OTHNCCD lung cancer dataset\Bengin cases\Bengin case (29).jpg,Bengin case (29).jpg,no_cancer,aa6cd53f412cfe8f89dbf629ddcddb39
D:\skripsi\dataset_external\iqothnccd\The IQ-OTHNCCD lung cancer dataset\The IQ-OTHNCCD lung cancer dataset\Bengin cases\Bengin case (3).jpg,Bengin case (3).jpg,no_cancer,916e808eb48b86806d9b5982060a6ff3
D:\skripsi\dataset_external\iqothnccd\The IQ-OTHNCCD lung cancer dataset\The IQ-OTHNCCD lung cancer dataset\Bengin cases\Bengin case (30).jpg,Bengin case (30).jpg,no_cancer,a254856e53aea6a732512cb8459b0a3d
D:\skripsi\dataset_external\iqothnccd\The IQ-OTHNCCD lung cancer dataset\The IQ-OTHNCCD lung cancer dataset\Bengin cases\Bengin case (31).jpg,Bengin case (31).jpg,no_cancer,b48bd9e0ffe06ea08d44b1d476ae8fd7
D:\skripsi\dataset_external\iqothnccd\The IQ-OTHNCCD lung cancer dataset\The IQ-OTHNCCD lung cancer dataset\Bengin cases\Bengin case (32).jpg,Bengin case (32).jpg,no_cancer,bb6ff056a442663869822e99d6c9fefd
D:\skripsi\dataset_external\iqothnccd\The IQ-OTHNCCD lung cancer dataset\The IQ-OTHNCCD lung cancer dataset\Bengin cases\Bengin case (33).jpg,Bengin case (33).jpg,no_cancer,26e530bf640f3bc7a6a5f78929970c31
D:\skripsi\dataset_external\iqothnccd\The IQ-OTHNCCD lung cancer dataset\The IQ-OTHNCCD lung cancer dataset\Bengin cases\Bengin case (34).jpg,Bengin case (34).jpg,no_cancer,c5e838f7ece756649fdb358dc99076d5
D:\skripsi\dataset_external\iqothnccd\The IQ-OTHNCCD lung cancer dataset\The IQ-OTHNCCD lung cancer dataset\Bengin cases\Bengin case (35).jpg,Bengin case (35).jpg,no_cancer,4db5612e2af9b7603acaa8ea28372913
D:\skripsi\dataset_external\iqothnccd\The IQ-OTHNCCD lung cancer dataset\The IQ-OTHNCCD lung cancer dataset\Bengin cases\Bengin case (36).jpg,Bengin case (36).jpg,no_cancer,839cb693d6a3674f35a615f7dc7b3484
D:\skripsi\dataset_external\iqothnccd\The IQ-OTHNCCD lung cancer dataset\The IQ-OTHNCCD lung cancer dataset\Bengin cases\Bengin case (37).jpg,Bengin case (37).jpg,no_cancer,1af51f2cf779bae1535e2af89123d8f9
D:\skripsi\dataset_external\iqothnccd\The IQ-OTHNCCD lung cancer dataset\The IQ-OTHNCCD lung cancer dataset\Bengin cases\Bengin case (38).jpg,Bengin case (38).jpg,no_cancer,0624c8e0f0548b69b0c9de72bf1dd52c
D:\skripsi\dataset_external\iqothnccd\The IQ-OTHNCCD lung cancer dataset\The IQ-OTHNCCD lung cancer dataset\Bengin cases\Bengin case (39).jpg,Bengin case (39).jpg,no_cancer,1af9aa8b4e36444d9eb1413b8c0e8d7d
D:\skripsi\dataset_external\iqothnccd\The IQ-OTHNCCD lung cancer dataset\The IQ-OTHNCCD lung cancer dataset\Bengin cases\Bengin case (4).jpg,Bengin case (4).jpg,no_cancer,bfbba327644b105e995278f15717939f
D:\skripsi\dataset_external\iqothnccd\The IQ-OTHNCCD lung cancer dataset\The IQ-OTHNCCD lung cancer dataset\Bengin cases\Bengin case (40).jpg,Bengin case (40).jpg,no_cancer,7dfec54d736311ea3186b8574b97e7d8
D:\skripsi\dataset_external\iqothnccd\The IQ-OTHNCCD lung cancer dataset\The IQ-OTHNCCD lung cancer dataset\Bengin cases\Bengin case (41).jpg,Bengin case (41).jpg,no_cancer,6fca5278f59e6c12a8adc4f6359ea2d3
D:\skripsi\dataset_external\iqothnccd\The IQ-OTHNCCD lung cancer dataset\The IQ-OTHNCCD lung cancer dataset\Bengin cases\Bengin case (42).jpg,Bengin case (42).jpg,no_cancer,0b56a9e42e8cd3541424089d2ca5f65d
D:\skripsi\dataset_external\iqothnccd\The IQ-OTHNCCD lung cancer dataset\The IQ-OTHNCCD lung cancer dataset\Bengin cases\Bengin case (43).jpg,Bengin case (43).jpg,no_cancer,aee7d08ce8163133f1da63fc439a383b
D:\skripsi\dataset_external\iqothnccd\The IQ-OTHNCCD lung cancer dataset\The IQ-OTHNCCD lung cancer dataset\Bengin cases\Bengin case (44).jpg,Bengin case (44).jpg,no_cancer,75d471f08330b9ae6daadf61eb5e0293
D:\skripsi\dataset_external\iqothnccd\The IQ-OTHNCCD lung cancer dataset\The IQ-OTHNCCD lung cancer dataset\Bengin cases\Bengin case (45).jpg,Bengin case (45).jpg,no_cancer,bcd642455ea3855cb76dc8de3fb265fb
D:\skripsi\dataset_external\iqothnccd\The IQ-OTHNCCD lung cancer dataset\The IQ-OTHNCCD lung cancer dataset\Bengin cases\Bengin case (46).jpg,Bengin case (46).jpg,no_cancer,97b2ba87fcf8c29f605998dfe7ed3b32
D:\skripsi\dataset_external\iqothnccd\The IQ-OTHNCCD lung cancer dataset\The IQ-OTHNCCD lung cancer dataset\Bengin cases\Bengin case (47).jpg,Bengin case (47).jpg,no_cancer,289e1557aa3eb956b00469de96eacb68
D:\skripsi\dataset_external\iqothnccd\The IQ-OTHNCCD lung cancer dataset\The IQ-OTHNCCD lung cancer dataset\Bengin cases\Bengin case (48).jpg,Bengin case (48).jpg,no_cancer,b71b9185e53b3c41d91f3407c323ad23
D:\skripsi\dataset_external\iqothnccd\The IQ-OTHNCCD lung cancer dataset\The IQ-OTHNCCD lung cancer dataset\Bengin cases\Bengin case (49).jpg,Bengin case (49).jpg,no_cancer,e245002038613e545e27c8d595ef9f1f
D:\skripsi\dataset_external\iqothnccd\The IQ-OTHNCCD lung cancer dataset\The IQ-OTHNCCD lung cancer dataset\Bengin cases\Bengin case (5).jpg,Bengin case (5).jpg,no_cancer,1cedb04b3dcdd8a93df813bef0aff010
D:\skripsi\dataset_external\iqothnccd\The IQ-OTHNCCD lung cancer dataset\The IQ-OTHNCCD lung cancer dataset\Bengin cases\Bengin case (50).jpg,Bengin case (50).jpg,no_cancer,506b609601ede0a4dd4b64c29dd4c1e7
D:\skripsi\dataset_external\iqothnccd\The IQ-OTHNCCD lung cancer dataset\The IQ-OTHNCCD lung cancer dataset\Bengin cases\Bengin case (51).jpg,Bengin case (51).jpg,no_cancer,12ad65db61f17606c1704086e38eac92
D:\skripsi\dataset_external\iqothnccd\The IQ-OTHNCCD lung cancer dataset\The IQ-OTHNCCD lung cancer dataset\Bengin cases\Bengin case (52).jpg,Bengin case (52).jpg,no_cancer,0d4847b2b586ae89320942e3c1e2d82c
D:\skripsi\dataset_external\iqothnccd\The IQ-OTHNCCD lung cancer dataset\The IQ-OTHNCCD lung cancer dataset\Bengin cases\Bengin case (53).jpg,Bengin case (53).jpg,no_cancer,2d360df4696dd66e1ba4b89c3a76bb79
D:\skripsi\dataset_external\iqothnccd\The IQ-OTHNCCD lung cancer dataset\The IQ-OTHNCCD lung cancer dataset\Bengin cases\Bengin case (54).jpg,Bengin case (54).jpg,no_cancer,8caf735cbb96993ef56fa393678a491d
D:\skripsi\dataset_external\iqothnccd\The IQ-OTHNCCD lung cancer dataset\The IQ-OTHNCCD lung cancer dataset\Bengin cases\Bengin case (55).jpg,Bengin case (55).jpg,no_cancer,b2f34605f84269cf70ef8e09ef3181c4
D:\skripsi\dataset_external\iqothnccd\The IQ-OTHNCCD lung cancer dataset\The IQ-OTHNCCD lung cancer dataset\Bengin cases\Bengin case (56).jpg,Bengin case (56).jpg,no_cancer,b76a2a9969563333975999facd121bba
D:\skripsi\dataset_external\iqothnccd\The IQ-OTHNCCD lung cancer dataset\The IQ-OTHNCCD lung cancer dataset\Bengin cases\Bengin case (57).jpg,Bengin case (57).jpg,no_cancer,36543c1d80c90813b315f2c7c806d303
D:\skripsi\dataset_external\iqothnccd\The IQ-OTHNCCD lung cancer dataset\The IQ-OTHNCCD lung cancer dataset\Bengin cases\Bengin case (58).jpg,Bengin case (58).jpg,no_cancer,6883879f431d55364c6a497e535ff47d
D:\skripsi\dataset_external\iqothnccd\The IQ-OTHNCCD lung cancer dataset\The IQ-OTHNCCD lung cancer dataset\Bengin cases\Bengin case (59).jpg,Bengin case (59).jpg,no_cancer,e1cbecf56dc02ded03aec238f899a6ef
D:\skripsi\dataset_external\iqothnccd\The IQ-OTHNCCD lung cancer dataset\The IQ-OTHNCCD lung cancer dataset\Bengin cases\Bengin case (6).jpg,Bengin case (6).jpg,no_cancer,fbc2ad5a92f5dd2c3b130f8fc0e497dc
D:\skripsi\dataset_external\iqothnccd\The IQ-OTHNCCD lung cancer dataset\The IQ-OTHNCCD lung cancer dataset\Bengin cases\Bengin case (60).jpg,Bengin case (60).jpg,no_cancer,36f60dd176202ff0d07c098966b3b5d8
D:\skripsi\dataset_external\iqothnccd\The IQ-OTHNCCD lung cancer dataset\The IQ-OTHNCCD lung cancer dataset\Bengin cases\Bengin case (61).jpg,Bengin case (61).jpg,no_cancer,fbf7c2e8435c31f07b285a7e0dafcd9a
D:\skripsi\dataset_external\iqothnccd\The IQ-OTHNCCD lung cancer dataset\The IQ-OTHNCCD lung cancer dataset\Bengin cases\Bengin case (62).jpg,Bengin case (62).jpg,no_cancer,b021a75ab3baef64098c9a42024a3947
D:\skripsi\dataset_external\iqothnccd\The IQ-OTHNCCD lung cancer dataset\The IQ-OTHNCCD lung cancer dataset\Bengin cases\Bengin case (64).jpg,Bengin case (64).jpg,no_cancer,df53a3c3cd0e7cf8cef3face9e0305cd
D:\skripsi\dataset_external\iqothnccd\The IQ-OTHNCCD lung cancer dataset\The IQ-OTHNCCD lung cancer dataset\Bengin cases\Bengin case (66).jpg,Bengin case (66).jpg,no_cancer,bbc4e571f8991548dde3c5cbfb77bbb7
D:\skripsi\dataset_external\iqothnccd\The IQ-OTHNCCD lung cancer dataset\The IQ-OTHNCCD lung cancer dataset\Bengin cases\Bengin case (67).jpg,Bengin case (67).jpg,no_cancer,6ca699bea6e9192ffd4142ee1ac474d7
D:\skripsi\dataset_external\iqothnccd\The IQ-OTHNCCD lung cancer dataset\The IQ-OTHNCCD lung cancer dataset\Bengin cases\Bengin case (68).jpg,Bengin case (68).jpg,no_cancer,bd1fbfc5e2d8e69e159f214a0f966ade
D:\skripsi\dataset_external\iqothnccd\The IQ-OTHNCCD lung cancer dataset\The IQ-OTHNCCD lung cancer dataset\Bengin cases\Bengin case (69).jpg,Bengin case (69).jpg,no_cancer,83caf4c4e4bf45631f9dd59fba8e60e5
D:\skripsi\dataset_external\iqothnccd\The IQ-OTHNCCD lung cancer dataset\The IQ-OTHNCCD lung cancer dataset\Bengin cases\Bengin case (7).jpg,Bengin case (7).jpg,no_cancer,1921eb21a012388f5c8f2739178d93ff
D:\skripsi\dataset_external\iqothnccd\The IQ-OTHNCCD lung cancer dataset\The IQ-OTHNCCD lung cancer dataset\Bengin cases\Bengin case (70).jpg,Bengin case (70).jpg,no_cancer,3692d9940c95f7019b90c033633bd80c
D:\skripsi\dataset_external\iqothnccd\The IQ-OTHNCCD lung cancer dataset\The IQ-OTHNCCD lung cancer dataset\Bengin cases\Bengin case (71).jpg,Bengin case (71).jpg,no_cancer,7eca421faa9cbeaf35f59317064f9176
D:\skripsi\dataset_external\iqothnccd\The IQ-OTHNCCD lung cancer dataset\The IQ-OTHNCCD lung cancer dataset\Bengin cases\Bengin case (73).jpg,Bengin case (73).jpg,no_cancer,1c9a8ac403fb1775c649402f6716eeca
D:\skripsi\dataset_external\iqothnccd\The IQ-OTHNCCD lung cancer dataset\The IQ-OTHNCCD lung cancer dataset\Bengin cases\Bengin case (74).jpg,Bengin case (74).jpg,no_cancer,037adf6dc1d8c6f49abafdc0ba83fc7c
D:\skripsi\dataset_external\iqothnccd\The IQ-OTHNCCD lung cancer dataset\The IQ-OTHNCCD lung cancer dataset\Bengin cases\Bengin case (76).jpg,Bengin case (76).jpg,no_cancer,c8767c60e21bd1b73f6969ffa2098c66
D:\skripsi\dataset_external\iqothnccd\The IQ-OTHNCCD lung cancer dataset\The IQ-OTHNCCD lung cancer dataset\Bengin cases\Bengin case (77).jpg,Bengin case (77).jpg,no_cancer,42c921a7c4074f420060b60f234e995d
D:\skripsi\dataset_external\iqothnccd\The IQ-OTHNCCD lung cancer dataset\The IQ-OTHNCCD lung cancer dataset\Bengin cases\Bengin case (78).jpg,Bengin case (78).jpg,no_cancer,71683391f8c1dd855bd287fecba9d634
D:\skripsi\dataset_external\iqothnccd\The IQ-OTHNCCD lung cancer dataset\The IQ-OTHNCCD lung cancer dataset\Bengin cases\Bengin case (79).jpg,Bengin case (79).jpg,no_cancer,8df3c92150dba2fefd2e58c88ba0b21a
D:\skripsi\dataset_external\iqothnccd\The IQ-OTHNCCD lung cancer dataset\The IQ-OTHNCCD lung cancer dataset\Bengin cases\Bengin case (80).jpg,Bengin case (80).jpg,no_cancer,d883c16623ee02cd11425dc8797cd2ce
D:\skripsi\dataset_external\iqothnccd\The IQ-OTHNCCD lung cancer dataset\The IQ-OTHNCCD lung cancer dataset\Bengin cases\Bengin case (81).jpg,Bengin case (81).jpg,no_cancer,f4d394808d26b12f3a7608a52b475ae6
D:\skripsi\dataset_external\iqothnccd\The IQ-OTHNCCD lung cancer dataset\The IQ-OTHNCCD lung cancer dataset\Bengin cases\Bengin case (82).jpg,Bengin case (82).jpg,no_cancer,3c786a71314b9048be0dd7fcff4da6d1
D:\skripsi\dataset_external\iqothnccd\The IQ-OTHNCCD lung cancer dataset\The IQ-OTHNCCD lung cancer dataset\Bengin cases\Bengin case (83).jpg,Bengin case (83).jpg,no_cancer,9f0096e579045ab9edc55c491c1dc026
D:\skripsi\dataset_external\iqothnccd\The IQ-OTHNCCD lung cancer dataset\The IQ-OTHNCCD lung cancer dataset\Bengin cases\Bengin case (84).jpg,Bengin case (84).jpg,no_cancer,601f56c74e087c8b7798d27f66ffed5f
D:\skripsi\dataset_external\iqothnccd\The IQ-OTHNCCD lung cancer dataset\The IQ-OTHNCCD lung cancer dataset\Bengin cases\Bengin case (86).jpg,Bengin case (86).jpg,no_cancer,84d693044a3eb11fe2039e6b8f93460d
D:\skripsi\dataset_external\iqothnccd\The IQ-OTHNCCD lung cancer dataset\The IQ-OTHNCCD lung cancer dataset\Bengin cases\Bengin case (87).jpg,Bengin case (87).jpg,no_cancer,ac0ae8cced71cb2f91021bd3aeb28b23
D:\skripsi\dataset_external\iqothnccd\The IQ-OTHNCCD lung cancer dataset\The IQ-OTHNCCD lung cancer dataset\Bengin cases\Bengin case (88).jpg,Bengin case (88).jpg,no_cancer,bdc474ecd5b3f3a9ebe50c6a1f30480d
D:\skripsi\dataset_external\iqothnccd\The IQ-OTHNCCD lung cancer dataset\The IQ-OTHNCCD lung cancer dataset\Bengin cases\Bengin case (89).jpg,Bengin case (89).jpg,no_cancer,41569d8fa8a37c9edf5938f56cc88469
D:\skripsi\dataset_external\iqothnccd\The IQ-OTHNCCD lung cancer dataset\The IQ-OTHNCCD lung cancer dataset\Bengin cases\Bengin case (90).jpg,Bengin case (90).jpg,no_cancer,01bc32e452393eb6766539c9bcde037a
D:\skripsi\dataset_external\iqothnccd\The IQ-OTHNCCD lung cancer dataset\The IQ-OTHNCCD lung cancer dataset\Bengin cases\Bengin case (92).jpg,Bengin case (92).jpg,no_cancer,c42cdaec40dc9a8c7f745dcbc4341e90
D:\skripsi\dataset_external\iqothnccd\The IQ-OTHNCCD lung cancer dataset\The IQ-OTHNCCD lung cancer dataset\Bengin cases\Bengin case (93).jpg,Bengin case (93).jpg,no_cancer,30e9e6877a5f8f5961acc36672a62a4b
D:\skripsi\dataset_external\iqothnccd\The IQ-OTHNCCD lung cancer dataset\The IQ-OTHNCCD lung cancer dataset\Bengin cases\Bengin case (94).jpg,Bengin case (94).jpg,no_cancer,1589454ff9d0d66b37628087bd100489
D:\skripsi\dataset_external\iqothnccd\The IQ-OTHNCCD lung cancer dataset\The IQ-OTHNCCD lung cancer dataset\Bengin cases\Bengin case (96).jpg,Bengin case (96).jpg,no_cancer,927d4fa8104c9857c2986f16e41552a7
D:\skripsi\dataset_external\iqothnccd\The IQ-OTHNCCD lung cancer dataset\The IQ-OTHNCCD lung cancer dataset\Bengin cases\Bengin case (98).jpg,Bengin case (98).jpg,no_cancer,2bafe5517e4e6fdd43cf39fd7ac087fb
D:\skripsi\dataset_external\iqothnccd\The IQ-OTHNCCD lung cancer dataset\The IQ-OTHNCCD lung cancer dataset\Bengin cases\Bengin case (99).jpg,Bengin case (99).jpg,no_cancer,ccb1a57119bfe7fe77815562d7a05aca
D:\skripsi\dataset_external\iqothnccd\The IQ-OTHNCCD lung cancer dataset\The IQ-OTHNCCD lung cancer dataset\Normal cases\Normal case (1).jpg,Normal case (1).jpg,no_cancer,0c072a304bf24490756964cf986ccca4
D:\skripsi\dataset_external\iqothnccd\The IQ-OTHNCCD lung cancer dataset\The IQ-OTHNCCD lung cancer dataset\Normal cases\Normal case (10).jpg,Normal case (10).jpg,no_cancer,fa69dd3e5de82f89d80d2e6e8b0af2fa
D:\skripsi\dataset_external\iqothnccd\The IQ-OTHNCCD lung cancer dataset\The IQ-OTHNCCD lung cancer dataset\Normal cases\Normal case (100).jpg,Normal case (100).jpg,no_cancer,8729a8bf76b881ed57e7e21571cb4105
D:\skripsi\dataset_external\iqothnccd\The IQ-OTHNCCD lung cancer dataset\The IQ-OTHNCCD lung cancer dataset\Normal cases\Normal case (101).jpg,Normal case (101).jpg,no_cancer,96999b68552074e62bee27050e7cad7e
D:\skripsi\dataset_external\iqothnccd\The IQ-OTHNCCD lung cancer dataset\The IQ-OTHNCCD lung cancer dataset\Normal cases\Normal case (102).jpg,Normal case (102).jpg,no_cancer,ff167875c58f6ec554a7fadc897f620c
D:\skripsi\dataset_external\iqothnccd\The IQ-OTHNCCD lung cancer dataset\The IQ-OTHNCCD lung cancer dataset\Normal cases\Normal case (103).jpg,Normal case (103).jpg,no_cancer,a9364c75be5d03d16d1a5a4b4677a27a
D:\skripsi\dataset_external\iqothnccd\The IQ-OTHNCCD lung cancer dataset\The IQ-OTHNCCD lung cancer dataset\Normal cases\Normal case (104).jpg,Normal case (104).jpg,no_cancer,1dd483f5b14657b92fbb76e0871c6ace
D:\skripsi\dataset_external\iqothnccd\The IQ-OTHNCCD lung cancer dataset\The IQ-OTHNCCD lung cancer dataset\Normal cases\Normal case (105).jpg,Normal case (105).jpg,no_cancer,27dfd1527d4735613914040349496ec0
D:\skripsi\dataset_external\iqothnccd\The IQ-OTHNCCD lung cancer dataset\The IQ-OTHNCCD lung cancer dataset\Normal cases\Normal case (106).jpg,Normal case (106).jpg,no_cancer,a59549daa4de1c94d168a7792fcb8672
D:\skripsi\dataset_external\iqothnccd\The IQ-OTHNCCD lung cancer dataset\The IQ-OTHNCCD lung cancer dataset\Normal cases\Normal case (107).jpg,Normal case (107).jpg,no_cancer,7fa64127dd61bffd40c49721a495e45d
D:\skripsi\dataset_external\iqothnccd\The IQ-OTHNCCD lung cancer dataset\The IQ-OTHNCCD lung cancer dataset\Normal cases\Normal case (108).jpg,Normal case (108).jpg,no_cancer,851271396456a381213f62f82090d194
D:\skripsi\dataset_external\iqothnccd\The IQ-OTHNCCD lung cancer dataset\The IQ-OTHNCCD lung cancer dataset\Normal cases\Normal case (109).jpg,Normal case (109).jpg,no_cancer,80e4c7bba16c6ae9fde78a70add9133d
D:\skripsi\dataset_external\iqothnccd\The IQ-OTHNCCD lung cancer dataset\The IQ-OTHNCCD lung cancer dataset\Normal cases\Normal case (11).jpg,Normal case (11).jpg,no_cancer,3d87edb852baf87727b98e5fa93bb2e6
D:\skripsi\dataset_external\iqothnccd\The IQ-OTHNCCD lung cancer dataset\The IQ-OTHNCCD lung cancer dataset\Normal cases\Normal case (110).jpg,Normal case (110).jpg,no_cancer,874c5873ae6622cc23f261c9fa6af550
D:\skripsi\dataset_external\iqothnccd\The IQ-OTHNCCD lung cancer dataset\The IQ-OTHNCCD lung cancer dataset\Normal cases\Normal case (111).jpg,Normal case (111).jpg,no_cancer,34db2c68cedc02b1c4713762d7e504a5
D:\skripsi\dataset_external\iqothnccd\The IQ-OTHNCCD lung cancer dataset\The IQ-OTHNCCD lung cancer dataset\Normal cases\Normal case (112).jpg,Normal case (112).jpg,no_cancer,3622166ece74cc555f1e94750322771f
D:\skripsi\dataset_external\iqothnccd\The IQ-OTHNCCD lung cancer dataset\The IQ-OTHNCCD lung cancer dataset\Normal cases\Normal case (113).jpg,Normal case (113).jpg,no_cancer,cecdb9c845180e32f89528a14b619a04
D:\skripsi\dataset_external\iqothnccd\The IQ-OTHNCCD lung cancer dataset\The IQ-OTHNCCD lung cancer dataset\Normal cases\Normal case (114).jpg,Normal case (114).jpg,no_cancer,ce6d4c6f38dd969728e5b988984f7a39
D:\skripsi\dataset_external\iqothnccd\The IQ-OTHNCCD lung cancer dataset\The IQ-OTHNCCD lung cancer dataset\Normal cases\Normal case (115).jpg,Normal case (115).jpg,no_cancer,a137f771d5516184eb8201b35589e7cd
D:\skripsi\dataset_external\iqothnccd\The IQ-OTHNCCD lung cancer dataset\The IQ-OTHNCCD lung cancer dataset\Normal cases\Normal case (116).jpg,Normal case (116).jpg,no_cancer,7a9f42ffc35ec2dba00ec1961fd61462
D:\skripsi\dataset_external\iqothnccd\The IQ-OTHNCCD lung cancer dataset\The IQ-OTHNCCD lung cancer dataset\Normal cases\Normal case (117).jpg,Normal case (117).jpg,no_cancer,90876f443ef0c4a3723504212e3c65b5
D:\skripsi\dataset_external\iqothnccd\The IQ-OTHNCCD lung cancer dataset\The IQ-OTHNCCD lung cancer dataset\Normal cases\Normal case (118).jpg,Normal case (118).jpg,no_cancer,33aa1b8585905eb87d53c7b4450d9c17
D:\skripsi\dataset_external\iqothnccd\The IQ-OTHNCCD lung cancer dataset\The IQ-OTHNCCD lung cancer dataset\Normal cases\Normal case (119).jpg,Normal case (119).jpg,no_cancer,dc4224cb04aa386b232320c9b37c542f
D:\skripsi\dataset_external\iqothnccd\The IQ-OTHNCCD lung cancer dataset\The IQ-OTHNCCD lung cancer dataset\Normal cases\Normal case (12).jpg,Normal case (12).jpg,no_cancer,2aa5e48cbe0677823e3f7a6ff4187e0d
D:\skripsi\dataset_external\iqothnccd\The IQ-OTHNCCD lung cancer dataset\The IQ-OTHNCCD lung cancer dataset\Normal cases\Normal case (120).jpg,Normal case (120).jpg,no_cancer,5e15f734427aa12801449744ef118c96
D:\skripsi\dataset_external\iqothnccd\The IQ-OTHNCCD lung cancer dataset\The IQ-OTHNCCD lung cancer dataset\Normal cases\Normal case (121).jpg,Normal case (121).jpg,no_cancer,65cb696003e7cf505c3d4d746b089ca2
D:\skripsi\dataset_external\iqothnccd\The IQ-OTHNCCD lung cancer dataset\The IQ-OTHNCCD lung cancer dataset\Normal cases\Normal case (122).jpg,Normal case (122).jpg,no_cancer,c041b5dffe229d416fd140786c44799c
D:\skripsi\dataset_external\iqothnccd\The IQ-OTHNCCD lung cancer dataset\The IQ-OTHNCCD lung cancer dataset\Normal cases\Normal case (123).jpg,Normal case (123).jpg,no_cancer,086f63b132303bcc0ec50d94160cbb60
D:\skripsi\dataset_external\iqothnccd\The IQ-OTHNCCD lung cancer dataset\The IQ-OTHNCCD lung cancer dataset\Normal cases\Normal case (124).jpg,Normal case (124).jpg,no_cancer,103b48f2b91b7765c0102397dc1b1b96
D:\skripsi\dataset_external\iqothnccd\The IQ-OTHNCCD lung cancer dataset\The IQ-OTHNCCD lung cancer dataset\Normal cases\Normal case (125).jpg,Normal case (125).jpg,no_cancer,babbe8775ee13b683dead1125da1f795
D:\skripsi\dataset_external\iqothnccd\The IQ-OTHNCCD lung cancer dataset\The IQ-OTHNCCD lung cancer dataset\Normal cases\Normal case (126).jpg,Normal case (126).jpg,no_cancer,2bb6e9131ed1e7bfb42396985562a256
D:\skripsi\dataset_external\iqothnccd\The IQ-OTHNCCD lung cancer dataset\The IQ-OTHNCCD lung cancer dataset\Normal cases\Normal case (127).jpg,Normal case (127).jpg,no_cancer,e5a50e6351a7feac23c25c200ea38685
D:\skripsi\dataset_external\iqothnccd\The IQ-OTHNCCD lung cancer dataset\The IQ-OTHNCCD lung cancer dataset\Normal cases\Normal case (128).jpg,Normal case (128).jpg,no_cancer,cd666a8a67d51da3e963c36884184761
D:\skripsi\dataset_external\iqothnccd\The IQ-OTHNCCD lung cancer dataset\The IQ-OTHNCCD lung cancer dataset\Normal cases\Normal case (129).jpg,Normal case (129).jpg,no_cancer,fd6c21faa3c5c38354d3891a6fcd529d
D:\skripsi\dataset_external\iqothnccd\The IQ-OTHNCCD lung cancer dataset\The IQ-OTHNCCD lung cancer dataset\Normal cases\Normal case (13).jpg,Normal case (13).jpg,no_cancer,649e3c09a087a92047e2a4720718c593
D:\skripsi\dataset_external\iqothnccd\The IQ-OTHNCCD lung cancer dataset\The IQ-OTHNCCD lung cancer dataset\Normal cases\Normal case (130).jpg,Normal case (130).jpg,no_cancer,00729ffa0ce5c501b3f1d571244fe565
D:\skripsi\dataset_external\iqothnccd\The IQ-OTHNCCD lung cancer dataset\The IQ-OTHNCCD lung cancer dataset\Normal cases\Normal case (131).jpg,Normal case (131).jpg,no_cancer,5580c433909c12fcb8b9ec66b248c9ed
D:\skripsi\dataset_external\iqothnccd\The IQ-OTHNCCD lung cancer dataset\The IQ-OTHNCCD lung cancer dataset\Normal cases\Normal case (132).jpg,Normal case (132).jpg,no_cancer,52bc1d5ed629a4012fa9421521ad1e82
D:\skripsi\dataset_external\iqothnccd\The IQ-OTHNCCD lung cancer dataset\The IQ-OTHNCCD lung cancer dataset\Normal cases\Normal case (133).jpg,Normal case (133).jpg,no_cancer,ba5fa2fe7e2134e231ee0c05f15adffa
D:\skripsi\dataset_external\iqothnccd\The IQ-OTHNCCD lung cancer dataset\The IQ-OTHNCCD lung cancer dataset\Normal cases\Normal case (134).jpg,Normal case (134).jpg,no_cancer,0a31569280e26c82e018c4ac9045c715
D:\skripsi\dataset_external\iqothnccd\The IQ-OTHNCCD lung cancer dataset\The IQ-OTHNCCD lung cancer dataset\Normal cases\Normal case (135).jpg,Normal case (135).jpg,no_cancer,bf2c64771b9328c3d6ed268070136aba
D:\skripsi\dataset_external\iqothnccd\The IQ-OTHNCCD lung cancer dataset\The IQ-OTHNCCD lung cancer dataset\Normal cases\Normal case (136).jpg,Normal case (136).jpg,no_cancer,89a51d9c9caa114426e3e25a9201c425
D:\skripsi\dataset_external\iqothnccd\The IQ-OTHNCCD lung cancer dataset\The IQ-OTHNCCD lung cancer dataset\Normal cases\Normal case (137).jpg,Normal case (137).jpg,no_cancer,4f12be5de7e31577cc8f4e7cff763ea8
D:\skripsi\dataset_external\iqothnccd\The IQ-OTHNCCD lung cancer dataset\The IQ-OTHNCCD lung cancer dataset\Normal cases\Normal case (138).jpg,Normal case (138).jpg,no_cancer,374392fe598ac9e6e7708da912f3ae9d
D:\skripsi\dataset_external\iqothnccd\The IQ-OTHNCCD lung cancer dataset\The IQ-OTHNCCD lung cancer dataset\Normal cases\Normal case (139).jpg,Normal case (139).jpg,no_cancer,181585a91142d32447054cc8b62100e1
D:\skripsi\dataset_external\iqothnccd\The IQ-OTHNCCD lung cancer dataset\The IQ-OTHNCCD lung cancer dataset\Normal cases\Normal case (14).jpg,Normal case (14).jpg,no_cancer,fd59f595de6a3468458db486c60ab784
D:\skripsi\dataset_external\iqothnccd\The IQ-OTHNCCD lung cancer dataset\The IQ-OTHNCCD lung cancer dataset\Normal cases\Normal case (140).jpg,Normal case (140).jpg,no_cancer,9f9058cc02d02ea11ecec9cf37a59475
D:\skripsi\dataset_external\iqothnccd\The IQ-OTHNCCD lung cancer dataset\The IQ-OTHNCCD lung cancer dataset\Normal cases\Normal case (141).jpg,Normal case (141).jpg,no_cancer,09e16426e1c9e2534ce6d836f21483db
D:\skripsi\dataset_external\iqothnccd\The IQ-OTHNCCD lung cancer dataset\The IQ-OTHNCCD lung cancer dataset\Normal cases\Normal case (142).jpg,Normal case (142).jpg,no_cancer,5ace83b04335acf43a1061c67f8acbc8
D:\skripsi\dataset_external\iqothnccd\The IQ-OTHNCCD lung cancer dataset\The IQ-OTHNCCD lung cancer dataset\Normal cases\Normal case (143).jpg,Normal case (143).jpg,no_cancer,cedfca8d82a7b8bdabccfc52fe858e8c
D:\skripsi\dataset_external\iqothnccd\The IQ-OTHNCCD lung cancer dataset\The IQ-OTHNCCD lung cancer dataset\Normal cases\Normal case (144).jpg,Normal case (144).jpg,no_cancer,cba32181c9be36697d4592577ff48b5d
D:\skripsi\dataset_external\iqothnccd\The IQ-OTHNCCD lung cancer dataset\The IQ-OTHNCCD lung cancer dataset\Normal cases\Normal case (145).jpg,Normal case (145).jpg,no_cancer,650526684aade4250b77bd288ba354f7
D:\skripsi\dataset_external\iqothnccd\The IQ-OTHNCCD lung cancer dataset\The IQ-OTHNCCD lung cancer dataset\Normal cases\Normal case (146).jpg,Normal case (146).jpg,no_cancer,f7699dd1ac7f35fe7b4a2b0209b29185
D:\skripsi\dataset_external\iqothnccd\The IQ-OTHNCCD lung cancer dataset\The IQ-OTHNCCD lung cancer dataset\Normal cases\Normal case (147).jpg,Normal case (147).jpg,no_cancer,0e3f6dc682bcc305d078816e07bd82e7
D:\skripsi\dataset_external\iqothnccd\The IQ-OTHNCCD lung cancer dataset\The IQ-OTHNCCD lung cancer dataset\Normal cases\Normal case (148).jpg,Normal case (148).jpg,no_cancer,ce96d99ee02ea02056f4c328577e81e9
D:\skripsi\dataset_external\iqothnccd\The IQ-OTHNCCD lung cancer dataset\The IQ-OTHNCCD lung cancer dataset\Normal cases\Normal case (149).jpg,Normal case (149).jpg,no_cancer,6e35e19741fc96a47e1b406fe74abc00
D:\skripsi\dataset_external\iqothnccd\The IQ-OTHNCCD lung cancer dataset\The IQ-OTHNCCD lung cancer dataset\Normal cases\Normal case (15).jpg,Normal case (15).jpg,no_cancer,d6f6032d5ff55fe988757f2bea364222
D:\skripsi\dataset_external\iqothnccd\The IQ-OTHNCCD lung cancer dataset\The IQ-OTHNCCD lung cancer dataset\Normal cases\Normal case (150).jpg,Normal case (150).jpg,no_cancer,a06635c64094e85be7f76c123b7fd219
D:\skripsi\dataset_external\iqothnccd\The IQ-OTHNCCD lung cancer dataset\The IQ-OTHNCCD lung cancer dataset\Normal cases\Normal case (151).jpg,Normal case (151).jpg,no_cancer,57d74c9339e859924a6bf7b3f8685a38
D:\skripsi\dataset_external\iqothnccd\The IQ-OTHNCCD lung cancer dataset\The IQ-OTHNCCD lung cancer dataset\Normal cases\Normal case (152).jpg,Normal case (152).jpg,no_cancer,167a1a18e98f3e84428c41ad6803efaf
D:\skripsi\dataset_external\iqothnccd\The IQ-OTHNCCD lung cancer dataset\The IQ-OTHNCCD lung cancer dataset\Normal cases\Normal case (153).jpg,Normal case (153).jpg,no_cancer,9780b914c3712823f47e97f0f54f2455
D:\skripsi\dataset_external\iqothnccd\The IQ-OTHNCCD lung cancer dataset\The IQ-OTHNCCD lung cancer dataset\Normal cases\Normal case (154).jpg,Normal case (154).jpg,no_cancer,ba57711e7957b1664b71ec78ee1dfcf2
D:\skripsi\dataset_external\iqothnccd\The IQ-OTHNCCD lung cancer dataset\The IQ-OTHNCCD lung cancer dataset\Normal cases\Normal case (155).jpg,Normal case (155).jpg,no_cancer,966a642252993554e3b47abde7833ae8
D:\skripsi\dataset_external\iqothnccd\The IQ-OTHNCCD lung cancer dataset\The IQ-OTHNCCD lung cancer dataset\Normal cases\Normal case (156).jpg,Normal case (156).jpg,no_cancer,6a240c8f345fe31acd15c4feacacc59d
D:\skripsi\dataset_external\iqothnccd\The IQ-OTHNCCD lung cancer dataset\The IQ-OTHNCCD lung cancer dataset\Normal cases\Normal case (157).jpg,Normal case (157).jpg,no_cancer,d7da6ded28f870ac388a6eeb078b202b
D:\skripsi\dataset_external\iqothnccd\The IQ-OTHNCCD lung cancer dataset\The IQ-OTHNCCD lung cancer dataset\Normal cases\Normal case (158).jpg,Normal case (158).jpg,no_cancer,fb9672482f26b7c93f3b8be5ae4c6b78
D:\skripsi\dataset_external\iqothnccd\The IQ-OTHNCCD lung cancer dataset\The IQ-OTHNCCD lung cancer dataset\Normal cases\Normal case (159).jpg,Normal case (159).jpg,no_cancer,9b6da5ff43238da1a96abd297662a5ea
D:\skripsi\dataset_external\iqothnccd\The IQ-OTHNCCD lung cancer dataset\The IQ-OTHNCCD lung cancer dataset\Normal cases\Normal case (16).jpg,Normal case (16).jpg,no_cancer,eca2cd087e61d77b45bb63a28564b248
D:\skripsi\dataset_external\iqothnccd\The IQ-OTHNCCD lung cancer dataset\The IQ-OTHNCCD lung cancer dataset\Normal cases\Normal case (160).jpg,Normal case (160).jpg,no_cancer,5afb4350a6661674add29f53255499d1
D:\skripsi\dataset_external\iqothnccd\The IQ-OTHNCCD lung cancer dataset\The IQ-OTHNCCD lung cancer dataset\Normal cases\Normal case (161).jpg,Normal case (161).jpg,no_cancer,f493f5acd6eff4f7172f6f53f49b0dbb
D:\skripsi\dataset_external\iqothnccd\The IQ-OTHNCCD lung cancer dataset\The IQ-OTHNCCD lung cancer dataset\Normal cases\Normal case (162).jpg,Normal case (162).jpg,no_cancer,93f3b753b4cf80e04595d962606b961b
D:\skripsi\dataset_external\iqothnccd\The IQ-OTHNCCD lung cancer dataset\The IQ-OTHNCCD lung cancer dataset\Normal cases\Normal case (163).jpg,Normal case (163).jpg,no_cancer,2e34f5ec98fadd650536fb8b9eee5f10
D:\skripsi\dataset_external\iqothnccd\The IQ-OTHNCCD lung cancer dataset\The IQ-OTHNCCD lung cancer dataset\Normal cases\Normal case (164).jpg,Normal case (164).jpg,no_cancer,5fa081ac14af5056ad0783e4330b816f
D:\skripsi\dataset_external\iqothnccd\The IQ-OTHNCCD lung cancer dataset\The IQ-OTHNCCD lung cancer dataset\Normal cases\Normal case (165).jpg,Normal case (165).jpg,no_cancer,50f2d7c45eeacbd2dd7bba8bbb2eed3e
D:\skripsi\dataset_external\iqothnccd\The IQ-OTHNCCD lung cancer dataset\The IQ-OTHNCCD lung cancer dataset\Normal cases\Normal case (166).jpg,Normal case (166).jpg,no_cancer,ad9f858ccd7ff582ef065c028faa94a2
D:\skripsi\dataset_external\iqothnccd\The IQ-OTHNCCD lung cancer dataset\The IQ-OTHNCCD lung cancer dataset\Normal cases\Normal case (167).jpg,Normal case (167).jpg,no_cancer,48d6d153116bcac96ddff6be3fd21258
D:\skripsi\dataset_external\iqothnccd\The IQ-OTHNCCD lung cancer dataset\The IQ-OTHNCCD lung cancer dataset\Normal cases\Normal case (168).jpg,Normal case (168).jpg,no_cancer,3830e1bc4a93f427b7d47757a764928a
D:\skripsi\dataset_external\iqothnccd\The IQ-OTHNCCD lung cancer dataset\The IQ-OTHNCCD lung cancer dataset\Normal cases\Normal case (169).jpg,Normal case (169).jpg,no_cancer,a0bf59ca9e51e27027f8cb229dac4b45
D:\skripsi\dataset_external\iqothnccd\The IQ-OTHNCCD lung cancer dataset\The IQ-OTHNCCD lung cancer dataset\Normal cases\Normal case (17).jpg,Normal case (17).jpg,no_cancer,d48cecce61a9505d02a3203f75bda958
D:\skripsi\dataset_external\iqothnccd\The IQ-OTHNCCD lung cancer dataset\The IQ-OTHNCCD lung cancer dataset\Normal cases\Normal case (170).jpg,Normal case (170).jpg,no_cancer,100131b464c77c3bedc9eef88a4d0d87
D:\skripsi\dataset_external\iqothnccd\The IQ-OTHNCCD lung cancer dataset\The IQ-OTHNCCD lung cancer dataset\Normal cases\Normal case (171).jpg,Normal case (171).jpg,no_cancer,4d28424fd1d3a34b7051cc3cd95f313f
D:\skripsi\dataset_external\iqothnccd\The IQ-OTHNCCD lung cancer dataset\The IQ-OTHNCCD lung cancer dataset\Normal cases\Normal case (172).jpg,Normal case (172).jpg,no_cancer,72f678d77e0b70c14bdc3b63a3ced94e
D:\skripsi\dataset_external\iqothnccd\The IQ-OTHNCCD lung cancer dataset\The IQ-OTHNCCD lung cancer dataset\Normal cases\Normal case (173).jpg,Normal case (173).jpg,no_cancer,46070c7cb558b2bff1f677626a2f2ee2
D:\skripsi\dataset_external\iqothnccd\The IQ-OTHNCCD lung cancer dataset\The IQ-OTHNCCD lung cancer dataset\Normal cases\Normal case (174).jpg,Normal case (174).jpg,no_cancer,dafee5f719e56c410a87d7b81cec5af9
D:\skripsi\dataset_external\iqothnccd\The IQ-OTHNCCD lung cancer dataset\The IQ-OTHNCCD lung cancer dataset\Normal cases\Normal case (175).jpg,Normal case (175).jpg,no_cancer,1dd272cfdd04080a49538fb5f23e919a
D:\skripsi\dataset_external\iqothnccd\The IQ-OTHNCCD lung cancer dataset\The IQ-OTHNCCD lung cancer dataset\Normal cases\Normal case (176).jpg,Normal case (176).jpg,no_cancer,381d77ff8cf961d0d89c669dec6f10ad
D:\skripsi\dataset_external\iqothnccd\The IQ-OTHNCCD lung cancer dataset\The IQ-OTHNCCD lung cancer dataset\Normal cases\Normal case (177).jpg,Normal case (177).jpg,no_cancer,791a3fca9a8482052a2f9b5cb395f051
D:\skripsi\dataset_external\iqothnccd\The IQ-OTHNCCD lung cancer dataset\The IQ-OTHNCCD lung cancer dataset\Normal cases\Normal case (178).jpg,Normal case (178).jpg,no_cancer,f17f203239b5562df66edfc96f993049
D:\skripsi\dataset_external\iqothnccd\The IQ-OTHNCCD lung cancer dataset\The IQ-OTHNCCD lung cancer dataset\Normal cases\Normal case (179).jpg,Normal case (179).jpg,no_cancer,52e252ca6987c23e791862c6599e97da
D:\skripsi\dataset_external\iqothnccd\The IQ-OTHNCCD lung cancer dataset\The IQ-OTHNCCD lung cancer dataset\Normal cases\Normal case (18).jpg,Normal case (18).jpg,no_cancer,6ed4351a2f1ac56ad10a9aaac1c274dd
D:\skripsi\dataset_external\iqothnccd\The IQ-OTHNCCD lung cancer dataset\The IQ-OTHNCCD lung cancer dataset\Normal cases\Normal case (180).jpg,Normal case (180).jpg,no_cancer,9a6fa06117c66d727e46b2da3734bf0f
D:\skripsi\dataset_external\iqothnccd\The IQ-OTHNCCD lung cancer dataset\The IQ-OTHNCCD lung cancer dataset\Normal cases\Normal case (181).jpg,Normal case (181).jpg,no_cancer,e615403411fe954339847f575923e9cc
D:\skripsi\dataset_external\iqothnccd\The IQ-OTHNCCD lung cancer dataset\The IQ-OTHNCCD lung cancer dataset\Normal cases\Normal case (182).jpg,Normal case (182).jpg,no_cancer,34fdadb4ea683897b761e25c85f65b6f
D:\skripsi\dataset_external\iqothnccd\The IQ-OTHNCCD lung cancer dataset\The IQ-OTHNCCD lung cancer dataset\Normal cases\Normal case (183).jpg,Normal case (183).jpg,no_cancer,ed780a32db6228a3aeae840770cb904a
D:\skripsi\dataset_external\iqothnccd\The IQ-OTHNCCD lung cancer dataset\The IQ-OTHNCCD lung cancer dataset\Normal cases\Normal case (184).jpg,Normal case (184).jpg,no_cancer,e6b41f721ec8361e329fdb050fe72190
D:\skripsi\dataset_external\iqothnccd\The IQ-OTHNCCD lung cancer dataset\The IQ-OTHNCCD lung cancer dataset\Normal cases\Normal case (185).jpg,Normal case (185).jpg,no_cancer,ebcf68feeb1be0b52fa1bb219d10de46
D:\skripsi\dataset_external\iqothnccd\The IQ-OTHNCCD lung cancer dataset\The IQ-OTHNCCD lung cancer dataset\Normal cases\Normal case (186).jpg,Normal case (186).jpg,no_cancer,dc88618eee43de60fb96fc52bfa1e981
D:\skripsi\dataset_external\iqothnccd\The IQ-OTHNCCD lung cancer dataset\The IQ-OTHNCCD lung cancer dataset\Normal cases\Normal case (187).jpg,Normal case (187).jpg,no_cancer,09edad82494ef56b764c9e16ed006ce8
D:\skripsi\dataset_external\iqothnccd\The IQ-OTHNCCD lung cancer dataset\The IQ-OTHNCCD lung cancer dataset\Normal cases\Normal case (188).jpg,Normal case (188).jpg,no_cancer,5cd625ca26d81afc38da1a33c962834b
D:\skripsi\dataset_external\iqothnccd\The IQ-OTHNCCD lung cancer dataset\The IQ-OTHNCCD lung cancer dataset\Normal cases\Normal case (189).jpg,Normal case (189).jpg,no_cancer,be91832ce93636dd38f405238f6bd8a8
D:\skripsi\dataset_external\iqothnccd\The IQ-OTHNCCD lung cancer dataset\The IQ-OTHNCCD lung cancer dataset\Normal cases\Normal case (19).jpg,Normal case (19).jpg,no_cancer,f37deca3803f6794ef9ad17abb5103ea
D:\skripsi\dataset_external\iqothnccd\The IQ-OTHNCCD lung cancer dataset\The IQ-OTHNCCD lung cancer dataset\Normal cases\Normal case (190).jpg,Normal case (190).jpg,no_cancer,5c78f682d8a9797e7fea2b6b601abeb4
D:\skripsi\dataset_external\iqothnccd\The IQ-OTHNCCD lung cancer dataset\The IQ-OTHNCCD lung cancer dataset\Normal cases\Normal case (191).jpg,Normal case (191).jpg,no_cancer,8ea66219635a94fe9dc9941ca984541a
D:\skripsi\dataset_external\iqothnccd\The IQ-OTHNCCD lung cancer dataset\The IQ-OTHNCCD lung cancer dataset\Normal cases\Normal case (192).jpg,Normal case (192).jpg,no_cancer,b719be6173ab1a46fb7b66093a9bf7c3
D:\skripsi\dataset_external\iqothnccd\The IQ-OTHNCCD lung cancer dataset\The IQ-OTHNCCD lung cancer dataset\Normal cases\Normal case (193).jpg,Normal case (193).jpg,no_cancer,e9708d9abf00ba725f5ffc4553aae437
D:\skripsi\dataset_external\iqothnccd\The IQ-OTHNCCD lung cancer dataset\The IQ-OTHNCCD lung cancer dataset\Normal cases\Normal case (194).jpg,Normal case (194).jpg,no_cancer,39276d65353afa241fce963009088ed8
D:\skripsi\dataset_external\iqothnccd\The IQ-OTHNCCD lung cancer dataset\The IQ-OTHNCCD lung cancer dataset\Normal cases\Normal case (195).jpg,Normal case (195).jpg,no_cancer,ea1b7309c46812be5626bae5770a43a2
D:\skripsi\dataset_external\iqothnccd\The IQ-OTHNCCD lung cancer dataset\The IQ-OTHNCCD lung cancer dataset\Normal cases\Normal case (196).jpg,Normal case (196).jpg,no_cancer,8e09b5e03e275c58855dcd588bcd1590
D:\skripsi\dataset_external\iqothnccd\The IQ-OTHNCCD lung cancer dataset\The IQ-OTHNCCD lung cancer dataset\Normal cases\Normal case (197).jpg,Normal case (197).jpg,no_cancer,8b778e666a06df992d6f4beea4f95ccf
D:\skripsi\dataset_external\iqothnccd\The IQ-OTHNCCD lung cancer dataset\The IQ-OTHNCCD lung cancer dataset\Normal cases\Normal case (198).jpg,Normal case (198).jpg,no_cancer,6cdf3b8c22b6bbb4faafe6a6b70689d3
D:\skripsi\dataset_external\iqothnccd\The IQ-OTHNCCD lung cancer dataset\The IQ-OTHNCCD lung cancer dataset\Normal cases\Normal case (199).jpg,Normal case (199).jpg,no_cancer,478558518f03c9557b9258b8189b4b09
D:\skripsi\dataset_external\iqothnccd\The IQ-OTHNCCD lung cancer dataset\The IQ-OTHNCCD lung cancer dataset\Normal cases\Normal case (2).jpg,Normal case (2).jpg,no_cancer,0f70fd9be97ae9edce5af873d7bb81e7
D:\skripsi\dataset_external\iqothnccd\The IQ-OTHNCCD lung cancer dataset\The IQ-OTHNCCD lung cancer dataset\Normal cases\Normal case (20).jpg,Normal case (20).jpg,no_cancer,39f5b1fd83a5a7e0b299dda0a4561505
D:\skripsi\dataset_external\iqothnccd\The IQ-OTHNCCD lung cancer dataset\The IQ-OTHNCCD lung cancer dataset\Normal cases\Normal case (200).jpg,Normal case (200).jpg,no_cancer,76fa4b2080326bc0692fe236c28e8a2b
D:\skripsi\dataset_external\iqothnccd\The IQ-OTHNCCD lung cancer dataset\The IQ-OTHNCCD lung cancer dataset\Normal cases\Normal case (201).jpg,Normal case (201).jpg,no_cancer,75b2db56e5d2e802b700bdd4976c488b
D:\skripsi\dataset_external\iqothnccd\The IQ-OTHNCCD lung cancer dataset\The IQ-OTHNCCD lung cancer dataset\Normal cases\Normal case (202).jpg,Normal case (202).jpg,no_cancer,4944a49ce5edf42ee0b86d7fa001ef11
D:\skripsi\dataset_external\iqothnccd\The IQ-OTHNCCD lung cancer dataset\The IQ-OTHNCCD lung cancer dataset\Normal cases\Normal case (203).jpg,Normal case (203).jpg,no_cancer,0b8a36c88b1126d25fcc4e5c5749e2ae
D:\skripsi\dataset_external\iqothnccd\The IQ-OTHNCCD lung cancer dataset\The IQ-OTHNCCD lung cancer dataset\Normal cases\Normal case (204).jpg,Normal case (204).jpg,no_cancer,2b6a18e7624e8ea9454fffbab8fce811
D:\skripsi\dataset_external\iqothnccd\The IQ-OTHNCCD lung cancer dataset\The IQ-OTHNCCD lung cancer dataset\Normal cases\Normal case (205).jpg,Normal case (205).jpg,no_cancer,bd902ed3c3746559a15a715116971317
D:\skripsi\dataset_external\iqothnccd\The IQ-OTHNCCD lung cancer dataset\The IQ-OTHNCCD lung cancer dataset\Normal cases\Normal case (206).jpg,Normal case (206).jpg,no_cancer,8c297c967296df093d23dda48eada0a2
D:\skripsi\dataset_external\iqothnccd\The IQ-OTHNCCD lung cancer dataset\The IQ-OTHNCCD lung cancer dataset\Normal cases\Normal case (207).jpg,Normal case (207).jpg,no_cancer,0ac971c8e7c6f6d1c4ec8f1b5f477060
D:\skripsi\dataset_external\iqothnccd\The IQ-OTHNCCD lung cancer dataset\The IQ-OTHNCCD lung cancer dataset\Normal cases\Normal case (208).jpg,Normal case (208).jpg,no_cancer,63d61592e7bf6c51a1ed364f3ced01e4
D:\skripsi\dataset_external\iqothnccd\The IQ-OTHNCCD lung cancer dataset\The IQ-OTHNCCD lung cancer dataset\Normal cases\Normal case (209).jpg,Normal case (209).jpg,no_cancer,179799f2b9d6c7d3e1d92603e96bdc88
D:\skripsi\dataset_external\iqothnccd\The IQ-OTHNCCD lung cancer dataset\The IQ-OTHNCCD lung cancer dataset\Normal cases\Normal case (21).jpg,Normal case (21).jpg,no_cancer,41f0d78aef58b87e0f23975cb69021d7
D:\skripsi\dataset_external\iqothnccd\The IQ-OTHNCCD lung cancer dataset\The IQ-OTHNCCD lung cancer dataset\Normal cases\Normal case (210).jpg,Normal case (210).jpg,no_cancer,5979240ad66b154595d146d7321d4764
D:\skripsi\dataset_external\iqothnccd\The IQ-OTHNCCD lung cancer dataset\The IQ-OTHNCCD lung cancer dataset\Normal cases\Normal case (211).jpg,Normal case (211).jpg,no_cancer,eb3c967e49c73d6a1e2fd6b3c1f60e5d
D:\skripsi\dataset_external\iqothnccd\The IQ-OTHNCCD lung cancer dataset\The IQ-OTHNCCD lung cancer dataset\Normal cases\Normal case (212).jpg,Normal case (212).jpg,no_cancer,09ab9d77ad0ae4914767f04ded8161eb
D:\skripsi\dataset_external\iqothnccd\The IQ-OTHNCCD lung cancer dataset\The IQ-OTHNCCD lung cancer dataset\Normal cases\Normal case (213).jpg,Normal case (213).jpg,no_cancer,18e170bef9dec60e41ad068098428352
D:\skripsi\dataset_external\iqothnccd\The IQ-OTHNCCD lung cancer dataset\The IQ-OTHNCCD lung cancer dataset\Normal cases\Normal case (214).jpg,Normal case (214).jpg,no_cancer,33b14d1f17e68327cbb9420116369efa
D:\skripsi\dataset_external\iqothnccd\The IQ-OTHNCCD lung cancer dataset\The IQ-OTHNCCD lung cancer dataset\Normal cases\Normal case (215).jpg,Normal case (215).jpg,no_cancer,5ae9a3b741cc6997c1be4987f2471550
D:\skripsi\dataset_external\iqothnccd\The IQ-OTHNCCD lung cancer dataset\The IQ-OTHNCCD lung cancer dataset\Normal cases\Normal case (216).jpg,Normal case (216).jpg,no_cancer,8a9fbca6a3bafbe59d173c7f63618ed8
D:\skripsi\dataset_external\iqothnccd\The IQ-OTHNCCD lung cancer dataset\The IQ-OTHNCCD lung cancer dataset\Normal cases\Normal case (217).jpg,Normal case (217).jpg,no_cancer,96b9f396dd70c71219e6af72b3606aa1
D:\skripsi\dataset_external\iqothnccd\The IQ-OTHNCCD lung cancer dataset\The IQ-OTHNCCD lung cancer dataset\Normal cases\Normal case (218).jpg,Normal case (218).jpg,no_cancer,5a746a64c4487447bec73c0f03a9dc93
D:\skripsi\dataset_external\iqothnccd\The IQ-OTHNCCD lung cancer dataset\The IQ-OTHNCCD lung cancer dataset\Normal cases\Normal case (219).jpg,Normal case (219).jpg,no_cancer,09da6256e41283aa68bfa83fb78b7330
D:\skripsi\dataset_external\iqothnccd\The IQ-OTHNCCD lung cancer dataset\The IQ-OTHNCCD lung cancer dataset\Normal cases\Normal case (22).jpg,Normal case (22).jpg,no_cancer,c19aecd80c519844759c06d3ceb4b076
D:\skripsi\dataset_external\iqothnccd\The IQ-OTHNCCD lung cancer dataset\The IQ-OTHNCCD lung cancer dataset\Normal cases\Normal case (220).jpg,Normal case (220).jpg,no_cancer,62a1665f8b8a828841ed955b480f09e1
D:\skripsi\dataset_external\iqothnccd\The IQ-OTHNCCD lung cancer dataset\The IQ-OTHNCCD lung cancer dataset\Normal cases\Normal case (221).jpg,Normal case (221).jpg,no_cancer,102ebd6af0b6eee451b37ec45d8c74d3
D:\skripsi\dataset_external\iqothnccd\The IQ-OTHNCCD lung cancer dataset\The IQ-OTHNCCD lung cancer dataset\Normal cases\Normal case (222).jpg,Normal case (222).jpg,no_cancer,cdf753ca539b364d87abb8a887b7185e
D:\skripsi\dataset_external\iqothnccd\The IQ-OTHNCCD lung cancer dataset\The IQ-OTHNCCD lung cancer dataset\Normal cases\Normal case (223).jpg,Normal case (223).jpg,no_cancer,38bd7b4a57ca467e173bd4cee72e7c33
D:\skripsi\dataset_external\iqothnccd\The IQ-OTHNCCD lung cancer dataset\The IQ-OTHNCCD lung cancer dataset\Normal cases\Normal case (224).jpg,Normal case (224).jpg,no_cancer,4b15f438a767ccf1240fe6fea55c96e1
D:\skripsi\dataset_external\iqothnccd\The IQ-OTHNCCD lung cancer dataset\The IQ-OTHNCCD lung cancer dataset\Normal cases\Normal case (225).jpg,Normal case (225).jpg,no_cancer,f6d6b15c88a1a63145fea2fad9a5c3a2
D:\skripsi\dataset_external\iqothnccd\The IQ-OTHNCCD lung cancer dataset\The IQ-OTHNCCD lung cancer dataset\Normal cases\Normal case (226).jpg,Normal case (226).jpg,no_cancer,0082a00a142ccd5af0b2f95555f329c6
D:\skripsi\dataset_external\iqothnccd\The IQ-OTHNCCD lung cancer dataset\The IQ-OTHNCCD lung cancer dataset\Normal cases\Normal case (227).jpg,Normal case (227).jpg,no_cancer,ec33c019cc7de2a1d4b80132f5202148
D:\skripsi\dataset_external\iqothnccd\The IQ-OTHNCCD lung cancer dataset\The IQ-OTHNCCD lung cancer dataset\Normal cases\Normal case (228).jpg,Normal case (228).jpg,no_cancer,2bfe1b698f70a19340ff56760bf64104
D:\skripsi\dataset_external\iqothnccd\The IQ-OTHNCCD lung cancer dataset\The IQ-OTHNCCD lung cancer dataset\Normal cases\Normal case (229).jpg,Normal case (229).jpg,no_cancer,5e54b5f19dae5b7981cc001b514ce0d2
D:\skripsi\dataset_external\iqothnccd\The IQ-OTHNCCD lung cancer dataset\The IQ-OTHNCCD lung cancer dataset\Normal cases\Normal case (23).jpg,Normal case (23).jpg,no_cancer,728322a39abe0d49a2cc329d3f377377
D:\skripsi\dataset_external\iqothnccd\The IQ-OTHNCCD lung cancer dataset\The IQ-OTHNCCD lung cancer dataset\Normal cases\Normal case (230).jpg,Normal case (230).jpg,no_cancer,47da1ecc5517894ebd7f2f35046f37d0
D:\skripsi\dataset_external\iqothnccd\The IQ-OTHNCCD lung cancer dataset\The IQ-OTHNCCD lung cancer dataset\Normal cases\Normal case (231).jpg,Normal case (231).jpg,no_cancer,0f9a3e144f463bb762450c93612da143
D:\skripsi\dataset_external\iqothnccd\The IQ-OTHNCCD lung cancer dataset\The IQ-OTHNCCD lung cancer dataset\Normal cases\Normal case (232).jpg,Normal case (232).jpg,no_cancer,ea50b0cdac267b07aad4300d231c790f
D:\skripsi\dataset_external\iqothnccd\The IQ-OTHNCCD lung cancer dataset\The IQ-OTHNCCD lung cancer dataset\Normal cases\Normal case (233).jpg,Normal case (233).jpg,no_cancer,de38b99812349f295094b08dc2ca7f79
D:\skripsi\dataset_external\iqothnccd\The IQ-OTHNCCD lung cancer dataset\The IQ-OTHNCCD lung cancer dataset\Normal cases\Normal case (234).jpg,Normal case (234).jpg,no_cancer,f5b3f3727cc96fdf5a05d6b1c5ee2eba
D:\skripsi\dataset_external\iqothnccd\The IQ-OTHNCCD lung cancer dataset\The IQ-OTHNCCD lung cancer dataset\Normal cases\Normal case (235).jpg,Normal case (235).jpg,no_cancer,9e59e6b076790026666c889b6caf5b30
D:\skripsi\dataset_external\iqothnccd\The IQ-OTHNCCD lung cancer dataset\The IQ-OTHNCCD lung cancer dataset\Normal cases\Normal case (236).jpg,Normal case (236).jpg,no_cancer,63e9a181a4deca4b6a4b2457988e47ce
D:\skripsi\dataset_external\iqothnccd\The IQ-OTHNCCD lung cancer dataset\The IQ-OTHNCCD lung cancer dataset\Normal cases\Normal case (237).jpg,Normal case (237).jpg,no_cancer,bc85e35bc7536db81364cee811bec38e
D:\skripsi\dataset_external\iqothnccd\The IQ-OTHNCCD lung cancer dataset\The IQ-OTHNCCD lung cancer dataset\Normal cases\Normal case (238).jpg,Normal case (238).jpg,no_cancer,b847b7b80a4a81b974af253470811aa2
D:\skripsi\dataset_external\iqothnccd\The IQ-OTHNCCD lung cancer dataset\The IQ-OTHNCCD lung cancer dataset\Normal cases\Normal case (239).jpg,Normal case (239).jpg,no_cancer,8157d5184b38e40b7a0e7d73b545ea1c
D:\skripsi\dataset_external\iqothnccd\The IQ-OTHNCCD lung cancer dataset\The IQ-OTHNCCD lung cancer dataset\Normal cases\Normal case (24).jpg,Normal case (24).jpg,no_cancer,bd9fa7392e89b0a1ac3e79e27e00fa43
D:\skripsi\dataset_external\iqothnccd\The IQ-OTHNCCD lung cancer dataset\The IQ-OTHNCCD lung cancer dataset\Normal cases\Normal case (240).jpg,Normal case (240).jpg,no_cancer,b864af055b5ed2b5de1848327465a64c
D:\skripsi\dataset_external\iqothnccd\The IQ-OTHNCCD lung cancer dataset\The IQ-OTHNCCD lung cancer dataset\Normal cases\Normal case (241).jpg,Normal case (241).jpg,no_cancer,13be297ed1647a14107fd93e4bc53d14
D:\skripsi\dataset_external\iqothnccd\The IQ-OTHNCCD lung cancer dataset\The IQ-OTHNCCD lung cancer dataset\Normal cases\Normal case (242).jpg,Normal case (242).jpg,no_cancer,3bc25ccffb27e2f77b0c7391408a70c0
D:\skripsi\dataset_external\iqothnccd\The IQ-OTHNCCD lung cancer dataset\The IQ-OTHNCCD lung cancer dataset\Normal cases\Normal case (243).jpg,Normal case (243).jpg,no_cancer,855d85a228c278675a3b40f2ff339560
D:\skripsi\dataset_external\iqothnccd\The IQ-OTHNCCD lung cancer dataset\The IQ-OTHNCCD lung cancer dataset\Normal cases\Normal case (244).jpg,Normal case (244).jpg,no_cancer,dcecb1c50d304c8815b41564266cb150
D:\skripsi\dataset_external\iqothnccd\The IQ-OTHNCCD lung cancer dataset\The IQ-OTHNCCD lung cancer dataset\Normal cases\Normal case (245).jpg,Normal case (245).jpg,no_cancer,85ea8c0a647aa46d824a687bf69f6d09
D:\skripsi\dataset_external\iqothnccd\The IQ-OTHNCCD lung cancer dataset\The IQ-OTHNCCD lung cancer dataset\Normal cases\Normal case (246).jpg,Normal case (246).jpg,no_cancer,412148ec2520c96787ad147fa5230b5b
D:\skripsi\dataset_external\iqothnccd\The IQ-OTHNCCD lung cancer dataset\The IQ-OTHNCCD lung cancer dataset\Normal cases\Normal case (247).jpg,Normal case (247).jpg,no_cancer,a7f7f89ec953982d15f816cb1975e0b9
D:\skripsi\dataset_external\iqothnccd\The IQ-OTHNCCD lung cancer dataset\The IQ-OTHNCCD lung cancer dataset\Normal cases\Normal case (248).jpg,Normal case (248).jpg,no_cancer,2a439e884b9f51e18614bda7c48d4be5
D:\skripsi\dataset_external\iqothnccd\The IQ-OTHNCCD lung cancer dataset\The IQ-OTHNCCD lung cancer dataset\Normal cases\Normal case (249).jpg,Normal case (249).jpg,no_cancer,92095d5f2bebde5f7691d71a13142f80
D:\skripsi\dataset_external\iqothnccd\The IQ-OTHNCCD lung cancer dataset\The IQ-OTHNCCD lung cancer dataset\Normal cases\Normal case (25).jpg,Normal case (25).jpg,no_cancer,505e5f13e2c9cc37ff3ea2c1c24337e7
D:\skripsi\dataset_external\iqothnccd\The IQ-OTHNCCD lung cancer dataset\The IQ-OTHNCCD lung cancer dataset\Normal cases\Normal case (250).jpg,Normal case (250).jpg,no_cancer,e52e354624ca9234d5cdfa1e166c422c
D:\skripsi\dataset_external\iqothnccd\The IQ-OTHNCCD lung cancer dataset\The IQ-OTHNCCD lung cancer dataset\Normal cases\Normal case (251).jpg,Normal case (251).jpg,no_cancer,093d90027f6e090332da953521d6c291
D:\skripsi\dataset_external\iqothnccd\The IQ-OTHNCCD lung cancer dataset\The IQ-OTHNCCD lung cancer dataset\Normal cases\Normal case (252).jpg,Normal case (252).jpg,no_cancer,a66720ba467fc744194424bcd977d4d7
D:\skripsi\dataset_external\iqothnccd\The IQ-OTHNCCD lung cancer dataset\The IQ-OTHNCCD lung cancer dataset\Normal cases\Normal case (253).jpg,Normal case (253).jpg,no_cancer,292ddc78df6ee972a83baf0ea3f0e2cd
D:\skripsi\dataset_external\iqothnccd\The IQ-OTHNCCD lung cancer dataset\The IQ-OTHNCCD lung cancer dataset\Normal cases\Normal case (254).jpg,Normal case (254).jpg,no_cancer,c3955b01a416f87e0bea56d0fa4a7ac3
D:\skripsi\dataset_external\iqothnccd\The IQ-OTHNCCD lung cancer dataset\The IQ-OTHNCCD lung cancer dataset\Normal cases\Normal case (255).jpg,Normal case (255).jpg,no_cancer,c750ecaaaad6ac3a6dcf2fc1e3ffc9b3
D:\skripsi\dataset_external\iqothnccd\The IQ-OTHNCCD lung cancer dataset\The IQ-OTHNCCD lung cancer dataset\Normal cases\Normal case (256).jpg,Normal case (256).jpg,no_cancer,6921172d26f2bf3bed03de4a3e4f53b7
D:\skripsi\dataset_external\iqothnccd\The IQ-OTHNCCD lung cancer dataset\The IQ-OTHNCCD lung cancer dataset\Normal cases\Normal case (257).jpg,Normal case (257).jpg,no_cancer,7e6af0829979348bff944962725b59f3
D:\skripsi\dataset_external\iqothnccd\The IQ-OTHNCCD lung cancer dataset\The IQ-OTHNCCD lung cancer dataset\Normal cases\Normal case (258).jpg,Normal case (258).jpg,no_cancer,4de32a6848d10f2b3acb4d3ad07f13f9
D:\skripsi\dataset_external\iqothnccd\The IQ-OTHNCCD lung cancer dataset\The IQ-OTHNCCD lung cancer dataset\Normal cases\Normal case (259).jpg,Normal case (259).jpg,no_cancer,b83f80697ac860eb1d98d7efd3bcac0b
D:\skripsi\dataset_external\iqothnccd\The IQ-OTHNCCD lung cancer dataset\The IQ-OTHNCCD lung cancer dataset\Normal cases\Normal case (26).jpg,Normal case (26).jpg,no_cancer,7413c1f6f529236ce3aac6ebc7e8a810
D:\skripsi\dataset_external\iqothnccd\The IQ-OTHNCCD lung cancer dataset\The IQ-OTHNCCD lung cancer dataset\Normal cases\Normal case (260).jpg,Normal case (260).jpg,no_cancer,58494ff6d031e1c4d21279643bbf6525
D:\skripsi\dataset_external\iqothnccd\The IQ-OTHNCCD lung cancer dataset\The IQ-OTHNCCD lung cancer dataset\Normal cases\Normal case (261).jpg,Normal case (261).jpg,no_cancer,a44f3ba72e436415a532bfe3c885ad0d
D:\skripsi\dataset_external\iqothnccd\The IQ-OTHNCCD lung cancer dataset\The IQ-OTHNCCD lung cancer dataset\Normal cases\Normal case (262).jpg,Normal case (262).jpg,no_cancer,145c466b550694a96440542b0ca3c7ea
D:\skripsi\dataset_external\iqothnccd\The IQ-OTHNCCD lung cancer dataset\The IQ-OTHNCCD lung cancer dataset\Normal cases\Normal case (263).jpg,Normal case (263).jpg,no_cancer,c8795af84e60eff5102c2908c19fffae
D:\skripsi\dataset_external\iqothnccd\The IQ-OTHNCCD lung cancer dataset\The IQ-OTHNCCD lung cancer dataset\Normal cases\Normal case (264).jpg,Normal case (264).jpg,no_cancer,b4f69ab140d92baf2bcd5f8c0569d293
D:\skripsi\dataset_external\iqothnccd\The IQ-OTHNCCD lung cancer dataset\The IQ-OTHNCCD lung cancer dataset\Normal cases\Normal case (265).jpg,Normal case (265).jpg,no_cancer,1eabf63bdce891daae6372ce1fdb9c83
D:\skripsi\dataset_external\iqothnccd\The IQ-OTHNCCD lung cancer dataset\The IQ-OTHNCCD lung cancer dataset\Normal cases\Normal case (266).jpg,Normal case (266).jpg,no_cancer,17a27d76affa2c2d4a070bd5c9da9675
D:\skripsi\dataset_external\iqothnccd\The IQ-OTHNCCD lung cancer dataset\The IQ-OTHNCCD lung cancer dataset\Normal cases\Normal case (267).jpg,Normal case (267).jpg,no_cancer,aa704c165f6a93890bafdcf5bff65c0b
D:\skripsi\dataset_external\iqothnccd\The IQ-OTHNCCD lung cancer dataset\The IQ-OTHNCCD lung cancer dataset\Normal cases\Normal case (268).jpg,Normal case (268).jpg,no_cancer,edceebd158d6ed4b1fff946dd193a78f
D:\skripsi\dataset_external\iqothnccd\The IQ-OTHNCCD lung cancer dataset\The IQ-OTHNCCD lung cancer dataset\Normal cases\Normal case (269).jpg,Normal case (269).jpg,no_cancer,bc57479efc00738c52d4eb7538864926
D:\skripsi\dataset_external\iqothnccd\The IQ-OTHNCCD lung cancer dataset\The IQ-OTHNCCD lung cancer dataset\Normal cases\Normal case (27).jpg,Normal case (27).jpg,no_cancer,09149203bb3af13b78769f18acceb634
D:\skripsi\dataset_external\iqothnccd\The IQ-OTHNCCD lung cancer dataset\The IQ-OTHNCCD lung cancer dataset\Normal cases\Normal case (270).jpg,Normal case (270).jpg,no_cancer,e2a5b24c261b1a824d4cb67a43d97231
D:\skripsi\dataset_external\iqothnccd\The IQ-OTHNCCD lung cancer dataset\The IQ-OTHNCCD lung cancer dataset\Normal cases\Normal case (271).jpg,Normal case (271).jpg,no_cancer,b7b0bc85b3184c684364d4c46449da06
D:\skripsi\dataset_external\iqothnccd\The IQ-OTHNCCD lung cancer dataset\The IQ-OTHNCCD lung cancer dataset\Normal cases\Normal case (272).jpg,Normal case (272).jpg,no_cancer,3aca0f5d8fcfb055f1a7592f981e32c4
D:\skripsi\dataset_external\iqothnccd\The IQ-OTHNCCD lung cancer dataset\The IQ-OTHNCCD lung cancer dataset\Normal cases\Normal case (273).jpg,Normal case (273).jpg,no_cancer,a998fbf08e69af1e203fb4e9958955d2
D:\skripsi\dataset_external\iqothnccd\The IQ-OTHNCCD lung cancer dataset\The IQ-OTHNCCD lung cancer dataset\Normal cases\Normal case (274).jpg,Normal case (274).jpg,no_cancer,b951555745b5eb3877d59eb8981d01fa
D:\skripsi\dataset_external\iqothnccd\The IQ-OTHNCCD lung cancer dataset\The IQ-OTHNCCD lung cancer dataset\Normal cases\Normal case (275).jpg,Normal case (275).jpg,no_cancer,e4f1ddf64113b91f6a249e0221805edd
D:\skripsi\dataset_external\iqothnccd\The IQ-OTHNCCD lung cancer dataset\The IQ-OTHNCCD lung cancer dataset\Normal cases\Normal case (276).jpg,Normal case (276).jpg,no_cancer,8707297f8d29364ca3120926a753dfce
D:\skripsi\dataset_external\iqothnccd\The IQ-OTHNCCD lung cancer dataset\The IQ-OTHNCCD lung cancer dataset\Normal cases\Normal case (277).jpg,Normal case (277).jpg,no_cancer,a20cf88c1ec6ae61d46f8a703f57c0b3
D:\skripsi\dataset_external\iqothnccd\The IQ-OTHNCCD lung cancer dataset\The IQ-OTHNCCD lung cancer dataset\Normal cases\Normal case (278).jpg,Normal case (278).jpg,no_cancer,492714361fc1a8c98d2271121f0b8207
D:\skripsi\dataset_external\iqothnccd\The IQ-OTHNCCD lung cancer dataset\The IQ-OTHNCCD lung cancer dataset\Normal cases\Normal case (279).jpg,Normal case (279).jpg,no_cancer,eea1b5f71f133796e0a098ecb9d6022d
D:\skripsi\dataset_external\iqothnccd\The IQ-OTHNCCD lung cancer dataset\The IQ-OTHNCCD lung cancer dataset\Normal cases\Normal case (28).jpg,Normal case (28).jpg,no_cancer,fda732c42bd6767d670cb5de2ca83b56
D:\skripsi\dataset_external\iqothnccd\The IQ-OTHNCCD lung cancer dataset\The IQ-OTHNCCD lung cancer dataset\Normal cases\Normal case (280).jpg,Normal case (280).jpg,no_cancer,13f25c5af26606ea1ca325f04f38ee36
D:\skripsi\dataset_external\iqothnccd\The IQ-OTHNCCD lung cancer dataset\The IQ-OTHNCCD lung cancer dataset\Normal cases\Normal case (281).jpg,Normal case (281).jpg,no_cancer,7e4ff48aa84da5b0bda7f15de3bdd0a3
D:\skripsi\dataset_external\iqothnccd\The IQ-OTHNCCD lung cancer dataset\The IQ-OTHNCCD lung cancer dataset\Normal cases\Normal case (282).jpg,Normal case (282).jpg,no_cancer,77a3fba156d7274aeb44374977110c62
D:\skripsi\dataset_external\iqothnccd\The IQ-OTHNCCD lung cancer dataset\The IQ-OTHNCCD lung cancer dataset\Normal cases\Normal case (283).jpg,Normal case (283).jpg,no_cancer,9e68b68ca34c9209bc8237060a5d1e70
D:\skripsi\dataset_external\iqothnccd\The IQ-OTHNCCD lung cancer dataset\The IQ-OTHNCCD lung cancer dataset\Normal cases\Normal case (284).jpg,Normal case (284).jpg,no_cancer,6487ea62a1d04a8170da21c5283aeb71
D:\skripsi\dataset_external\iqothnccd\The IQ-OTHNCCD lung cancer dataset\The IQ-OTHNCCD lung cancer dataset\Normal cases\Normal case (285).jpg,Normal case (285).jpg,no_cancer,6a46625ec08a8975bf8ef6c2bd21dcb4
D:\skripsi\dataset_external\iqothnccd\The IQ-OTHNCCD lung cancer dataset\The IQ-OTHNCCD lung cancer dataset\Normal cases\Normal case (286).jpg,Normal case (286).jpg,no_cancer,e6a1552c7ace70dbe5240607bd72ed22
D:\skripsi\dataset_external\iqothnccd\The IQ-OTHNCCD lung cancer dataset\The IQ-OTHNCCD lung cancer dataset\Normal cases\Normal case (287).jpg,Normal case (287).jpg,no_cancer,17a0c146c4bdb59088937fd0a329251d
D:\skripsi\dataset_external\iqothnccd\The IQ-OTHNCCD lung cancer dataset\The IQ-OTHNCCD lung cancer dataset\Normal cases\Normal case (288).jpg,Normal case (288).jpg,no_cancer,d4bae94210e12f440484bbc7a6b867bc
D:\skripsi\dataset_external\iqothnccd\The IQ-OTHNCCD lung cancer dataset\The IQ-OTHNCCD lung cancer dataset\Normal cases\Normal case (289).jpg,Normal case (289).jpg,no_cancer,c91072094a373424efb25270406987f7
D:\skripsi\dataset_external\iqothnccd\The IQ-OTHNCCD lung cancer dataset\The IQ-OTHNCCD lung cancer dataset\Normal cases\Normal case (29).jpg,Normal case (29).jpg,no_cancer,80a14fac1ac5124f1757e1ed65066dd8
D:\skripsi\dataset_external\iqothnccd\The IQ-OTHNCCD lung cancer dataset\The IQ-OTHNCCD lung cancer dataset\Normal cases\Normal case (290).jpg,Normal case (290).jpg,no_cancer,be4dedf1064c67300640f2c64c7431e4
D:\skripsi\dataset_external\iqothnccd\The IQ-OTHNCCD lung cancer dataset\The IQ-OTHNCCD lung cancer dataset\Normal cases\Normal case (291).jpg,Normal case (291).jpg,no_cancer,46af8b31b7580f25a8269a9b96a1d296
D:\skripsi\dataset_external\iqothnccd\The IQ-OTHNCCD lung cancer dataset\The IQ-OTHNCCD lung cancer dataset\Normal cases\Normal case (292).jpg,Normal case (292).jpg,no_cancer,0971611c05a22e45d4a0e5173bcbf892
D:\skripsi\dataset_external\iqothnccd\The IQ-OTHNCCD lung cancer dataset\The IQ-OTHNCCD lung cancer dataset\Normal cases\Normal case (293).jpg,Normal case (293).jpg,no_cancer,6f69492cdf138a84454bf92d07b2f0a7
D:\skripsi\dataset_external\iqothnccd\The IQ-OTHNCCD lung cancer dataset\The IQ-OTHNCCD lung cancer dataset\Normal cases\Normal case (294).jpg,Normal case (294).jpg,no_cancer,49905c3206637a6c0d40423a99858b16
D:\skripsi\dataset_external\iqothnccd\The IQ-OTHNCCD lung cancer dataset\The IQ-OTHNCCD lung cancer dataset\Normal cases\Normal case (295).jpg,Normal case (295).jpg,no_cancer,64f767cdddc30c36dbcf0eeeca3e3638
D:\skripsi\dataset_external\iqothnccd\The IQ-OTHNCCD lung cancer dataset\The IQ-OTHNCCD lung cancer dataset\Normal cases\Normal case (296).jpg,Normal case (296).jpg,no_cancer,57ff086cc09ddab583465ceda41ab8a5
D:\skripsi\dataset_external\iqothnccd\The IQ-OTHNCCD lung cancer dataset\The IQ-OTHNCCD lung cancer dataset\Normal cases\Normal case (297).jpg,Normal case (297).jpg,no_cancer,f3d185343eacadff1059e5b2e677e3c6
D:\skripsi\dataset_external\iqothnccd\The IQ-OTHNCCD lung cancer dataset\The IQ-OTHNCCD lung cancer dataset\Normal cases\Normal case (298).jpg,Normal case (298).jpg,no_cancer,dce42266fc3c9f23302c657daee487db
D:\skripsi\dataset_external\iqothnccd\The IQ-OTHNCCD lung cancer dataset\The IQ-OTHNCCD lung cancer dataset\Normal cases\Normal case (299).jpg,Normal case (299).jpg,no_cancer,fb16481cc377294c4a5d1cfc96568cfb
D:\skripsi\dataset_external\iqothnccd\The IQ-OTHNCCD lung cancer dataset\The IQ-OTHNCCD lung cancer dataset\Normal cases\Normal case (3).jpg,Normal case (3).jpg,no_cancer,52eb70f3bc3f4b5adec00a48385d5bf8
D:\skripsi\dataset_external\iqothnccd\The IQ-OTHNCCD lung cancer dataset\The IQ-OTHNCCD lung cancer dataset\Normal cases\Normal case (30).jpg,Normal case (30).jpg,no_cancer,1546610ca6366f53cecb90923064fb2f
D:\skripsi\dataset_external\iqothnccd\The IQ-OTHNCCD lung cancer dataset\The IQ-OTHNCCD lung cancer dataset\Normal cases\Normal case (300).jpg,Normal case (300).jpg,no_cancer,4cd0b896dd442f590d8e95c66206e440
D:\skripsi\dataset_external\iqothnccd\The IQ-OTHNCCD lung cancer dataset\The IQ-OTHNCCD lung cancer dataset\Normal cases\Normal case (301).jpg,Normal case (301).jpg,no_cancer,29f13306df30051b0e45d1719c66d436
D:\skripsi\dataset_external\iqothnccd\The IQ-OTHNCCD lung cancer dataset\The IQ-OTHNCCD lung cancer dataset\Normal cases\Normal case (302).jpg,Normal case (302).jpg,no_cancer,41f9047e679ac015327a0f22c454457f
D:\skripsi\dataset_external\iqothnccd\The IQ-OTHNCCD lung cancer dataset\The IQ-OTHNCCD lung cancer dataset\Normal cases\Normal case (303).jpg,Normal case (303).jpg,no_cancer,3019ba637aa91a48916a0ee7fe22af4f
D:\skripsi\dataset_external\iqothnccd\The IQ-OTHNCCD lung cancer dataset\The IQ-OTHNCCD lung cancer dataset\Normal cases\Normal case (304).jpg,Normal case (304).jpg,no_cancer,d4ce8e68feabeb9396d79923ea2466e7
D:\skripsi\dataset_external\iqothnccd\The IQ-OTHNCCD lung cancer dataset\The IQ-OTHNCCD lung cancer dataset\Normal cases\Normal case (305).jpg,Normal case (305).jpg,no_cancer,a7d08fdc954701f17177a5b57d750f04
D:\skripsi\dataset_external\iqothnccd\The IQ-OTHNCCD lung cancer dataset\The IQ-OTHNCCD lung cancer dataset\Normal cases\Normal case (306).jpg,Normal case (306).jpg,no_cancer,6dfb044df1aaff29968b145800768101
D:\skripsi\dataset_external\iqothnccd\The IQ-OTHNCCD lung cancer dataset\The IQ-OTHNCCD lung cancer dataset\Normal cases\Normal case (307).jpg,Normal case (307).jpg,no_cancer,758e2811f26e75c6de08c2f8f8b126e0
D:\skripsi\dataset_external\iqothnccd\The IQ-OTHNCCD lung cancer dataset\The IQ-OTHNCCD lung cancer dataset\Normal cases\Normal case (308).jpg,Normal case (308).jpg,no_cancer,9d6bbf632db570dae76f8b52d39f5439
D:\skripsi\dataset_external\iqothnccd\The IQ-OTHNCCD lung cancer dataset\The IQ-OTHNCCD lung cancer dataset\Normal cases\Normal case (309).jpg,Normal case (309).jpg,no_cancer,64d39f617fab36b35dffe3b23a7c4c53
D:\skripsi\dataset_external\iqothnccd\The IQ-OTHNCCD lung cancer dataset\The IQ-OTHNCCD lung cancer dataset\Normal cases\Normal case (31).jpg,Normal case (31).jpg,no_cancer,fbe111da96c92c7ccd6366a0fba2ffcd
D:\skripsi\dataset_external\iqothnccd\The IQ-OTHNCCD lung cancer dataset\The IQ-OTHNCCD lung cancer dataset\Normal cases\Normal case (310).jpg,Normal case (310).jpg,no_cancer,01c39ad6668a6015ab2cd62d1f15fe7a
D:\skripsi\dataset_external\iqothnccd\The IQ-OTHNCCD lung cancer dataset\The IQ-OTHNCCD lung cancer dataset\Normal cases\Normal case (311).jpg,Normal case (311).jpg,no_cancer,0812a8b9f7d8958971eda71c6f534d90
D:\skripsi\dataset_external\iqothnccd\The IQ-OTHNCCD lung cancer dataset\The IQ-OTHNCCD lung cancer dataset\Normal cases\Normal case (312).jpg,Normal case (312).jpg,no_cancer,b83ad2bcc1c95c8e1d85a9a92d14bf31
D:\skripsi\dataset_external\iqothnccd\The IQ-OTHNCCD lung cancer dataset\The IQ-OTHNCCD lung cancer dataset\Normal cases\Normal case (313).jpg,Normal case (313).jpg,no_cancer,0f43324e656158690631fd7f68ff8f0d
D:\skripsi\dataset_external\iqothnccd\The IQ-OTHNCCD lung cancer dataset\The IQ-OTHNCCD lung cancer dataset\Normal cases\Normal case (314).jpg,Normal case (314).jpg,no_cancer,088a3567ca2526ad8a28d0f27febd163
D:\skripsi\dataset_external\iqothnccd\The IQ-OTHNCCD lung cancer dataset\The IQ-OTHNCCD lung cancer dataset\Normal cases\Normal case (315).jpg,Normal case (315).jpg,no_cancer,0b254ddc1dba5641381cd6e8ba2bc2ca
D:\skripsi\dataset_external\iqothnccd\The IQ-OTHNCCD lung cancer dataset\The IQ-OTHNCCD lung cancer dataset\Normal cases\Normal case (316).jpg,Normal case (316).jpg,no_cancer,dc0e549aaf29bfc642364e1393fb08f9
D:\skripsi\dataset_external\iqothnccd\The IQ-OTHNCCD lung cancer dataset\The IQ-OTHNCCD lung cancer dataset\Normal cases\Normal case (317).jpg,Normal case (317).jpg,no_cancer,c30e27dc71dea21ae39c9576881a9316
D:\skripsi\dataset_external\iqothnccd\The IQ-OTHNCCD lung cancer dataset\The IQ-OTHNCCD lung cancer dataset\Normal cases\Normal case (318).jpg,Normal case (318).jpg,no_cancer,17878408fd5b3cb4e2a970fd30dc59f3
D:\skripsi\dataset_external\iqothnccd\The IQ-OTHNCCD lung cancer dataset\The IQ-OTHNCCD lung cancer dataset\Normal cases\Normal case (319).jpg,Normal case (319).jpg,no_cancer,f9077c3439c2248f684c04f467a22e72
D:\skripsi\dataset_external\iqothnccd\The IQ-OTHNCCD lung cancer dataset\The IQ-OTHNCCD lung cancer dataset\Normal cases\Normal case (32).jpg,Normal case (32).jpg,no_cancer,5eb2b676a31fa7da50d9dcb73558e0ad
D:\skripsi\dataset_external\iqothnccd\The IQ-OTHNCCD lung cancer dataset\The IQ-OTHNCCD lung cancer dataset\Normal cases\Normal case (320).jpg,Normal case (320).jpg,no_cancer,53479165929b1b06901edf2af32fa914
D:\skripsi\dataset_external\iqothnccd\The IQ-OTHNCCD lung cancer dataset\The IQ-OTHNCCD lung cancer dataset\Normal cases\Normal case (321).jpg,Normal case (321).jpg,no_cancer,6e0634142bca0b1622b1037d8aa44b50
D:\skripsi\dataset_external\iqothnccd\The IQ-OTHNCCD lung cancer dataset\The IQ-OTHNCCD lung cancer dataset\Normal cases\Normal case (322).jpg,Normal case (322).jpg,no_cancer,ba3816499068ba3b921cf11332a1e08a
D:\skripsi\dataset_external\iqothnccd\The IQ-OTHNCCD lung cancer dataset\The IQ-OTHNCCD lung cancer dataset\Normal cases\Normal case (323).jpg,Normal case (323).jpg,no_cancer,3257f9d2ec0ede1b3097214bbe061b35
D:\skripsi\dataset_external\iqothnccd\The IQ-OTHNCCD lung cancer dataset\The IQ-OTHNCCD lung cancer dataset\Normal cases\Normal case (324).jpg,Normal case (324).jpg,no_cancer,479299f61893f86d90b3f4c868a89a04
D:\skripsi\dataset_external\iqothnccd\The IQ-OTHNCCD lung cancer dataset\The IQ-OTHNCCD lung cancer dataset\Normal cases\Normal case (325).jpg,Normal case (325).jpg,no_cancer,71c11c2b18c21121a7722367eb1a13c7
D:\skripsi\dataset_external\iqothnccd\The IQ-OTHNCCD lung cancer dataset\The IQ-OTHNCCD lung cancer dataset\Normal cases\Normal case (326).jpg,Normal case (326).jpg,no_cancer,40d43b7a5051e14050335b9bfcbbef0d
D:\skripsi\dataset_external\iqothnccd\The IQ-OTHNCCD lung cancer dataset\The IQ-OTHNCCD lung cancer dataset\Normal cases\Normal case (327).jpg,Normal case (327).jpg,no_cancer,1330f77e3c3de32e7c1ecc265dfbe40a
D:\skripsi\dataset_external\iqothnccd\The IQ-OTHNCCD lung cancer dataset\The IQ-OTHNCCD lung cancer dataset\Normal cases\Normal case (328).jpg,Normal case (328).jpg,no_cancer,0a026b44c4a3bf7651c3bb32038cdd7f
D:\skripsi\dataset_external\iqothnccd\The IQ-OTHNCCD lung cancer dataset\The IQ-OTHNCCD lung cancer dataset\Normal cases\Normal case (329).jpg,Normal case (329).jpg,no_cancer,fe9e43c2376eb45cfcba31d745c0a8f1
D:\skripsi\dataset_external\iqothnccd\The IQ-OTHNCCD lung cancer dataset\The IQ-OTHNCCD lung cancer dataset\Normal cases\Normal case (33).jpg,Normal case (33).jpg,no_cancer,0db7a9b5bd13b39bd627bf3d6fbe78d5
D:\skripsi\dataset_external\iqothnccd\The IQ-OTHNCCD lung cancer dataset\The IQ-OTHNCCD lung cancer dataset\Normal cases\Normal case (330).jpg,Normal case (330).jpg,no_cancer,9806fe6e96ddf0c24f0f6f414ad663b8
D:\skripsi\dataset_external\iqothnccd\The IQ-OTHNCCD lung cancer dataset\The IQ-OTHNCCD lung cancer dataset\Normal cases\Normal case (331).jpg,Normal case (331).jpg,no_cancer,c3e64ecb70bb11adf17398fcbfde0631
D:\skripsi\dataset_external\iqothnccd\The IQ-OTHNCCD lung cancer dataset\The IQ-OTHNCCD lung cancer dataset\Normal cases\Normal case (332).jpg,Normal case (332).jpg,no_cancer,19d9ff8f9127e95c598345accecfedd2
D:\skripsi\dataset_external\iqothnccd\The IQ-OTHNCCD lung cancer dataset\The IQ-OTHNCCD lung cancer dataset\Normal cases\Normal case (333).jpg,Normal case (333).jpg,no_cancer,e899f5e8008a6f1a1c1e41b1616d2342
D:\skripsi\dataset_external\iqothnccd\The IQ-OTHNCCD lung cancer dataset\The IQ-OTHNCCD lung cancer dataset\Normal cases\Normal case (334).jpg,Normal case (334).jpg,no_cancer,10b219e9384f14ebc5fddf2b60fa1f77
D:\skripsi\dataset_external\iqothnccd\The IQ-OTHNCCD lung cancer dataset\The IQ-OTHNCCD lung cancer dataset\Normal cases\Normal case (335).jpg,Normal case (335).jpg,no_cancer,52fd88af378025da5fcffbac69fe10ef
D:\skripsi\dataset_external\iqothnccd\The IQ-OTHNCCD lung cancer dataset\The IQ-OTHNCCD lung cancer dataset\Normal cases\Normal case (336).jpg,Normal case (336).jpg,no_cancer,658851d6e9f24af71b27a98a78849a54
D:\skripsi\dataset_external\iqothnccd\The IQ-OTHNCCD lung cancer dataset\The IQ-OTHNCCD lung cancer dataset\Normal cases\Normal case (337).jpg,Normal case (337).jpg,no_cancer,d879b312f588bc03f09fa04b45632d63
D:\skripsi\dataset_external\iqothnccd\The IQ-OTHNCCD lung cancer dataset\The IQ-OTHNCCD lung cancer dataset\Normal cases\Normal case (338).jpg,Normal case (338).jpg,no_cancer,f7d8de60c42a4cbc47d74e5d3676d7bc
D:\skripsi\dataset_external\iqothnccd\The IQ-OTHNCCD lung cancer dataset\The IQ-OTHNCCD lung cancer dataset\Normal cases\Normal case (339).jpg,Normal case (339).jpg,no_cancer,a5c58baf152b44c4d66a9a0e8b6342cb
D:\skripsi\dataset_external\iqothnccd\The IQ-OTHNCCD lung cancer dataset\The IQ-OTHNCCD lung cancer dataset\Normal cases\Normal case (34).jpg,Normal case (34).jpg,no_cancer,f79d0c0ab2e5480dea8ebdcdceb77b29
D:\skripsi\dataset_external\iqothnccd\The IQ-OTHNCCD lung cancer dataset\The IQ-OTHNCCD lung cancer dataset\Normal cases\Normal case (340).jpg,Normal case (340).jpg,no_cancer,9b585bba76ced8f815bbaaeecd9e9545
D:\skripsi\dataset_external\iqothnccd\The IQ-OTHNCCD lung cancer dataset\The IQ-OTHNCCD lung cancer dataset\Normal cases\Normal case (341).jpg,Normal case (341).jpg,no_cancer,9cd4c839d54b2dc893feebc8f38210dd
D:\skripsi\dataset_external\iqothnccd\The IQ-OTHNCCD lung cancer dataset\The IQ-OTHNCCD lung cancer dataset\Normal cases\Normal case (342).jpg,Normal case (342).jpg,no_cancer,f8151923bc1e8576341dc5e0ce8d3602
D:\skripsi\dataset_external\iqothnccd\The IQ-OTHNCCD lung cancer dataset\The IQ-OTHNCCD lung cancer dataset\Normal cases\Normal case (343).jpg,Normal case (343).jpg,no_cancer,32d0ac6d7ee17f82733e7083f343101b
D:\skripsi\dataset_external\iqothnccd\The IQ-OTHNCCD lung cancer dataset\The IQ-OTHNCCD lung cancer dataset\Normal cases\Normal case (344).jpg,Normal case (344).jpg,no_cancer,3bd6af638494ea366972b3529ba8bbc7
D:\skripsi\dataset_external\iqothnccd\The IQ-OTHNCCD lung cancer dataset\The IQ-OTHNCCD lung cancer dataset\Normal cases\Normal case (345).jpg,Normal case (345).jpg,no_cancer,654f96b82612b3c6e0c52980ad29a655
D:\skripsi\dataset_external\iqothnccd\The IQ-OTHNCCD lung cancer dataset\The IQ-OTHNCCD lung cancer dataset\Normal cases\Normal case (346).jpg,Normal case (346).jpg,no_cancer,63ed09de580edbaa98c7fa3964f6ccb6
D:\skripsi\dataset_external\iqothnccd\The IQ-OTHNCCD lung cancer dataset\The IQ-OTHNCCD lung cancer dataset\Normal cases\Normal case (347).jpg,Normal case (347).jpg,no_cancer,a4207c0bb45779cd72be61cc0bbef509
D:\skripsi\dataset_external\iqothnccd\The IQ-OTHNCCD lung cancer dataset\The IQ-OTHNCCD lung cancer dataset\Normal cases\Normal case (348).jpg,Normal case (348).jpg,no_cancer,b4fbb69f8bb26832b789751c9f6a0062
D:\skripsi\dataset_external\iqothnccd\The IQ-OTHNCCD lung cancer dataset\The IQ-OTHNCCD lung cancer dataset\Normal cases\Normal case (349).jpg,Normal case (349).jpg,no_cancer,d095aea8cb25ac6a9327b5b6a1acfcbd
D:\skripsi\dataset_external\iqothnccd\The IQ-OTHNCCD lung cancer dataset\The IQ-OTHNCCD lung cancer dataset\Normal cases\Normal case (35).jpg,Normal case (35).jpg,no_cancer,eea1b23451a641cd3247b8a1980643c6
D:\skripsi\dataset_external\iqothnccd\The IQ-OTHNCCD lung cancer dataset\The IQ-OTHNCCD lung cancer dataset\Normal cases\Normal case (350).jpg,Normal case (350).jpg,no_cancer,9dd33b5914b6ada13274d6b3aea904a5
D:\skripsi\dataset_external\iqothnccd\The IQ-OTHNCCD lung cancer dataset\The IQ-OTHNCCD lung cancer dataset\Normal cases\Normal case (351).jpg,Normal case (351).jpg,no_cancer,184905da6db47e329eb9cd9265d0cf30
D:\skripsi\dataset_external\iqothnccd\The IQ-OTHNCCD lung cancer dataset\The IQ-OTHNCCD lung cancer dataset\Normal cases\Normal case (352).jpg,Normal case (352).jpg,no_cancer,e64b43f60db74fb03d7614a92fbf953c
D:\skripsi\dataset_external\iqothnccd\The IQ-OTHNCCD lung cancer dataset\The IQ-OTHNCCD lung cancer dataset\Normal cases\Normal case (353).jpg,Normal case (353).jpg,no_cancer,2ff54a8c45063b941f13d7bbe2045eba
D:\skripsi\dataset_external\iqothnccd\The IQ-OTHNCCD lung cancer dataset\The IQ-OTHNCCD lung cancer dataset\Normal cases\Normal case (354).jpg,Normal case (354).jpg,no_cancer,60117ab8ff1cb84ea6e34d24ee66e0ce
D:\skripsi\dataset_external\iqothnccd\The IQ-OTHNCCD lung cancer dataset\The IQ-OTHNCCD lung cancer dataset\Normal cases\Normal case (355).jpg,Normal case (355).jpg,no_cancer,7ae49263bc7029db492a80aa1c4227c0
D:\skripsi\dataset_external\iqothnccd\The IQ-OTHNCCD lung cancer dataset\The IQ-OTHNCCD lung cancer dataset\Normal cases\Normal case (356).jpg,Normal case (356).jpg,no_cancer,c54b4061a80b16b501e1b1c718b452c0
D:\skripsi\dataset_external\iqothnccd\The IQ-OTHNCCD lung cancer dataset\The IQ-OTHNCCD lung cancer dataset\Normal cases\Normal case (357).jpg,Normal case (357).jpg,no_cancer,25e906537c7690858fd42f92c77d9858
D:\skripsi\dataset_external\iqothnccd\The IQ-OTHNCCD lung cancer dataset\The IQ-OTHNCCD lung cancer dataset\Normal cases\Normal case (358).jpg,Normal case (358).jpg,no_cancer,09827b63be27407156d6fa896a5f05a4
D:\skripsi\dataset_external\iqothnccd\The IQ-OTHNCCD lung cancer dataset\The IQ-OTHNCCD lung cancer dataset\Normal cases\Normal case (359).jpg,Normal case (359).jpg,no_cancer,667cec7f602664b486ed9d35b3c1255d
D:\skripsi\dataset_external\iqothnccd\The IQ-OTHNCCD lung cancer dataset\The IQ-OTHNCCD lung cancer dataset\Normal cases\Normal case (36).jpg,Normal case (36).jpg,no_cancer,ec9b85534bf7a3b4f69c6709a2ba1735
D:\skripsi\dataset_external\iqothnccd\The IQ-OTHNCCD lung cancer dataset\The IQ-OTHNCCD lung cancer dataset\Normal cases\Normal case (360).jpg,Normal case (360).jpg,no_cancer,89d98641c02a5df976f3e11bbec5c766
D:\skripsi\dataset_external\iqothnccd\The IQ-OTHNCCD lung cancer dataset\The IQ-OTHNCCD lung cancer dataset\Normal cases\Normal case (361).jpg,Normal case (361).jpg,no_cancer,37386666e0cc70778ac9bb676e61e00f
D:\skripsi\dataset_external\iqothnccd\The IQ-OTHNCCD lung cancer dataset\The IQ-OTHNCCD lung cancer dataset\Normal cases\Normal case (362).jpg,Normal case (362).jpg,no_cancer,96e4e46589753ab25785c3104ec64aa9
D:\skripsi\dataset_external\iqothnccd\The IQ-OTHNCCD lung cancer dataset\The IQ-OTHNCCD lung cancer dataset\Normal cases\Normal case (363).jpg,Normal case (363).jpg,no_cancer,e7218eba5cfac934b98c791adf9194e8
D:\skripsi\dataset_external\iqothnccd\The IQ-OTHNCCD lung cancer dataset\The IQ-OTHNCCD lung cancer dataset\Normal cases\Normal case (364).jpg,Normal case (364).jpg,no_cancer,9010e0d51dc76f711928c2a3e8983243
D:\skripsi\dataset_external\iqothnccd\The IQ-OTHNCCD lung cancer dataset\The IQ-OTHNCCD lung cancer dataset\Normal cases\Normal case (365).jpg,Normal case (365).jpg,no_cancer,270f42c590bb48b021533d8e53cf64cf
D:\skripsi\dataset_external\iqothnccd\The IQ-OTHNCCD lung cancer dataset\The IQ-OTHNCCD lung cancer dataset\Normal cases\Normal case (366).jpg,Normal case (366).jpg,no_cancer,452cb347e874198a0fb65fe76bcff046
D:\skripsi\dataset_external\iqothnccd\The IQ-OTHNCCD lung cancer dataset\The IQ-OTHNCCD lung cancer dataset\Normal cases\Normal case (367).jpg,Normal case (367).jpg,no_cancer,d973a5c5ae50c068cb336c5372f14f71
D:\skripsi\dataset_external\iqothnccd\The IQ-OTHNCCD lung cancer dataset\The IQ-OTHNCCD lung cancer dataset\Normal cases\Normal case (368).jpg,Normal case (368).jpg,no_cancer,37bc28b9a19fe416f205828e0e403ee3
D:\skripsi\dataset_external\iqothnccd\The IQ-OTHNCCD lung cancer dataset\The IQ-OTHNCCD lung cancer dataset\Normal cases\Normal case (369).jpg,Normal case (369).jpg,no_cancer,547739ba400eb76f48572c697ed121f1
D:\skripsi\dataset_external\iqothnccd\The IQ-OTHNCCD lung cancer dataset\The IQ-OTHNCCD lung cancer dataset\Normal cases\Normal case (37).jpg,Normal case (37).jpg,no_cancer,786203216a3fe62f59501bab71928ffd
D:\skripsi\dataset_external\iqothnccd\The IQ-OTHNCCD lung cancer dataset\The IQ-OTHNCCD lung cancer dataset\Normal cases\Normal case (370).jpg,Normal case (370).jpg,no_cancer,de2100e132d435d36eca469cf9b83bd4
D:\skripsi\dataset_external\iqothnccd\The IQ-OTHNCCD lung cancer dataset\The IQ-OTHNCCD lung cancer dataset\Normal cases\Normal case (371).jpg,Normal case (371).jpg,no_cancer,6e3effe893db5c5625f51a9f8510e2af
D:\skripsi\dataset_external\iqothnccd\The IQ-OTHNCCD lung cancer dataset\The IQ-OTHNCCD lung cancer dataset\Normal cases\Normal case (372).jpg,Normal case (372).jpg,no_cancer,e4f3f8cf199cc2355bc3a60c71326370
D:\skripsi\dataset_external\iqothnccd\The IQ-OTHNCCD lung cancer dataset\The IQ-OTHNCCD lung cancer dataset\Normal cases\Normal case (373).jpg,Normal case (373).jpg,no_cancer,d68c3d648b37f49bae9db2748fa2d976
D:\skripsi\dataset_external\iqothnccd\The IQ-OTHNCCD lung cancer dataset\The IQ-OTHNCCD lung cancer dataset\Normal cases\Normal case (374).jpg,Normal case (374).jpg,no_cancer,16da205911d27fdfffca04faaf5b13fe
D:\skripsi\dataset_external\iqothnccd\The IQ-OTHNCCD lung cancer dataset\The IQ-OTHNCCD lung cancer dataset\Normal cases\Normal case (375).jpg,Normal case (375).jpg,no_cancer,e9cb51c1d404093787c13f7302ccadc2
D:\skripsi\dataset_external\iqothnccd\The IQ-OTHNCCD lung cancer dataset\The IQ-OTHNCCD lung cancer dataset\Normal cases\Normal case (376).jpg,Normal case (376).jpg,no_cancer,1fdf82b728d17ab8e84a414eaf8b78f8
D:\skripsi\dataset_external\iqothnccd\The IQ-OTHNCCD lung cancer dataset\The IQ-OTHNCCD lung cancer dataset\Normal cases\Normal case (377).jpg,Normal case (377).jpg,no_cancer,fd73399acbe3800c0aa3a094407ebc96
D:\skripsi\dataset_external\iqothnccd\The IQ-OTHNCCD lung cancer dataset\The IQ-OTHNCCD lung cancer dataset\Normal cases\Normal case (378).jpg,Normal case (378).jpg,no_cancer,55290d06faa8f7e6c6efbad200caed0e
D:\skripsi\dataset_external\iqothnccd\The IQ-OTHNCCD lung cancer dataset\The IQ-OTHNCCD lung cancer dataset\Normal cases\Normal case (379).jpg,Normal case (379).jpg,no_cancer,5623a2492eedd551fbb27ea709f2e1aa
D:\skripsi\dataset_external\iqothnccd\The IQ-OTHNCCD lung cancer dataset\The IQ-OTHNCCD lung cancer dataset\Normal cases\Normal case (38).jpg,Normal case (38).jpg,no_cancer,3efc875e0b835e84c6ec7516e37058cc
D:\skripsi\dataset_external\iqothnccd\The IQ-OTHNCCD lung cancer dataset\The IQ-OTHNCCD lung cancer dataset\Normal cases\Normal case (380).jpg,Normal case (380).jpg,no_cancer,acefb725a8422b21190aca5f61881a2f
D:\skripsi\dataset_external\iqothnccd\The IQ-OTHNCCD lung cancer dataset\The IQ-OTHNCCD lung cancer dataset\Normal cases\Normal case (381).jpg,Normal case (381).jpg,no_cancer,3c38e6391f407a240775e830f1a211db
D:\skripsi\dataset_external\iqothnccd\The IQ-OTHNCCD lung cancer dataset\The IQ-OTHNCCD lung cancer dataset\Normal cases\Normal case (382).jpg,Normal case (382).jpg,no_cancer,fae1f3928876c0a0a60fa25a1bc13650
D:\skripsi\dataset_external\iqothnccd\The IQ-OTHNCCD lung cancer dataset\The IQ-OTHNCCD lung cancer dataset\Normal cases\Normal case (383).jpg,Normal case (383).jpg,no_cancer,1857cdd2c09d1023f53bc1f5ae7f2581
D:\skripsi\dataset_external\iqothnccd\The IQ-OTHNCCD lung cancer dataset\The IQ-OTHNCCD lung cancer dataset\Normal cases\Normal case (384).jpg,Normal case (384).jpg,no_cancer,4d3b784a9d706d2f9ae767498b039bfa
D:\skripsi\dataset_external\iqothnccd\The IQ-OTHNCCD lung cancer dataset\The IQ-OTHNCCD lung cancer dataset\Normal cases\Normal case (385).jpg,Normal case (385).jpg,no_cancer,757ceea4957bb3e87b0ef1407d33ca8e
D:\skripsi\dataset_external\iqothnccd\The IQ-OTHNCCD lung cancer dataset\The IQ-OTHNCCD lung cancer dataset\Normal cases\Normal case (386).jpg,Normal case (386).jpg,no_cancer,9c3a5e745f1616537441155372a6c223
D:\skripsi\dataset_external\iqothnccd\The IQ-OTHNCCD lung cancer dataset\The IQ-OTHNCCD lung cancer dataset\Normal cases\Normal case (387).jpg,Normal case (387).jpg,no_cancer,38b306afa4cf0b7853de22465695aabe
D:\skripsi\dataset_external\iqothnccd\The IQ-OTHNCCD lung cancer dataset\The IQ-OTHNCCD lung cancer dataset\Normal cases\Normal case (388).jpg,Normal case (388).jpg,no_cancer,1a63e403359a78e6c3c1c6c65c0329db
D:\skripsi\dataset_external\iqothnccd\The IQ-OTHNCCD lung cancer dataset\The IQ-OTHNCCD lung cancer dataset\Normal cases\Normal case (389).jpg,Normal case (389).jpg,no_cancer,9e99224c9fe838367794d5715af0b667
D:\skripsi\dataset_external\iqothnccd\The IQ-OTHNCCD lung cancer dataset\The IQ-OTHNCCD lung cancer dataset\Normal cases\Normal case (39).jpg,Normal case (39).jpg,no_cancer,79a81231d88c5c7bae90dfef94963ce8
D:\skripsi\dataset_external\iqothnccd\The IQ-OTHNCCD lung cancer dataset\The IQ-OTHNCCD lung cancer dataset\Normal cases\Normal case (390).jpg,Normal case (390).jpg,no_cancer,0c44b8ca0ac2abd9d1f93687fe48d6d4
D:\skripsi\dataset_external\iqothnccd\The IQ-OTHNCCD lung cancer dataset\The IQ-OTHNCCD lung cancer dataset\Normal cases\Normal case (391).jpg,Normal case (391).jpg,no_cancer,f7a41e8dfa621ac4fc9ff11c4d3d1dfa
D:\skripsi\dataset_external\iqothnccd\The IQ-OTHNCCD lung cancer dataset\The IQ-OTHNCCD lung cancer dataset\Normal cases\Normal case (392).jpg,Normal case (392).jpg,no_cancer,be88f0c0a930961e783b357ffac57e22
D:\skripsi\dataset_external\iqothnccd\The IQ-OTHNCCD lung cancer dataset\The IQ-OTHNCCD lung cancer dataset\Normal cases\Normal case (393).jpg,Normal case (393).jpg,no_cancer,e2f6ad14ac1e0e2ece1b65a4b6210fef
D:\skripsi\dataset_external\iqothnccd\The IQ-OTHNCCD lung cancer dataset\The IQ-OTHNCCD lung cancer dataset\Normal cases\Normal case (394).jpg,Normal case (394).jpg,no_cancer,5248dd7a6e0d10a2618c653160e7024e
D:\skripsi\dataset_external\iqothnccd\The IQ-OTHNCCD lung cancer dataset\The IQ-OTHNCCD lung cancer dataset\Normal cases\Normal case (395).jpg,Normal case (395).jpg,no_cancer,7809e5291fb6e8f276ccab5f06705ee3
D:\skripsi\dataset_external\iqothnccd\The IQ-OTHNCCD lung cancer dataset\The IQ-OTHNCCD lung cancer dataset\Normal cases\Normal case (396).jpg,Normal case (396).jpg,no_cancer,2b230db5c39a34a9bb56d689cad3e7b8
D:\skripsi\dataset_external\iqothnccd\The IQ-OTHNCCD lung cancer dataset\The IQ-OTHNCCD lung cancer dataset\Normal cases\Normal case (397).jpg,Normal case (397).jpg,no_cancer,76b39b2dfae9089ad200bbf252d97723
D:\skripsi\dataset_external\iqothnccd\The IQ-OTHNCCD lung cancer dataset\The IQ-OTHNCCD lung cancer dataset\Normal cases\Normal case (398).jpg,Normal case (398).jpg,no_cancer,95a19eb8b6321549a372c98e6cd6e97b
D:\skripsi\dataset_external\iqothnccd\The IQ-OTHNCCD lung cancer dataset\The IQ-OTHNCCD lung cancer dataset\Normal cases\Normal case (399).jpg,Normal case (399).jpg,no_cancer,00bc0e6b8df2fb42a05b965802ad8aa8
D:\skripsi\dataset_external\iqothnccd\The IQ-OTHNCCD lung cancer dataset\The IQ-OTHNCCD lung cancer dataset\Normal cases\Normal case (4).jpg,Normal case (4).jpg,no_cancer,ff0140130cc5e1c0409bb053c370055b
D:\skripsi\dataset_external\iqothnccd\The IQ-OTHNCCD lung cancer dataset\The IQ-OTHNCCD lung cancer dataset\Normal cases\Normal case (40).jpg,Normal case (40).jpg,no_cancer,63ab0ed0d59b341e10021ff334ded6ea
D:\skripsi\dataset_external\iqothnccd\The IQ-OTHNCCD lung cancer dataset\The IQ-OTHNCCD lung cancer dataset\Normal cases\Normal case (400).jpg,Normal case (400).jpg,no_cancer,4893dff73fcb51f6c6e35861f2fd673b
D:\skripsi\dataset_external\iqothnccd\The IQ-OTHNCCD lung cancer dataset\The IQ-OTHNCCD lung cancer dataset\Normal cases\Normal case (401).jpg,Normal case (401).jpg,no_cancer,b147cbc29e5698877f350603c4c8a27f
D:\skripsi\dataset_external\iqothnccd\The IQ-OTHNCCD lung cancer dataset\The IQ-OTHNCCD lung cancer dataset\Normal cases\Normal case (402).jpg,Normal case (402).jpg,no_cancer,ac3c2ee31544263aeb9c9a6b3f122fe6
D:\skripsi\dataset_external\iqothnccd\The IQ-OTHNCCD lung cancer dataset\The IQ-OTHNCCD lung cancer dataset\Normal cases\Normal case (403).jpg,Normal case (403).jpg,no_cancer,e465546b61d09855a041616631c74c60
D:\skripsi\dataset_external\iqothnccd\The IQ-OTHNCCD lung cancer dataset\The IQ-OTHNCCD lung cancer dataset\Normal cases\Normal case (404).jpg,Normal case (404).jpg,no_cancer,7e4fe924c083b826bebeb385de30ced7
D:\skripsi\dataset_external\iqothnccd\The IQ-OTHNCCD lung cancer dataset\The IQ-OTHNCCD lung cancer dataset\Normal cases\Normal case (405).jpg,Normal case (405).jpg,no_cancer,5ea3bdb64d25569072e96c7f44b4e45f
D:\skripsi\dataset_external\iqothnccd\The IQ-OTHNCCD lung cancer dataset\The IQ-OTHNCCD lung cancer dataset\Normal cases\Normal case (41).jpg,Normal case (41).jpg,no_cancer,3913945b2f944870e5eb0265330711be
D:\skripsi\dataset_external\iqothnccd\The IQ-OTHNCCD lung cancer dataset\The IQ-OTHNCCD lung cancer dataset\Normal cases\Normal case (42).jpg,Normal case (42).jpg,no_cancer,81444787148d714759c9822b0c4a0666
D:\skripsi\dataset_external\iqothnccd\The IQ-OTHNCCD lung cancer dataset\The IQ-OTHNCCD lung cancer dataset\Normal cases\Normal case (43).jpg,Normal case (43).jpg,no_cancer,fa05569756156890bc00ebc8247aa654
D:\skripsi\dataset_external\iqothnccd\The IQ-OTHNCCD lung cancer dataset\The IQ-OTHNCCD lung cancer dataset\Normal cases\Normal case (44).jpg,Normal case (44).jpg,no_cancer,02342177b92d38182f11dfc28bfaf17b
D:\skripsi\dataset_external\iqothnccd\The IQ-OTHNCCD lung cancer dataset\The IQ-OTHNCCD lung cancer dataset\Normal cases\Normal case (45).jpg,Normal case (45).jpg,no_cancer,d888eb2984df21c18a77d997aa16faab
D:\skripsi\dataset_external\iqothnccd\The IQ-OTHNCCD lung cancer dataset\The IQ-OTHNCCD lung cancer dataset\Normal cases\Normal case (46).jpg,Normal case (46).jpg,no_cancer,663f444cb8f747e178c4b8d7a5124c22
D:\skripsi\dataset_external\iqothnccd\The IQ-OTHNCCD lung cancer dataset\The IQ-OTHNCCD lung cancer dataset\Normal cases\Normal case (47).jpg,Normal case (47).jpg,no_cancer,4ed82a3beaa192b9dc8b52b819ce25bd
D:\skripsi\dataset_external\iqothnccd\The IQ-OTHNCCD lung cancer dataset\The IQ-OTHNCCD lung cancer dataset\Normal cases\Normal case (48).jpg,Normal case (48).jpg,no_cancer,701a093a798542618c0ff51a255248b1
D:\skripsi\dataset_external\iqothnccd\The IQ-OTHNCCD lung cancer dataset\The IQ-OTHNCCD lung cancer dataset\Normal cases\Normal case (49).jpg,Normal case (49).jpg,no_cancer,632d4fc328707d05adcb62e1634733b2
D:\skripsi\dataset_external\iqothnccd\The IQ-OTHNCCD lung cancer dataset\The IQ-OTHNCCD lung cancer dataset\Normal cases\Normal case (5).jpg,Normal case (5).jpg,no_cancer,514a1b380e9ade3f7b0a6fc2cf0fad35
D:\skripsi\dataset_external\iqothnccd\The IQ-OTHNCCD lung cancer dataset\The IQ-OTHNCCD lung cancer dataset\Normal cases\Normal case (50).jpg,Normal case (50).jpg,no_cancer,fa13e0faef5d0aacc415f3293acf7637
D:\skripsi\dataset_external\iqothnccd\The IQ-OTHNCCD lung cancer dataset\The IQ-OTHNCCD lung cancer dataset\Normal cases\Normal case (51).jpg,Normal case (51).jpg,no_cancer,c270d0768f60f1ef7267e9878e9975d3
D:\skripsi\dataset_external\iqothnccd\The IQ-OTHNCCD lung cancer dataset\The IQ-OTHNCCD lung cancer dataset\Normal cases\Normal case (52).jpg,Normal case (52).jpg,no_cancer,537269b98a7f16a043419d2cf39248ec
D:\skripsi\dataset_external\iqothnccd\The IQ-OTHNCCD lung cancer dataset\The IQ-OTHNCCD lung cancer dataset\Normal cases\Normal case (53).jpg,Normal case (53).jpg,no_cancer,742d36ea58cc700b536090a3c0c50d58
D:\skripsi\dataset_external\iqothnccd\The IQ-OTHNCCD lung cancer dataset\The IQ-OTHNCCD lung cancer dataset\Normal cases\Normal case (54).jpg,Normal case (54).jpg,no_cancer,932e4c0b3b7e6e971406ee777db118a4
D:\skripsi\dataset_external\iqothnccd\The IQ-OTHNCCD lung cancer dataset\The IQ-OTHNCCD lung cancer dataset\Normal cases\Normal case (55).jpg,Normal case (55).jpg,no_cancer,444e2baa964b7f156f3285d8e7a2eb82
D:\skripsi\dataset_external\iqothnccd\The IQ-OTHNCCD lung cancer dataset\The IQ-OTHNCCD lung cancer dataset\Normal cases\Normal case (56).jpg,Normal case (56).jpg,no_cancer,0d4f5dde9c76ef84b69d2a3e08167e26
D:\skripsi\dataset_external\iqothnccd\The IQ-OTHNCCD lung cancer dataset\The IQ-OTHNCCD lung cancer dataset\Normal cases\Normal case (57).jpg,Normal case (57).jpg,no_cancer,9172834fd17ed5c3ff7187bea4e8653a
D:\skripsi\dataset_external\iqothnccd\The IQ-OTHNCCD lung cancer dataset\The IQ-OTHNCCD lung cancer dataset\Normal cases\Normal case (58).jpg,Normal case (58).jpg,no_cancer,b2dd0c0e96fc0eb7d5dc72e0e966beff
D:\skripsi\dataset_external\iqothnccd\The IQ-OTHNCCD lung cancer dataset\The IQ-OTHNCCD lung cancer dataset\Normal cases\Normal case (59).jpg,Normal case (59).jpg,no_cancer,74e4bd6394028e8b3f1f919735389958
D:\skripsi\dataset_external\iqothnccd\The IQ-OTHNCCD lung cancer dataset\The IQ-OTHNCCD lung cancer dataset\Normal cases\Normal case (6).jpg,Normal case (6).jpg,no_cancer,f9366e8fa3a241873b0041556ff9bd2e
D:\skripsi\dataset_external\iqothnccd\The IQ-OTHNCCD lung cancer dataset\The IQ-OTHNCCD lung cancer dataset\Normal cases\Normal case (60).jpg,Normal case (60).jpg,no_cancer,5e46a5546947a0c89fb3ce98a8b3a22e
D:\skripsi\dataset_external\iqothnccd\The IQ-OTHNCCD lung cancer dataset\The IQ-OTHNCCD lung cancer dataset\Normal cases\Normal case (61).jpg,Normal case (61).jpg,no_cancer,0cbb5d345008e069b5208c4845dd90ab
D:\skripsi\dataset_external\iqothnccd\The IQ-OTHNCCD lung cancer dataset\The IQ-OTHNCCD lung cancer dataset\Normal cases\Normal case (62).jpg,Normal case (62).jpg,no_cancer,d6d3ffa4f6896c35ba1c193368681266
D:\skripsi\dataset_external\iqothnccd\The IQ-OTHNCCD lung cancer dataset\The IQ-OTHNCCD lung cancer dataset\Normal cases\Normal case (63).jpg,Normal case (63).jpg,no_cancer,e7524fbe83e262bfa94bc035cb75b74c
D:\skripsi\dataset_external\iqothnccd\The IQ-OTHNCCD lung cancer dataset\The IQ-OTHNCCD lung cancer dataset\Normal cases\Normal case (64).jpg,Normal case (64).jpg,no_cancer,975225520be7b0fffd198ca098d54eda
D:\skripsi\dataset_external\iqothnccd\The IQ-OTHNCCD lung cancer dataset\The IQ-OTHNCCD lung cancer dataset\Normal cases\Normal case (65).jpg,Normal case (65).jpg,no_cancer,1af1dc5c9b5368d014bb256a7ba35108
D:\skripsi\dataset_external\iqothnccd\The IQ-OTHNCCD lung cancer dataset\The IQ-OTHNCCD lung cancer dataset\Normal cases\Normal case (66).jpg,Normal case (66).jpg,no_cancer,9deebc184cb182003863157a63b89c6c
D:\skripsi\dataset_external\iqothnccd\The IQ-OTHNCCD lung cancer dataset\The IQ-OTHNCCD lung cancer dataset\Normal cases\Normal case (67).jpg,Normal case (67).jpg,no_cancer,f184a902c7a74bebf4dc1c029f27181b
D:\skripsi\dataset_external\iqothnccd\The IQ-OTHNCCD lung cancer dataset\The IQ-OTHNCCD lung cancer dataset\Normal cases\Normal case (68).jpg,Normal case (68).jpg,no_cancer,c91ddceb852f6153107302e3ec003f40
D:\skripsi\dataset_external\iqothnccd\The IQ-OTHNCCD lung cancer dataset\The IQ-OTHNCCD lung cancer dataset\Normal cases\Normal case (69).jpg,Normal case (69).jpg,no_cancer,235684b74a98b59e9e206494bb14765d
D:\skripsi\dataset_external\iqothnccd\The IQ-OTHNCCD lung cancer dataset\The IQ-OTHNCCD lung cancer dataset\Normal cases\Normal case (7).jpg,Normal case (7).jpg,no_cancer,3be0c885ce77da7729fa310bb029fc31
D:\skripsi\dataset_external\iqothnccd\The IQ-OTHNCCD lung cancer dataset\The IQ-OTHNCCD lung cancer dataset\Normal cases\Normal case (70).jpg,Normal case (70).jpg,no_cancer,dcbbc4d09110a5d9636c6ecb9e2dc082
D:\skripsi\dataset_external\iqothnccd\The IQ-OTHNCCD lung cancer dataset\The IQ-OTHNCCD lung cancer dataset\Normal cases\Normal case (71).jpg,Normal case (71).jpg,no_cancer,8e0d0992f34eb4f88f7eeed104c2f888
D:\skripsi\dataset_external\iqothnccd\The IQ-OTHNCCD lung cancer dataset\The IQ-OTHNCCD lung cancer dataset\Normal cases\Normal case (72).jpg,Normal case (72).jpg,no_cancer,8a80f24a0c662300a2e9d2a5c05cac80
D:\skripsi\dataset_external\iqothnccd\The IQ-OTHNCCD lung cancer dataset\The IQ-OTHNCCD lung cancer dataset\Normal cases\Normal case (73).jpg,Normal case (73).jpg,no_cancer,335bc00a1c95efea55d949981c34e4a8
D:\skripsi\dataset_external\iqothnccd\The IQ-OTHNCCD lung cancer dataset\The IQ-OTHNCCD lung cancer dataset\Normal cases\Normal case (74).jpg,Normal case (74).jpg,no_cancer,080291c27b7768c4e380be43476bc321
D:\skripsi\dataset_external\iqothnccd\The IQ-OTHNCCD lung cancer dataset\The IQ-OTHNCCD lung cancer dataset\Normal cases\Normal case (75).jpg,Normal case (75).jpg,no_cancer,fc2378e89698702529eeb84ea58ecc1b
D:\skripsi\dataset_external\iqothnccd\The IQ-OTHNCCD lung cancer dataset\The IQ-OTHNCCD lung cancer dataset\Normal cases\Normal case (76).jpg,Normal case (76).jpg,no_cancer,2ecee5a89332cf2ab768ad130d2fe4e2
D:\skripsi\dataset_external\iqothnccd\The IQ-OTHNCCD lung cancer dataset\The IQ-OTHNCCD lung cancer dataset\Normal cases\Normal case (77).jpg,Normal case (77).jpg,no_cancer,86d984d1c58a2076254eaa3ef28326d5
D:\skripsi\dataset_external\iqothnccd\The IQ-OTHNCCD lung cancer dataset\The IQ-OTHNCCD lung cancer dataset\Normal cases\Normal case (78).jpg,Normal case (78).jpg,no_cancer,41648fbee79a8500a2ac0df8f27026c1
D:\skripsi\dataset_external\iqothnccd\The IQ-OTHNCCD lung cancer dataset\The IQ-OTHNCCD lung cancer dataset\Normal cases\Normal case (79).jpg,Normal case (79).jpg,no_cancer,9a611e3807a2ebc6bdd4790c201a4156
D:\skripsi\dataset_external\iqothnccd\The IQ-OTHNCCD lung cancer dataset\The IQ-OTHNCCD lung cancer dataset\Normal cases\Normal case (8).jpg,Normal case (8).jpg,no_cancer,5b62452e71a83166acbafb1bb197d3e5
D:\skripsi\dataset_external\iqothnccd\The IQ-OTHNCCD lung cancer dataset\The IQ-OTHNCCD lung cancer dataset\Normal cases\Normal case (80).jpg,Normal case (80).jpg,no_cancer,7a0f1b7db0346c3c5da4e799a9912c8a
D:\skripsi\dataset_external\iqothnccd\The IQ-OTHNCCD lung cancer dataset\The IQ-OTHNCCD lung cancer dataset\Normal cases\Normal case (81).jpg,Normal case (81).jpg,no_cancer,eb711aae384958a8f31c85be5a259352
D:\skripsi\dataset_external\iqothnccd\The IQ-OTHNCCD lung cancer dataset\The IQ-OTHNCCD lung cancer dataset\Normal cases\Normal case (82).jpg,Normal case (82).jpg,no_cancer,b2d4c8b163b4e8168c9d8996adf66a4c
D:\skripsi\dataset_external\iqothnccd\The IQ-OTHNCCD lung cancer dataset\The IQ-OTHNCCD lung cancer dataset\Normal cases\Normal case (83).jpg,Normal case (83).jpg,no_cancer,6006d2f4aa5137f4d87577e9e2bf1431
D:\skripsi\dataset_external\iqothnccd\The IQ-OTHNCCD lung cancer dataset\The IQ-OTHNCCD lung cancer dataset\Normal cases\Normal case (84).jpg,Normal case (84).jpg,no_cancer,8133dd23a33243c6539456e9806bfbef
D:\skripsi\dataset_external\iqothnccd\The IQ-OTHNCCD lung cancer dataset\The IQ-OTHNCCD lung cancer dataset\Normal cases\Normal case (85).jpg,Normal case (85).jpg,no_cancer,2740781e9dafad0428af8f5f9531e389
D:\skripsi\dataset_external\iqothnccd\The IQ-OTHNCCD lung cancer dataset\The IQ-OTHNCCD lung cancer dataset\Normal cases\Normal case (86).jpg,Normal case (86).jpg,no_cancer,02c58c0cc2c584a7cb640a8ae5014f4c
D:\skripsi\dataset_external\iqothnccd\The IQ-OTHNCCD lung cancer dataset\The IQ-OTHNCCD lung cancer dataset\Normal cases\Normal case (87).jpg,Normal case (87).jpg,no_cancer,eaa7df79406c3e26c8deeaaa6d90c7eb
D:\skripsi\dataset_external\iqothnccd\The IQ-OTHNCCD lung cancer dataset\The IQ-OTHNCCD lung cancer dataset\Normal cases\Normal case (88).jpg,Normal case (88).jpg,no_cancer,0ae706c23538878e6d98256a1a7d32a7
D:\skripsi\dataset_external\iqothnccd\The IQ-OTHNCCD lung cancer dataset\The IQ-OTHNCCD lung cancer dataset\Normal cases\Normal case (89).jpg,Normal case (89).jpg,no_cancer,737251ac82d1ea6e99c7a543b894f224
D:\skripsi\dataset_external\iqothnccd\The IQ-OTHNCCD lung cancer dataset\The IQ-OTHNCCD lung cancer dataset\Normal cases\Normal case (9).jpg,Normal case (9).jpg,no_cancer,090642bf12ce48407b6b8954fe39f4d3
D:\skripsi\dataset_external\iqothnccd\The IQ-OTHNCCD lung cancer dataset\The IQ-OTHNCCD lung cancer dataset\Normal cases\Normal case (90).jpg,Normal case (90).jpg,no_cancer,ca8c2aaf566a0843020a31f7b82a67f4
D:\skripsi\dataset_external\iqothnccd\The IQ-OTHNCCD lung cancer dataset\The IQ-OTHNCCD lung cancer dataset\Normal cases\Normal case (91).jpg,Normal case (91).jpg,no_cancer,145991f4faf3ce7ebc897458060e2b48
D:\skripsi\dataset_external\iqothnccd\The IQ-OTHNCCD lung cancer dataset\The IQ-OTHNCCD lung cancer dataset\Normal cases\Normal case (92).jpg,Normal case (92).jpg,no_cancer,070d4522463d32e58dd56cf7fe215466
D:\skripsi\dataset_external\iqothnccd\The IQ-OTHNCCD lung cancer dataset\The IQ-OTHNCCD lung cancer dataset\Normal cases\Normal case (93).jpg,Normal case (93).jpg,no_cancer,202291e6d7e48d64359bef349da6a3f7
D:\skripsi\dataset_external\iqothnccd\The IQ-OTHNCCD lung cancer dataset\The IQ-OTHNCCD lung cancer dataset\Normal cases\Normal case (94).jpg,Normal case (94).jpg,no_cancer,a59062a799dd8584de93fcc82c253e80
D:\skripsi\dataset_external\iqothnccd\The IQ-OTHNCCD lung cancer dataset\The IQ-OTHNCCD lung cancer dataset\Normal cases\Normal case (95).jpg,Normal case (95).jpg,no_cancer,79a748aa2003af52b5a398af8fa8f026
D:\skripsi\dataset_external\iqothnccd\The IQ-OTHNCCD lung cancer dataset\The IQ-OTHNCCD lung cancer dataset\Normal cases\Normal case (96).jpg,Normal case (96).jpg,no_cancer,554ce8dfe16b6beafa703cd423926971
D:\skripsi\dataset_external\iqothnccd\The IQ-OTHNCCD lung cancer dataset\The IQ-OTHNCCD lung cancer dataset\Normal cases\Normal case (97).jpg,Normal case (97).jpg,no_cancer,2dd11c803b47c73d161cf4a10ae6698e
D:\skripsi\dataset_external\iqothnccd\The IQ-OTHNCCD lung cancer dataset\The IQ-OTHNCCD lung cancer dataset\Normal cases\Normal case (98).jpg,Normal case (98).jpg,no_cancer,b8ac81d9ccc2906eb616f06f4de615d0
D:\skripsi\dataset_external\iqothnccd\The IQ-OTHNCCD lung cancer dataset\The IQ-OTHNCCD lung cancer dataset\Normal cases\Normal case (99).jpg,Normal case (99).jpg,no_cancer,e73717f688908b9ebccfb3d5b191c318
