path,filename,label,phash,cluster,split
D:\skripsi\dataset_external\iqothnccd\The IQ-OTHNCCD lung cancer dataset\The IQ-OTHNCCD lung cancer dataset\Malignant cases\Malignant case (1).jpg,Malignant case (1).jpg,malignant,dc6cf465ba6da41412c108014a82aee1,0,train
D:\skripsi\dataset_external\iqothnccd\The IQ-OTHNCCD lung cancer dataset\The IQ-OTHNCCD lung cancer dataset\Malignant cases\Malignant case (10).jpg,Malignant case (10).jpg,malignant,dc392583c4ffe5b13814be850a3fe80e,1,train
D:\skripsi\dataset_external\iqothnccd\The IQ-OTHNCCD lung cancer dataset\The IQ-OTHNCCD lung cancer dataset\Malignant cases\Malignant case (100).jpg,Malignant case (100).jpg,malignant,8b8aeac6dbfe2b73b92df655055c453a,2,val
D:\skripsi\dataset_external\iqothnccd\The IQ-OTHNCCD lung cancer dataset\The IQ-OTHNCCD lung cancer dataset\Malignant cases\Malignant case (101).jpg,Malignant case (101).jpg,malignant,1d7cbcefd2fbecd252a59dd61d686b89,2,val
D:\skripsi\dataset_external\iqothnccd\The IQ-OTHNCCD lung cancer dataset\The IQ-OTHNCCD lung cancer dataset\Malignant cases\Malignant case (102).jpg,Malignant case (102).jpg,malignant,0fe42653b8a8b5da2f31d1f75fc4bd64,2,val
D:\skripsi\dataset_external\iqothnccd\The IQ-OTHNCCD lung cancer dataset\The IQ-OTHNCCD lung cancer dataset\Malignant cases\Malignant case (103).jpg,Malignant case (103).jpg,malignant,338dca6df5a523b0ea2c88edc4ab7805,2,val
D:\skripsi\dataset_external\iqothnccd\The IQ-OTHNCCD lung cancer dataset\The IQ-OTHNCCD lung cancer dataset\Malignant cases\Malignant case (104).jpg,Malignant case (104).jpg,malignant,9ce2c3ced7a3aa01771f86ce1cdf2ae9,2,val
D:\skripsi\dataset_external\iqothnccd\The IQ-OTHNCCD lung cancer dataset\The IQ-OTHNCCD lung cancer dataset\Malignant cases\Malignant case (105).jpg,Malignant case (105).jpg,malignant,32c2e08cc7b55923e4fc2ae3c337776a,2,val
D:\skripsi\dataset_external\iqothnccd\The IQ-OTHNCCD lung cancer dataset\The IQ-OTHNCCD lung cancer dataset\Malignant cases\Malignant case (106).jpg,Malignant case (106).jpg,malignant,e943617a237944959e3f7296ff21f2ac,2,val
D:\skripsi\dataset_external\iqothnccd\The IQ-OTHNCCD lung cancer dataset\The IQ-OTHNCCD lung cancer dataset\Malignant cases\Malignant case (107).jpg,Malignant case (107).jpg,malignant,d18007009bbf61d841e8030eb7a3d6e8,2,val
D:\skripsi\dataset_external\iqothnccd\The IQ-OTHNCCD lung cancer dataset\The IQ-OTHNCCD lung cancer dataset\Malignant cases\Malignant case (108).jpg,Malignant case (108).jpg,malignant,9b8710625ab6618254c62973bb3946b6,2,val
D:\skripsi\dataset_external\iqothnccd\The IQ-OTHNCCD lung cancer dataset\The IQ-OTHNCCD lung cancer dataset\Malignant cases\Malignant case (109).jpg,Malignant case (109).jpg,malignant,56ea87666f3570aff5da51559f4fe5de,3,train
D:\skripsi\dataset_external\iqothnccd\The IQ-OTHNCCD lung cancer dataset\The IQ-OTHNCCD lung cancer dataset\Malignant cases\Malignant case (11).jpg,Malignant case (11).jpg,malignant,621dedf16cb81613293c3db0d3e72b4a,1,train
D:\skripsi\dataset_external\iqothnccd\The IQ-OTHNCCD lung cancer dataset\The IQ-OTHNCCD lung cancer dataset\Malignant cases\Malignant case (110).jpg,Malignant case (110).jpg,malignant,faded1a609d2eafcfda25495c3e48612,4,train
D:\skripsi\dataset_external\iqothnccd\The IQ-OTHNCCD lung cancer dataset\The IQ-OTHNCCD lung cancer dataset\Malignant cases\Malignant case (111).jpg,Malignant case (111).jpg,malignant,e92fc79c4c2c3c076a8d1e3c916da514,4,train
D:\skripsi\dataset_external\iqothnccd\The IQ-OTHNCCD lung cancer dataset\The IQ-OTHNCCD lung cancer dataset\Malignant cases\Malignant case (112).jpg,Malignant case (112).jpg,malignant,dccc5d7b3a8d72d77d468b6b95857fb3,4,train
D:\skripsi\dataset_external\iqothnccd\The IQ-OTHNCCD lung cancer dataset\The IQ-OTHNCCD lung cancer dataset\Malignant cases\Malignant case (113).jpg,Malignant case (113).jpg,malignant,5b221993d0fe2dc7819d043c932ac0a9,4,train
D:\skripsi\dataset_external\iqothnccd\The IQ-OTHNCCD lung cancer dataset\The IQ-OTHNCCD lung cancer dataset\Malignant cases\Malignant case (114).jpg,Malignant case (114).jpg,malignant,51707ca42f2b6310e0533169cfd1c69c,4,train
D:\skripsi\dataset_external\iqothnccd\The IQ-OTHNCCD lung cancer dataset\The IQ-OTHNCCD lung cancer dataset\Malignant cases\Malignant case (115).jpg,Malignant case (115).jpg,malignant,34cdd9f105839af2f5b6600ebed1a732,4,train
D:\skripsi\dataset_external\iqothnccd\The IQ-OTHNCCD lung cancer dataset\The IQ-OTHNCCD lung cancer dataset\Malignant cases\Malignant case (116).jpg,Malignant case (116).jpg,malignant,d457e2a8ac093b4dc4865c4d6dbe686d,4,train
D:\skripsi\dataset_external\iqothnccd\The IQ-OTHNCCD lung cancer dataset\The IQ-OTHNCCD lung cancer dataset\Malignant cases\Malignant case (117).jpg,Malignant case (117).jpg,malignant,c33f7e58524ce090bc9a295a54abafa5,4,train
D:\skripsi\dataset_external\iqothnccd\The IQ-OTHNCCD lung cancer dataset\The IQ-OTHNCCD lung cancer dataset\Malignant cases\Malignant case (118).jpg,Malignant case (118).jpg,malignant,7a9ed218d4f9cbca13503d8c7201293d,4,train
D:\skripsi\dataset_external\iqothnccd\The IQ-OTHNCCD lung cancer dataset\The IQ-OTHNCCD lung cancer dataset\Malignant cases\Malignant case (119).jpg,Malignant case (119).jpg,malignant,f2db8107eb1a8f79c86b382b1c0b75bd,4,train
D:\skripsi\dataset_external\iqothnccd\The IQ-OTHNCCD lung cancer dataset\The IQ-OTHNCCD lung cancer dataset\Malignant cases\Malignant case (12).jpg,Malignant case (12).jpg,malignant,c6eebd81aa95d1cee56031939f5c17fe,1,train
D:\skripsi\dataset_external\iqothnccd\The IQ-OTHNCCD lung cancer dataset\The IQ-OTHNCCD lung cancer dataset\Malignant cases\Malignant case (120).jpg,Malignant case (120).jpg,malignant,1e58ca1f419788313c2208c4ae67d66d,4,train
D:\skripsi\dataset_external\iqothnccd\The IQ-OTHNCCD lung cancer dataset\The IQ-OTHNCCD lung cancer dataset\Malignant cases\Malignant case (121).jpg,Malignant case (121).jpg,malignant,3a6648b6efa56e089dd800a1574d1866,4,train
D:\skripsi\dataset_external\iqothnccd\The IQ-OTHNCCD lung cancer dataset\The IQ-OTHNCCD lung cancer dataset\Malignant cases\Malignant case (122).jpg,Malignant case (122).jpg,malignant,426cc1bb5712771abf810646ac5622c3,5,train
D:\skripsi\dataset_external\iqothnccd\The IQ-OTHNCCD lung cancer dataset\The IQ-OTHNCCD lung cancer dataset\Malignant cases\Malignant case (123).jpg,Malignant case (123).jpg,malignant,cbfa969c3bdf6cb183fb1b4294b7f7d3,5,train
D:\skripsi\dataset_external\iqothnccd\The IQ-OTHNCCD lung cancer dataset\The IQ-OTHNCCD lung cancer dataset\Malignant cases\Malignant case (124).jpg,Malignant case (124).jpg,malignant,b6a50692f17fefd861d5960d547be077,5,train
D:\skripsi\dataset_external\iqothnccd\The IQ-OTHNCCD lung cancer dataset\The IQ-OTHNCCD lung cancer dataset\Malignant cases\Malignant case (125).jpg,Malignant case (125).jpg,malignant,eca13efb13db23be9642f4c214d6eff8,5,train
D:\skripsi\dataset_external\iqothnccd\The IQ-OTHNCCD lung cancer dataset\The IQ-OTHNCCD lung cancer dataset\Malignant cases\Malignant case (126).jpg,Malignant case (126).jpg,malignant,71025d0e9f2e3bfaa4e16b895f0a4cc0,5,train
D:\skripsi\dataset_external\iqothnccd\The IQ-OTHNCCD lung cancer dataset\The IQ-OTHNCCD lung cancer dataset\Malignant cases\Malignant case (127).jpg,Malignant case (127).jpg,malignant,8133125c2fbf7b3b5c840312fb275373,5,train
D:\skripsi\dataset_external\iqothnccd\The IQ-OTHNCCD lung cancer dataset\The IQ-OTHNCCD lung cancer dataset\Malignant cases\Malignant case (128).jpg,Malignant case (128).jpg,malignant,2364b76e9ecbc856dd5d0a03663848ec,5,train
D:\skripsi\dataset_external\iqothnccd\The IQ-OTHNCCD lung cancer dataset\The IQ-OTHNCCD lung cancer dataset\Malignant cases\Malignant case (129).jpg,Malignant case (129).jpg,malignant,138cd98ec9ee6447b5a5ec59b8a3f90a,5,train
D:\skripsi\dataset_external\iqothnccd\The IQ-OTHNCCD lung cancer dataset\The IQ-OTHNCCD lung cancer dataset\Malignant cases\Malignant case (13).jpg,Malignant case (13).jpg,malignant,da06931fd4818fdf13c2dfd17f8af096,1,train
D:\skripsi\dataset_external\iqothnccd\The IQ-OTHNCCD lung cancer dataset\The IQ-OTHNCCD lung cancer dataset\Malignant cases\Malignant case (130).jpg,Malignant case (130).jpg,malignant,79e207345b9e79012ceba6f6110123bd,5,train
D:\skripsi\dataset_external\iqothnccd\The IQ-OTHNCCD lung cancer dataset\The IQ-OTHNCCD lung cancer dataset\Malignant cases\Malignant case (131).jpg,Malignant case (131).jpg,malignant,402978a4b7e92377c7536f0738329360,5,train
D:\skripsi\dataset_external\iqothnccd\The IQ-OTHNCCD lung cancer dataset\The IQ-OTHNCCD lung cancer dataset\Malignant cases\Malignant case (132).jpg,Malignant case (132).jpg,malignant,c38bdd4380ace06b66cd6791b7640916,5,train
D:\skripsi\dataset_external\iqothnccd\The IQ-OTHNCCD lung cancer dataset\The IQ-OTHNCCD lung cancer dataset\Malignant cases\Malignant case (133).jpg,Malignant case (133).jpg,malignant,fb648f7f9b4fe4de33caa7c6b565d4ba,5,train
D:\skripsi\dataset_external\iqothnccd\The IQ-OTHNCCD lung cancer dataset\The IQ-OTHNCCD lung cancer dataset\Malignant cases\Malignant case (134).jpg,Malignant case (134).jpg,malignant,c210f1899947df86ad327f7048351009,5,train
D:\skripsi\dataset_external\iqothnccd\The IQ-OTHNCCD lung cancer dataset\The IQ-OTHNCCD lung cancer dataset\Malignant cases\Malignant case (135).jpg,Malignant case (135).jpg,malignant,9a90775a2a58ec7487acaab364a3a391,5,train
D:\skripsi\dataset_external\iqothnccd\The IQ-OTHNCCD lung cancer dataset\The IQ-OTHNCCD lung cancer dataset\Malignant cases\Malignant case (136).jpg,Malignant case (136).jpg,malignant,8dccef4febe782628fa1f259c59b43c7,5,train
D:\skripsi\dataset_external\iqothnccd\The IQ-OTHNCCD lung cancer dataset\The IQ-OTHNCCD lung cancer dataset\Malignant cases\Malignant case (137).jpg,Malignant case (137).jpg,malignant,4dbcaa23054982656902b5af417ffca3,5,train
D:\skripsi\dataset_external\iqothnccd\The IQ-OTHNCCD lung cancer dataset\The IQ-OTHNCCD lung cancer dataset\Malignant cases\Malignant case (14).jpg,Malignant case (14).jpg,malignant,fe470bda07f5d425efca859846085ea4,1,train
D:\skripsi\dataset_external\iqothnccd\The IQ-OTHNCCD lung cancer dataset\The IQ-OTHNCCD lung cancer dataset\Malignant cases\Malignant case (142).jpg,Malignant case (142).jpg,malignant,fa8ea1d94c635f2a20a22b7b4cd5b420,1,train
D:\skripsi\dataset_external\iqothnccd\The IQ-OTHNCCD lung cancer dataset\The IQ-OTHNCCD lung cancer dataset\Malignant cases\Malignant case (143).jpg,Malignant case (143).jpg,malignant,5c870eea453a793b99bd33c1cf0fadad,1,train
D:\skripsi\dataset_external\iqothnccd\The IQ-OTHNCCD lung cancer dataset\The IQ-OTHNCCD lung cancer dataset\Malignant cases\Malignant case (144).jpg,Malignant case (144).jpg,malignant,a25e2cfe29b394e22f8a30e57f2a1749,1,train
D:\skripsi\dataset_external\iqothnccd\The IQ-OTHNCCD lung cancer dataset\The IQ-OTHNCCD lung cancer dataset\Malignant cases\Malignant case (145).jpg,Malignant case (145).jpg,malignant,3ca217594e969778721167396d472295,1,train
D:\skripsi\dataset_external\iqothnccd\The IQ-OTHNCCD lung cancer dataset\The IQ-OTHNCCD lung cancer dataset\Malignant cases\Malignant case (146).jpg,Malignant case (146).jpg,malignant,167f7e0298e18503bd8a45924aacb1e7,1,train
D:\skripsi\dataset_external\iqothnccd\The IQ-OTHNCCD lung cancer dataset\The IQ-OTHNCCD lung cancer dataset\Malignant cases\Malignant case (147).jpg,Malignant case (147).jpg,malignant,7d19ee77f699849a8cd9335a6b6ea924,1,train
D:\skripsi\dataset_external\iqothnccd\The IQ-OTHNCCD lung cancer dataset\The IQ-OTHNCCD lung cancer dataset\Malignant cases\Malignant case (149).jpg,Malignant case (149).jpg,malignant,0e3086eee007ddc315a59649fecbb816,1,train
D:\skripsi\dataset_external\iqothnccd\The IQ-OTHNCCD lung cancer dataset\The IQ-OTHNCCD lung cancer dataset\Malignant cases\Malignant case (15).jpg,Malignant case (15).jpg,malignant,524c82a93f244111f473a5ec09fded48,1,train
D:\skripsi\dataset_external\iqothnccd\The IQ-OTHNCCD lung cancer dataset\The IQ-OTHNCCD lung cancer dataset\Malignant cases\Malignant case (150).jpg,Malignant case (150).jpg,malignant,b4f603cee61f4118a495674bca70e1d5,1,train
D:\skripsi\dataset_external\iqothnccd\The IQ-OTHNCCD lung cancer dataset\The IQ-OTHNCCD lung cancer dataset\Malignant cases\Malignant case (151).jpg,Malignant case (151).jpg,malignant,b72fe17d3e20ddb212e7ad62a26fb0b2,1,train
D:\skripsi\dataset_external\iqothnccd\The IQ-OTHNCCD lung cancer dataset\The IQ-OTHNCCD lung cancer dataset\Malignant cases\Malignant case (153).jpg,Malignant case (153).jpg,malignant,0a6936ed67538254ace68e81d4c03e2b,1,train
D:\skripsi\dataset_external\iqothnccd\The IQ-OTHNCCD lung cancer dataset\The IQ-OTHNCCD lung cancer dataset\Malignant cases\Malignant case (154).jpg,Malignant case (154).jpg,malignant,61a589f37952fd041f83e63cc50b5abd,1,train
D:\skripsi\dataset_external\iqothnccd\The IQ-OTHNCCD lung cancer dataset\The IQ-OTHNCCD lung cancer dataset\Malignant cases\Malignant case (155).jpg,Malignant case (155).jpg,malignant,c595fb38e389f6475f31e6d37a69f80a,1,train
D:\skripsi\dataset_external\iqothnccd\The IQ-OTHNCCD lung cancer dataset\The IQ-OTHNCCD lung cancer dataset\Malignant cases\Malignant case (156).jpg,Malignant case (156).jpg,malignant,4e2573e0ac694e1b70542c47bcdf6fc3,1,train
D:\skripsi\dataset_external\iqothnccd\The IQ-OTHNCCD lung cancer dataset\The IQ-OTHNCCD lung cancer dataset\Malignant cases\Malignant case (157).jpg,Malignant case (157).jpg,malignant,17de55c539be14fe56de0e70a99f6063,6,train
D:\skripsi\dataset_external\iqothnccd\The IQ-OTHNCCD lung cancer dataset\The IQ-OTHNCCD lung cancer dataset\Malignant cases\Malignant case (158).jpg,Malignant case (158).jpg,malignant,1397bba423160a29ed35645775c5b218,6,train
D:\skripsi\dataset_external\iqothnccd\The IQ-OTHNCCD lung cancer dataset\The IQ-OTHNCCD lung cancer dataset\Malignant cases\Malignant case (159).jpg,Malignant case (159).jpg,malignant,897986cfca917a991b1a01e4678d03e3,6,train
D:\skripsi\dataset_external\iqothnccd\The IQ-OTHNCCD lung cancer dataset\The IQ-OTHNCCD lung cancer dataset\Malignant cases\Malignant case (16).jpg,Malignant case (16).jpg,malignant,82954b1428188db4eac8296e7f86074f,7,test
D:\skripsi\dataset_external\iqothnccd\The IQ-OTHNCCD lung cancer dataset\The IQ-OTHNCCD lung cancer dataset\Malignant cases\Malignant case (160).jpg,Malignant case (160).jpg,malignant,f09c372b79c6ee00f0b552fd41080a88,6,train
D:\skripsi\dataset_external\iqothnccd\The IQ-OTHNCCD lung cancer dataset\The IQ-OTHNCCD lung cancer dataset\Malignant cases\Malignant case (161).jpg,Malignant case (161).jpg,malignant,76032a9ca97967d3c86342ad6957d56c,6,train
D:\skripsi\dataset_external\iqothnccd\The IQ-OTHNCCD lung cancer dataset\The IQ-OTHNCCD lung cancer dataset\Malignant cases\Malignant case (162).jpg,Malignant case (162).jpg,malignant,79c18d25a45271fd87914a97a11b2a37,6,train
D:\skripsi\dataset_external\iqothnccd\The IQ-OTHNCCD lung cancer dataset\The IQ-OTHNCCD lung cancer dataset\Malignant cases\Malignant case (163).jpg,Malignant case (163).jpg,malignant,be5301a09cc702dc799f77e60a58dcd4,6,train
D:\skripsi\dataset_external\iqothnccd\The IQ-OTHNCCD lung cancer dataset\The IQ-OTHNCCD lung cancer dataset\Malignant cases\Malignant case (164).jpg,Malignant case (164).jpg,malignant,1bc56bd9214654efbe75115fc7bf04e6,6,train
D:\skripsi\dataset_external\iqothnccd\The IQ-OTHNCCD lung cancer dataset\The IQ-OTHNCCD lung cancer dataset\Malignant cases\Malignant case (165).jpg,Malignant case (165).jpg,malignant,1143c142d4c1e53717fba1662d8184c9,6,train
D:\skripsi\dataset_external\iqothnccd\The IQ-OTHNCCD lung cancer dataset\The IQ-OTHNCCD lung cancer dataset\Malignant cases\Malignant case (166).jpg,Malignant case (166).jpg,malignant,49b6edfe7801ab0b5e84462d518ce31a,6,train
D:\skripsi\dataset_external\iqothnccd\The IQ-OTHNCCD lung cancer dataset\The IQ-OTHNCCD lung cancer dataset\Malignant cases\Malignant case (167).jpg,Malignant case (167).jpg,malignant,99c8a6a7007bd5dc15a0ee0e595f76e9,8,train
D:\skripsi\dataset_external\iqothnccd\The IQ-OTHNCCD lung cancer dataset\The IQ-OTHNCCD lung cancer dataset\Malignant cases\Malignant case (168).jpg,Malignant case (168).jpg,malignant,061fd1c8d18ad2475b1cee3824072792,8,train
D:\skripsi\dataset_external\iqothnccd\The IQ-OTHNCCD lung cancer dataset\The IQ-OTHNCCD lung cancer dataset\Malignant cases\Malignant case (169).jpg,Malignant case (169).jpg,malignant,4f2b7449c582e7c55a8020e0c8b2a309,8,train
D:\skripsi\dataset_external\iqothnccd\The IQ-OTHNCCD lung cancer dataset\The IQ-OTHNCCD lung cancer dataset\Malignant cases\Malignant case (17).jpg,Malignant case (17).jpg,malignant,8e5653d4bb01f5dfeaa584d23223d2f8,9,train
D:\skripsi\dataset_external\iqothnccd\The IQ-OTHNCCD lung cancer dataset\The IQ-OTHNCCD lung cancer dataset\Malignant cases\Malignant case (170).jpg,Malignant case (170).jpg,malignant,2543d14447300709ddab33fb7ae02fe7,6,train
D:\skripsi\dataset_external\iqothnccd\The IQ-OTHNCCD lung cancer dataset\The IQ-OTHNCCD lung cancer dataset\Malignant cases\Malignant case (171).jpg,Malignant case (171).jpg,malignant,cdccaf40edcdcc2dfe07f10e8a8430e5,6,train
D:\skripsi\dataset_external\iqothnccd\The IQ-OTHNCCD lung cancer dataset\The IQ-OTHNCCD lung cancer dataset\Malignant cases\Malignant case (172).jpg,Malignant case (172).jpg,malignant,bb0a3313985b13d97979c0b2b6d70c1e,8,train
D:\skripsi\dataset_external\iqothnccd\The IQ-OTHNCCD lung cancer dataset\The IQ-OTHNCCD lung cancer dataset\Malignant cases\Malignant case (173).jpg,Malignant case (173).jpg,malignant,f422a20a8d9e6b035d628fc39e13364e,8,train
D:\skripsi\dataset_external\iqothnccd\The IQ-OTHNCCD lung cancer dataset\The IQ-OTHNCCD lung cancer dataset\Malignant cases\Malignant case (174).jpg,Malignant case (174).jpg,malignant,e471e2047202d6e7e6e7a0aabb861597,8,train
D:\skripsi\dataset_external\iqothnccd\The IQ-OTHNCCD lung cancer dataset\The IQ-OTHNCCD lung cancer dataset\Malignant cases\Malignant case (175).jpg,Malignant case (175).jpg,malignant,991ffbadeb663908f87415ab27df0519,8,train
D:\skripsi\dataset_external\iqothnccd\The IQ-OTHNCCD lung cancer dataset\The IQ-OTHNCCD lung cancer dataset\Malignant cases\Malignant case (176).jpg,Malignant case (176).jpg,malignant,ae9b9acf0dc81f8bcbefb6c0a9a3c48f,8,train
D:\skripsi\dataset_external\iqothnccd\The IQ-OTHNCCD lung cancer dataset\The IQ-OTHNCCD lung cancer dataset\Malignant cases\Malignant case (177).jpg,Malignant case (177).jpg,malignant,404310130f1b36cd50428309ba32a6fa,8,train
D:\skripsi\dataset_external\iqothnccd\The IQ-OTHNCCD lung cancer dataset\The IQ-OTHNCCD lung cancer dataset\Malignant cases\Malignant case (178).jpg,Malignant case (178).jpg,malignant,dbcc5c23abf571e7b096c4018f6f6223,8,train
D:\skripsi\dataset_external\iqothnccd\The IQ-OTHNCCD lung cancer dataset\The IQ-OTHNCCD lung cancer dataset\Malignant cases\Malignant case (179).jpg,Malignant case (179).jpg,malignant,9f34b5e1ae66929c3ff6298813f6bee2,8,train
D:\skripsi\dataset_external\iqothnccd\The IQ-OTHNCCD lung cancer dataset\The IQ-OTHNCCD lung cancer dataset\Malignant cases\Malignant case (18).jpg,Malignant case (18).jpg,malignant,5ef1491d2c7f6bb03c04fffab259b397,9,train
D:\skripsi\dataset_external\iqothnccd\The IQ-OTHNCCD lung cancer dataset\The IQ-OTHNCCD lung cancer dataset\Malignant cases\Malignant case (180).jpg,Malignant case (180).jpg,malignant,44eb96c57ac4447c411df5dad245dafe,10,test
D:\skripsi\dataset_external\iqothnccd\The IQ-OTHNCCD lung cancer dataset\The IQ-OTHNCCD lung cancer dataset\Malignant cases\Malignant case (181).jpg,Malignant case (181).jpg,malignant,9452ce8b08adfc17aa7753f4b7e0c304,11,train
D:\skripsi\dataset_external\iqothnccd\The IQ-OTHNCCD lung cancer dataset\The IQ-OTHNCCD lung cancer dataset\Malignant cases\Malignant case (182).jpg,Malignant case (182).jpg,malignant,5ae9e831e15e400d296c727d1cec5bfa,11,train
D:\skripsi\dataset_external\iqothnccd\The IQ-OTHNCCD lung cancer dataset\The IQ-OTHNCCD lung cancer dataset\Malignant cases\Malignant case (183).jpg,Malignant case (183).jpg,malignant,93fce498925a5fa95347bac9075cd634,12,train
D:\skripsi\dataset_external\iqothnccd\The IQ-OTHNCCD lung cancer dataset\The IQ-OTHNCCD lung cancer dataset\Malignant cases\Malignant case (184).jpg,Malignant case (184).jpg,malignant,53624fcbce5e493f4698993426fb0185,12,train
D:\skripsi\dataset_external\iqothnccd\The IQ-OTHNCCD lung cancer dataset\The IQ-OTHNCCD lung cancer dataset\Malignant cases\Malignant case (185).jpg,Malignant case (185).jpg,malignant,f4cf1427821ebeffe634c212ff3214ff,12,train
D:\skripsi\dataset_external\iqothnccd\The IQ-OTHNCCD lung cancer dataset\The IQ-OTHNCCD lung cancer dataset\Malignant cases\Malignant case (186).jpg,Malignant case (186).jpg,malignant,f0d9d0b637b2d9d5d0f749839630cd21,12,train
D:\skripsi\dataset_external\iqothnccd\The IQ-OTHNCCD lung cancer dataset\The IQ-OTHNCCD lung cancer dataset\Malignant cases\Malignant case (187).jpg,Malignant case (187).jpg,malignant,ef193c378340d6a80a386209980f25e6,12,train
D:\skripsi\dataset_external\iqothnccd\The IQ-OTHNCCD lung cancer dataset\The IQ-OTHNCCD lung cancer dataset\Malignant cases\Malignant case (188).jpg,Malignant case (188).jpg,malignant,880021096ba479de678d02d055db4f57,12,train
D:\skripsi\dataset_external\iqothnccd\The IQ-OTHNCCD lung cancer dataset\The IQ-OTHNCCD lung cancer dataset\Malignant cases\Malignant case (189).jpg,Malignant case (189).jpg,malignant,61859dfac37190c6abb2443afea229db,12,train
D:\skripsi\dataset_external\iqothnccd\The IQ-OTHNCCD lung cancer dataset\The IQ-OTHNCCD lung cancer dataset\Malignant cases\Malignant case (19).jpg,Malignant case (19).jpg,malignant,34c5632a60ff605983c1155e61ce6748,13,train
D:\skripsi\dataset_external\iqothnccd\The IQ-OTHNCCD lung cancer dataset\The IQ-OTHNCCD lung cancer dataset\Malignant cases\Malignant case (190).jpg,Malignant case (190).jpg,malignant,45f9ec8f6be73089c6fce946a5c67ca3,12,train
D:\skripsi\dataset_external\iqothnccd\The IQ-OTHNCCD lung cancer dataset\The IQ-OTHNCCD lung cancer dataset\Malignant cases\Malignant case (191).jpg,Malignant case (191).jpg,malignant,18e262152617f7b2482ab8be8ac07e0f,12,train
D:\skripsi\dataset_external\iqothnccd\The IQ-OTHNCCD lung cancer dataset\The IQ-OTHNCCD lung cancer dataset\Malignant cases\Malignant case (192).jpg,Malignant case (192).jpg,malignant,43d19d0ae0471293c72c34bd5508883b,14,val
D:\skripsi\dataset_external\iqothnccd\The IQ-OTHNCCD lung cancer dataset\The IQ-OTHNCCD lung cancer dataset\Malignant cases\Malignant case (193).jpg,Malignant case (193).jpg,malignant,b942433465b7799453f0cefd8031aa06,14,val
D:\skripsi\dataset_external\iqothnccd\The IQ-OTHNCCD lung cancer dataset\The IQ-OTHNCCD lung cancer dataset\Malignant cases\Malignant case (194).jpg,Malignant case (194).jpg,malignant,24cdf246d26a9e99350bbc3add684524,14,val
D:\skripsi\dataset_external\iqothnccd\The IQ-OTHNCCD lung cancer dataset\The IQ-OTHNCCD lung cancer dataset\Malignant cases\Malignant case (195).jpg,Malignant case (195).jpg,malignant,81827c268127dea67440377c792178f9,15,train
D:\skripsi\dataset_external\iqothnccd\The IQ-OTHNCCD lung cancer dataset\The IQ-OTHNCCD lung cancer dataset\Malignant cases\Malignant case (196).jpg,Malignant case (196).jpg,malignant,cf4b7a2670d1827dbc8ac6c82b59f88f,15,train
D:\skripsi\dataset_external\iqothnccd\The IQ-OTHNCCD lung cancer dataset\The IQ-OTHNCCD lung cancer dataset\Malignant cases\Malignant case (197).jpg,Malignant case (197).jpg,malignant,74a369b0dcef630601e53f2595a8fbf2,15,train
D:\skripsi\dataset_external\iqothnccd\The IQ-OTHNCCD lung cancer dataset\The IQ-OTHNCCD lung cancer dataset\Malignant cases\Malignant case (198).jpg,Malignant case (198).jpg,malignant,1188997fcf8a0a844b8566cb8a2ece97,15,train
D:\skripsi\dataset_external\iqothnccd\The IQ-OTHNCCD lung cancer dataset\The IQ-OTHNCCD lung cancer dataset\Malignant cases\Malignant case (199).jpg,Malignant case (199).jpg,malignant,735ff2a66c988961b5bc3ad998ffa7d0,15,train
D:\skripsi\dataset_external\iqothnccd\The IQ-OTHNCCD lung cancer dataset\The IQ-OTHNCCD lung cancer dataset\Malignant cases\Malignant case (2).jpg,Malignant case (2).jpg,malignant,579c98ca7afede09338adf7a99c09775,16,train
D:\skripsi\dataset_external\iqothnccd\The IQ-OTHNCCD lung cancer dataset\The IQ-OTHNCCD lung cancer dataset\Malignant cases\Malignant case (20).jpg,Malignant case (20).jpg,malignant,21192294cdc2f7f6978c72d65d73b015,13,train
D:\skripsi\dataset_external\iqothnccd\The IQ-OTHNCCD lung cancer dataset\The IQ-OTHNCCD lung cancer dataset\Malignant cases\Malignant case (200).jpg,Malignant case (200).jpg,malignant,663d92c601494ae6ba6e6a6e9fe5623a,17,train
D:\skripsi\dataset_external\iqothnccd\The IQ-OTHNCCD lung cancer dataset\The IQ-OTHNCCD lung cancer dataset\Malignant cases\Malignant case (201).jpg,Malignant case (201).jpg,malignant,4cd071004fe9287f46917ca9d184c1af,17,train
D:\skripsi\dataset_external\iqothnccd\The IQ-OTHNCCD lung cancer dataset\The IQ-OTHNCCD lung cancer dataset\Malignant cases\Malignant case (202).jpg,Malignant case (202).jpg,malignant,0a5d40bb49c743c887f01982f5e65e6b,17,train
D:\skripsi\dataset_external\iqothnccd\The IQ-OTHNCCD lung cancer dataset\The IQ-OTHNCCD lung cancer dataset\Malignant cases\Malignant case (203).jpg,Malignant case (203).jpg,malignant,3fafe9a01e5a3c65562396479bf6fcb7,17,train
D:\skripsi\dataset_external\iqothnccd\The IQ-OTHNCCD lung cancer dataset\The IQ-OTHNCCD lung cancer dataset\Malignant cases\Malignant case (204).jpg,Malignant case (204).jpg,malignant,717371e275a26da7c123b29fbf1e8267,17,train
D:\skripsi\dataset_external\iqothnccd\The IQ-OTHNCCD lung cancer dataset\The IQ-OTHNCCD lung cancer dataset\Malignant cases\Malignant case (205).jpg,Malignant case (205).jpg,malignant,782c661a4faab4d200ca05da30ca48f2,17,train
D:\skripsi\dataset_external\iqothnccd\The IQ-OTHNCCD lung cancer dataset\The IQ-OTHNCCD lung cancer dataset\Malignant cases\Malignant case (206).jpg,Malignant case (206).jpg,malignant,d49db9df7578817758dee0164ca132b1,17,train
D:\skripsi\dataset_external\iqothnccd\The IQ-OTHNCCD lung cancer dataset\The IQ-OTHNCCD lung cancer dataset\Malignant cases\Malignant case (207).jpg,Malignant case (207).jpg,malignant,7230068867161ecaa19a35e9974dd1b1,17,train
D:\skripsi\dataset_external\iqothnccd\The IQ-OTHNCCD lung cancer dataset\The IQ-OTHNCCD lung cancer dataset\Malignant cases\Malignant case (208).jpg,Malignant case (208).jpg,malignant,ae25fe798a14ec0ce8071dc8df1133bf,17,train
D:\skripsi\dataset_external\iqothnccd\The IQ-OTHNCCD lung cancer dataset\The IQ-OTHNCCD lung cancer dataset\Malignant cases\Malignant case (209).jpg,Malignant case (209).jpg,malignant,d0fd1ab99ad62518d8d2c26040785f5e,17,train
D:\skripsi\dataset_external\iqothnccd\The IQ-OTHNCCD lung cancer dataset\The IQ-OTHNCCD lung cancer dataset\Malignant cases\Malignant case (21).jpg,Malignant case (21).jpg,malignant,32c9600d5f732f181525301d1374001f,13,train
D:\skripsi\dataset_external\iqothnccd\The IQ-OTHNCCD lung cancer dataset\The IQ-OTHNCCD lung cancer dataset\Malignant cases\Malignant case (210).jpg,Malignant case (210).jpg,malignant,64152b2c1513b3128bcb6463e576e814,17,train
D:\skripsi\dataset_external\iqothnccd\The IQ-OTHNCCD lung cancer dataset\The IQ-OTHNCCD lung cancer dataset\Malignant cases\Malignant case (211).jpg,Malignant case (211).jpg,malignant,1e1ea739a2f9f86a3f67b0b3bd4107c5,17,train
D:\skripsi\dataset_external\iqothnccd\The IQ-OTHNCCD lung cancer dataset\The IQ-OTHNCCD lung cancer dataset\Malignant cases\Malignant case (212).jpg,Malignant case (212).jpg,malignant,35843418a02c6e94c0c06204cdec7160,17,train
D:\skripsi\dataset_external\iqothnccd\The IQ-OTHNCCD lung cancer dataset\The IQ-OTHNCCD lung cancer dataset\Malignant cases\Malignant case (213).jpg,Malignant case (213).jpg,malignant,80f969323af73c1bd9448497bd95bbaf,17,train
D:\skripsi\dataset_external\iqothnccd\The IQ-OTHNCCD lung cancer dataset\The IQ-OTHNCCD lung cancer dataset\Malignant cases\Malignant case (214).jpg,Malignant case (214).jpg,malignant,d4ec5a0e3ee32ec04f0523014d905817,17,train
D:\skripsi\dataset_external\iqothnccd\The IQ-OTHNCCD lung cancer dataset\The IQ-OTHNCCD lung cancer dataset\Malignant cases\Malignant case (215).jpg,Malignant case (215).jpg,malignant,d4cf6fa2174f2dcc75c75f4230db13ca,17,train
D:\skripsi\dataset_external\iqothnccd\The IQ-OTHNCCD lung cancer dataset\The IQ-OTHNCCD lung cancer dataset\Malignant cases\Malignant case (216).jpg,Malignant case (216).jpg,malignant,02546507da2d0a41fe2a3ca16dbbe8d6,17,train
D:\skripsi\dataset_external\iqothnccd\The IQ-OTHNCCD lung cancer dataset\The IQ-OTHNCCD lung cancer dataset\Malignant cases\Malignant case (217).jpg,Malignant case (217).jpg,malignant,ce8b1348d6b7bc4ecb629b3d079f15c5,17,train
D:\skripsi\dataset_external\iqothnccd\The IQ-OTHNCCD lung cancer dataset\The IQ-OTHNCCD lung cancer dataset\Malignant cases\Malignant case (218).jpg,Malignant case (218).jpg,malignant,23853b6efc3875e2ed5575dd8728c046,17,train
D:\skripsi\dataset_external\iqothnccd\The IQ-OTHNCCD lung cancer dataset\The IQ-OTHNCCD lung cancer dataset\Malignant cases\Malignant case (219).jpg,Malignant case (219).jpg,malignant,924a50cc89c991b7229798d152411da6,17,train
D:\skripsi\dataset_external\iqothnccd\The IQ-OTHNCCD lung cancer dataset\The IQ-OTHNCCD lung cancer dataset\Malignant cases\Malignant case (22).jpg,Malignant case (22).jpg,malignant,39584679c4b2b48ba3ea7b181e9cdfc0,13,train
D:\skripsi\dataset_external\iqothnccd\The IQ-OTHNCCD lung cancer dataset\The IQ-OTHNCCD lung cancer dataset\Malignant cases\Malignant case (220).jpg,Malignant case (220).jpg,malignant,d069b455d3522f95805d4d1c01af58f0,17,train
D:\skripsi\dataset_external\iqothnccd\The IQ-OTHNCCD lung cancer dataset\The IQ-OTHNCCD lung cancer dataset\Malignant cases\Malignant case (221).jpg,Malignant case (221).jpg,malignant,96f240fdb19847862b7c0ccaf5ff32d4,17,train
D:\skripsi\dataset_external\iqothnccd\The IQ-OTHNCCD lung cancer dataset\The IQ-OTHNCCD lung cancer dataset\Malignant cases\Malignant case (222).jpg,Malignant case (222).jpg,malignant,ea414b14ac9aefea9fc2b53bdc00a868,17,train
D:\skripsi\dataset_external\iqothnccd\The IQ-OTHNCCD lung cancer dataset\The IQ-OTHNCCD lung cancer dataset\Malignant cases\Malignant case (223).jpg,Malignant case (223).jpg,malignant,06b53a3711d03c81793641341b0b0797,17,train
D:\skripsi\dataset_external\iqothnccd\The IQ-OTHNCCD lung cancer dataset\The IQ-OTHNCCD lung cancer dataset\Malignant cases\Malignant case (224).jpg,Malignant case (224).jpg,malignant,3f173225fc206ab212ee8cf43db057fb,17,train
D:\skripsi\dataset_external\iqothnccd\The IQ-OTHNCCD lung cancer dataset\The IQ-OTHNCCD lung cancer dataset\Malignant cases\Malignant case (225).jpg,Malignant case (225).jpg,malignant,8fddee7666322ae6c860177da98ad916,17,train
D:\skripsi\dataset_external\iqothnccd\The IQ-OTHNCCD lung cancer dataset\The IQ-OTHNCCD lung cancer dataset\Malignant cases\Malignant case (226).jpg,Malignant case (226).jpg,malignant,9e10cd8e7e8378aed1ee6418ed90b7fc,17,train
D:\skripsi\dataset_external\iqothnccd\The IQ-OTHNCCD lung cancer dataset\The IQ-OTHNCCD lung cancer dataset\Malignant cases\Malignant case (227).jpg,Malignant case (227).jpg,malignant,bed41520b124416f5b42c61a2346eefa,17,train
D:\skripsi\dataset_external\iqothnccd\The IQ-OTHNCCD lung cancer dataset\The IQ-OTHNCCD lung cancer dataset\Malignant cases\Malignant case (228).jpg,Malignant case (228).jpg,malignant,82fe76d636792a82ae4a85512fbd308a,18,val
D:\skripsi\dataset_external\iqothnccd\The IQ-OTHNCCD lung cancer dataset\The IQ-OTHNCCD lung cancer dataset\Malignant cases\Malignant case (229).jpg,Malignant case (229).jpg,malignant,dff053afd08d639cc416baafbf3c38ae,18,val
D:\skripsi\dataset_external\iqothnccd\The IQ-OTHNCCD lung cancer dataset\The IQ-OTHNCCD lung cancer dataset\Malignant cases\Malignant case (23).jpg,Malignant case (23).jpg,malignant,e1dd001b6b148902e4289bd82cf9270c,13,train
D:\skripsi\dataset_external\iqothnccd\The IQ-OTHNCCD lung cancer dataset\The IQ-OTHNCCD lung cancer dataset\Malignant cases\Malignant case (230).jpg,Malignant case (230).jpg,malignant,3c297f1556bd9a8be23cf18ef464e0dd,18,val
D:\skripsi\dataset_external\iqothnccd\The IQ-OTHNCCD lung cancer dataset\The IQ-OTHNCCD lung cancer dataset\Malignant cases\Malignant case (231).jpg,Malignant case (231).jpg,malignant,44d0ad8b9a213dd746179d7253ea80ec,18,val
D:\skripsi\dataset_external\iqothnccd\The IQ-OTHNCCD lung cancer dataset\The IQ-OTHNCCD lung cancer dataset\Malignant cases\Malignant case (232).jpg,Malignant case (232).jpg,malignant,9ef3064f94477cb49fb333058c1db54e,18,val
D:\skripsi\dataset_external\iqothnccd\The IQ-OTHNCCD lung cancer dataset\The IQ-OTHNCCD lung cancer dataset\Malignant cases\Malignant case (233).jpg,Malignant case (233).jpg,malignant,c45c6a0b95a472277d12b52261148a63,18,val
D:\skripsi\dataset_external\iqothnccd\The IQ-OTHNCCD lung cancer dataset\The IQ-OTHNCCD lung cancer dataset\Malignant cases\Malignant case (234).jpg,Malignant case (234).jpg,malignant,e3e96e9616aef088e5b46cf334495794,18,val
D:\skripsi\dataset_external\iqothnccd\The IQ-OTHNCCD lung cancer dataset\The IQ-OTHNCCD lung cancer dataset\Malignant cases\Malignant case (235).jpg,Malignant case (235).jpg,malignant,981e08ca874c8e52e1b0fe178bdacdf1,18,val
D:\skripsi\dataset_external\iqothnccd\The IQ-OTHNCCD lung cancer dataset\The IQ-OTHNCCD lung cancer dataset\Malignant cases\Malignant case (236).jpg,Malignant case (236).jpg,malignant,867fa077201f0530e2aa9eef6eb99c94,18,val
D:\skripsi\dataset_external\iqothnccd\The IQ-OTHNCCD lung cancer dataset\The IQ-OTHNCCD lung cancer dataset\Malignant cases\Malignant case (237).jpg,Malignant case (237).jpg,malignant,845ff5102ee620a41a5d6cad7aed90a1,18,val
D:\skripsi\dataset_external\iqothnccd\The IQ-OTHNCCD lung cancer dataset\The IQ-OTHNCCD lung cancer dataset\Malignant cases\Malignant case (238).jpg,Malignant case (238).jpg,malignant,2b51763253df5d8aed0eb1ae1cb04484,18,val
D:\skripsi\dataset_external\iqothnccd\The IQ-OTHNCCD lung cancer dataset\The IQ-OTHNCCD lung cancer dataset\Malignant cases\Malignant case (239).jpg,Malignant case (239).jpg,malignant,237b68a76d54533c798da6143e8cb193,18,val
D:\skripsi\dataset_external\iqothnccd\The IQ-OTHNCCD lung cancer dataset\The IQ-OTHNCCD lung cancer dataset\Malignant cases\Malignant case (24).jpg,Malignant case (24).jpg,malignant,833be381cd422139434a2763bccafe07,13,train
D:\skripsi\dataset_external\iqothnccd\The IQ-OTHNCCD lung cancer dataset\The IQ-OTHNCCD lung cancer dataset\Malignant cases\Malignant case (240).jpg,Malignant case (240).jpg,malignant,a6c2adca350bc4a0c9814c60583ad650,18,val
D:\skripsi\dataset_external\iqothnccd\The IQ-OTHNCCD lung cancer dataset\The IQ-OTHNCCD lung cancer dataset\Malignant cases\Malignant case (241).jpg,Malignant case (241).jpg,malignant,0317255e01be398bfcdd78a0d723542d,18,val
D:\skripsi\dataset_external\iqothnccd\The IQ-OTHNCCD lung cancer dataset\The IQ-OTHNCCD lung cancer dataset\Malignant cases\Malignant case (242).jpg,Malignant case (242).jpg,malignant,ed872f300d077c4b041a39d43263996e,18,val
D:\skripsi\dataset_external\iqothnccd\The IQ-OTHNCCD lung cancer dataset\The IQ-OTHNCCD lung cancer dataset\Malignant cases\Malignant case (243).jpg,Malignant case (243).jpg,malignant,7d5c04d4fda99b7f34fe0def468552d7,18,val
D:\skripsi\dataset_external\iqothnccd\The IQ-OTHNCCD lung cancer dataset\The IQ-OTHNCCD lung cancer dataset\Malignant cases\Malignant case (244).jpg,Malignant case (244).jpg,malignant,4e0f728a27b098519c1f26563af7c38b,18,val
D:\skripsi\dataset_external\iqothnccd\The IQ-OTHNCCD lung cancer dataset\The IQ-OTHNCCD lung cancer dataset\Malignant cases\Malignant case (245).jpg,Malignant case (245).jpg,malignant,781c3c6c23c1966a99d64db04b179276,18,val
D:\skripsi\dataset_external\iqothnccd\The IQ-OTHNCCD lung cancer dataset\The IQ-OTHNCCD lung cancer dataset\Malignant cases\Malignant case (246).jpg,Malignant case (246).jpg,malignant,ca1c7a68a59d799ea55c51e3a740146e,18,val
D:\skripsi\dataset_external\iqothnccd\The IQ-OTHNCCD lung cancer dataset\The IQ-OTHNCCD lung cancer dataset\Malignant cases\Malignant case (247).jpg,Malignant case (247).jpg,malignant,2657f81c064717938533d1c9b000003a,18,val
D:\skripsi\dataset_external\iqothnccd\The IQ-OTHNCCD lung cancer dataset\The IQ-OTHNCCD lung cancer dataset\Malignant cases\Malignant case (248).jpg,Malignant case (248).jpg,malignant,138e0591d74b64f1b7e53d6735c24f0e,19,train
D:\skripsi\dataset_external\iqothnccd\The IQ-OTHNCCD lung cancer dataset\The IQ-OTHNCCD lung cancer dataset\Malignant cases\Malignant case (249).jpg,Malignant case (249).jpg,malignant,a6bfe6b3b0ab1db5bb726461ed8989b3,19,train
D:\skripsi\dataset_external\iqothnccd\The IQ-OTHNCCD lung cancer dataset\The IQ-OTHNCCD lung cancer dataset\Malignant cases\Malignant case (25).jpg,Malignant case (25).jpg,malignant,e2a292e7a042cd668cf8109830837849,13,train
D:\skripsi\dataset_external\iqothnccd\The IQ-OTHNCCD lung cancer dataset\The IQ-OTHNCCD lung cancer dataset\Malignant cases\Malignant case (250).jpg,Malignant case (250).jpg,malignant,23b865fe8769e7e17df5b6a9f109b7cf,19,train
D:\skripsi\dataset_external\iqothnccd\The IQ-OTHNCCD lung cancer dataset\The IQ-OTHNCCD lung cancer dataset\Malignant cases\Malignant case (251).jpg,Malignant case (251).jpg,malignant,61d24a67729cbd6f3e50401b0c05251c,19,train
D:\skripsi\dataset_external\iqothnccd\The IQ-OTHNCCD lung cancer dataset\The IQ-OTHNCCD lung cancer dataset\Malignant cases\Malignant case (252).jpg,Malignant case (252).jpg,malignant,bf93a6d28c6557863887d39c4f661252,19,train
D:\skripsi\dataset_external\iqothnccd\The IQ-OTHNCCD lung cancer dataset\The IQ-OTHNCCD lung cancer dataset\Malignant cases\Malignant case (253).jpg,Malignant case (253).jpg,malignant,55f7dddea3208df2ef6d7591e7e6532b,19,train
D:\skripsi\dataset_external\iqothnccd\The IQ-OTHNCCD lung cancer dataset\The IQ-OTHNCCD lung cancer dataset\Malignant cases\Malignant case (254).jpg,Malignant case (254).jpg,malignant,f4cd348a1b11aeefcb9dbb59a598f0be,19,train
D:\skripsi\dataset_external\iqothnccd\The IQ-OTHNCCD lung cancer dataset\The IQ-OTHNCCD lung cancer dataset\Malignant cases\Malignant case (255).jpg,Malignant case (255).jpg,malignant,18d7669e684cc3025a1d1fca08af3635,19,train
D:\skripsi\dataset_external\iqothnccd\The IQ-OTHNCCD lung cancer dataset\The IQ-OTHNCCD lung cancer dataset\Malignant cases\Malignant case (256).jpg,Malignant case (256).jpg,malignant,658a7b9bea589bdeb8ad9703b6effed2,19,train
D:\skripsi\dataset_external\iqothnccd\The IQ-OTHNCCD lung cancer dataset\The IQ-OTHNCCD lung cancer dataset\Malignant cases\Malignant case (257).jpg,Malignant case (257).jpg,malignant,9f38e5b8e380282aadbadf38f1200fc5,19,train
D:\skripsi\dataset_external\iqothnccd\The IQ-OTHNCCD lung cancer dataset\The IQ-OTHNCCD lung cancer dataset\Malignant cases\Malignant case (258).jpg,Malignant case (258).jpg,malignant,d940f01b2fb66d7b2fd434c24a2ccfa1,19,train
D:\skripsi\dataset_external\iqothnccd\The IQ-OTHNCCD lung cancer dataset\The IQ-OTHNCCD lung cancer dataset\Malignant cases\Malignant case (259).jpg,Malignant case (259).jpg,malignant,f3f0c05803d2f4684c7185c3cb26c061,20,test
D:\skripsi\dataset_external\iqothnccd\The IQ-OTHNCCD lung cancer dataset\The IQ-OTHNCCD lung cancer dataset\Malignant cases\Malignant case (26).jpg,Malignant case (26).jpg,malignant,81a894499cb53a091e48c7c666060a63,13,train
D:\skripsi\dataset_external\iqothnccd\The IQ-OTHNCCD lung cancer dataset\The IQ-OTHNCCD lung cancer dataset\Malignant cases\Malignant case (260).jpg,Malignant case (260).jpg,malignant,1aaa756f07d45dee1edc15acd5c807bd,20,test
D:\skripsi\dataset_external\iqothnccd\The IQ-OTHNCCD lung cancer dataset\The IQ-OTHNCCD lung cancer dataset\Malignant cases\Malignant case (261).jpg,Malignant case (261).jpg,malignant,2df757c47dab021878df80231f323eab,20,test
D:\skripsi\dataset_external\iqothnccd\The IQ-OTHNCCD lung cancer dataset\The IQ-OTHNCCD lung cancer dataset\Malignant cases\Malignant case (262).jpg,Malignant case (262).jpg,malignant,b168d60c7f240a4bea6f95bde41e2d14,21,val
D:\skripsi\dataset_external\iqothnccd\The IQ-OTHNCCD lung cancer dataset\The IQ-OTHNCCD lung cancer dataset\Malignant cases\Malignant case (263).jpg,Malignant case (263).jpg,malignant,28fff057d6a11dd9873bcac52c005975,21,val
D:\skripsi\dataset_external\iqothnccd\The IQ-OTHNCCD lung cancer dataset\The IQ-OTHNCCD lung cancer dataset\Malignant cases\Malignant case (264).jpg,Malignant case (264).jpg,malignant,c086b8e6348d1c854b0056dede3ad29a,20,test
D:\skripsi\dataset_external\iqothnccd\The IQ-OTHNCCD lung cancer dataset\The IQ-OTHNCCD lung cancer dataset\Malignant cases\Malignant case (265).jpg,Malignant case (265).jpg,malignant,29c821c03abc0c2d48becdcec5831295,20,test
D:\skripsi\dataset_external\iqothnccd\The IQ-OTHNCCD lung cancer dataset\The IQ-OTHNCCD lung cancer dataset\Malignant cases\Malignant case (266).jpg,Malignant case (266).jpg,malignant,ee305f7a4f1fdcdd03b75bc7ee7a7912,21,val
D:\skripsi\dataset_external\iqothnccd\The IQ-OTHNCCD lung cancer dataset\The IQ-OTHNCCD lung cancer dataset\Malignant cases\Malignant case (267).jpg,Malignant case (267).jpg,malignant,1c4a2448d86082af336360d2a0754ef2,21,val
D:\skripsi\dataset_external\iqothnccd\The IQ-OTHNCCD lung cancer dataset\The IQ-OTHNCCD lung cancer dataset\Malignant cases\Malignant case (268).jpg,Malignant case (268).jpg,malignant,e7dec2cc64d3033289456fc8a8423a08,21,val
D:\skripsi\dataset_external\iqothnccd\The IQ-OTHNCCD lung cancer dataset\The IQ-OTHNCCD lung cancer dataset\Malignant cases\Malignant case (269).jpg,Malignant case (269).jpg,malignant,1e744d505ba47817aa88e19ff54fbd8e,22,test
D:\skripsi\dataset_external\iqothnccd\The IQ-OTHNCCD lung cancer dataset\The IQ-OTHNCCD lung cancer dataset\Malignant cases\Malignant case (27).jpg,Malignant case (27).jpg,malignant,3053e298d216042819a07f9aa834de14,13,train
D:\skripsi\dataset_external\iqothnccd\The IQ-OTHNCCD lung cancer dataset\The IQ-OTHNCCD lung cancer dataset\Malignant cases\Malignant case (270).jpg,Malignant case (270).jpg,malignant,874064a0dd2ad7b5de92440765ab989f,22,test
D:\skripsi\dataset_external\iqothnccd\The IQ-OTHNCCD lung cancer dataset\The IQ-OTHNCCD lung cancer dataset\Malignant cases\Malignant case (271).jpg,Malignant case (271).jpg,malignant,0808a8c7050d5e33e8e9d9c2ae8efc28,22,test
D:\skripsi\dataset_external\iqothnccd\The IQ-OTHNCCD lung cancer dataset\The IQ-OTHNCCD lung cancer dataset\Malignant cases\Malignant case (272).jpg,Malignant case (272).jpg,malignant,942032d55bf65b08cf3644947fd440db,22,test
D:\skripsi\dataset_external\iqothnccd\The IQ-OTHNCCD lung cancer dataset\The IQ-OTHNCCD lung cancer dataset\Malignant cases\Malignant case (273).jpg,Malignant case (273).jpg,malignant,66fd72bac6e98e48a3540059920d4b52,22,test
D:\skripsi\dataset_external\iqothnccd\The IQ-OTHNCCD lung cancer dataset\The IQ-OTHNCCD lung cancer dataset\Malignant cases\Malignant case (274).jpg,Malignant case (274).jpg,malignant,38fdf8f9a4646f9bf8ac3493232c1dde,22,test
D:\skripsi\dataset_external\iqothnccd\The IQ-OTHNCCD lung cancer dataset\The IQ-OTHNCCD lung cancer dataset\Malignant cases\Malignant case (275).jpg,Malignant case (275).jpg,malignant,3cc384e130beab7962449e82c55bcb57,22,test
D:\skripsi\dataset_external\iqothnccd\The IQ-OTHNCCD lung cancer dataset\The IQ-OTHNCCD lung cancer dataset\Malignant cases\Malignant case (276).jpg,Malignant case (276).jpg,malignant,9891458bfaa371f77af9466f05c0f15b,22,test
D:\skripsi\dataset_external\iqothnccd\The IQ-OTHNCCD lung cancer dataset\The IQ-OTHNCCD lung cancer dataset\Malignant cases\Malignant case (277).jpg,Malignant case (277).jpg,malignant,5875ca807120d7a9dd714fd174418f66,22,test
D:\skripsi\dataset_external\iqothnccd\The IQ-OTHNCCD lung cancer dataset\The IQ-OTHNCCD lung cancer dataset\Malignant cases\Malignant case (278).jpg,Malignant case (278).jpg,malignant,0eae0818b65b06cc1aa27a682ed99a5f,22,test
D:\skripsi\dataset_external\iqothnccd\The IQ-OTHNCCD lung cancer dataset\The IQ-OTHNCCD lung cancer dataset\Malignant cases\Malignant case (279).jpg,Malignant case (279).jpg,malignant,6d5da2f0c69a6d4b0d6a0f4b8e0909b0,22,test
D:\skripsi\dataset_external\iqothnccd\The IQ-OTHNCCD lung cancer dataset\The IQ-OTHNCCD lung cancer dataset\Malignant cases\Malignant case (28).jpg,Malignant case (28).jpg,malignant,5e54aa02e22880029d017a4a1dd43aa7,13,train
D:\skripsi\dataset_external\iqothnccd\The IQ-OTHNCCD lung cancer dataset\The IQ-OTHNCCD lung cancer dataset\Malignant cases\Malignant case (280).jpg,Malignant case (280).jpg,malignant,114aadc453842d72599d0a14f52a1274,23,val
D:\skripsi\dataset_external\iqothnccd\The IQ-OTHNCCD lung cancer dataset\The IQ-OTHNCCD lung cancer dataset\Malignant cases\Malignant case (281).jpg,Malignant case (281).jpg,malignant,43d686152fa14920f1d310c6e1976ac2,23,val
D:\skripsi\dataset_external\iqothnccd\The IQ-OTHNCCD lung cancer dataset\The IQ-OTHNCCD lung cancer dataset\Malignant cases\Malignant case (282).jpg,Malignant case (282).jpg,malignant,04a53f4547b7dd26e4d4307f3ab6f816,23,val
D:\skripsi\dataset_external\iqothnccd\The IQ-OTHNCCD lung cancer dataset\The IQ-OTHNCCD lung cancer dataset\Malignant cases\Malignant case (283).jpg,Malignant case (283).jpg,malignant,b27380290e8238fb4297fcc3229a3876,23,val
D:\skripsi\dataset_external\iqothnccd\The IQ-OTHNCCD lung cancer dataset\The IQ-OTHNCCD lung cancer dataset\Malignant cases\Malignant case (284).jpg,Malignant case (284).jpg,malignant,b36487369481f476319734f1a0fdf802,23,val
D:\skripsi\dataset_external\iqothnccd\The IQ-OTHNCCD lung cancer dataset\The IQ-OTHNCCD lung cancer dataset\Malignant cases\Malignant case (285).jpg,Malignant case (285).jpg,malignant,3e58f9c54c465443fbd8901256de9262,22,test
D:\skripsi\dataset_external\iqothnccd\The IQ-OTHNCCD lung cancer dataset\The IQ-OTHNCCD lung cancer dataset\Malignant cases\Malignant case (286).jpg,Malignant case (286).jpg,malignant,267ba86852be7049ea42da74afde3785,22,test
D:\skripsi\dataset_external\iqothnccd\The IQ-OTHNCCD lung cancer dataset\The IQ-OTHNCCD lung cancer dataset\Malignant cases\Malignant case (287).jpg,Malignant case (287).jpg,malignant,e03bf25be3f01c807e12a29eadcd23ba,22,test
D:\skripsi\dataset_external\iqothnccd\The IQ-OTHNCCD lung cancer dataset\The IQ-OTHNCCD lung cancer dataset\Malignant cases\Malignant case (288).jpg,Malignant case (288).jpg,malignant,ab178301407c1bdaad6f03f1b24be05e,24,train
D:\skripsi\dataset_external\iqothnccd\The IQ-OTHNCCD lung cancer dataset\The IQ-OTHNCCD lung cancer dataset\Malignant cases\Malignant case (289).jpg,Malignant case (289).jpg,malignant,4533d92d236a76432742a3fb9651d09a,24,train
D:\skripsi\dataset_external\iqothnccd\The IQ-OTHNCCD lung cancer dataset\The IQ-OTHNCCD lung cancer dataset\Malignant cases\Malignant case (29).jpg,Malignant case (29).jpg,malignant,4387110eff20207c2f2c93105be38b82,25,train
D:\skripsi\dataset_external\iqothnccd\The IQ-OTHNCCD lung cancer dataset\The IQ-OTHNCCD lung cancer dataset\Malignant cases\Malignant case (290).jpg,Malignant case (290).jpg,malignant,b33bde3927a15f0644e194cfb002b3de,24,train
D:\skripsi\dataset_external\iqothnccd\The IQ-OTHNCCD lung cancer dataset\The IQ-OTHNCCD lung cancer dataset\Malignant cases\Malignant case (291).jpg,Malignant case (291).jpg,malignant,d9260418faeb36f1bd922fdcf7cb4b6c,24,train
D:\skripsi\dataset_external\iqothnccd\The IQ-OTHNCCD lung cancer dataset\The IQ-OTHNCCD lung cancer dataset\Malignant cases\Malignant case (292).jpg,Malignant case (292).jpg,malignant,f8fdcdf75c27e5fff4034143fbab7300,24,train
D:\skripsi\dataset_external\iqothnccd\The IQ-OTHNCCD lung cancer dataset\The IQ-OTHNCCD lung cancer dataset\Malignant cases\Malignant case (293).jpg,Malignant case (293).jpg,malignant,162761787728044794561754e766ca73,24,train
D:\skripsi\dataset_external\iqothnccd\The IQ-OTHNCCD lung cancer dataset\The IQ-OTHNCCD lung cancer dataset\Malignant cases\Malignant case (294).jpg,Malignant case (294).jpg,malignant,54aba8de713bdd0ccfee574573102917,24,train
D:\skripsi\dataset_external\iqothnccd\The IQ-OTHNCCD lung cancer dataset\The IQ-OTHNCCD lung cancer dataset\Malignant cases\Malignant case (295).jpg,Malignant case (295).jpg,malignant,b0ee5ba430bead55410d9be91074576e,24,train
D:\skripsi\dataset_external\iqothnccd\The IQ-OTHNCCD lung cancer dataset\The IQ-OTHNCCD lung cancer dataset\Malignant cases\Malignant case (296).jpg,Malignant case (296).jpg,malignant,e110ec70f07c9c7b3e00ea5221849685,24,train
D:\skripsi\dataset_external\iqothnccd\The IQ-OTHNCCD lung cancer dataset\The IQ-OTHNCCD lung cancer dataset\Malignant cases\Malignant case (297).jpg,Malignant case (297).jpg,malignant,d8358542f1c872907e02ae8b6bbe1e69,24,train
D:\skripsi\dataset_external\iqothnccd\The IQ-OTHNCCD lung cancer dataset\The IQ-OTHNCCD lung cancer dataset\Malignant cases\Malignant case (298).jpg,Malignant case (298).jpg,malignant,7f8d1fae8841682e79b5554a6e6729a8,24,train
D:\skripsi\dataset_external\iqothnccd\The IQ-OTHNCCD lung cancer dataset\The IQ-OTHNCCD lung cancer dataset\Malignant cases\Malignant case (299).jpg,Malignant case (299).jpg,malignant,bf9f08fb1cd26adb7fde146b14b2feeb,24,train
D:\skripsi\dataset_external\iqothnccd\The IQ-OTHNCCD lung cancer dataset\The IQ-OTHNCCD lung cancer dataset\Malignant cases\Malignant case (3).jpg,Malignant case (3).jpg,malignant,9404cbc13dafee46d7b86c07b389779a,16,train
D:\skripsi\dataset_external\iqothnccd\The IQ-OTHNCCD lung cancer dataset\The IQ-OTHNCCD lung cancer dataset\Malignant cases\Malignant case (30).jpg,Malignant case (30).jpg,malignant,a3a22c5cf4f2abc582480e81e71ca6ae,26,train
D:\skripsi\dataset_external\iqothnccd\The IQ-OTHNCCD lung cancer dataset\The IQ-OTHNCCD lung cancer dataset\Malignant cases\Malignant case (300).jpg,Malignant case (300).jpg,malignant,d346a33c531b18a1219bac6f9e0f0676,24,train
D:\skripsi\dataset_external\iqothnccd\The IQ-OTHNCCD lung cancer dataset\The IQ-OTHNCCD lung cancer dataset\Malignant cases\Malignant case (301).jpg,Malignant case (301).jpg,malignant,3e40c6a8213c243a75488b0d14be3f8d,24,train
D:\skripsi\dataset_external\iqothnccd\The IQ-OTHNCCD lung cancer dataset\The IQ-OTHNCCD lung cancer dataset\Malignant cases\Malignant case (302).jpg,Malignant case (302).jpg,malignant,bb4c2d4a1974bbe6242d237853e1e095,24,train
D:\skripsi\dataset_external\iqothnccd\The IQ-OTHNCCD lung cancer dataset\The IQ-OTHNCCD lung cancer dataset\Malignant cases\Malignant case (303).jpg,Malignant case (303).jpg,malignant,21e28d92a1b60ab3d905b30db4748357,24,train
D:\skripsi\dataset_external\iqothnccd\The IQ-OTHNCCD lung cancer dataset\The IQ-OTHNCCD lung cancer dataset\Malignant cases\Malignant case (304).jpg,Malignant case (304).jpg,malignant,103df20ddf7fa5b4ec5b7f333b898bc4,24,train
D:\skripsi\dataset_external\iqothnccd\The IQ-OTHNCCD lung cancer dataset\The IQ-OTHNCCD lung cancer dataset\Malignant cases\Malignant case (305).jpg,Malignant case (305).jpg,malignant,aedfddbaabac15c8078d3f0b34875035,24,train
D:\skripsi\dataset_external\iqothnccd\The IQ-OTHNCCD lung cancer dataset\The IQ-OTHNCCD lung cancer dataset\Malignant cases\Malignant case (306).jpg,Malignant case (306).jpg,malignant,cf7bc7d93ff6ce83ef08a83b340718f2,24,train
D:\skripsi\dataset_external\iqothnccd\The IQ-OTHNCCD lung cancer dataset\The IQ-OTHNCCD lung cancer dataset\Malignant cases\Malignant case (307).jpg,Malignant case (307).jpg,malignant,ba0a1d6e7fa47dd9370b76b4fb8a47f2,24,train
D:\skripsi\dataset_external\iqothnccd\The IQ-OTHNCCD lung cancer dataset\The IQ-OTHNCCD lung cancer dataset\Malignant cases\Malignant case (308).jpg,Malignant case (308).jpg,malignant,723aba68b7c5499083e1101f9761b8d1,24,train
D:\skripsi\dataset_external\iqothnccd\The IQ-OTHNCCD lung cancer dataset\The IQ-OTHNCCD lung cancer dataset\Malignant cases\Malignant case (309).jpg,Malignant case (309).jpg,malignant,b9c71c10f18a342c12eedddf52afe767,24,train
D:\skripsi\dataset_external\iqothnccd\The IQ-OTHNCCD lung cancer dataset\The IQ-OTHNCCD lung cancer dataset\Malignant cases\Malignant case (31).jpg,Malignant case (31).jpg,malignant,a339214ca1aeef10e390691da5b8edca,27,train
D:\skripsi\dataset_external\iqothnccd\The IQ-OTHNCCD lung cancer dataset\The IQ-OTHNCCD lung cancer dataset\Malignant cases\Malignant case (310).jpg,Malignant case (310).jpg,malignant,4a8bb1a3abe0aa3e2e25cfc113a6e033,24,train
D:\skripsi\dataset_external\iqothnccd\The IQ-OTHNCCD lung cancer dataset\The IQ-OTHNCCD lung cancer dataset\Malignant cases\Malignant case (311).jpg,Malignant case (311).jpg,malignant,0d323722e22d76f63fbef8d3bfb4a083,24,train
D:\skripsi\dataset_external\iqothnccd\The IQ-OTHNCCD lung cancer dataset\The IQ-OTHNCCD lung cancer dataset\Malignant cases\Malignant case (312).jpg,Malignant case (312).jpg,malignant,61df6d5b6eac8b5816014da206074e9c,24,train
D:\skripsi\dataset_external\iqothnccd\The IQ-OTHNCCD lung cancer dataset\The IQ-OTHNCCD lung cancer dataset\Malignant cases\Malignant case (313).jpg,Malignant case (313).jpg,malignant,67c910337596cf24ba38fead44b73ac3,24,train
D:\skripsi\dataset_external\iqothnccd\The IQ-OTHNCCD lung cancer dataset\The IQ-OTHNCCD lung cancer dataset\Malignant cases\Malignant case (314).jpg,Malignant case (314).jpg,malignant,87e4ecc26b69a8b74732670597580ce7,24,train
D:\skripsi\dataset_external\iqothnccd\The IQ-OTHNCCD lung cancer dataset\The IQ-OTHNCCD lung cancer dataset\Malignant cases\Malignant case (315).jpg,Malignant case (315).jpg,malignant,c35e0dd3c0bcad1a5141891f34246270,23,val
D:\skripsi\dataset_external\iqothnccd\The IQ-OTHNCCD lung cancer dataset\The IQ-OTHNCCD lung cancer dataset\Malignant cases\Malignant case (316).jpg,Malignant case (316).jpg,malignant,37b766601768820286cd8c61797dcc45,23,val
D:\skripsi\dataset_external\iqothnccd\The IQ-OTHNCCD lung cancer dataset\The IQ-OTHNCCD lung cancer dataset\Malignant cases\Malignant case (317).jpg,Malignant case (317).jpg,malignant,4f7bb60c22722c041fe7a4d9e80c163e,23,val
D:\skripsi\dataset_external\iqothnccd\The IQ-OTHNCCD lung cancer dataset\The IQ-OTHNCCD lung cancer dataset\Malignant cases\Malignant case (318).jpg,Malignant case (318).jpg,malignant,f01d5865d5c0aec69d22bce4a40b7d38,23,val
D:\skripsi\dataset_external\iqothnccd\The IQ-OTHNCCD lung cancer dataset\The IQ-OTHNCCD lung cancer dataset\Malignant cases\Malignant case (319).jpg,Malignant case (319).jpg,malignant,7095d0dd4205300c33255ce141cd21ef,23,val
D:\skripsi\dataset_external\iqothnccd\The IQ-OTHNCCD lung cancer dataset\The IQ-OTHNCCD lung cancer dataset\Malignant cases\Malignant case (32).jpg,Malignant case (32).jpg,malignant,a1859819d60800d78091ca5b4c012c84,27,train
D:\skripsi\dataset_external\iqothnccd\The IQ-OTHNCCD lung cancer dataset\The IQ-OTHNCCD lung cancer dataset\Malignant cases\Malignant case (320).jpg,Malignant case (320).jpg,malignant,ac8c6fb14d7fe26666907870bb762ae0,23,val
D:\skripsi\dataset_external\iqothnccd\The IQ-OTHNCCD lung cancer dataset\The IQ-OTHNCCD lung cancer dataset\Malignant cases\Malignant case (321).jpg,Malignant case (321).jpg,malignant,6e3af841b15060a2cad1d4efef2a4767,23,val
D:\skripsi\dataset_external\iqothnccd\The IQ-OTHNCCD lung cancer dataset\The IQ-OTHNCCD lung cancer dataset\Malignant cases\Malignant case (322).jpg,Malignant case (322).jpg,malignant,3b04568b7f576bf6aa779b2498216a19,23,val
D:\skripsi\dataset_external\iqothnccd\The IQ-OTHNCCD lung cancer dataset\The IQ-OTHNCCD lung cancer dataset\Malignant cases\Malignant case (323).jpg,Malignant case (323).jpg,malignant,d06cfa7dfc9b2971af4bf3c55f349efe,25,train
D:\skripsi\dataset_external\iqothnccd\The IQ-OTHNCCD lung cancer dataset\The IQ-OTHNCCD lung cancer dataset\Malignant cases\Malignant case (324).jpg,Malignant case (324).jpg,malignant,cc3cccceb1e5230b74c5324866f57fb8,25,train
D:\skripsi\dataset_external\iqothnccd\The IQ-OTHNCCD lung cancer dataset\The IQ-OTHNCCD lung cancer dataset\Malignant cases\Malignant case (325).jpg,Malignant case (325).jpg,malignant,c90e4e9e9569a7f826290dc6ad4cd6d9,25,train
D:\skripsi\dataset_external\iqothnccd\The IQ-OTHNCCD lung cancer dataset\The IQ-OTHNCCD lung cancer dataset\Malignant cases\Malignant case (326).jpg,Malignant case (326).jpg,malignant,56dde7c1af8fd872490e2888b4f44eab,25,train
D:\skripsi\dataset_external\iqothnccd\The IQ-OTHNCCD lung cancer dataset\The IQ-OTHNCCD lung cancer dataset\Malignant cases\Malignant case (327).jpg,Malignant case (327).jpg,malignant,e44e41401ccca997a739a15387248c59,25,train
D:\skripsi\dataset_external\iqothnccd\The IQ-OTHNCCD lung cancer dataset\The IQ-OTHNCCD lung cancer dataset\Malignant cases\Malignant case (328).jpg,Malignant case (328).jpg,malignant,3c6cdc58ae53605be2b4642c5bdd6398,25,train
D:\skripsi\dataset_external\iqothnccd\The IQ-OTHNCCD lung cancer dataset\The IQ-OTHNCCD lung cancer dataset\Malignant cases\Malignant case (329).jpg,Malignant case (329).jpg,malignant,6f84b0307ab140dff112ad6a5f975dd6,25,train
D:\skripsi\dataset_external\iqothnccd\The IQ-OTHNCCD lung cancer dataset\The IQ-OTHNCCD lung cancer dataset\Malignant cases\Malignant case (33).jpg,Malignant case (33).jpg,malignant,a2826d675a00c2c2ad67f893994727cf,27,train
D:\skripsi\dataset_external\iqothnccd\The IQ-OTHNCCD lung cancer dataset\The IQ-OTHNCCD lung cancer dataset\Malignant cases\Malignant case (330).jpg,Malignant case (330).jpg,malignant,92477466862ac4dcb8cbf4b951366d54,25,train
D:\skripsi\dataset_external\iqothnccd\The IQ-OTHNCCD lung cancer dataset\The IQ-OTHNCCD lung cancer dataset\Malignant cases\Malignant case (331).jpg,Malignant case (331).jpg,malignant,e261b2e3d45590809ada52a9afa8111e,25,train
D:\skripsi\dataset_external\iqothnccd\The IQ-OTHNCCD lung cancer dataset\The IQ-OTHNCCD lung cancer dataset\Malignant cases\Malignant case (332).jpg,Malignant case (332).jpg,malignant,7593a3b8de4997299595963d19be1cec,25,train
D:\skripsi\dataset_external\iqothnccd\The IQ-OTHNCCD lung cancer dataset\The IQ-OTHNCCD lung cancer dataset\Malignant cases\Malignant case (333).jpg,Malignant case (333).jpg,malignant,b8836cde310f428916235138a275affa,25,train
D:\skripsi\dataset_external\iqothnccd\The IQ-OTHNCCD lung cancer dataset\The IQ-OTHNCCD lung cancer dataset\Malignant cases\Malignant case (334).jpg,Malignant case (334).jpg,malignant,45211e033358dd6663b02234178770a1,25,train
D:\skripsi\dataset_external\iqothnccd\The IQ-OTHNCCD lung cancer dataset\The IQ-OTHNCCD lung cancer dataset\Malignant cases\Malignant case (335).jpg,Malignant case (335).jpg,malignant,73e23184717ed2226bf369455c8cf312,25,train
D:\skripsi\dataset_external\iqothnccd\The IQ-OTHNCCD lung cancer dataset\The IQ-OTHNCCD lung cancer dataset\Malignant cases\Malignant case (336).jpg,Malignant case (336).jpg,malignant,2b299d42d52121264f828aac5a007433,25,train
D:\skripsi\dataset_external\iqothnccd\The IQ-OTHNCCD lung cancer dataset\The IQ-OTHNCCD lung cancer dataset\Malignant cases\Malignant case (337).jpg,Malignant case (337).jpg,malignant,906ea2920bf1c9d5a34754c4c6eb1ee9,25,train
D:\skripsi\dataset_external\iqothnccd\The IQ-OTHNCCD lung cancer dataset\The IQ-OTHNCCD lung cancer dataset\Malignant cases\Malignant case (338).jpg,Malignant case (338).jpg,malignant,8db1ae8d4af742b51f9d657c6b7d0318,25,train
D:\skripsi\dataset_external\iqothnccd\The IQ-OTHNCCD lung cancer dataset\The IQ-OTHNCCD lung cancer dataset\Malignant cases\Malignant case (339).jpg,Malignant case (339).jpg,malignant,2e4cc57633cb5cebdb6de3e111c49362,25,train
D:\skripsi\dataset_external\iqothnccd\The IQ-OTHNCCD lung cancer dataset\The IQ-OTHNCCD lung cancer dataset\Malignant cases\Malignant case (34).jpg,Malignant case (34).jpg,malignant,40e59b50c390226f711dcd81882255f1,27,train
D:\skripsi\dataset_external\iqothnccd\The IQ-OTHNCCD lung cancer dataset\The IQ-OTHNCCD lung cancer dataset\Malignant cases\Malignant case (340).jpg,Malignant case (340).jpg,malignant,63fc5e78db81a38557b9b5aece885f6f,25,train
D:\skripsi\dataset_external\iqothnccd\The IQ-OTHNCCD lung cancer dataset\The IQ-OTHNCCD lung cancer dataset\Malignant cases\Malignant case (341).jpg,Malignant case (341).jpg,malignant,acb1c88eadc1171f13c2beaf9a0f041f,25,train
D:\skripsi\dataset_external\iqothnccd\The IQ-OTHNCCD lung cancer dataset\The IQ-OTHNCCD lung cancer dataset\Malignant cases\Malignant case (342).jpg,Malignant case (342).jpg,malignant,b308307cde592c1ca43c8aeab8045634,25,train
D:\skripsi\dataset_external\iqothnccd\The IQ-OTHNCCD lung cancer dataset\The IQ-OTHNCCD lung cancer dataset\Malignant cases\Malignant case (343).jpg,Malignant case (343).jpg,malignant,db15f69667318c7a54e9c2f78f570d21,25,train
D:\skripsi\dataset_external\iqothnccd\The IQ-OTHNCCD lung cancer dataset\The IQ-OTHNCCD lung cancer dataset\Malignant cases\Malignant case (344).jpg,Malignant case (344).jpg,malignant,c197fe602ecca4538e2647f0012a9fb1,25,train
D:\skripsi\dataset_external\iqothnccd\The IQ-OTHNCCD lung cancer dataset\The IQ-OTHNCCD lung cancer dataset\Malignant cases\Malignant case (345).jpg,Malignant case (345).jpg,malignant,8ffd1781aa45dc9b11184a4a884846fc,25,train
D:\skripsi\dataset_external\iqothnccd\The IQ-OTHNCCD lung cancer dataset\The IQ-OTHNCCD lung cancer dataset\Malignant cases\Malignant case (346).jpg,Malignant case (346).jpg,malignant,91482cd5f54f01916dee89c069ddc010,25,train
D:\skripsi\dataset_external\iqothnccd\The IQ-OTHNCCD lung cancer dataset\The IQ-OTHNCCD lung cancer dataset\Malignant cases\Malignant case (347).jpg,Malignant case (347).jpg,malignant,32ea52bb2a00d6af78d341782b55528f,25,train
D:\skripsi\dataset_external\iqothnccd\The IQ-OTHNCCD lung cancer dataset\The IQ-OTHNCCD lung cancer dataset\Malignant cases\Malignant case (348).jpg,Malignant case (348).jpg,malignant,055391ef03d3ed5e8fde1541bbbe2f06,25,train
D:\skripsi\dataset_external\iqothnccd\The IQ-OTHNCCD lung cancer dataset\The IQ-OTHNCCD lung cancer dataset\Malignant cases\Malignant case (349).jpg,Malignant case (349).jpg,malignant,70d8b27a4eadf274e2957e15a9a7584b,25,train
D:\skripsi\dataset_external\iqothnccd\The IQ-OTHNCCD lung cancer dataset\The IQ-OTHNCCD lung cancer dataset\Malignant cases\Malignant case (35).jpg,Malignant case (35).jpg,malignant,3240df0619afbdbd1c1ccd6616411389,27,train
D:\skripsi\dataset_external\iqothnccd\The IQ-OTHNCCD lung cancer dataset\The IQ-OTHNCCD lung cancer dataset\Malignant cases\Malignant case (350).jpg,Malignant case (350).jpg,malignant,656f2350a77af603cd241240104c205c,25,train
D:\skripsi\dataset_external\iqothnccd\The IQ-OTHNCCD lung cancer dataset\The IQ-OTHNCCD lung cancer dataset\Malignant cases\Malignant case (351).jpg,Malignant case (351).jpg,malignant,2ce9e345c18f02c43338d509f966a395,25,train
D:\skripsi\dataset_external\iqothnccd\The IQ-OTHNCCD lung cancer dataset\The IQ-OTHNCCD lung cancer dataset\Malignant cases\Malignant case (352).jpg,Malignant case (352).jpg,malignant,4b459b32b737c14e1d4f380f387d322a,28,val
D:\skripsi\dataset_external\iqothnccd\The IQ-OTHNCCD lung cancer dataset\The IQ-OTHNCCD lung cancer dataset\Malignant cases\Malignant case (353).jpg,Malignant case (353).jpg,malignant,8ca2033b635990657ee0f072191b5d55,28,val
D:\skripsi\dataset_external\iqothnccd\The IQ-OTHNCCD lung cancer dataset\The IQ-OTHNCCD lung cancer dataset\Malignant cases\Malignant case (354).jpg,Malignant case (354).jpg,malignant,1969e5aaa37b95fcb93a9315d3cf5f58,28,val
D:\skripsi\dataset_external\iqothnccd\The IQ-OTHNCCD lung cancer dataset\The IQ-OTHNCCD lung cancer dataset\Malignant cases\Malignant case (355).jpg,Malignant case (355).jpg,malignant,1be8ef86ca616ffe567584ae8ce2f49b,28,val
D:\skripsi\dataset_external\iqothnccd\The IQ-OTHNCCD lung cancer dataset\The IQ-OTHNCCD lung cancer dataset\Malignant cases\Malignant case (356).jpg,Malignant case (356).jpg,malignant,02099aab0b3b95d36fbb90a14b8596fd,29,train
D:\skripsi\dataset_external\iqothnccd\The IQ-OTHNCCD lung cancer dataset\The IQ-OTHNCCD lung cancer dataset\Malignant cases\Malignant case (357).jpg,Malignant case (357).jpg,malignant,43a0a36450950f564d2e23334c691470,29,train
D:\skripsi\dataset_external\iqothnccd\The IQ-OTHNCCD lung cancer dataset\The IQ-OTHNCCD lung cancer dataset\Malignant cases\Malignant case (358).jpg,Malignant case (358).jpg,malignant,64f4e5ed17a08fef36dc443229f8a7bf,29,train
D:\skripsi\dataset_external\iqothnccd\The IQ-OTHNCCD lung cancer dataset\The IQ-OTHNCCD lung cancer dataset\Malignant cases\Malignant case (359).jpg,Malignant case (359).jpg,malignant,2390ee7b7cefad21ce5d9f5f5ee9eeab,28,val
D:\skripsi\dataset_external\iqothnccd\The IQ-OTHNCCD lung cancer dataset\The IQ-OTHNCCD lung cancer dataset\Malignant cases\Malignant case (36).jpg,Malignant case (36).jpg,malignant,e4ef6a83eb2c54e90ff9c48d0f2c51cd,30,train
D:\skripsi\dataset_external\iqothnccd\The IQ-OTHNCCD lung cancer dataset\The IQ-OTHNCCD lung cancer dataset\Malignant cases\Malignant case (360).jpg,Malignant case (360).jpg,malignant,917d4de57592e2c4c242a8606927bce7,29,train
D:\skripsi\dataset_external\iqothnccd\The IQ-OTHNCCD lung cancer dataset\The IQ-OTHNCCD lung cancer dataset\Malignant cases\Malignant case (361).jpg,Malignant case (361).jpg,malignant,b8c2aed7676fec1f5a3008889ec1240c,29,train
D:\skripsi\dataset_external\iqothnccd\The IQ-OTHNCCD lung cancer dataset\The IQ-OTHNCCD lung cancer dataset\Malignant cases\Malignant case (362).jpg,Malignant case (362).jpg,malignant,89cdb6aac202365052bb086f033232a0,29,train
D:\skripsi\dataset_external\iqothnccd\The IQ-OTHNCCD lung cancer dataset\The IQ-OTHNCCD lung cancer dataset\Malignant cases\Malignant case (363).jpg,Malignant case (363).jpg,malignant,c2d4d81ef3762bcc327a4e22fbd32b8c,29,train
D:\skripsi\dataset_external\iqothnccd\The IQ-OTHNCCD lung cancer dataset\The IQ-OTHNCCD lung cancer dataset\Malignant cases\Malignant case (364).jpg,Malignant case (364).jpg,malignant,6a0717623d3630656c6e5370f62218fb,29,train
D:\skripsi\dataset_external\iqothnccd\The IQ-OTHNCCD lung cancer dataset\The IQ-OTHNCCD lung cancer dataset\Malignant cases\Malignant case (365).jpg,Malignant case (365).jpg,malignant,c10f1e7ea769f68d7ea6de2b884ac3d3,31,train
D:\skripsi\dataset_external\iqothnccd\The IQ-OTHNCCD lung cancer dataset\The IQ-OTHNCCD lung cancer dataset\Malignant cases\Malignant case (366).jpg,Malignant case (366).jpg,malignant,2a20feb5d34868aed03569ee7ea94885,31,train
D:\skripsi\dataset_external\iqothnccd\The IQ-OTHNCCD lung cancer dataset\The IQ-OTHNCCD lung cancer dataset\Malignant cases\Malignant case (367).jpg,Malignant case (367).jpg,malignant,a67cca1ab2b6e1b7a6d7da68f058b5fe,32,train
D:\skripsi\dataset_external\iqothnccd\The IQ-OTHNCCD lung cancer dataset\The IQ-OTHNCCD lung cancer dataset\Malignant cases\Malignant case (368).jpg,Malignant case (368).jpg,malignant,cc1cd3cee1b94067909cd8ce66f3b64f,32,train
D:\skripsi\dataset_external\iqothnccd\The IQ-OTHNCCD lung cancer dataset\The IQ-OTHNCCD lung cancer dataset\Malignant cases\Malignant case (369).jpg,Malignant case (369).jpg,malignant,fc3bf150ac08bd9a00b921a6d46834d5,32,train
D:\skripsi\dataset_external\iqothnccd\The IQ-OTHNCCD lung cancer dataset\The IQ-OTHNCCD lung cancer dataset\Malignant cases\Malignant case (37).jpg,Malignant case (37).jpg,malignant,b8b045d3bd9287025e946f2889384746,26,train
D:\skripsi\dataset_external\iqothnccd\The IQ-OTHNCCD lung cancer dataset\The IQ-OTHNCCD lung cancer dataset\Malignant cases\Malignant case (370).jpg,Malignant case (370).jpg,malignant,cfc7a06f36a1af43441508ca24a5a8dd,32,train
D:\skripsi\dataset_external\iqothnccd\The IQ-OTHNCCD lung cancer dataset\The IQ-OTHNCCD lung cancer dataset\Malignant cases\Malignant case (371).jpg,Malignant case (371).jpg,malignant,4bedc305a0d9c6fccc5c1fe68657fdf1,32,train
D:\skripsi\dataset_external\iqothnccd\The IQ-OTHNCCD lung cancer dataset\The IQ-OTHNCCD lung cancer dataset\Malignant cases\Malignant case (372).jpg,Malignant case (372).jpg,malignant,7760c4cd210fdb1cdaa52a05e0b6cb47,32,train
D:\skripsi\dataset_external\iqothnccd\The IQ-OTHNCCD lung cancer dataset\The IQ-OTHNCCD lung cancer dataset\Malignant cases\Malignant case (373).jpg,Malignant case (373).jpg,malignant,d9b983b1f6994b021160102455a71d41,32,train
D:\skripsi\dataset_external\iqothnccd\The IQ-OTHNCCD lung cancer dataset\The IQ-OTHNCCD lung cancer dataset\Malignant cases\Malignant case (374).jpg,Malignant case (374).jpg,malignant,c08a55304d5afe94399b8eff0bfdfa31,32,train
D:\skripsi\dataset_external\iqothnccd\The IQ-OTHNCCD lung cancer dataset\The IQ-OTHNCCD lung cancer dataset\Malignant cases\Malignant case (375).jpg,Malignant case (375).jpg,malignant,3165968e9b17c0026ba3b77b9ed1eb0c,32,train
D:\skripsi\dataset_external\iqothnccd\The IQ-OTHNCCD lung cancer dataset\The IQ-OTHNCCD lung cancer dataset\Malignant cases\Malignant case (376).jpg,Malignant case (376).jpg,malignant,ab07bdf50ac8f05042ea814ca044e9a1,32,train
D:\skripsi\dataset_external\iqothnccd\The IQ-OTHNCCD lung cancer dataset\The IQ-OTHNCCD lung cancer dataset\Malignant cases\Malignant case (377).jpg,Malignant case (377).jpg,malignant,e13d426023487628cc17613d51916fe4,32,train
D:\skripsi\dataset_external\iqothnccd\The IQ-OTHNCCD lung cancer dataset\The IQ-OTHNCCD lung cancer dataset\Malignant cases\Malignant case (378).jpg,Malignant case (378).jpg,malignant,b824d73e14a89f0470be3a3a2d8073c7,32,train
D:\skripsi\dataset_external\iqothnccd\The IQ-OTHNCCD lung cancer dataset\The IQ-OTHNCCD lung cancer dataset\Malignant cases\Malignant case (379).jpg,Malignant case (379).jpg,malignant,369176ec57377f8438076c87bb3b083c,32,train
D:\skripsi\dataset_external\iqothnccd\The IQ-OTHNCCD lung cancer dataset\The IQ-OTHNCCD lung cancer dataset\Malignant cases\Malignant case (38).jpg,Malignant case (38).jpg,malignant,4c3e3c38e5d9a7614c5b76580f1e6290,26,train
D:\skripsi\dataset_external\iqothnccd\The IQ-OTHNCCD lung cancer dataset\The IQ-OTHNCCD lung cancer dataset\Malignant cases\Malignant case (380).jpg,Malignant case (380).jpg,malignant,03536c7cf7336d7494e63d728e4e1a58,32,train
D:\skripsi\dataset_external\iqothnccd\The IQ-OTHNCCD lung cancer dataset\The IQ-OTHNCCD lung cancer dataset\Malignant cases\Malignant case (381).jpg,Malignant case (381).jpg,malignant,8bc9f9fd6e41b2b5d2dbeddb1be8cb37,33,train
D:\skripsi\dataset_external\iqothnccd\The IQ-OTHNCCD lung cancer dataset\The IQ-OTHNCCD lung cancer dataset\Malignant cases\Malignant case (382).jpg,Malignant case (382).jpg,malignant,0bec5a87b937c9f4c67e3160e6e71ddb,33,train
D:\skripsi\dataset_external\iqothnccd\The IQ-OTHNCCD lung cancer dataset\The IQ-OTHNCCD lung cancer dataset\Malignant cases\Malignant case (383).jpg,Malignant case (383).jpg,malignant,b83bac0617546c13930947ff323ab968,33,train
D:\skripsi\dataset_external\iqothnccd\The IQ-OTHNCCD lung cancer dataset\The IQ-OTHNCCD lung cancer dataset\Malignant cases\Malignant case (384).jpg,Malignant case (384).jpg,malignant,6d700622b82aea38e2834b939af8142f,33,train
D:\skripsi\dataset_external\iqothnccd\The IQ-OTHNCCD lung cancer dataset\The IQ-OTHNCCD lung cancer dataset\Malignant cases\Malignant case (385).jpg,Malignant case (385).jpg,malignant,57a8c075d670ffbdeace1e4483d2202e,33,train
D:\skripsi\dataset_external\iqothnccd\The IQ-OTHNCCD lung cancer dataset\The IQ-OTHNCCD lung cancer dataset\Malignant cases\Malignant case (386).jpg,Malignant case (386).jpg,malignant,8db5c8a37e63c7087af8875e35f51bdb,33,train
D:\skripsi\dataset_external\iqothnccd\The IQ-OTHNCCD lung cancer dataset\The IQ-OTHNCCD lung cancer dataset\Malignant cases\Malignant case (387).jpg,Malignant case (387).jpg,malignant,41bff9d123f8069c346e872ccdd52131,33,train
D:\skripsi\dataset_external\iqothnccd\The IQ-OTHNCCD lung cancer dataset\The IQ-OTHNCCD lung cancer dataset\Malignant cases\Malignant case (388).jpg,Malignant case (388).jpg,malignant,fd0c772ccde804d49f8e9f2771f15ad8,33,train
D:\skripsi\dataset_external\iqothnccd\The IQ-OTHNCCD lung cancer dataset\The IQ-OTHNCCD lung cancer dataset\Malignant cases\Malignant case (389).jpg,Malignant case (389).jpg,malignant,0741be43aa4012cef4a8ffcec191d5f0,33,train
D:\skripsi\dataset_external\iqothnccd\The IQ-OTHNCCD lung cancer dataset\The IQ-OTHNCCD lung cancer dataset\Malignant cases\Malignant case (39).jpg,Malignant case (39).jpg,malignant,a52668d91097db911e505255077e3981,26,train
D:\skripsi\dataset_external\iqothnccd\The IQ-OTHNCCD lung cancer dataset\The IQ-OTHNCCD lung cancer dataset\Malignant cases\Malignant case (390).jpg,Malignant case (390).jpg,malignant,02228a9737d44d421183ddc57e655478,33,train
D:\skripsi\dataset_external\iqothnccd\The IQ-OTHNCCD lung cancer dataset\The IQ-OTHNCCD lung cancer dataset\Malignant cases\Malignant case (391).jpg,Malignant case (391).jpg,malignant,1ef7c9a59e25d58290f730babd268656,33,train
D:\skripsi\dataset_external\iqothnccd\The IQ-OTHNCCD lung cancer dataset\The IQ-OTHNCCD lung cancer dataset\Malignant cases\Malignant case (392).jpg,Malignant case (392).jpg,malignant,e1696e025fa61f88f574e967fb66f00c,33,train
D:\skripsi\dataset_external\iqothnccd\The IQ-OTHNCCD lung cancer dataset\The IQ-OTHNCCD lung cancer dataset\Malignant cases\Malignant case (393).jpg,Malignant case (393).jpg,malignant,1844c54a97bac3e323e2880721cb0ca3,33,train
D:\skripsi\dataset_external\iqothnccd\The IQ-OTHNCCD lung cancer dataset\The IQ-OTHNCCD lung cancer dataset\Malignant cases\Malignant case (394).jpg,Malignant case (394).jpg,malignant,b2c7c3cef866707aa88be6e9b6590616,33,train
D:\skripsi\dataset_external\iqothnccd\The IQ-OTHNCCD lung cancer dataset\The IQ-OTHNCCD lung cancer dataset\Malignant cases\Malignant case (395).jpg,Malignant case (395).jpg,malignant,16fb41caaad4520d795800b7932258d8,33,train
D:\skripsi\dataset_external\iqothnccd\The IQ-OTHNCCD lung cancer dataset\The IQ-OTHNCCD lung cancer dataset\Malignant cases\Malignant case (396).jpg,Malignant case (396).jpg,malignant,7c7ef4117856d2cbfa4e710cd6c76201,33,train
D:\skripsi\dataset_external\iqothnccd\The IQ-OTHNCCD lung cancer dataset\The IQ-OTHNCCD lung cancer dataset\Malignant cases\Malignant case (397).jpg,Malignant case (397).jpg,malignant,86f7c6f0a7fa04ae913b9b7a3af4ac63,33,train
D:\skripsi\dataset_external\iqothnccd\The IQ-OTHNCCD lung cancer dataset\The IQ-OTHNCCD lung cancer dataset\Malignant cases\Malignant case (398).jpg,Malignant case (398).jpg,malignant,2379e6c6c96f0dc507abd87013818b01,33,train
D:\skripsi\dataset_external\iqothnccd\The IQ-OTHNCCD lung cancer dataset\The IQ-OTHNCCD lung cancer dataset\Malignant cases\Malignant case (399).jpg,Malignant case (399).jpg,malignant,860eb19c97810c80f4715ef501232f02,33,train
D:\skripsi\dataset_external\iqothnccd\The IQ-OTHNCCD lung cancer dataset\The IQ-OTHNCCD lung cancer dataset\Malignant cases\Malignant case (4).jpg,Malignant case (4).jpg,malignant,385d99aa404489c4779a8d7c013f0588,16,train
D:\skripsi\dataset_external\iqothnccd\The IQ-OTHNCCD lung cancer dataset\The IQ-OTHNCCD lung cancer dataset\Malignant cases\Malignant case (40).jpg,Malignant case (40).jpg,malignant,4742e369ac2f4fc3b63b4a6728057f7a,26,train
D:\skripsi\dataset_external\iqothnccd\The IQ-OTHNCCD lung cancer dataset\The IQ-OTHNCCD lung cancer dataset\Malignant cases\Malignant case (400).jpg,Malignant case (400).jpg,malignant,21a5c45a5fa5a6d685d7fd5d2cfe20ef,33,train
D:\skripsi\dataset_external\iqothnccd\The IQ-OTHNCCD lung cancer dataset\The IQ-OTHNCCD lung cancer dataset\Malignant cases\Malignant case (401).jpg,Malignant case (401).jpg,malignant,80190dbece5a27cb8e90dc8d3c421664,33,train
D:\skripsi\dataset_external\iqothnccd\The IQ-OTHNCCD lung cancer dataset\The IQ-OTHNCCD lung cancer dataset\Malignant cases\Malignant case (402).jpg,Malignant case (402).jpg,malignant,34b95814b8756c04c74f9c9eac0711b7,33,train
D:\skripsi\dataset_external\iqothnccd\The IQ-OTHNCCD lung cancer dataset\The IQ-OTHNCCD lung cancer dataset\Malignant cases\Malignant case (403).jpg,Malignant case (403).jpg,malignant,74cf9a71eadd282a62e43d3450d4c5fb,33,train
D:\skripsi\dataset_external\iqothnccd\The IQ-OTHNCCD lung cancer dataset\The IQ-OTHNCCD lung cancer dataset\Malignant cases\Malignant case (404).jpg,Malignant case (404).jpg,malignant,05a2e3f52605e92a15d3d8781d359f30,33,train
D:\skripsi\dataset_external\iqothnccd\The IQ-OTHNCCD lung cancer dataset\The IQ-OTHNCCD lung cancer dataset\Malignant cases\Malignant case (405).jpg,Malignant case (405).jpg,malignant,bbef283f41d4fc85fc3537b0aea10d6f,33,train
D:\skripsi\dataset_external\iqothnccd\The IQ-OTHNCCD lung cancer dataset\The IQ-OTHNCCD lung cancer dataset\Malignant cases\Malignant case (406).jpg,Malignant case (406).jpg,malignant,9db75eaa87f599e23ea3c6a85360aecb,33,train
D:\skripsi\dataset_external\iqothnccd\The IQ-OTHNCCD lung cancer dataset\The IQ-OTHNCCD lung cancer dataset\Malignant cases\Malignant case (407).jpg,Malignant case (407).jpg,malignant,697c2a15a2b313bffc52164298778091,33,train
D:\skripsi\dataset_external\iqothnccd\The IQ-OTHNCCD lung cancer dataset\The IQ-OTHNCCD lung cancer dataset\Malignant cases\Malignant case (408).jpg,Malignant case (408).jpg,malignant,a637b948e1a15ef6b46b8d887367e9e6,33,train
D:\skripsi\dataset_external\iqothnccd\The IQ-OTHNCCD lung cancer dataset\The IQ-OTHNCCD lung cancer dataset\Malignant cases\Malignant case (409).jpg,Malignant case (409).jpg,malignant,2922d922d77ec751ed650aedd046f69a,33,train
D:\skripsi\dataset_external\iqothnccd\The IQ-OTHNCCD lung cancer dataset\The IQ-OTHNCCD lung cancer dataset\Malignant cases\Malignant case (41).jpg,Malignant case (41).jpg,malignant,70c7b7df1ec4b4f7cf1ce98fc3710797,26,train
D:\skripsi\dataset_external\iqothnccd\The IQ-OTHNCCD lung cancer dataset\The IQ-OTHNCCD lung cancer dataset\Malignant cases\Malignant case (410).jpg,Malignant case (410).jpg,malignant,a1168dc09dffacbb22ba8ce1dfa09ff1,33,train
D:\skripsi\dataset_external\iqothnccd\The IQ-OTHNCCD lung cancer dataset\The IQ-OTHNCCD lung cancer dataset\Malignant cases\Malignant case (411).jpg,Malignant case (411).jpg,malignant,c6341e2384d2812febf0694007f3e14d,33,train
D:\skripsi\dataset_external\iqothnccd\The IQ-OTHNCCD lung cancer dataset\The IQ-OTHNCCD lung cancer dataset\Malignant cases\Malignant case (412).jpg,Malignant case (412).jpg,malignant,5b8b1165d20add3d204e763b5bdc185f,33,train
D:\skripsi\dataset_external\iqothnccd\The IQ-OTHNCCD lung cancer dataset\The IQ-OTHNCCD lung cancer dataset\Malignant cases\Malignant case (413).jpg,Malignant case (413).jpg,malignant,6f9fa1e9ffcbcd2f7ee16e1e0903e552,33,train
D:\skripsi\dataset_external\iqothnccd\The IQ-OTHNCCD lung cancer dataset\The IQ-OTHNCCD lung cancer dataset\Malignant cases\Malignant case (414).jpg,Malignant case (414).jpg,malignant,d64f35c728661cac0a903a6d3b5a1c68,33,train
D:\skripsi\dataset_external\iqothnccd\The IQ-OTHNCCD lung cancer dataset\The IQ-OTHNCCD lung cancer dataset\Malignant cases\Malignant case (415).jpg,Malignant case (415).jpg,malignant,5de2e76d8e2fc507472c8e2c4fbefa85,34,train
D:\skripsi\dataset_external\iqothnccd\The IQ-OTHNCCD lung cancer dataset\The IQ-OTHNCCD lung cancer dataset\Malignant cases\Malignant case (416).jpg,Malignant case (416).jpg,malignant,163ec6dde0e34ac5e5d7c66c969bb418,34,train
D:\skripsi\dataset_external\iqothnccd\The IQ-OTHNCCD lung cancer dataset\The IQ-OTHNCCD lung cancer dataset\Malignant cases\Malignant case (417).jpg,Malignant case (417).jpg,malignant,2a9472ce107883da1b01bfd18fb3092c,34,train
D:\skripsi\dataset_external\iqothnccd\The IQ-OTHNCCD lung cancer dataset\The IQ-OTHNCCD lung cancer dataset\Malignant cases\Malignant case (418).jpg,Malignant case (418).jpg,malignant,875792b6b08ad0911057beb5ab8d977e,34,train
D:\skripsi\dataset_external\iqothnccd\The IQ-OTHNCCD lung cancer dataset\The IQ-OTHNCCD lung cancer dataset\Malignant cases\Malignant case (419).jpg,Malignant case (419).jpg,malignant,e628ae2abf488e3b1c811388800c73d6,34,train
D:\skripsi\dataset_external\iqothnccd\The IQ-OTHNCCD lung cancer dataset\The IQ-OTHNCCD lung cancer dataset\Malignant cases\Malignant case (42).jpg,Malignant case (42).jpg,malignant,975c60208c58f65ef08bdca62e396317,26,train
D:\skripsi\dataset_external\iqothnccd\The IQ-OTHNCCD lung cancer dataset\The IQ-OTHNCCD lung cancer dataset\Malignant cases\Malignant case (420).jpg,Malignant case (420).jpg,malignant,40a207f22044a49bd0bea3e73bd90b79,34,train
D:\skripsi\dataset_external\iqothnccd\The IQ-OTHNCCD lung cancer dataset\The IQ-OTHNCCD lung cancer dataset\Malignant cases\Malignant case (421).jpg,Malignant case (421).jpg,malignant,b197c8da6d58759c9c2b05d4581e75d9,34,train
D:\skripsi\dataset_external\iqothnccd\The IQ-OTHNCCD lung cancer dataset\The IQ-OTHNCCD lung cancer dataset\Malignant cases\Malignant case (422).jpg,Malignant case (422).jpg,malignant,d70fe9708f3b89553d642849e11f79df,34,train
D:\skripsi\dataset_external\iqothnccd\The IQ-OTHNCCD lung cancer dataset\The IQ-OTHNCCD lung cancer dataset\Malignant cases\Malignant case (423).jpg,Malignant case (423).jpg,malignant,3912572d1d57249fedd0d16aea60079f,34,train
D:\skripsi\dataset_external\iqothnccd\The IQ-OTHNCCD lung cancer dataset\The IQ-OTHNCCD lung cancer dataset\Malignant cases\Malignant case (424).jpg,Malignant case (424).jpg,malignant,ac4e2c9b1292ecb6ada5c359a639d7ef,34,train
D:\skripsi\dataset_external\iqothnccd\The IQ-OTHNCCD lung cancer dataset\The IQ-OTHNCCD lung cancer dataset\Malignant cases\Malignant case (425).jpg,Malignant case (425).jpg,malignant,4594b7ff41aebbc71b7c39dabc396556,34,train
D:\skripsi\dataset_external\iqothnccd\The IQ-OTHNCCD lung cancer dataset\The IQ-OTHNCCD lung cancer dataset\Malignant cases\Malignant case (426).jpg,Malignant case (426).jpg,malignant,87dddc0ca05406042d02c4c6e5e3cc69,34,train
D:\skripsi\dataset_external\iqothnccd\The IQ-OTHNCCD lung cancer dataset\The IQ-OTHNCCD lung cancer dataset\Malignant cases\Malignant case (427).jpg,Malignant case (427).jpg,malignant,6b3308eaba73db3ece4b1e38d0ff6bd5,35,test
D:\skripsi\dataset_external\iqothnccd\The IQ-OTHNCCD lung cancer dataset\The IQ-OTHNCCD lung cancer dataset\Malignant cases\Malignant case (428).jpg,Malignant case (428).jpg,malignant,d91ed9820fd65b9376c1fb1e422b2b1a,35,test
D:\skripsi\dataset_external\iqothnccd\The IQ-OTHNCCD lung cancer dataset\The IQ-OTHNCCD lung cancer dataset\Malignant cases\Malignant case (429).jpg,Malignant case (429).jpg,malignant,984f1cec6d1dd6b44e0e3308d471c143,35,test
D:\skripsi\dataset_external\iqothnccd\The IQ-OTHNCCD lung cancer dataset\The IQ-OTHNCCD lung cancer dataset\Malignant cases\Malignant case (43).jpg,Malignant case (43).jpg,malignant,272e9999752d8d10be4ae473885234a6,26,train
D:\skripsi\dataset_external\iqothnccd\The IQ-OTHNCCD lung cancer dataset\The IQ-OTHNCCD lung cancer dataset\Malignant cases\Malignant case (430).jpg,Malignant case (430).jpg,malignant,ab100afc694d3c40c39af1fa2416f797,35,test
D:\skripsi\dataset_external\iqothnccd\The IQ-OTHNCCD lung cancer dataset\The IQ-OTHNCCD lung cancer dataset\Malignant cases\Malignant case (431).jpg,Malignant case (431).jpg,malignant,40b2ce70c0990ea487d76acf501ae41e,35,test
D:\skripsi\dataset_external\iqothnccd\The IQ-OTHNCCD lung cancer dataset\The IQ-OTHNCCD lung cancer dataset\Malignant cases\Malignant case (432).jpg,Malignant case (432).jpg,malignant,fd76ccec754613f51eb3d41b599edaeb,35,test
D:\skripsi\dataset_external\iqothnccd\The IQ-OTHNCCD lung cancer dataset\The IQ-OTHNCCD lung cancer dataset\Malignant cases\Malignant case (433).jpg,Malignant case (433).jpg,malignant,420f817118768b992ccebde9c9bbf383,35,test
D:\skripsi\dataset_external\iqothnccd\The IQ-OTHNCCD lung cancer dataset\The IQ-OTHNCCD lung cancer dataset\Malignant cases\Malignant case (434).jpg,Malignant case (434).jpg,malignant,af54f31f920e4a001582c36d146d0e26,35,test
D:\skripsi\dataset_external\iqothnccd\The IQ-OTHNCCD lung cancer dataset\The IQ-OTHNCCD lung cancer dataset\Malignant cases\Malignant case (435).jpg,Malignant case (435).jpg,malignant,c60710004176a9950ea3213cf0d40aeb,35,test
D:\skripsi\dataset_external\iqothnccd\The IQ-OTHNCCD lung cancer dataset\The IQ-OTHNCCD lung cancer dataset\Malignant cases\Malignant case (436).jpg,Malignant case (436).jpg,malignant,79a228f404a17bf65098dd896779405e,35,test
D:\skripsi\dataset_external\iqothnccd\The IQ-OTHNCCD lung cancer dataset\The IQ-OTHNCCD lung cancer dataset\Malignant cases\Malignant case (437).jpg,Malignant case (437).jpg,malignant,39d03961aa461dfd8fea205eeb6c2fb4,35,test
D:\skripsi\dataset_external\iqothnccd\The IQ-OTHNCCD lung cancer dataset\The IQ-OTHNCCD lung cancer dataset\Malignant cases\Malignant case (438).jpg,Malignant case (438).jpg,malignant,ffe0281f20e9f1059047c258eb518fae,35,test
D:\skripsi\dataset_external\iqothnccd\The IQ-OTHNCCD lung cancer dataset\The IQ-OTHNCCD lung cancer dataset\Malignant cases\Malignant case (439).jpg,Malignant case (439).jpg,malignant,9809ae9cdcf17d4c83306508baa991ec,35,test
D:\skripsi\dataset_external\iqothnccd\The IQ-OTHNCCD lung cancer dataset\The IQ-OTHNCCD lung cancer dataset\Malignant cases\Malignant case (44).jpg,Malignant case (44).jpg,malignant,1a7d3f3835444a5f4b7a5a2418877108,36,train
D:\skripsi\dataset_external\iqothnccd\The IQ-OTHNCCD lung cancer dataset\The IQ-OTHNCCD lung cancer dataset\Malignant cases\Malignant case (440).jpg,Malignant case (440).jpg,malignant,175c544e7c9bc87334e1b5b66d63f59a,37,train
D:\skripsi\dataset_external\iqothnccd\The IQ-OTHNCCD lung cancer dataset\The IQ-OTHNCCD lung cancer dataset\Malignant cases\Malignant case (441).jpg,Malignant case (441).jpg,malignant,531be35ee70a02603a6145068befee84,37,train
D:\skripsi\dataset_external\iqothnccd\The IQ-OTHNCCD lung cancer dataset\The IQ-OTHNCCD lung cancer dataset\Malignant cases\Malignant case (442).jpg,Malignant case (442).jpg,malignant,d1321c6b619e28cadaf92682f56fae1a,37,train
D:\skripsi\dataset_external\iqothnccd\The IQ-OTHNCCD lung cancer dataset\The IQ-OTHNCCD lung cancer dataset\Malignant cases\Malignant case (443).jpg,Malignant case (443).jpg,malignant,dc2a3e1e6b5c24af8682734fcc1b80f4,37,train
D:\skripsi\dataset_external\iqothnccd\The IQ-OTHNCCD lung cancer dataset\The IQ-OTHNCCD lung cancer dataset\Malignant cases\Malignant case (444).jpg,Malignant case (444).jpg,malignant,5a48d63b74e9fb15e3660d9eb1d0c20f,37,train
D:\skripsi\dataset_external\iqothnccd\The IQ-OTHNCCD lung cancer dataset\The IQ-OTHNCCD lung cancer dataset\Malignant cases\Malignant case (445).jpg,Malignant case (445).jpg,malignant,00b6d28c5b0fa3e5bf3815a65e531888,38,test
D:\skripsi\dataset_external\iqothnccd\The IQ-OTHNCCD lung cancer dataset\The IQ-OTHNCCD lung cancer dataset\Malignant cases\Malignant case (446).jpg,Malignant case (446).jpg,malignant,69f35aea1e17f842f85770a51370fc0c,38,test
D:\skripsi\dataset_external\iqothnccd\The IQ-OTHNCCD lung cancer dataset\The IQ-OTHNCCD lung cancer dataset\Malignant cases\Malignant case (447).jpg,Malignant case (447).jpg,malignant,97ed391967bf0e90244ba094e4117f1e,38,test
D:\skripsi\dataset_external\iqothnccd\The IQ-OTHNCCD lung cancer dataset\The IQ-OTHNCCD lung cancer dataset\Malignant cases\Malignant case (448).jpg,Malignant case (448).jpg,malignant,63799a5e2cc1da4c78e0fab8cfa061d6,38,test
D:\skripsi\dataset_external\iqothnccd\The IQ-OTHNCCD lung cancer dataset\The IQ-OTHNCCD lung cancer dataset\Malignant cases\Malignant case (449).jpg,Malignant case (449).jpg,malignant,22a2547e5e73345e7de52154eb1d254a,38,test
D:\skripsi\dataset_external\iqothnccd\The IQ-OTHNCCD lung cancer dataset\The IQ-OTHNCCD lung cancer dataset\Malignant cases\Malignant case (45).jpg,Malignant case (45).jpg,malignant,cf82f8870a18c1d38935234e7eb8c59a,36,train
D:\skripsi\dataset_external\iqothnccd\The IQ-OTHNCCD lung cancer dataset\The IQ-OTHNCCD lung cancer dataset\Malignant cases\Malignant case (450).jpg,Malignant case (450).jpg,malignant,eb389aad8390cd5c51cc0e7079754659,38,test
D:\skripsi\dataset_external\iqothnccd\The IQ-OTHNCCD lung cancer dataset\The IQ-OTHNCCD lung cancer dataset\Malignant cases\Malignant case (451).jpg,Malignant case (451).jpg,malignant,0b74382a6e03af93106cbe160e03e2af,38,test
D:\skripsi\dataset_external\iqothnccd\The IQ-OTHNCCD lung cancer dataset\The IQ-OTHNCCD lung cancer dataset\Malignant cases\Malignant case (452).jpg,Malignant case (452).jpg,malignant,e036f71835e7c47dcb0f10415a191edc,38,test
D:\skripsi\dataset_external\iqothnccd\The IQ-OTHNCCD lung cancer dataset\The IQ-OTHNCCD lung cancer dataset\Malignant cases\Malignant case (453).jpg,Malignant case (453).jpg,malignant,d11a4a86986ecbe68883eb82ab4a5257,38,test
D:\skripsi\dataset_external\iqothnccd\The IQ-OTHNCCD lung cancer dataset\The IQ-OTHNCCD lung cancer dataset\Malignant cases\Malignant case (454).jpg,Malignant case (454).jpg,malignant,cdf563691c382efd16e63bd63067c45b,38,test
D:\skripsi\dataset_external\iqothnccd\The IQ-OTHNCCD lung cancer dataset\The IQ-OTHNCCD lung cancer dataset\Malignant cases\Malignant case (455).jpg,Malignant case (455).jpg,malignant,2ad77fd1046825dffc01046980f0b495,38,test
D:\skripsi\dataset_external\iqothnccd\The IQ-OTHNCCD lung cancer dataset\The IQ-OTHNCCD lung cancer dataset\Malignant cases\Malignant case (456).jpg,Malignant case (456).jpg,malignant,ad3709b1e5c5d49b24c386b9ee314cd0,38,test
D:\skripsi\dataset_external\iqothnccd\The IQ-OTHNCCD lung cancer dataset\The IQ-OTHNCCD lung cancer dataset\Malignant cases\Malignant case (457).jpg,Malignant case (457).jpg,malignant,959417d89d99e98287f0a8d8dac74c27,38,test
D:\skripsi\dataset_external\iqothnccd\The IQ-OTHNCCD lung cancer dataset\The IQ-OTHNCCD lung cancer dataset\Malignant cases\Malignant case (458).jpg,Malignant case (458).jpg,malignant,0facd680c08388c51edcbcf774648a45,38,test
D:\skripsi\dataset_external\iqothnccd\The IQ-OTHNCCD lung cancer dataset\The IQ-OTHNCCD lung cancer dataset\Malignant cases\Malignant case (459).jpg,Malignant case (459).jpg,malignant,7fa931eacb039848fe21d551f607a448,39,train
D:\skripsi\dataset_external\iqothnccd\The IQ-OTHNCCD lung cancer dataset\The IQ-OTHNCCD lung cancer dataset\Malignant cases\Malignant case (46).jpg,Malignant case (46).jpg,malignant,bb7ce36f8f7d000ec068787d82a13f77,36,train
D:\skripsi\dataset_external\iqothnccd\The IQ-OTHNCCD lung cancer dataset\The IQ-OTHNCCD lung cancer dataset\Malignant cases\Malignant case (460).jpg,Malignant case (460).jpg,malignant,6de93cb0b1dafa4b02836af83db5649b,39,train
D:\skripsi\dataset_external\iqothnccd\The IQ-OTHNCCD lung cancer dataset\The IQ-OTHNCCD lung cancer dataset\Malignant cases\Malignant case (461).jpg,Malignant case (461).jpg,malignant,27d5f6b75265dfd52216c4ca2d0c3b2b,39,train
D:\skripsi\dataset_external\iqothnccd\The IQ-OTHNCCD lung cancer dataset\The IQ-OTHNCCD lung cancer dataset\Malignant cases\Malignant case (462).jpg,Malignant case (462).jpg,malignant,cf1c22568e4d1462bb615ff2f7c3b36d,40,val
D:\skripsi\dataset_external\iqothnccd\The IQ-OTHNCCD lung cancer dataset\The IQ-OTHNCCD lung cancer dataset\Malignant cases\Malignant case (463).jpg,Malignant case (463).jpg,malignant,efccdc0f63c06fc44fca6a6b16c102e8,40,val
D:\skripsi\dataset_external\iqothnccd\The IQ-OTHNCCD lung cancer dataset\The IQ-OTHNCCD lung cancer dataset\Malignant cases\Malignant case (464).jpg,Malignant case (464).jpg,malignant,e32e9d9343aeccad7a1b85f38aa892f4,40,val
D:\skripsi\dataset_external\iqothnccd\The IQ-OTHNCCD lung cancer dataset\The IQ-OTHNCCD lung cancer dataset\Malignant cases\Malignant case (465).jpg,Malignant case (465).jpg,malignant,209e2294cd65edd22044ded4ba023cde,40,val
D:\skripsi\dataset_external\iqothnccd\The IQ-OTHNCCD lung cancer dataset\The IQ-OTHNCCD lung cancer dataset\Malignant cases\Malignant case (466).jpg,Malignant case (466).jpg,malignant,5c1d13aa93e636b3a5fcb72b36263c77,40,val
D:\skripsi\dataset_external\iqothnccd\The IQ-OTHNCCD lung cancer dataset\The IQ-OTHNCCD lung cancer dataset\Malignant cases\Malignant case (467).jpg,Malignant case (467).jpg,malignant,bbd7a5703c042c33033f23aa7d7978c8,40,val
D:\skripsi\dataset_external\iqothnccd\The IQ-OTHNCCD lung cancer dataset\The IQ-OTHNCCD lung cancer dataset\Malignant cases\Malignant case (468).jpg,Malignant case (468).jpg,malignant,851117405d631712eb5d2bb1ebf8371b,40,val
D:\skripsi\dataset_external\iqothnccd\The IQ-OTHNCCD lung cancer dataset\The IQ-OTHNCCD lung cancer dataset\Malignant cases\Malignant case (469).jpg,Malignant case (469).jpg,malignant,a25c0133484ddd51388f4aecd97b03d2,40,val
D:\skripsi\dataset_external\iqothnccd\The IQ-OTHNCCD lung cancer dataset\The IQ-OTHNCCD lung cancer dataset\Malignant cases\Malignant case (47).jpg,Malignant case (47).jpg,malignant,300fe95a0cab27a37785e5d5c6c392be,36,train
D:\skripsi\dataset_external\iqothnccd\The IQ-OTHNCCD lung cancer dataset\The IQ-OTHNCCD lung cancer dataset\Malignant cases\Malignant case (470).jpg,Malignant case (470).jpg,malignant,0e9581d7f08aee13431ac1fb7117ffff,40,val
D:\skripsi\dataset_external\iqothnccd\The IQ-OTHNCCD lung cancer dataset\The IQ-OTHNCCD lung cancer dataset\Malignant cases\Malignant case (471).jpg,Malignant case (471).jpg,malignant,8a12993f4246e4a6d8d75eb91a461343,40,val
D:\skripsi\dataset_external\iqothnccd\The IQ-OTHNCCD lung cancer dataset\The IQ-OTHNCCD lung cancer dataset\Malignant cases\Malignant case (472).jpg,Malignant case (472).jpg,malignant,19a637ac16eb194d66f328d662c2586e,40,val
D:\skripsi\dataset_external\iqothnccd\The IQ-OTHNCCD lung cancer dataset\The IQ-OTHNCCD lung cancer dataset\Malignant cases\Malignant case (473).jpg,Malignant case (473).jpg,malignant,764351e4dcb410ee70e5882dcbb11c8a,40,val
D:\skripsi\dataset_external\iqothnccd\The IQ-OTHNCCD lung cancer dataset\The IQ-OTHNCCD lung cancer dataset\Malignant cases\Malignant case (474).jpg,Malignant case (474).jpg,malignant,bef5a7abd3995a201597d9c62f5b56fe,40,val
D:\skripsi\dataset_external\iqothnccd\The IQ-OTHNCCD lung cancer dataset\The IQ-OTHNCCD lung cancer dataset\Malignant cases\Malignant case (475).jpg,Malignant case (475).jpg,malignant,47082af66cecb8d219dee9755eaf374a,40,val
D:\skripsi\dataset_external\iqothnccd\The IQ-OTHNCCD lung cancer dataset\The IQ-OTHNCCD lung cancer dataset\Malignant cases\Malignant case (476).jpg,Malignant case (476).jpg,malignant,f9383ee8f916462d70d48aea5207c51a,40,val
D:\skripsi\dataset_external\iqothnccd\The IQ-OTHNCCD lung cancer dataset\The IQ-OTHNCCD lung cancer dataset\Malignant cases\Malignant case (477).jpg,Malignant case (477).jpg,malignant,d048134a1bd41a56d7754fa8d2935afd,40,val
D:\skripsi\dataset_external\iqothnccd\The IQ-OTHNCCD lung cancer dataset\The IQ-OTHNCCD lung cancer dataset\Malignant cases\Malignant case (478).jpg,Malignant case (478).jpg,malignant,f7aef78386622ed48033a0204a94792a,40,val
D:\skripsi\dataset_external\iqothnccd\The IQ-OTHNCCD lung cancer dataset\The IQ-OTHNCCD lung cancer dataset\Malignant cases\Malignant case (479).jpg,Malignant case (479).jpg,malignant,156aced6ab5904e1bf531f2b959a5efd,40,val
D:\skripsi\dataset_external\iqothnccd\The IQ-OTHNCCD lung cancer dataset\The IQ-OTHNCCD lung cancer dataset\Malignant cases\Malignant case (48).jpg,Malignant case (48).jpg,malignant,9b1f90707bfe41e3af7b50634242848b,36,train
D:\skripsi\dataset_external\iqothnccd\The IQ-OTHNCCD lung cancer dataset\The IQ-OTHNCCD lung cancer dataset\Malignant cases\Malignant case (480).jpg,Malignant case (480).jpg,malignant,b094087e97cfdf4b7a12badd4c6c5fa0,40,val
D:\skripsi\dataset_external\iqothnccd\The IQ-OTHNCCD lung cancer dataset\The IQ-OTHNCCD lung cancer dataset\Malignant cases\Malignant case (481).jpg,Malignant case (481).jpg,malignant,2748b9d1ff4ef800da47ccf672c7e5a1,40,val
D:\skripsi\dataset_external\iqothnccd\The IQ-OTHNCCD lung cancer dataset\The IQ-OTHNCCD lung cancer dataset\Malignant cases\Malignant case (482).jpg,Malignant case (482).jpg,malignant,665df4f35a95aae44b5bd63356cb4528,40,val
D:\skripsi\dataset_external\iqothnccd\The IQ-OTHNCCD lung cancer dataset\The IQ-OTHNCCD lung cancer dataset\Malignant cases\Malignant case (483).jpg,Malignant case (483).jpg,malignant,17310eb57ffede98fbf245d09512dc80,41,train
D:\skripsi\dataset_external\iqothnccd\The IQ-OTHNCCD lung cancer dataset\The IQ-OTHNCCD lung cancer dataset\Malignant cases\Malignant case (484).jpg,Malignant case (484).jpg,malignant,0eb342cd127154659b8a2cb7709196d6,41,train
D:\skripsi\dataset_external\iqothnccd\The IQ-OTHNCCD lung cancer dataset\The IQ-OTHNCCD lung cancer dataset\Malignant cases\Malignant case (485).jpg,Malignant case (485).jpg,malignant,73994a42aa669ac9faf7f6eff1dac9ae,41,train
D:\skripsi\dataset_external\iqothnccd\The IQ-OTHNCCD lung cancer dataset\The IQ-OTHNCCD lung cancer dataset\Malignant cases\Malignant case (486).jpg,Malignant case (486).jpg,malignant,416d7bbe6b34259f17ffdd5490d2a2b5,41,train
D:\skripsi\dataset_external\iqothnccd\The IQ-OTHNCCD lung cancer dataset\The IQ-OTHNCCD lung cancer dataset\Malignant cases\Malignant case (487).jpg,Malignant case (487).jpg,malignant,1a2e8d74036120b7c0861f737e84af4d,41,train
D:\skripsi\dataset_external\iqothnccd\The IQ-OTHNCCD lung cancer dataset\The IQ-OTHNCCD lung cancer dataset\Malignant cases\Malignant case (488).jpg,Malignant case (488).jpg,malignant,1bbb7dea270f9439794d0bf64433c86d,41,train
D:\skripsi\dataset_external\iqothnccd\The IQ-OTHNCCD lung cancer dataset\The IQ-OTHNCCD lung cancer dataset\Malignant cases\Malignant case (489).jpg,Malignant case (489).jpg,malignant,e787ab944b19e5d3f9219fd09853f07f,41,train
D:\skripsi\dataset_external\iqothnccd\The IQ-OTHNCCD lung cancer dataset\The IQ-OTHNCCD lung cancer dataset\Malignant cases\Malignant case (49).jpg,Malignant case (49).jpg,malignant,f0887071dde4da32ec50fb84f28136eb,36,train
D:\skripsi\dataset_external\iqothnccd\The IQ-OTHNCCD lung cancer dataset\The IQ-OTHNCCD lung cancer dataset\Malignant cases\Malignant case (490).jpg,Malignant case (490).jpg,malignant,a90be06603055844413583e6ea34caf1,41,train
D:\skripsi\dataset_external\iqothnccd\The IQ-OTHNCCD lung cancer dataset\The IQ-OTHNCCD lung cancer dataset\Malignant cases\Malignant case (491).jpg,Malignant case (491).jpg,malignant,932547b041105657bb3d7b5adaf2aa92,41,train
D:\skripsi\dataset_external\iqothnccd\The IQ-OTHNCCD lung cancer dataset\The IQ-OTHNCCD lung cancer dataset\Malignant cases\Malignant case (492).jpg,Malignant case (492).jpg,malignant,c60571a7227f0d0b907dae38ec63bbf2,41,train
D:\skripsi\dataset_external\iqothnccd\The IQ-OTHNCCD lung cancer dataset\The IQ-OTHNCCD lung cancer dataset\Malignant cases\Malignant case (493).jpg,Malignant case (493).jpg,malignant,9d51be33f65cc3cf6b1fc4d64393417a,41,train
D:\skripsi\dataset_external\iqothnccd\The IQ-OTHNCCD lung cancer dataset\The IQ-OTHNCCD lung cancer dataset\Malignant cases\Malignant case (494).jpg,Malignant case (494).jpg,malignant,8c3195f02b4f25f9dacd64393cbfb613,42,test
D:\skripsi\dataset_external\iqothnccd\The IQ-OTHNCCD lung cancer dataset\The IQ-OTHNCCD lung cancer dataset\Malignant cases\Malignant case (495).jpg,Malignant case (495).jpg,malignant,f7a2dcb0c0bdb76e5b40d7ff9c790f51,42,test
D:\skripsi\dataset_external\iqothnccd\The IQ-OTHNCCD lung cancer dataset\The IQ-OTHNCCD lung cancer dataset\Malignant cases\Malignant case (496).jpg,Malignant case (496).jpg,malignant,b037beaaf0855646b6c5e6ca1d39cf86,42,test
D:\skripsi\dataset_external\iqothnccd\The IQ-OTHNCCD lung cancer dataset\The IQ-OTHNCCD lung cancer dataset\Malignant cases\Malignant case (497).jpg,Malignant case (497).jpg,malignant,9eae4ecf337ceabccddf41137d411ef5,42,test
D:\skripsi\dataset_external\iqothnccd\The IQ-OTHNCCD lung cancer dataset\The IQ-OTHNCCD lung cancer dataset\Malignant cases\Malignant case (498).jpg,Malignant case (498).jpg,malignant,dfe11123c3fef37999947e1b8fdcd4b2,42,test
D:\skripsi\dataset_external\iqothnccd\The IQ-OTHNCCD lung cancer dataset\The IQ-OTHNCCD lung cancer dataset\Malignant cases\Malignant case (499).jpg,Malignant case (499).jpg,malignant,1a17f4ddd8ccebda328deb6737e89bac,42,test
D:\skripsi\dataset_external\iqothnccd\The IQ-OTHNCCD lung cancer dataset\The IQ-OTHNCCD lung cancer dataset\Malignant cases\Malignant case (5).jpg,Malignant case (5).jpg,malignant,cca5356cdc707046c20c60f48c076d01,16,train
D:\skripsi\dataset_external\iqothnccd\The IQ-OTHNCCD lung cancer dataset\The IQ-OTHNCCD lung cancer dataset\Malignant cases\Malignant case (50).jpg,Malignant case (50).jpg,malignant,bf122a64559c3a15078ae21e0ef750b5,36,train
D:\skripsi\dataset_external\iqothnccd\The IQ-OTHNCCD lung cancer dataset\The IQ-OTHNCCD lung cancer dataset\Malignant cases\Malignant case (500).jpg,Malignant case (500).jpg,malignant,23e5c17f1ff20319eb6610c36187fe5b,42,test
D:\skripsi\dataset_external\iqothnccd\The IQ-OTHNCCD lung cancer dataset\The IQ-OTHNCCD lung cancer dataset\Malignant cases\Malignant case (501).jpg,Malignant case (501).jpg,malignant,382dec6403f64d0340b2450833ac1ed2,42,test
D:\skripsi\dataset_external\iqothnccd\The IQ-OTHNCCD lung cancer dataset\The IQ-OTHNCCD lung cancer dataset\Malignant cases\Malignant case (502).jpg,Malignant case (502).jpg,malignant,a0807b73e4f5c87437f0c278108ff343,42,test
D:\skripsi\dataset_external\iqothnccd\The IQ-OTHNCCD lung cancer dataset\The IQ-OTHNCCD lung cancer dataset\Malignant cases\Malignant case (503).jpg,Malignant case (503).jpg,malignant,a4e84156a2c0c7a1338ffb0c8f4e9406,42,test
D:\skripsi\dataset_external\iqothnccd\The IQ-OTHNCCD lung cancer dataset\The IQ-OTHNCCD lung cancer dataset\Malignant cases\Malignant case (504).jpg,Malignant case (504).jpg,malignant,d78aa22951464846a55738871e8e0540,42,test
D:\skripsi\dataset_external\iqothnccd\The IQ-OTHNCCD lung cancer dataset\The IQ-OTHNCCD lung cancer dataset\Malignant cases\Malignant case (505).jpg,Malignant case (505).jpg,malignant,b146f25ef23d2c600b05538e03059f3d,42,test
D:\skripsi\dataset_external\iqothnccd\The IQ-OTHNCCD lung cancer dataset\The IQ-OTHNCCD lung cancer dataset\Malignant cases\Malignant case (506).jpg,Malignant case (506).jpg,malignant,9373a85e5786387a7a9dd34ad2ab4e76,42,test
D:\skripsi\dataset_external\iqothnccd\The IQ-OTHNCCD lung cancer dataset\The IQ-OTHNCCD lung cancer dataset\Malignant cases\Malignant case (507).jpg,Malignant case (507).jpg,malignant,142dc72734021edc018dff88b70c8d1e,43,train
D:\skripsi\dataset_external\iqothnccd\The IQ-OTHNCCD lung cancer dataset\The IQ-OTHNCCD lung cancer dataset\Malignant cases\Malignant case (508).jpg,Malignant case (508).jpg,malignant,51c97b5ba30b1857e033707c910fa794,44,train
D:\skripsi\dataset_external\iqothnccd\The IQ-OTHNCCD lung cancer dataset\The IQ-OTHNCCD lung cancer dataset\Malignant cases\Malignant case (509).jpg,Malignant case (509).jpg,malignant,f473ff91c8a24d5be6ca70204e5f09b6,44,train
D:\skripsi\dataset_external\iqothnccd\The IQ-OTHNCCD lung cancer dataset\The IQ-OTHNCCD lung cancer dataset\Malignant cases\Malignant case (51).jpg,Malignant case (51).jpg,malignant,d3a19bc6066e6a954b62836bc4940972,36,train
D:\skripsi\dataset_external\iqothnccd\The IQ-OTHNCCD lung cancer dataset\The IQ-OTHNCCD lung cancer dataset\Malignant cases\Malignant case (510).jpg,Malignant case (510).jpg,malignant,a187e8d1d0f90af5e73d94ed301749d9,44,train
D:\skripsi\dataset_external\iqothnccd\The IQ-OTHNCCD lung cancer dataset\The IQ-OTHNCCD lung cancer dataset\Malignant cases\Malignant case (511).jpg,Malignant case (511).jpg,malignant,29c1a140e9ba9c91267443c264041224,44,train
D:\skripsi\dataset_external\iqothnccd\The IQ-OTHNCCD lung cancer dataset\The IQ-OTHNCCD lung cancer dataset\Malignant cases\Malignant case (512).jpg,Malignant case (512).jpg,malignant,0016b1af165d930d065e6c892a668eea,45,train
D:\skripsi\dataset_external\iqothnccd\The IQ-OTHNCCD lung cancer dataset\The IQ-OTHNCCD lung cancer dataset\Malignant cases\Malignant case (513).jpg,Malignant case (513).jpg,malignant,9b1a25f4708bfe45878e2ad807173130,45,train
D:\skripsi\dataset_external\iqothnccd\The IQ-OTHNCCD lung cancer dataset\The IQ-OTHNCCD lung cancer dataset\Malignant cases\Malignant case (514).jpg,Malignant case (514).jpg,malignant,cf7dae9a6ef55942e86fcccc8d67b113,45,train
D:\skripsi\dataset_external\iqothnccd\The IQ-OTHNCCD lung cancer dataset\The IQ-OTHNCCD lung cancer dataset\Malignant cases\Malignant case (515).jpg,Malignant case (515).jpg,malignant,583adf8f1c81f75aa0b411fdff27238f,45,train
D:\skripsi\dataset_external\iqothnccd\The IQ-OTHNCCD lung cancer dataset\The IQ-OTHNCCD lung cancer dataset\Malignant cases\Malignant case (516).jpg,Malignant case (516).jpg,malignant,cfb5cd1b5715294116736a2278be84ba,45,train
D:\skripsi\dataset_external\iqothnccd\The IQ-OTHNCCD lung cancer dataset\The IQ-OTHNCCD lung cancer dataset\Malignant cases\Malignant case (517).jpg,Malignant case (517).jpg,malignant,14e30e37504ccd1ab867e58e88859508,45,train
D:\skripsi\dataset_external\iqothnccd\The IQ-OTHNCCD lung cancer dataset\The IQ-OTHNCCD lung cancer dataset\Malignant cases\Malignant case (518).jpg,Malignant case (518).jpg,malignant,4c2d1c5b70798e0b8b2baf3c19780396,45,train
D:\skripsi\dataset_external\iqothnccd\The IQ-OTHNCCD lung cancer dataset\The IQ-OTHNCCD lung cancer dataset\Malignant cases\Malignant case (519).jpg,Malignant case (519).jpg,malignant,e2689633f4b5c77c4e470775be5e4ac3,45,train
D:\skripsi\dataset_external\iqothnccd\The IQ-OTHNCCD lung cancer dataset\The IQ-OTHNCCD lung cancer dataset\Malignant cases\Malignant case (52).jpg,Malignant case (52).jpg,malignant,2326a96eaeb6a76086b87bf38e3bfc57,36,train
D:\skripsi\dataset_external\iqothnccd\The IQ-OTHNCCD lung cancer dataset\The IQ-OTHNCCD lung cancer dataset\Malignant cases\Malignant case (520).jpg,Malignant case (520).jpg,malignant,87ac44b076def1a55d7d9d6f6df68cb1,45,train
D:\skripsi\dataset_external\iqothnccd\The IQ-OTHNCCD lung cancer dataset\The IQ-OTHNCCD lung cancer dataset\Malignant cases\Malignant case (521).jpg,Malignant case (521).jpg,malignant,95db699cc179a21902af2d5b39fa9a02,45,train
D:\skripsi\dataset_external\iqothnccd\The IQ-OTHNCCD lung cancer dataset\The IQ-OTHNCCD lung cancer dataset\Malignant cases\Malignant case (522).jpg,Malignant case (522).jpg,malignant,cbe97f1c1bdd53ca50bbca33fd9254ab,45,train
D:\skripsi\dataset_external\iqothnccd\The IQ-OTHNCCD lung cancer dataset\The IQ-OTHNCCD lung cancer dataset\Malignant cases\Malignant case (523).jpg,Malignant case (523).jpg,malignant,ab55aa010e9e57e04b0e07c0f10eec75,7,test
D:\skripsi\dataset_external\iqothnccd\The IQ-OTHNCCD lung cancer dataset\The IQ-OTHNCCD lung cancer dataset\Malignant cases\Malignant case (524).jpg,Malignant case (524).jpg,malignant,cfef37d1659f3b3e62516bdddf9157e9,7,test
D:\skripsi\dataset_external\iqothnccd\The IQ-OTHNCCD lung cancer dataset\The IQ-OTHNCCD lung cancer dataset\Malignant cases\Malignant case (525).jpg,Malignant case (525).jpg,malignant,4ac69911bc0d187097f70ca753df292b,7,test
D:\skripsi\dataset_external\iqothnccd\The IQ-OTHNCCD lung cancer dataset\The IQ-OTHNCCD lung cancer dataset\Malignant cases\Malignant case (526).jpg,Malignant case (526).jpg,malignant,e3e9ea56a63157fd74e604fba1b7fa27,7,test
D:\skripsi\dataset_external\iqothnccd\The IQ-OTHNCCD lung cancer dataset\The IQ-OTHNCCD lung cancer dataset\Malignant cases\Malignant case (527).jpg,Malignant case (527).jpg,malignant,600fd51586f184fa290f7454c985b2c5,46,train
D:\skripsi\dataset_external\iqothnccd\The IQ-OTHNCCD lung cancer dataset\The IQ-OTHNCCD lung cancer dataset\Malignant cases\Malignant case (528).jpg,Malignant case (528).jpg,malignant,f3f3ee44f4ba1b16ceaf2368407dd8a9,7,test
D:\skripsi\dataset_external\iqothnccd\The IQ-OTHNCCD lung cancer dataset\The IQ-OTHNCCD lung cancer dataset\Malignant cases\Malignant case (529).jpg,Malignant case (529).jpg,malignant,d1e88939f7deffeaea701b15adf53fdf,7,test
D:\skripsi\dataset_external\iqothnccd\The IQ-OTHNCCD lung cancer dataset\The IQ-OTHNCCD lung cancer dataset\Malignant cases\Malignant case (53).jpg,Malignant case (53).jpg,malignant,9168944e292d9f161b064bb4405410bc,47,train
D:\skripsi\dataset_external\iqothnccd\The IQ-OTHNCCD lung cancer dataset\The IQ-OTHNCCD lung cancer dataset\Malignant cases\Malignant case (530).jpg,Malignant case (530).jpg,malignant,3fba76cf55ef46e973a15e89f3d3562f,7,test
D:\skripsi\dataset_external\iqothnccd\The IQ-OTHNCCD lung cancer dataset\The IQ-OTHNCCD lung cancer dataset\Malignant cases\Malignant case (531).jpg,Malignant case (531).jpg,malignant,2be15234464c9e2c19adc08301230552,7,test
D:\skripsi\dataset_external\iqothnccd\The IQ-OTHNCCD lung cancer dataset\The IQ-OTHNCCD lung cancer dataset\Malignant cases\Malignant case (532).jpg,Malignant case (532).jpg,malignant,347108ea8ba3370b8b970a12e8c991d6,7,test
D:\skripsi\dataset_external\iqothnccd\The IQ-OTHNCCD lung cancer dataset\The IQ-OTHNCCD lung cancer dataset\Malignant cases\Malignant case (533).jpg,Malignant case (533).jpg,malignant,7e0f64691f824b33b78961ea1164fd8e,7,test
D:\skripsi\dataset_external\iqothnccd\The IQ-OTHNCCD lung cancer dataset\The IQ-OTHNCCD lung cancer dataset\Malignant cases\Malignant case (534).jpg,Malignant case (534).jpg,malignant,33aea49f209de663c24df5aba42ff4e5,7,test
D:\skripsi\dataset_external\iqothnccd\The IQ-OTHNCCD lung cancer dataset\The IQ-OTHNCCD lung cancer dataset\Malignant cases\Malignant case (535).jpg,Malignant case (535).jpg,malignant,9fad0704af8ab6dd277047ce8f1a5cc3,7,test
D:\skripsi\dataset_external\iqothnccd\The IQ-OTHNCCD lung cancer dataset\The IQ-OTHNCCD lung cancer dataset\Malignant cases\Malignant case (536).jpg,Malignant case (536).jpg,malignant,4eac0739180faf50756efbab4a9570aa,7,test
D:\skripsi\dataset_external\iqothnccd\The IQ-OTHNCCD lung cancer dataset\The IQ-OTHNCCD lung cancer dataset\Malignant cases\Malignant case (537).jpg,Malignant case (537).jpg,malignant,423bde5033c8d4fe09a5ba7e817de3e8,7,test
D:\skripsi\dataset_external\iqothnccd\The IQ-OTHNCCD lung cancer dataset\The IQ-OTHNCCD lung cancer dataset\Malignant cases\Malignant case (538).jpg,Malignant case (538).jpg,malignant,0ebf66bfcf0a46cad19d535fad8102fc,13,train
D:\skripsi\dataset_external\iqothnccd\The IQ-OTHNCCD lung cancer dataset\The IQ-OTHNCCD lung cancer dataset\Malignant cases\Malignant case (539).jpg,Malignant case (539).jpg,malignant,8f1b480d26d98dcb40c1045f3aaf5a96,9,train
D:\skripsi\dataset_external\iqothnccd\The IQ-OTHNCCD lung cancer dataset\The IQ-OTHNCCD lung cancer dataset\Malignant cases\Malignant case (54).jpg,Malignant case (54).jpg,malignant,ed1bc4f50d475d40f4881f58fe774498,47,train
D:\skripsi\dataset_external\iqothnccd\The IQ-OTHNCCD lung cancer dataset\The IQ-OTHNCCD lung cancer dataset\Malignant cases\Malignant case (540).jpg,Malignant case (540).jpg,malignant,efa1da3b5b4a4964628dd4ac57a23ba9,9,train
D:\skripsi\dataset_external\iqothnccd\The IQ-OTHNCCD lung cancer dataset\The IQ-OTHNCCD lung cancer dataset\Malignant cases\Malignant case (541).jpg,Malignant case (541).jpg,malignant,dff487df70c9ecc3f1157edb097a0840,9,train
D:\skripsi\dataset_external\iqothnccd\The IQ-OTHNCCD lung cancer dataset\The IQ-OTHNCCD lung cancer dataset\Malignant cases\Malignant case (542).jpg,Malignant case (542).jpg,malignant,f4ba639c91de66f78449589f91f61fae,13,train
D:\skripsi\dataset_external\iqothnccd\The IQ-OTHNCCD lung cancer dataset\The IQ-OTHNCCD lung cancer dataset\Malignant cases\Malignant case (543).jpg,Malignant case (543).jpg,malignant,7f71b4088f8791c7fa76424c16f6d7b0,48,val
D:\skripsi\dataset_external\iqothnccd\The IQ-OTHNCCD lung cancer dataset\The IQ-OTHNCCD lung cancer dataset\Malignant cases\Malignant case (544).jpg,Malignant case (544).jpg,malignant,5a9ba31a96e72f5b7e7678ca2e176b9b,9,train
D:\skripsi\dataset_external\iqothnccd\The IQ-OTHNCCD lung cancer dataset\The IQ-OTHNCCD lung cancer dataset\Malignant cases\Malignant case (545).jpg,Malignant case (545).jpg,malignant,9900fb5af7f79e405db95d70a453b195,9,train
D:\skripsi\dataset_external\iqothnccd\The IQ-OTHNCCD lung cancer dataset\The IQ-OTHNCCD lung cancer dataset\Malignant cases\Malignant case (546).jpg,Malignant case (546).jpg,malignant,55168f95712bb0f10205a6f59dd68e5d,9,train
D:\skripsi\dataset_external\iqothnccd\The IQ-OTHNCCD lung cancer dataset\The IQ-OTHNCCD lung cancer dataset\Malignant cases\Malignant case (547).jpg,Malignant case (547).jpg,malignant,98fa8529cc9c3f3da42ab25ddfd20261,48,val
D:\skripsi\dataset_external\iqothnccd\The IQ-OTHNCCD lung cancer dataset\The IQ-OTHNCCD lung cancer dataset\Malignant cases\Malignant case (548).jpg,Malignant case (548).jpg,malignant,8ffef6f0c040b51a786408b988df71a7,9,train
D:\skripsi\dataset_external\iqothnccd\The IQ-OTHNCCD lung cancer dataset\The IQ-OTHNCCD lung cancer dataset\Malignant cases\Malignant case (549).jpg,Malignant case (549).jpg,malignant,e7b4f7656a42d502655a024e9ecf8c1c,9,train
D:\skripsi\dataset_external\iqothnccd\The IQ-OTHNCCD lung cancer dataset\The IQ-OTHNCCD lung cancer dataset\Malignant cases\Malignant case (55).jpg,Malignant case (55).jpg,malignant,41d8ada82aaf890e98e76851bdb159cd,47,train
D:\skripsi\dataset_external\iqothnccd\The IQ-OTHNCCD lung cancer dataset\The IQ-OTHNCCD lung cancer dataset\Malignant cases\Malignant case (550).jpg,Malignant case (550).jpg,malignant,8202e71f2f85c8648f68d901541c6f15,9,train
D:\skripsi\dataset_external\iqothnccd\The IQ-OTHNCCD lung cancer dataset\The IQ-OTHNCCD lung cancer dataset\Malignant cases\Malignant case (551).jpg,Malignant case (551).jpg,malignant,6ae496f999e2def508f726b7de817f03,48,val
D:\skripsi\dataset_external\iqothnccd\The IQ-OTHNCCD lung cancer dataset\The IQ-OTHNCCD lung cancer dataset\Malignant cases\Malignant case (552).jpg,Malignant case (552).jpg,malignant,a46776652fc26cea554768cec38c11c1,9,train
D:\skripsi\dataset_external\iqothnccd\The IQ-OTHNCCD lung cancer dataset\The IQ-OTHNCCD lung cancer dataset\Malignant cases\Malignant case (553).jpg,Malignant case (553).jpg,malignant,4671a0999a34ceb0a43d817564771b0f,0,train
D:\skripsi\dataset_external\iqothnccd\The IQ-OTHNCCD lung cancer dataset\The IQ-OTHNCCD lung cancer dataset\Malignant cases\Malignant case (554).jpg,Malignant case (554).jpg,malignant,78145097e14b0509d9d3173234ba83df,0,train
D:\skripsi\dataset_external\iqothnccd\The IQ-OTHNCCD lung cancer dataset\The IQ-OTHNCCD lung cancer dataset\Malignant cases\Malignant case (555).jpg,Malignant case (555).jpg,malignant,6079aba3cde87955fc5c05bd8241a929,0,train
D:\skripsi\dataset_external\iqothnccd\The IQ-OTHNCCD lung cancer dataset\The IQ-OTHNCCD lung cancer dataset\Malignant cases\Malignant case (556).jpg,Malignant case (556).jpg,malignant,535a31ecfb05484afd02ad328f86e772,0,train
D:\skripsi\dataset_external\iqothnccd\The IQ-OTHNCCD lung cancer dataset\The IQ-OTHNCCD lung cancer dataset\Malignant cases\Malignant case (557).jpg,Malignant case (557).jpg,malignant,7a0e735d7295a16f945e58a23a003ae0,0,train
D:\skripsi\dataset_external\iqothnccd\The IQ-OTHNCCD lung cancer dataset\The IQ-OTHNCCD lung cancer dataset\Malignant cases\Malignant case (558).jpg,Malignant case (558).jpg,malignant,efb144c9ec7d46c24b3a1fde7bb4ca7e,0,train
D:\skripsi\dataset_external\iqothnccd\The IQ-OTHNCCD lung cancer dataset\The IQ-OTHNCCD lung cancer dataset\Malignant cases\Malignant case (559).jpg,Malignant case (559).jpg,malignant,a5d962f0d99fc409c957e7fd9fc60aa5,0,train
D:\skripsi\dataset_external\iqothnccd\The IQ-OTHNCCD lung cancer dataset\The IQ-OTHNCCD lung cancer dataset\Malignant cases\Malignant case (56).jpg,Malignant case (56).jpg,malignant,2a832aeb8acf8d5577117627ffa55fae,47,train
D:\skripsi\dataset_external\iqothnccd\The IQ-OTHNCCD lung cancer dataset\The IQ-OTHNCCD lung cancer dataset\Malignant cases\Malignant case (560).jpg,Malignant case (560).jpg,malignant,3fff1f6062266debf24642002ca09023,0,train
D:\skripsi\dataset_external\iqothnccd\The IQ-OTHNCCD lung cancer dataset\The IQ-OTHNCCD lung cancer dataset\Malignant cases\Malignant case (561).jpg,Malignant case (561).jpg,malignant,83d1905e9b1500db60adc7996b7eddec,0,train
D:\skripsi\dataset_external\iqothnccd\The IQ-OTHNCCD lung cancer dataset\The IQ-OTHNCCD lung cancer dataset\Malignant cases\Malignant case (57).jpg,Malignant case (57).jpg,malignant,c9cd00eb4b404d85cb82ed1b1658c2b5,47,train
D:\skripsi\dataset_external\iqothnccd\The IQ-OTHNCCD lung cancer dataset\The IQ-OTHNCCD lung cancer dataset\Malignant cases\Malignant case (58).jpg,Malignant case (58).jpg,malignant,2a53b958f11de8cb4f9bf85db979add8,47,train
D:\skripsi\dataset_external\iqothnccd\The IQ-OTHNCCD lung cancer dataset\The IQ-OTHNCCD lung cancer dataset\Malignant cases\Malignant case (59).jpg,Malignant case (59).jpg,malignant,b8fab8384ab5137ac9af2a9c7083e99c,16,train
D:\skripsi\dataset_external\iqothnccd\The IQ-OTHNCCD lung cancer dataset\The IQ-OTHNCCD lung cancer dataset\Malignant cases\Malignant case (6).jpg,Malignant case (6).jpg,malignant,6f7decc81232c47e57bcf69f855e0f3d,16,train
D:\skripsi\dataset_external\iqothnccd\The IQ-OTHNCCD lung cancer dataset\The IQ-OTHNCCD lung cancer dataset\Malignant cases\Malignant case (61).jpg,Malignant case (61).jpg,malignant,6d8d13ab2e4a66547a028291b57eb656,16,train
D:\skripsi\dataset_external\iqothnccd\The IQ-OTHNCCD lung cancer dataset\The IQ-OTHNCCD lung cancer dataset\Malignant cases\Malignant case (63).jpg,Malignant case (63).jpg,malignant,e398e8d18225e86f491d3a8b21083bc1,16,train
D:\skripsi\dataset_external\iqothnccd\The IQ-OTHNCCD lung cancer dataset\The IQ-OTHNCCD lung cancer dataset\Malignant cases\Malignant case (64).jpg,Malignant case (64).jpg,malignant,b9d5afb71aa1417fa27538615dcdbd05,16,train
D:\skripsi\dataset_external\iqothnccd\The IQ-OTHNCCD lung cancer dataset\The IQ-OTHNCCD lung cancer dataset\Malignant cases\Malignant case (66).jpg,Malignant case (66).jpg,malignant,98c042bf33941f0cb0e4133ec1cb6aad,16,train
D:\skripsi\dataset_external\iqothnccd\The IQ-OTHNCCD lung cancer dataset\The IQ-OTHNCCD lung cancer dataset\Malignant cases\Malignant case (67).jpg,Malignant case (67).jpg,malignant,8786d7499c05760cf7d727c7e962ae33,16,train
D:\skripsi\dataset_external\iqothnccd\The IQ-OTHNCCD lung cancer dataset\The IQ-OTHNCCD lung cancer dataset\Malignant cases\Malignant case (69).jpg,Malignant case (69).jpg,malignant,fa55d9179788688d060f7ed3bba00a9e,16,train
D:\skripsi\dataset_external\iqothnccd\The IQ-OTHNCCD lung cancer dataset\The IQ-OTHNCCD lung cancer dataset\Malignant cases\Malignant case (7).jpg,Malignant case (7).jpg,malignant,53ede77db22b3557fdf97e4336da8aff,16,train
D:\skripsi\dataset_external\iqothnccd\The IQ-OTHNCCD lung cancer dataset\The IQ-OTHNCCD lung cancer dataset\Malignant cases\Malignant case (70).jpg,Malignant case (70).jpg,malignant,56fd734e5d5e631770c3c6c37c7fb2a4,16,train
D:\skripsi\dataset_external\iqothnccd\The IQ-OTHNCCD lung cancer dataset\The IQ-OTHNCCD lung cancer dataset\Malignant cases\Malignant case (72).jpg,Malignant case (72).jpg,malignant,394ef5b68fd30f1ca2638cb115933e8b,16,train
D:\skripsi\dataset_external\iqothnccd\The IQ-OTHNCCD lung cancer dataset\The IQ-OTHNCCD lung cancer dataset\Malignant cases\Malignant case (74).jpg,Malignant case (74).jpg,malignant,d3fc20cf10624968af0fd136fc15761d,16,train
D:\skripsi\dataset_external\iqothnccd\The IQ-OTHNCCD lung cancer dataset\The IQ-OTHNCCD lung cancer dataset\Malignant cases\Malignant case (75).jpg,Malignant case (75).jpg,malignant,16d06cd531bc6cdcc9dcc79fbad82715,16,train
D:\skripsi\dataset_external\iqothnccd\The IQ-OTHNCCD lung cancer dataset\The IQ-OTHNCCD lung cancer dataset\Malignant cases\Malignant case (76).jpg,Malignant case (76).jpg,malignant,f9274349b72d361a668d9bb3848f9fb4,16,train
D:\skripsi\dataset_external\iqothnccd\The IQ-OTHNCCD lung cancer dataset\The IQ-OTHNCCD lung cancer dataset\Malignant cases\Malignant case (77).jpg,Malignant case (77).jpg,malignant,cc32bff3800e8227cd501b4ce79f0b24,16,train
D:\skripsi\dataset_external\iqothnccd\The IQ-OTHNCCD lung cancer dataset\The IQ-OTHNCCD lung cancer dataset\Malignant cases\Malignant case (78).jpg,Malignant case (78).jpg,malignant,654b0e87886efd4ba8104c44cba0b13d,16,train
D:\skripsi\dataset_external\iqothnccd\The IQ-OTHNCCD lung cancer dataset\The IQ-OTHNCCD lung cancer dataset\Malignant cases\Malignant case (79).jpg,Malignant case (79).jpg,malignant,8e42f529cf09bea3370dc9e2d2f756b6,49,train
D:\skripsi\dataset_external\iqothnccd\The IQ-OTHNCCD lung cancer dataset\The IQ-OTHNCCD lung cancer dataset\Malignant cases\Malignant case (80).jpg,Malignant case (80).jpg,malignant,5799a4a1318f07f62aaa4d6bee1fe0ea,49,train
D:\skripsi\dataset_external\iqothnccd\The IQ-OTHNCCD lung cancer dataset\The IQ-OTHNCCD lung cancer dataset\Malignant cases\Malignant case (81).jpg,Malignant case (81).jpg,malignant,291c99f278c58bffb0ac40589b91f5d1,49,train
D:\skripsi\dataset_external\iqothnccd\The IQ-OTHNCCD lung cancer dataset\The IQ-OTHNCCD lung cancer dataset\Malignant cases\Malignant case (82).jpg,Malignant case (82).jpg,malignant,a378781787bde84b0269567789383cba,50,train
D:\skripsi\dataset_external\iqothnccd\The IQ-OTHNCCD lung cancer dataset\The IQ-OTHNCCD lung cancer dataset\Malignant cases\Malignant case (83).jpg,Malignant case (83).jpg,malignant,2cffc9a9d838eb90dcdebbb698578fa9,51,test
D:\skripsi\dataset_external\iqothnccd\The IQ-OTHNCCD lung cancer dataset\The IQ-OTHNCCD lung cancer dataset\Malignant cases\Malignant case (84).jpg,Malignant case (84).jpg,malignant,468bdf6b6a523e169e9b56192e61652f,51,test
D:\skripsi\dataset_external\iqothnccd\The IQ-OTHNCCD lung cancer dataset\The IQ-OTHNCCD lung cancer dataset\Malignant cases\Malignant case (85).jpg,Malignant case (85).jpg,malignant,ca0ae2138ee04a550e6eeda0386a8c36,51,test
D:\skripsi\dataset_external\iqothnccd\The IQ-OTHNCCD lung cancer dataset\The IQ-OTHNCCD lung cancer dataset\Malignant cases\Malignant case (86).jpg,Malignant case (86).jpg,malignant,d361ff3a8424cd35702a355bdd50cfb7,51,test
D:\skripsi\dataset_external\iqothnccd\The IQ-OTHNCCD lung cancer dataset\The IQ-OTHNCCD lung cancer dataset\Malignant cases\Malignant case (87).jpg,Malignant case (87).jpg,malignant,fa5da4ad9786b84a173969d0860e58f0,51,test
D:\skripsi\dataset_external\iqothnccd\The IQ-OTHNCCD lung cancer dataset\The IQ-OTHNCCD lung cancer dataset\Malignant cases\Malignant case (88).jpg,Malignant case (88).jpg,malignant,e45541c8a081c64ff1fe3d4538668d4b,51,test
D:\skripsi\dataset_external\iqothnccd\The IQ-OTHNCCD lung cancer dataset\The IQ-OTHNCCD lung cancer dataset\Malignant cases\Malignant case (89).jpg,Malignant case (89).jpg,malignant,b26692e8a6378e0a41ab3f9c018267b0,2,val
D:\skripsi\dataset_external\iqothnccd\The IQ-OTHNCCD lung cancer dataset\The IQ-OTHNCCD lung cancer dataset\Malignant cases\Malignant case (90).jpg,Malignant case (90).jpg,malignant,2e57ac9b764ce4b24739a2c38c28b953,2,val
D:\skripsi\dataset_external\iqothnccd\The IQ-OTHNCCD lung cancer dataset\The IQ-OTHNCCD lung cancer dataset\Malignant cases\Malignant case (91).jpg,Malignant case (91).jpg,malignant,c317608480620cea41fedde9ca7ed05c,2,val
D:\skripsi\dataset_external\iqothnccd\The IQ-OTHNCCD lung cancer dataset\The IQ-OTHNCCD lung cancer dataset\Malignant cases\Malignant case (92).jpg,Malignant case (92).jpg,malignant,d1995c90980440582c46b8ecdf19bcca,2,val
D:\skripsi\dataset_external\iqothnccd\The IQ-OTHNCCD lung cancer dataset\The IQ-OTHNCCD lung cancer dataset\Malignant cases\Malignant case (93).jpg,Malignant case (93).jpg,malignant,f3c1433474c4993fa5bfa65e39d83d3c,2,val
D:\skripsi\dataset_external\iqothnccd\The IQ-OTHNCCD lung cancer dataset\The IQ-OTHNCCD lung cancer dataset\Malignant cases\Malignant case (94).jpg,Malignant case (94).jpg,malignant,c6aebee0e488867be0bde776fe352fbf,2,val
D:\skripsi\dataset_external\iqothnccd\The IQ-OTHNCCD lung cancer dataset\The IQ-OTHNCCD lung cancer dataset\Malignant cases\Malignant case (95).jpg,Malignant case (95).jpg,malignant,c8288022e4f49e3bf6126b019921ec23,2,val
D:\skripsi\dataset_external\iqothnccd\The IQ-OTHNCCD lung cancer dataset\The IQ-OTHNCCD lung cancer dataset\Malignant cases\Malignant case (96).jpg,Malignant case (96).jpg,malignant,5bdb8a4da59207005a774d6c6b69d3aa,2,val
D:\skripsi\dataset_external\iqothnccd\The IQ-OTHNCCD lung cancer dataset\The IQ-OTHNCCD lung cancer dataset\Malignant cases\Malignant case (97).jpg,Malignant case (97).jpg,malignant,9180d8fd8da71255cac13495c279ca0a,2,val
D:\skripsi\dataset_external\iqothnccd\The IQ-OTHNCCD lung cancer dataset\The IQ-OTHNCCD lung cancer dataset\Malignant cases\Malignant case (98).jpg,Malignant case (98).jpg,malignant,ca3565226116dae0a307bdc58ad0bef2,2,val
D:\skripsi\dataset_external\iqothnccd\The IQ-OTHNCCD lung cancer dataset\The IQ-OTHNCCD lung cancer dataset\Malignant cases\Malignant case (99).jpg,Malignant case (99).jpg,malignant,997bbeb8eebae26f573b2fa7acc636ff,2,val
D:\skripsi\dataset_external\iqothnccd\The IQ-OTHNCCD lung cancer dataset\The IQ-OTHNCCD lung cancer dataset\Normal cases\Normal case (1).jpg,Normal case (1).jpg,normal,7e2f1287b96d0bedbf18723dfde6dab9,52,train
D:\skripsi\dataset_external\iqothnccd\The IQ-OTHNCCD lung cancer dataset\The IQ-OTHNCCD lung cancer dataset\Normal cases\Normal case (10).jpg,Normal case (10).jpg,normal,07770a347be3d9d5f857ef6643616f46,53,test
D:\skripsi\dataset_external\iqothnccd\The IQ-OTHNCCD lung cancer dataset\The IQ-OTHNCCD lung cancer dataset\Normal cases\Normal case (100).jpg,Normal case (100).jpg,normal,8f0914b0354040c9f03e9c2dfe78611f,54,train
D:\skripsi\dataset_external\iqothnccd\The IQ-OTHNCCD lung cancer dataset\The IQ-OTHNCCD lung cancer dataset\Normal cases\Normal case (101).jpg,Normal case (101).jpg,normal,d85949ae861392c44c598a12d5ff1bf4,55,val
D:\skripsi\dataset_external\iqothnccd\The IQ-OTHNCCD lung cancer dataset\The IQ-OTHNCCD lung cancer dataset\Normal cases\Normal case (102).jpg,Normal case (102).jpg,normal,4b8c55d22edd405bccd0086ca273eb5c,55,val
D:\skripsi\dataset_external\iqothnccd\The IQ-OTHNCCD lung cancer dataset\The IQ-OTHNCCD lung cancer dataset\Normal cases\Normal case (103).jpg,Normal case (103).jpg,normal,66db09e821dfb86bb4ca4bbd24ae4203,55,val
D:\skripsi\dataset_external\iqothnccd\The IQ-OTHNCCD lung cancer dataset\The IQ-OTHNCCD lung cancer dataset\Normal cases\Normal case (104).jpg,Normal case (104).jpg,normal,39f822a8699d8c30abade8ef443d6445,55,val
D:\skripsi\dataset_external\iqothnccd\The IQ-OTHNCCD lung cancer dataset\The IQ-OTHNCCD lung cancer dataset\Normal cases\Normal case (105).jpg,Normal case (105).jpg,normal,c03a9325c3722f0a2a4bde23c59d7cc1,55,val
D:\skripsi\dataset_external\iqothnccd\The IQ-OTHNCCD lung cancer dataset\The IQ-OTHNCCD lung cancer dataset\Normal cases\Normal case (106).jpg,Normal case (106).jpg,normal,ae94cfcd09b0e464d170c37eb274f1a5,55,val
D:\skripsi\dataset_external\iqothnccd\The IQ-OTHNCCD lung cancer dataset\The IQ-OTHNCCD lung cancer dataset\Normal cases\Normal case (107).jpg,Normal case (107).jpg,normal,b15626f1e0e86c829f5f9a6d7d6af22a,56,train
D:\skripsi\dataset_external\iqothnccd\The IQ-OTHNCCD lung cancer dataset\The IQ-OTHNCCD lung cancer dataset\Normal cases\Normal case (108).jpg,Normal case (108).jpg,normal,d70fd9c19849b29442dd171108c16915,55,val
D:\skripsi\dataset_external\iqothnccd\The IQ-OTHNCCD lung cancer dataset\The IQ-OTHNCCD lung cancer dataset\Normal cases\Normal case (109).jpg,Normal case (109).jpg,normal,06959447af7e2f0d967f01d3cbd2295e,55,val
D:\skripsi\dataset_external\iqothnccd\The IQ-OTHNCCD lung cancer dataset\The IQ-OTHNCCD lung cancer dataset\Normal cases\Normal case (11).jpg,Normal case (11).jpg,normal,8fa3180ffe0794aa42f5e8415655b905,53,test
D:\skripsi\dataset_external\iqothnccd\The IQ-OTHNCCD lung cancer dataset\The IQ-OTHNCCD lung cancer dataset\Normal cases\Normal case (110).jpg,Normal case (110).jpg,normal,18912e92bbfe4549046f3e2fa983aca5,55,val
D:\skripsi\dataset_external\iqothnccd\The IQ-OTHNCCD lung cancer dataset\The IQ-OTHNCCD lung cancer dataset\Normal cases\Normal case (111).jpg,Normal case (111).jpg,normal,2661a11c2b503f5366e9b1248d7424ed,55,val
D:\skripsi\dataset_external\iqothnccd\The IQ-OTHNCCD lung cancer dataset\The IQ-OTHNCCD lung cancer dataset\Normal cases\Normal case (112).jpg,Normal case (112).jpg,normal,7bdab3194b2ec5df298c0b1ee924fbb1,57,val
D:\skripsi\dataset_external\iqothnccd\The IQ-OTHNCCD lung cancer dataset\The IQ-OTHNCCD lung cancer dataset\Normal cases\Normal case (113).jpg,Normal case (113).jpg,normal,c1d4217cbe116f9be543e7ee04e1bfe8,57,val
D:\skripsi\dataset_external\iqothnccd\The IQ-OTHNCCD lung cancer dataset\The IQ-OTHNCCD lung cancer dataset\Normal cases\Normal case (114).jpg,Normal case (114).jpg,normal,82f9e8d21e859f432056b4d059f33140,57,val
D:\skripsi\dataset_external\iqothnccd\The IQ-OTHNCCD lung cancer dataset\The IQ-OTHNCCD lung cancer dataset\Normal cases\Normal case (115).jpg,Normal case (115).jpg,normal,54a0b6b249425b51cad0a7ae3489d2e9,58,test
D:\skripsi\dataset_external\iqothnccd\The IQ-OTHNCCD lung cancer dataset\The IQ-OTHNCCD lung cancer dataset\Normal cases\Normal case (116).jpg,Normal case (116).jpg,normal,b0cd94538d0c97ca698b192aaf222375,58,test
D:\skripsi\dataset_external\iqothnccd\The IQ-OTHNCCD lung cancer dataset\The IQ-OTHNCCD lung cancer dataset\Normal cases\Normal case (117).jpg,Normal case (117).jpg,normal,680bf47a944dd3ec1e899aa5b1ac664a,58,test
D:\skripsi\dataset_external\iqothnccd\The IQ-OTHNCCD lung cancer dataset\The IQ-OTHNCCD lung cancer dataset\Normal cases\Normal case (118).jpg,Normal case (118).jpg,normal,7df8dbed4fbd8ffbea929aa73827d13e,58,test
D:\skripsi\dataset_external\iqothnccd\The IQ-OTHNCCD lung cancer dataset\The IQ-OTHNCCD lung cancer dataset\Normal cases\Normal case (119).jpg,Normal case (119).jpg,normal,310c5fec2d8540476c7cd99e3b51a13e,58,test
D:\skripsi\dataset_external\iqothnccd\The IQ-OTHNCCD lung cancer dataset\The IQ-OTHNCCD lung cancer dataset\Normal cases\Normal case (12).jpg,Normal case (12).jpg,normal,d4d26c8abb03fc6828addc8e01147a0d,53,test
D:\skripsi\dataset_external\iqothnccd\The IQ-OTHNCCD lung cancer dataset\The IQ-OTHNCCD lung cancer dataset\Normal cases\Normal case (120).jpg,Normal case (120).jpg,normal,2e3fd8ecaf4e566220499ff1b8ff6dca,58,test
D:\skripsi\dataset_external\iqothnccd\The IQ-OTHNCCD lung cancer dataset\The IQ-OTHNCCD lung cancer dataset\Normal cases\Normal case (121).jpg,Normal case (121).jpg,normal,dd5b6a7a86e868c4c42639bff3bd5787,58,test
D:\skripsi\dataset_external\iqothnccd\The IQ-OTHNCCD lung cancer dataset\The IQ-OTHNCCD lung cancer dataset\Normal cases\Normal case (122).jpg,Normal case (122).jpg,normal,109456ae690ead8162b5a6a53eccd247,59,test
D:\skripsi\dataset_external\iqothnccd\The IQ-OTHNCCD lung cancer dataset\The IQ-OTHNCCD lung cancer dataset\Normal cases\Normal case (123).jpg,Normal case (123).jpg,normal,b4760c687122c80baf98143b319206d3,59,test
D:\skripsi\dataset_external\iqothnccd\The IQ-OTHNCCD lung cancer dataset\The IQ-OTHNCCD lung cancer dataset\Normal cases\Normal case (124).jpg,Normal case (124).jpg,normal,fed346ee3d72503c0ceecd765de5edcf,59,test
D:\skripsi\dataset_external\iqothnccd\The IQ-OTHNCCD lung cancer dataset\The IQ-OTHNCCD lung cancer dataset\Normal cases\Normal case (125).jpg,Normal case (125).jpg,normal,3a262cea9b222094540187bb1d9cd13f,59,test
D:\skripsi\dataset_external\iqothnccd\The IQ-OTHNCCD lung cancer dataset\The IQ-OTHNCCD lung cancer dataset\Normal cases\Normal case (126).jpg,Normal case (126).jpg,normal,d3a24438ea622fca4689737ba93891be,59,test
D:\skripsi\dataset_external\iqothnccd\The IQ-OTHNCCD lung cancer dataset\The IQ-OTHNCCD lung cancer dataset\Normal cases\Normal case (127).jpg,Normal case (127).jpg,normal,84165b622aa84fc86dff3e8c29d3bf72,59,test
D:\skripsi\dataset_external\iqothnccd\The IQ-OTHNCCD lung cancer dataset\The IQ-OTHNCCD lung cancer dataset\Normal cases\Normal case (128).jpg,Normal case (128).jpg,normal,808e22344078416ccf25296b0354d0b5,59,test
D:\skripsi\dataset_external\iqothnccd\The IQ-OTHNCCD lung cancer dataset\The IQ-OTHNCCD lung cancer dataset\Normal cases\Normal case (129).jpg,Normal case (129).jpg,normal,8b9456cabfdc0b5982daa09be88ca7b2,59,test
D:\skripsi\dataset_external\iqothnccd\The IQ-OTHNCCD lung cancer dataset\The IQ-OTHNCCD lung cancer dataset\Normal cases\Normal case (13).jpg,Normal case (13).jpg,normal,97f2ce807183d0a1b1a4d6589be4bde8,53,test
D:\skripsi\dataset_external\iqothnccd\The IQ-OTHNCCD lung cancer dataset\The IQ-OTHNCCD lung cancer dataset\Normal cases\Normal case (130).jpg,Normal case (130).jpg,normal,d311da2dc00d4834d47f6801de4f6dad,59,test
D:\skripsi\dataset_external\iqothnccd\The IQ-OTHNCCD lung cancer dataset\The IQ-OTHNCCD lung cancer dataset\Normal cases\Normal case (131).jpg,Normal case (131).jpg,normal,1d6327365f554e85aa88e12d1d074245,60,train
D:\skripsi\dataset_external\iqothnccd\The IQ-OTHNCCD lung cancer dataset\The IQ-OTHNCCD lung cancer dataset\Normal cases\Normal case (132).jpg,Normal case (132).jpg,normal,9c34b89e5c1f5cc44d03106010df92e6,60,train
D:\skripsi\dataset_external\iqothnccd\The IQ-OTHNCCD lung cancer dataset\The IQ-OTHNCCD lung cancer dataset\Normal cases\Normal case (133).jpg,Normal case (133).jpg,normal,f3e05b50e7ad1437c849a1400e08d0c2,60,train
D:\skripsi\dataset_external\iqothnccd\The IQ-OTHNCCD lung cancer dataset\The IQ-OTHNCCD lung cancer dataset\Normal cases\Normal case (134).jpg,Normal case (134).jpg,normal,5df7356f23bd21f587eec0a3554c7b63,60,train
D:\skripsi\dataset_external\iqothnccd\The IQ-OTHNCCD lung cancer dataset\The IQ-OTHNCCD lung cancer dataset\Normal cases\Normal case (135).jpg,Normal case (135).jpg,normal,04eea49276f9215eb9a1089a0cf2eaa3,61,train
D:\skripsi\dataset_external\iqothnccd\The IQ-OTHNCCD lung cancer dataset\The IQ-OTHNCCD lung cancer dataset\Normal cases\Normal case (136).jpg,Normal case (136).jpg,normal,cb7554d490a85bd7596c80e70b4d35d0,61,train
D:\skripsi\dataset_external\iqothnccd\The IQ-OTHNCCD lung cancer dataset\The IQ-OTHNCCD lung cancer dataset\Normal cases\Normal case (137).jpg,Normal case (137).jpg,normal,4fdc5df2f24789bf4c7bc5bff75acc74,61,train
D:\skripsi\dataset_external\iqothnccd\The IQ-OTHNCCD lung cancer dataset\The IQ-OTHNCCD lung cancer dataset\Normal cases\Normal case (138).jpg,Normal case (138).jpg,normal,7f7f8a67257beae0f597757dccfd5a6f,61,train
D:\skripsi\dataset_external\iqothnccd\The IQ-OTHNCCD lung cancer dataset\The IQ-OTHNCCD lung cancer dataset\Normal cases\Normal case (139).jpg,Normal case (139).jpg,normal,3e86f4fbe2c525987eb28c5171ab705b,61,train
D:\skripsi\dataset_external\iqothnccd\The IQ-OTHNCCD lung cancer dataset\The IQ-OTHNCCD lung cancer dataset\Normal cases\Normal case (14).jpg,Normal case (14).jpg,normal,8092f0433a2759938c3d2ae0aade9b69,62,train
D:\skripsi\dataset_external\iqothnccd\The IQ-OTHNCCD lung cancer dataset\The IQ-OTHNCCD lung cancer dataset\Normal cases\Normal case (140).jpg,Normal case (140).jpg,normal,c9d75a51c07bcbd9ae86c2badc50d83a,61,train
D:\skripsi\dataset_external\iqothnccd\The IQ-OTHNCCD lung cancer dataset\The IQ-OTHNCCD lung cancer dataset\Normal cases\Normal case (141).jpg,Normal case (141).jpg,normal,547b0105be0f32afc22dd6e4396b2eea,61,train
D:\skripsi\dataset_external\iqothnccd\The IQ-OTHNCCD lung cancer dataset\The IQ-OTHNCCD lung cancer dataset\Normal cases\Normal case (142).jpg,Normal case (142).jpg,normal,23b0a4b1297e761d161fc2844d670470,61,train
D:\skripsi\dataset_external\iqothnccd\The IQ-OTHNCCD lung cancer dataset\The IQ-OTHNCCD lung cancer dataset\Normal cases\Normal case (143).jpg,Normal case (143).jpg,normal,bd21de6354dbc2bb07ec8efa9c4d0a73,61,train
D:\skripsi\dataset_external\iqothnccd\The IQ-OTHNCCD lung cancer dataset\The IQ-OTHNCCD lung cancer dataset\Normal cases\Normal case (144).jpg,Normal case (144).jpg,normal,29db140627c4bd915d5d8a2fce02cb27,61,train
D:\skripsi\dataset_external\iqothnccd\The IQ-OTHNCCD lung cancer dataset\The IQ-OTHNCCD lung cancer dataset\Normal cases\Normal case (145).jpg,Normal case (145).jpg,normal,885ee4258868f723c26c685ec973a9ce,61,train
D:\skripsi\dataset_external\iqothnccd\The IQ-OTHNCCD lung cancer dataset\The IQ-OTHNCCD lung cancer dataset\Normal cases\Normal case (146).jpg,Normal case (146).jpg,normal,f78a930c2e4004aa41a9d3a39c292680,61,train
D:\skripsi\dataset_external\iqothnccd\The IQ-OTHNCCD lung cancer dataset\The IQ-OTHNCCD lung cancer dataset\Normal cases\Normal case (147).jpg,Normal case (147).jpg,normal,062e937115ff63676903709449b83e48,61,train
D:\skripsi\dataset_external\iqothnccd\The IQ-OTHNCCD lung cancer dataset\The IQ-OTHNCCD lung cancer dataset\Normal cases\Normal case (148).jpg,Normal case (148).jpg,normal,cbb0f982ef818a443dd1173f383e5906,61,train
D:\skripsi\dataset_external\iqothnccd\The IQ-OTHNCCD lung cancer dataset\The IQ-OTHNCCD lung cancer dataset\Normal cases\Normal case (149).jpg,Normal case (149).jpg,normal,64fb7358403f8da48adba198a829be8f,61,train
D:\skripsi\dataset_external\iqothnccd\The IQ-OTHNCCD lung cancer dataset\The IQ-OTHNCCD lung cancer dataset\Normal cases\Normal case (15).jpg,Normal case (15).jpg,normal,6259ddb356ca73a11010f8abde3a9d77,62,train
D:\skripsi\dataset_external\iqothnccd\The IQ-OTHNCCD lung cancer dataset\The IQ-OTHNCCD lung cancer dataset\Normal cases\Normal case (150).jpg,Normal case (150).jpg,normal,71d73c2d780e6669f30e98c1f2a44c6f,61,train
D:\skripsi\dataset_external\iqothnccd\The IQ-OTHNCCD lung cancer dataset\The IQ-OTHNCCD lung cancer dataset\Normal cases\Normal case (151).jpg,Normal case (151).jpg,normal,4b14b5eee5c0b2c27d7777f3204b370f,61,train
D:\skripsi\dataset_external\iqothnccd\The IQ-OTHNCCD lung cancer dataset\The IQ-OTHNCCD lung cancer dataset\Normal cases\Normal case (152).jpg,Normal case (152).jpg,normal,95f5ef9a678af474975c01075bde340a,61,train
D:\skripsi\dataset_external\iqothnccd\The IQ-OTHNCCD lung cancer dataset\The IQ-OTHNCCD lung cancer dataset\Normal cases\Normal case (153).jpg,Normal case (153).jpg,normal,e9e5778d39978f258be946a348a6ac96,61,train
D:\skripsi\dataset_external\iqothnccd\The IQ-OTHNCCD lung cancer dataset\The IQ-OTHNCCD lung cancer dataset\Normal cases\Normal case (154).jpg,Normal case (154).jpg,normal,9900355ad020527d797c726f24098ca8,61,train
D:\skripsi\dataset_external\iqothnccd\The IQ-OTHNCCD lung cancer dataset\The IQ-OTHNCCD lung cancer dataset\Normal cases\Normal case (155).jpg,Normal case (155).jpg,normal,c9733a51a3d670c9ad9086b222100ca6,61,train
D:\skripsi\dataset_external\iqothnccd\The IQ-OTHNCCD lung cancer dataset\The IQ-OTHNCCD lung cancer dataset\Normal cases\Normal case (156).jpg,Normal case (156).jpg,normal,135996d73a630d92482bca7499b33a5c,60,train
D:\skripsi\dataset_external\iqothnccd\The IQ-OTHNCCD lung cancer dataset\The IQ-OTHNCCD lung cancer dataset\Normal cases\Normal case (157).jpg,Normal case (157).jpg,normal,0406e1a9f307c37fd1da56193b13e00f,60,train
D:\skripsi\dataset_external\iqothnccd\The IQ-OTHNCCD lung cancer dataset\The IQ-OTHNCCD lung cancer dataset\Normal cases\Normal case (158).jpg,Normal case (158).jpg,normal,fbe75fc57f3b674cbd371530f8f6ef35,63,train
D:\skripsi\dataset_external\iqothnccd\The IQ-OTHNCCD lung cancer dataset\The IQ-OTHNCCD lung cancer dataset\Normal cases\Normal case (159).jpg,Normal case (159).jpg,normal,432747a040ba2f311739946476319565,63,train
D:\skripsi\dataset_external\iqothnccd\The IQ-OTHNCCD lung cancer dataset\The IQ-OTHNCCD lung cancer dataset\Normal cases\Normal case (16).jpg,Normal case (16).jpg,normal,3baef585250490746e8d124c67033736,62,train
D:\skripsi\dataset_external\iqothnccd\The IQ-OTHNCCD lung cancer dataset\The IQ-OTHNCCD lung cancer dataset\Normal cases\Normal case (160).jpg,Normal case (160).jpg,normal,5c44ef4847e478f434bd7e05ce1bf400,63,train
D:\skripsi\dataset_external\iqothnccd\The IQ-OTHNCCD lung cancer dataset\The IQ-OTHNCCD lung cancer dataset\Normal cases\Normal case (161).jpg,Normal case (161).jpg,normal,6dbef4f15fed418b4b1a1845470425e2,63,train
D:\skripsi\dataset_external\iqothnccd\The IQ-OTHNCCD lung cancer dataset\The IQ-OTHNCCD lung cancer dataset\Normal cases\Normal case (162).jpg,Normal case (162).jpg,normal,095c47c4299b7ff1608354a3cce68cf3,63,train
D:\skripsi\dataset_external\iqothnccd\The IQ-OTHNCCD lung cancer dataset\The IQ-OTHNCCD lung cancer dataset\Normal cases\Normal case (163).jpg,Normal case (163).jpg,normal,0a9fd6d4602b0f96ec19a46c05aa1f32,63,train
D:\skripsi\dataset_external\iqothnccd\The IQ-OTHNCCD lung cancer dataset\The IQ-OTHNCCD lung cancer dataset\Normal cases\Normal case (164).jpg,Normal case (164).jpg,normal,116ca7ebb039bbf2b0c4ceb8e7225208,63,train
D:\skripsi\dataset_external\iqothnccd\The IQ-OTHNCCD lung cancer dataset\The IQ-OTHNCCD lung cancer dataset\Normal cases\Normal case (165).jpg,Normal case (165).jpg,normal,67b9ba517bb468a75aa3434b4e51ffa6,63,train
D:\skripsi\dataset_external\iqothnccd\The IQ-OTHNCCD lung cancer dataset\The IQ-OTHNCCD lung cancer dataset\Normal cases\Normal case (166).jpg,Normal case (166).jpg,normal,05bc165f9feb0ba41c5ffeefcd803cff,63,train
D:\skripsi\dataset_external\iqothnccd\The IQ-OTHNCCD lung cancer dataset\The IQ-OTHNCCD lung cancer dataset\Normal cases\Normal case (167).jpg,Normal case (167).jpg,normal,6b120d2483b702c2bdc7c3784e874811,63,train
D:\skripsi\dataset_external\iqothnccd\The IQ-OTHNCCD lung cancer dataset\The IQ-OTHNCCD lung cancer dataset\Normal cases\Normal case (168).jpg,Normal case (168).jpg,normal,88e5e3255df5d33c5f6a353885b6aa33,64,train
D:\skripsi\dataset_external\iqothnccd\The IQ-OTHNCCD lung cancer dataset\The IQ-OTHNCCD lung cancer dataset\Normal cases\Normal case (169).jpg,Normal case (169).jpg,normal,9260d103a32538767805c160ed7ad0aa,64,train
D:\skripsi\dataset_external\iqothnccd\The IQ-OTHNCCD lung cancer dataset\The IQ-OTHNCCD lung cancer dataset\Normal cases\Normal case (17).jpg,Normal case (17).jpg,normal,6fc5bbde9716b0a18e5977c60904a41c,62,train
D:\skripsi\dataset_external\iqothnccd\The IQ-OTHNCCD lung cancer dataset\The IQ-OTHNCCD lung cancer dataset\Normal cases\Normal case (170).jpg,Normal case (170).jpg,normal,dafdf98c81042df5f4ecab6b60690be7,64,train
D:\skripsi\dataset_external\iqothnccd\The IQ-OTHNCCD lung cancer dataset\The IQ-OTHNCCD lung cancer dataset\Normal cases\Normal case (171).jpg,Normal case (171).jpg,normal,8f6eca317cecef1c1f0510a3865d5a1e,64,train
D:\skripsi\dataset_external\iqothnccd\The IQ-OTHNCCD lung cancer dataset\The IQ-OTHNCCD lung cancer dataset\Normal cases\Normal case (172).jpg,Normal case (172).jpg,normal,1781976c23ef82af43aa1511779f1678,64,train
D:\skripsi\dataset_external\iqothnccd\The IQ-OTHNCCD lung cancer dataset\The IQ-OTHNCCD lung cancer dataset\Normal cases\Normal case (173).jpg,Normal case (173).jpg,normal,f719699b6a20e6915d1754c298788b53,64,train
D:\skripsi\dataset_external\iqothnccd\The IQ-OTHNCCD lung cancer dataset\The IQ-OTHNCCD lung cancer dataset\Normal cases\Normal case (174).jpg,Normal case (174).jpg,normal,dd0e5799dee4ef0e70db9c3011b6f24d,65,val
D:\skripsi\dataset_external\iqothnccd\The IQ-OTHNCCD lung cancer dataset\The IQ-OTHNCCD lung cancer dataset\Normal cases\Normal case (175).jpg,Normal case (175).jpg,normal,948b2f79bf698accba98a165bd6343c8,66,train
D:\skripsi\dataset_external\iqothnccd\The IQ-OTHNCCD lung cancer dataset\The IQ-OTHNCCD lung cancer dataset\Normal cases\Normal case (176).jpg,Normal case (176).jpg,normal,8a9318aff43e219792b5e96c088b7dcd,66,train
D:\skripsi\dataset_external\iqothnccd\The IQ-OTHNCCD lung cancer dataset\The IQ-OTHNCCD lung cancer dataset\Normal cases\Normal case (177).jpg,Normal case (177).jpg,normal,ba1cdf29b843c61ed3b5e5fff0a0be8a,66,train
D:\skripsi\dataset_external\iqothnccd\The IQ-OTHNCCD lung cancer dataset\The IQ-OTHNCCD lung cancer dataset\Normal cases\Normal case (178).jpg,Normal case (178).jpg,normal,da87e50d2f1ec39dc49d5214d8981728,66,train
D:\skripsi\dataset_external\iqothnccd\The IQ-OTHNCCD lung cancer dataset\The IQ-OTHNCCD lung cancer dataset\Normal cases\Normal case (179).jpg,Normal case (179).jpg,normal,0ac008d3cc4019ae6faf05aa3756db34,66,train
D:\skripsi\dataset_external\iqothnccd\The IQ-OTHNCCD lung cancer dataset\The IQ-OTHNCCD lung cancer dataset\Normal cases\Normal case (18).jpg,Normal case (18).jpg,normal,8a7d4e86f9eaafd929c0bade23a38e24,62,train
D:\skripsi\dataset_external\iqothnccd\The IQ-OTHNCCD lung cancer dataset\The IQ-OTHNCCD lung cancer dataset\Normal cases\Normal case (180).jpg,Normal case (180).jpg,normal,466759e8940cf747a077df316bea5239,66,train
D:\skripsi\dataset_external\iqothnccd\The IQ-OTHNCCD lung cancer dataset\The IQ-OTHNCCD lung cancer dataset\Normal cases\Normal case (181).jpg,Normal case (181).jpg,normal,1dda6d2fe82c3661c74bc8e35ad77c2d,66,train
D:\skripsi\dataset_external\iqothnccd\The IQ-OTHNCCD lung cancer dataset\The IQ-OTHNCCD lung cancer dataset\Normal cases\Normal case (182).jpg,Normal case (182).jpg,normal,2b7334d99aa6479626fa8c64c4eead63,66,train
D:\skripsi\dataset_external\iqothnccd\The IQ-OTHNCCD lung cancer dataset\The IQ-OTHNCCD lung cancer dataset\Normal cases\Normal case (183).jpg,Normal case (183).jpg,normal,17cd4431e24618f994690692637fb5ec,66,train
D:\skripsi\dataset_external\iqothnccd\The IQ-OTHNCCD lung cancer dataset\The IQ-OTHNCCD lung cancer dataset\Normal cases\Normal case (184).jpg,Normal case (184).jpg,normal,a9a99303706292d2d66bbfe9d26247a1,66,train
D:\skripsi\dataset_external\iqothnccd\The IQ-OTHNCCD lung cancer dataset\The IQ-OTHNCCD lung cancer dataset\Normal cases\Normal case (185).jpg,Normal case (185).jpg,normal,f2fe116dca0cb09b6797a211d60e1204,66,train
D:\skripsi\dataset_external\iqothnccd\The IQ-OTHNCCD lung cancer dataset\The IQ-OTHNCCD lung cancer dataset\Normal cases\Normal case (186).jpg,Normal case (186).jpg,normal,318106fafa83a56e30f13e45e7634776,67,train
D:\skripsi\dataset_external\iqothnccd\The IQ-OTHNCCD lung cancer dataset\The IQ-OTHNCCD lung cancer dataset\Normal cases\Normal case (187).jpg,Normal case (187).jpg,normal,780d789cd24e04262cc7d1e10c1d2a16,67,train
D:\skripsi\dataset_external\iqothnccd\The IQ-OTHNCCD lung cancer dataset\The IQ-OTHNCCD lung cancer dataset\Normal cases\Normal case (188).jpg,Normal case (188).jpg,normal,2faa254431dc61234a37b7834485f14f,67,train
D:\skripsi\dataset_external\iqothnccd\The IQ-OTHNCCD lung cancer dataset\The IQ-OTHNCCD lung cancer dataset\Normal cases\Normal case (189).jpg,Normal case (189).jpg,normal,90a0ebf3f0db6b3ee456b671d9ba111b,67,train
D:\skripsi\dataset_external\iqothnccd\The IQ-OTHNCCD lung cancer dataset\The IQ-OTHNCCD lung cancer dataset\Normal cases\Normal case (19).jpg,Normal case (19).jpg,normal,61b4e2a660f5fb943191087f1a0e349f,62,train
D:\skripsi\dataset_external\iqothnccd\The IQ-OTHNCCD lung cancer dataset\The IQ-OTHNCCD lung cancer dataset\Normal cases\Normal case (190).jpg,Normal case (190).jpg,normal,2ae1091b9379cf888d93d83758d54749,67,train
D:\skripsi\dataset_external\iqothnccd\The IQ-OTHNCCD lung cancer dataset\The IQ-OTHNCCD lung cancer dataset\Normal cases\Normal case (191).jpg,Normal case (191).jpg,normal,3f6c8764d477f39c5f59ab4973ea3b63,67,train
D:\skripsi\dataset_external\iqothnccd\The IQ-OTHNCCD lung cancer dataset\The IQ-OTHNCCD lung cancer dataset\Normal cases\Normal case (192).jpg,Normal case (192).jpg,normal,90af560ae4d61cbfc00297a795f9a517,67,train
D:\skripsi\dataset_external\iqothnccd\The IQ-OTHNCCD lung cancer dataset\The IQ-OTHNCCD lung cancer dataset\Normal cases\Normal case (193).jpg,Normal case (193).jpg,normal,cf2d53f6e04581c2f567d73aea068d57,67,train
D:\skripsi\dataset_external\iqothnccd\The IQ-OTHNCCD lung cancer dataset\The IQ-OTHNCCD lung cancer dataset\Normal cases\Normal case (194).jpg,Normal case (194).jpg,normal,a56b6fee1b1a59210a5fa5f858175d91,68,test
D:\skripsi\dataset_external\iqothnccd\The IQ-OTHNCCD lung cancer dataset\The IQ-OTHNCCD lung cancer dataset\Normal cases\Normal case (195).jpg,Normal case (195).jpg,normal,e3395c982579b03aeb819cbf0c4664ff,67,train
D:\skripsi\dataset_external\iqothnccd\The IQ-OTHNCCD lung cancer dataset\The IQ-OTHNCCD lung cancer dataset\Normal cases\Normal case (196).jpg,Normal case (196).jpg,normal,feccec781d4a2610d19241228c48a12c,67,train
D:\skripsi\dataset_external\iqothnccd\The IQ-OTHNCCD lung cancer dataset\The IQ-OTHNCCD lung cancer dataset\Normal cases\Normal case (197).jpg,Normal case (197).jpg,normal,c84e3ff92f3258354a19e6bbf27c8fe6,67,train
D:\skripsi\dataset_external\iqothnccd\The IQ-OTHNCCD lung cancer dataset\The IQ-OTHNCCD lung cancer dataset\Normal cases\Normal case (198).jpg,Normal case (198).jpg,normal,1328a938151cb90aa2c66c687c3981d3,67,train
D:\skripsi\dataset_external\iqothnccd\The IQ-OTHNCCD lung cancer dataset\The IQ-OTHNCCD lung cancer dataset\Normal cases\Normal case (199).jpg,Normal case (199).jpg,normal,82f5ac58ecdb334ca881d0bc00bbc667,68,test
D:\skripsi\dataset_external\iqothnccd\The IQ-OTHNCCD lung cancer dataset\The IQ-OTHNCCD lung cancer dataset\Normal cases\Normal case (2).jpg,Normal case (2).jpg,normal,70787ff431ad88292d9e18e733a200e8,52,train
D:\skripsi\dataset_external\iqothnccd\The IQ-OTHNCCD lung cancer dataset\The IQ-OTHNCCD lung cancer dataset\Normal cases\Normal case (20).jpg,Normal case (20).jpg,normal,54fe710fb276d29572e71540a93da476,62,train
D:\skripsi\dataset_external\iqothnccd\The IQ-OTHNCCD lung cancer dataset\The IQ-OTHNCCD lung cancer dataset\Normal cases\Normal case (200).jpg,Normal case (200).jpg,normal,2d225dcc6982936b6b8833674e1388ec,69,train
D:\skripsi\dataset_external\iqothnccd\The IQ-OTHNCCD lung cancer dataset\The IQ-OTHNCCD lung cancer dataset\Normal cases\Normal case (201).jpg,Normal case (201).jpg,normal,dd7fb71db7eae79838787dc70671953b,69,train
D:\skripsi\dataset_external\iqothnccd\The IQ-OTHNCCD lung cancer dataset\The IQ-OTHNCCD lung cancer dataset\Normal cases\Normal case (202).jpg,Normal case (202).jpg,normal,2b6a741f46e64f633552227043eeddab,69,train
D:\skripsi\dataset_external\iqothnccd\The IQ-OTHNCCD lung cancer dataset\The IQ-OTHNCCD lung cancer dataset\Normal cases\Normal case (203).jpg,Normal case (203).jpg,normal,b56c36f4b28f705c224010c50aa7475d,70,train
D:\skripsi\dataset_external\iqothnccd\The IQ-OTHNCCD lung cancer dataset\The IQ-OTHNCCD lung cancer dataset\Normal cases\Normal case (204).jpg,Normal case (204).jpg,normal,c6a2022d015295f00bad9917544f79ff,70,train
D:\skripsi\dataset_external\iqothnccd\The IQ-OTHNCCD lung cancer dataset\The IQ-OTHNCCD lung cancer dataset\Normal cases\Normal case (205).jpg,Normal case (205).jpg,normal,2bf9ee174618f1164b76374635e392c9,70,train
D:\skripsi\dataset_external\iqothnccd\The IQ-OTHNCCD lung cancer dataset\The IQ-OTHNCCD lung cancer dataset\Normal cases\Normal case (206).jpg,Normal case (206).jpg,normal,ccb560864404670258a0aab31e49c1c4,70,train
D:\skripsi\dataset_external\iqothnccd\The IQ-OTHNCCD lung cancer dataset\The IQ-OTHNCCD lung cancer dataset\Normal cases\Normal case (207).jpg,Normal case (207).jpg,normal,6e3d3941458a41b6ecb4fd5dfc45cd7a,70,train
D:\skripsi\dataset_external\iqothnccd\The IQ-OTHNCCD lung cancer dataset\The IQ-OTHNCCD lung cancer dataset\Normal cases\Normal case (208).jpg,Normal case (208).jpg,normal,00e25b9135b30ad1f8f57fca5bb16e1a,70,train
D:\skripsi\dataset_external\iqothnccd\The IQ-OTHNCCD lung cancer dataset\The IQ-OTHNCCD lung cancer dataset\Normal cases\Normal case (209).jpg,Normal case (209).jpg,normal,e5c31302e5c590d8bac9de8393c5aa30,70,train
D:\skripsi\dataset_external\iqothnccd\The IQ-OTHNCCD lung cancer dataset\The IQ-OTHNCCD lung cancer dataset\Normal cases\Normal case (21).jpg,Normal case (21).jpg,normal,c859c277e12fc69645d126b088c231a3,62,train
D:\skripsi\dataset_external\iqothnccd\The IQ-OTHNCCD lung cancer dataset\The IQ-OTHNCCD lung cancer dataset\Normal cases\Normal case (210).jpg,Normal case (210).jpg,normal,be87d719cdf72e8c32e61d564c80d281,69,train
D:\skripsi\dataset_external\iqothnccd\The IQ-OTHNCCD lung cancer dataset\The IQ-OTHNCCD lung cancer dataset\Normal cases\Normal case (211).jpg,Normal case (211).jpg,normal,1afc120dbcb8bcfbe581e9bd498c458e,70,train
D:\skripsi\dataset_external\iqothnccd\The IQ-OTHNCCD lung cancer dataset\The IQ-OTHNCCD lung cancer dataset\Normal cases\Normal case (212).jpg,Normal case (212).jpg,normal,a13d5aaf9d068f5609e65f11edf01137,70,train
D:\skripsi\dataset_external\iqothnccd\The IQ-OTHNCCD lung cancer dataset\The IQ-OTHNCCD lung cancer dataset\Normal cases\Normal case (213).jpg,Normal case (213).jpg,normal,d4cc0f8d44ee55c55d8a04f78e2132fa,70,train
D:\skripsi\dataset_external\iqothnccd\The IQ-OTHNCCD lung cancer dataset\The IQ-OTHNCCD lung cancer dataset\Normal cases\Normal case (214).jpg,Normal case (214).jpg,normal,93b218b1415fa52a41a8340413dad86c,70,train
D:\skripsi\dataset_external\iqothnccd\The IQ-OTHNCCD lung cancer dataset\The IQ-OTHNCCD lung cancer dataset\Normal cases\Normal case (215).jpg,Normal case (215).jpg,normal,769ba373f187c4b907bd3d8518c0942a,70,train
D:\skripsi\dataset_external\iqothnccd\The IQ-OTHNCCD lung cancer dataset\The IQ-OTHNCCD lung cancer dataset\Normal cases\Normal case (216).jpg,Normal case (216).jpg,normal,324d095445e7bc831539f6a6064cc877,70,train
D:\skripsi\dataset_external\iqothnccd\The IQ-OTHNCCD lung cancer dataset\The IQ-OTHNCCD lung cancer dataset\Normal cases\Normal case (217).jpg,Normal case (217).jpg,normal,48b088347f84b0d4492b677d815fcebe,70,train
D:\skripsi\dataset_external\iqothnccd\The IQ-OTHNCCD lung cancer dataset\The IQ-OTHNCCD lung cancer dataset\Normal cases\Normal case (218).jpg,Normal case (218).jpg,normal,96eb4d0ac46b1d5889590153d083a293,70,train
D:\skripsi\dataset_external\iqothnccd\The IQ-OTHNCCD lung cancer dataset\The IQ-OTHNCCD lung cancer dataset\Normal cases\Normal case (219).jpg,Normal case (219).jpg,normal,571d77d757e5cb0bd21746b4d84ad311,70,train
D:\skripsi\dataset_external\iqothnccd\The IQ-OTHNCCD lung cancer dataset\The IQ-OTHNCCD lung cancer dataset\Normal cases\Normal case (22).jpg,Normal case (22).jpg,normal,4a9533f6d7d811fba75f71823ddcbd22,62,train
D:\skripsi\dataset_external\iqothnccd\The IQ-OTHNCCD lung cancer dataset\The IQ-OTHNCCD lung cancer dataset\Normal cases\Normal case (220).jpg,Normal case (220).jpg,normal,b1aa55a7874dbda3c6ab7354102544f9,71,test
D:\skripsi\dataset_external\iqothnccd\The IQ-OTHNCCD lung cancer dataset\The IQ-OTHNCCD lung cancer dataset\Normal cases\Normal case (221).jpg,Normal case (221).jpg,normal,ccbcd25c004da8ee42f83315a3115a01,71,test
D:\skripsi\dataset_external\iqothnccd\The IQ-OTHNCCD lung cancer dataset\The IQ-OTHNCCD lung cancer dataset\Normal cases\Normal case (222).jpg,Normal case (222).jpg,normal,1d5e37bff5d23d459b08534f29974c4b,71,test
D:\skripsi\dataset_external\iqothnccd\The IQ-OTHNCCD lung cancer dataset\The IQ-OTHNCCD lung cancer dataset\Normal cases\Normal case (223).jpg,Normal case (223).jpg,normal,781c4893177d61ac3540998b110b0504,72,train
D:\skripsi\dataset_external\iqothnccd\The IQ-OTHNCCD lung cancer dataset\The IQ-OTHNCCD lung cancer dataset\Normal cases\Normal case (224).jpg,Normal case (224).jpg,normal,091901aa8fb0ac28830272d2c3b1fb4d,72,train
D:\skripsi\dataset_external\iqothnccd\The IQ-OTHNCCD lung cancer dataset\The IQ-OTHNCCD lung cancer dataset\Normal cases\Normal case (225).jpg,Normal case (225).jpg,normal,a2262032c3c9a3ee03615571ee6517ad,72,train
D:\skripsi\dataset_external\iqothnccd\The IQ-OTHNCCD lung cancer dataset\The IQ-OTHNCCD lung cancer dataset\Normal cases\Normal case (226).jpg,Normal case (226).jpg,normal,7a4cb084ad602be680d13781a15aaaad,72,train
D:\skripsi\dataset_external\iqothnccd\The IQ-OTHNCCD lung cancer dataset\The IQ-OTHNCCD lung cancer dataset\Normal cases\Normal case (227).jpg,Normal case (227).jpg,normal,d2308252d2173def0862c23fca1714c8,72,train
D:\skripsi\dataset_external\iqothnccd\The IQ-OTHNCCD lung cancer dataset\The IQ-OTHNCCD lung cancer dataset\Normal cases\Normal case (228).jpg,Normal case (228).jpg,normal,8cee07030584b82df4cd5674f677336b,72,train
D:\skripsi\dataset_external\iqothnccd\The IQ-OTHNCCD lung cancer dataset\The IQ-OTHNCCD lung cancer dataset\Normal cases\Normal case (229).jpg,Normal case (229).jpg,normal,73f756aaeaf002f0b85099303a75054b,72,train
D:\skripsi\dataset_external\iqothnccd\The IQ-OTHNCCD lung cancer dataset\The IQ-OTHNCCD lung cancer dataset\Normal cases\Normal case (23).jpg,Normal case (23).jpg,normal,282ce58b64315c7fe754ffd28c81f169,62,train
D:\skripsi\dataset_external\iqothnccd\The IQ-OTHNCCD lung cancer dataset\The IQ-OTHNCCD lung cancer dataset\Normal cases\Normal case (230).jpg,Normal case (230).jpg,normal,6700f7ceb3a7075b9901907fbb511657,73,train
D:\skripsi\dataset_external\iqothnccd\The IQ-OTHNCCD lung cancer dataset\The IQ-OTHNCCD lung cancer dataset\Normal cases\Normal case (231).jpg,Normal case (231).jpg,normal,1a04d127b7b03e58fa08fe949f9342c5,74,train
D:\skripsi\dataset_external\iqothnccd\The IQ-OTHNCCD lung cancer dataset\The IQ-OTHNCCD lung cancer dataset\Normal cases\Normal case (232).jpg,Normal case (232).jpg,normal,1583a147cd6bffce6882e5b5c1955762,74,train
D:\skripsi\dataset_external\iqothnccd\The IQ-OTHNCCD lung cancer dataset\The IQ-OTHNCCD lung cancer dataset\Normal cases\Normal case (233).jpg,Normal case (233).jpg,normal,b3b5450f3487b9a6e627280ff15d73a1,74,train
D:\skripsi\dataset_external\iqothnccd\The IQ-OTHNCCD lung cancer dataset\The IQ-OTHNCCD lung cancer dataset\Normal cases\Normal case (234).jpg,Normal case (234).jpg,normal,0e84f51e76e830cb6c34b1df6a345991,74,train
D:\skripsi\dataset_external\iqothnccd\The IQ-OTHNCCD lung cancer dataset\The IQ-OTHNCCD lung cancer dataset\Normal cases\Normal case (235).jpg,Normal case (235).jpg,normal,a9d21ced8342a34d0edfd6a84071174f,74,train
D:\skripsi\dataset_external\iqothnccd\The IQ-OTHNCCD lung cancer dataset\The IQ-OTHNCCD lung cancer dataset\Normal cases\Normal case (236).jpg,Normal case (236).jpg,normal,b466a6f4bed3817f5ad9000a1e6bd7b6,74,train
D:\skripsi\dataset_external\iqothnccd\The IQ-OTHNCCD lung cancer dataset\The IQ-OTHNCCD lung cancer dataset\Normal cases\Normal case (237).jpg,Normal case (237).jpg,normal,36d61877ff02ac082eba444273d8736e,74,train
D:\skripsi\dataset_external\iqothnccd\The IQ-OTHNCCD lung cancer dataset\The IQ-OTHNCCD lung cancer dataset\Normal cases\Normal case (238).jpg,Normal case (238).jpg,normal,9a05fbceb7185e96ca655d1a788b0833,74,train
D:\skripsi\dataset_external\iqothnccd\The IQ-OTHNCCD lung cancer dataset\The IQ-OTHNCCD lung cancer dataset\Normal cases\Normal case (239).jpg,Normal case (239).jpg,normal,076b41e588d48ba777427d8f7d4863e3,74,train
D:\skripsi\dataset_external\iqothnccd\The IQ-OTHNCCD lung cancer dataset\The IQ-OTHNCCD lung cancer dataset\Normal cases\Normal case (24).jpg,Normal case (24).jpg,normal,dd5f747bc5741552881d4c06e2a255a2,62,train
D:\skripsi\dataset_external\iqothnccd\The IQ-OTHNCCD lung cancer dataset\The IQ-OTHNCCD lung cancer dataset\Normal cases\Normal case (240).jpg,Normal case (240).jpg,normal,f994fdd05a0add417b2b979ccee88671,74,train
D:\skripsi\dataset_external\iqothnccd\The IQ-OTHNCCD lung cancer dataset\The IQ-OTHNCCD lung cancer dataset\Normal cases\Normal case (241).jpg,Normal case (241).jpg,normal,1af0a604420d13d14309eb95b8b77a67,74,train
D:\skripsi\dataset_external\iqothnccd\The IQ-OTHNCCD lung cancer dataset\The IQ-OTHNCCD lung cancer dataset\Normal cases\Normal case (242).jpg,Normal case (242).jpg,normal,2953abbd80b6c0619a8d310a97b48a77,74,train
D:\skripsi\dataset_external\iqothnccd\The IQ-OTHNCCD lung cancer dataset\The IQ-OTHNCCD lung cancer dataset\Normal cases\Normal case (243).jpg,Normal case (243).jpg,normal,1e654fad395ce8797438a724e9a25e91,73,train
D:\skripsi\dataset_external\iqothnccd\The IQ-OTHNCCD lung cancer dataset\The IQ-OTHNCCD lung cancer dataset\Normal cases\Normal case (244).jpg,Normal case (244).jpg,normal,1e9692a27377402219581a04bfed2da4,74,train
D:\skripsi\dataset_external\iqothnccd\The IQ-OTHNCCD lung cancer dataset\The IQ-OTHNCCD lung cancer dataset\Normal cases\Normal case (245).jpg,Normal case (245).jpg,normal,5c80c1c78d8af7afe8f6733c3cf01920,74,train
D:\skripsi\dataset_external\iqothnccd\The IQ-OTHNCCD lung cancer dataset\The IQ-OTHNCCD lung cancer dataset\Normal cases\Normal case (246).jpg,Normal case (246).jpg,normal,d65cfe35390b3091f7c07943a42d522d,74,train
D:\skripsi\dataset_external\iqothnccd\The IQ-OTHNCCD lung cancer dataset\The IQ-OTHNCCD lung cancer dataset\Normal cases\Normal case (247).jpg,Normal case (247).jpg,normal,c2945026f5463aa0727f0eec4499ac01,74,train
D:\skripsi\dataset_external\iqothnccd\The IQ-OTHNCCD lung cancer dataset\The IQ-OTHNCCD lung cancer dataset\Normal cases\Normal case (248).jpg,Normal case (248).jpg,normal,c41881bd9220522e7c4a75d5a09f7f20,74,train
D:\skripsi\dataset_external\iqothnccd\The IQ-OTHNCCD lung cancer dataset\The IQ-OTHNCCD lung cancer dataset\Normal cases\Normal case (249).jpg,Normal case (249).jpg,normal,5ba9d3fb8d126948722f584620c78c37,74,train
D:\skripsi\dataset_external\iqothnccd\The IQ-OTHNCCD lung cancer dataset\The IQ-OTHNCCD lung cancer dataset\Normal cases\Normal case (25).jpg,Normal case (25).jpg,normal,665115d265e34c4163caddde3dbd9d5f,75,train
D:\skripsi\dataset_external\iqothnccd\The IQ-OTHNCCD lung cancer dataset\The IQ-OTHNCCD lung cancer dataset\Normal cases\Normal case (250).jpg,Normal case (250).jpg,normal,5f5e84aa11f271ab533b1dd2156d4cd8,74,train
D:\skripsi\dataset_external\iqothnccd\The IQ-OTHNCCD lung cancer dataset\The IQ-OTHNCCD lung cancer dataset\Normal cases\Normal case (251).jpg,Normal case (251).jpg,normal,7d855fba1f5910d5588042e920fa6f05,74,train
D:\skripsi\dataset_external\iqothnccd\The IQ-OTHNCCD lung cancer dataset\The IQ-OTHNCCD lung cancer dataset\Normal cases\Normal case (252).jpg,Normal case (252).jpg,normal,af9c807460487427e73cdde5e622f4ce,74,train
D:\skripsi\dataset_external\iqothnccd\The IQ-OTHNCCD lung cancer dataset\The IQ-OTHNCCD lung cancer dataset\Normal cases\Normal case (253).jpg,Normal case (253).jpg,normal,1bf5e3bfbe19d47f9b28f7e12db2c250,74,train
D:\skripsi\dataset_external\iqothnccd\The IQ-OTHNCCD lung cancer dataset\The IQ-OTHNCCD lung cancer dataset\Normal cases\Normal case (254).jpg,Normal case (254).jpg,normal,f659cb3206ed1f149a873295f802e136,76,train
D:\skripsi\dataset_external\iqothnccd\The IQ-OTHNCCD lung cancer dataset\The IQ-OTHNCCD lung cancer dataset\Normal cases\Normal case (255).jpg,Normal case (255).jpg,normal,dce0373966f448111a13c421e53e09ab,76,train
D:\skripsi\dataset_external\iqothnccd\The IQ-OTHNCCD lung cancer dataset\The IQ-OTHNCCD lung cancer dataset\Normal cases\Normal case (256).jpg,Normal case (256).jpg,normal,733d6a447dade284593ce449ff10b497,76,train
D:\skripsi\dataset_external\iqothnccd\The IQ-OTHNCCD lung cancer dataset\The IQ-OTHNCCD lung cancer dataset\Normal cases\Normal case (257).jpg,Normal case (257).jpg,normal,ab8d8a45815c6bec5297787bd7b0bbd6,76,train
D:\skripsi\dataset_external\iqothnccd\The IQ-OTHNCCD lung cancer dataset\The IQ-OTHNCCD lung cancer dataset\Normal cases\Normal case (258).jpg,Normal case (258).jpg,normal,4bf6c2271aaa835f86d571736e362146,76,train
D:\skripsi\dataset_external\iqothnccd\The IQ-OTHNCCD lung cancer dataset\The IQ-OTHNCCD lung cancer dataset\Normal cases\Normal case (259).jpg,Normal case (259).jpg,normal,67a00d504f2788359a3044968e8d3f4d,76,train
D:\skripsi\dataset_external\iqothnccd\The IQ-OTHNCCD lung cancer dataset\The IQ-OTHNCCD lung cancer dataset\Normal cases\Normal case (26).jpg,Normal case (26).jpg,normal,fc4cb766e25526ad57d6b606e10ce640,75,train
D:\skripsi\dataset_external\iqothnccd\The IQ-OTHNCCD lung cancer dataset\The IQ-OTHNCCD lung cancer dataset\Normal cases\Normal case (260).jpg,Normal case (260).jpg,normal,c3a02b48f3743e061308052bda476ac5,76,train
D:\skripsi\dataset_external\iqothnccd\The IQ-OTHNCCD lung cancer dataset\The IQ-OTHNCCD lung cancer dataset\Normal cases\Normal case (261).jpg,Normal case (261).jpg,normal,2f7a8d0823d80d1070830048cd96b8ce,76,train
D:\skripsi\dataset_external\iqothnccd\The IQ-OTHNCCD lung cancer dataset\The IQ-OTHNCCD lung cancer dataset\Normal cases\Normal case (262).jpg,Normal case (262).jpg,normal,fa2d26fda3c7645411252e871d33c9df,76,train
D:\skripsi\dataset_external\iqothnccd\The IQ-OTHNCCD lung cancer dataset\The IQ-OTHNCCD lung cancer dataset\Normal cases\Normal case (263).jpg,Normal case (263).jpg,normal,17a35017d0a8c153ac6c9e2b8e73bc90,76,train
D:\skripsi\dataset_external\iqothnccd\The IQ-OTHNCCD lung cancer dataset\The IQ-OTHNCCD lung cancer dataset\Normal cases\Normal case (264).jpg,Normal case (264).jpg,normal,d39445ed51ea234143d592a78d5305ca,76,train
D:\skripsi\dataset_external\iqothnccd\The IQ-OTHNCCD lung cancer dataset\The IQ-OTHNCCD lung cancer dataset\Normal cases\Normal case (265).jpg,Normal case (265).jpg,normal,b1e3751db9c4e516a37deb5cbfdf1d90,76,train
D:\skripsi\dataset_external\iqothnccd\The IQ-OTHNCCD lung cancer dataset\The IQ-OTHNCCD lung cancer dataset\Normal cases\Normal case (266).jpg,Normal case (266).jpg,normal,106faf0e5fb29f496fe892ad703bf796,76,train
D:\skripsi\dataset_external\iqothnccd\The IQ-OTHNCCD lung cancer dataset\The IQ-OTHNCCD lung cancer dataset\Normal cases\Normal case (267).jpg,Normal case (267).jpg,normal,d7b135a641bb3e7e7580d0df4f8fbc7b,76,train
D:\skripsi\dataset_external\iqothnccd\The IQ-OTHNCCD lung cancer dataset\The IQ-OTHNCCD lung cancer dataset\Normal cases\Normal case (268).jpg,Normal case (268).jpg,normal,941bc7961f698b3e98297e365d7dc2c2,76,train
D:\skripsi\dataset_external\iqothnccd\The IQ-OTHNCCD lung cancer dataset\The IQ-OTHNCCD lung cancer dataset\Normal cases\Normal case (269).jpg,Normal case (269).jpg,normal,ff006daa22ac28e3f3ee4cacee6cb345,76,train
D:\skripsi\dataset_external\iqothnccd\The IQ-OTHNCCD lung cancer dataset\The IQ-OTHNCCD lung cancer dataset\Normal cases\Normal case (27).jpg,Normal case (27).jpg,normal,c4364ff6283c7f1e33ecce6eab25df4e,77,train
D:\skripsi\dataset_external\iqothnccd\The IQ-OTHNCCD lung cancer dataset\The IQ-OTHNCCD lung cancer dataset\Normal cases\Normal case (270).jpg,Normal case (270).jpg,normal,c1cf49c85c9b72fce23334ae3d2d33d2,76,train
D:\skripsi\dataset_external\iqothnccd\The IQ-OTHNCCD lung cancer dataset\The IQ-OTHNCCD lung cancer dataset\Normal cases\Normal case (271).jpg,Normal case (271).jpg,normal,67f78d92fb21a839d5d3ccb40e5e0649,76,train
D:\skripsi\dataset_external\iqothnccd\The IQ-OTHNCCD lung cancer dataset\The IQ-OTHNCCD lung cancer dataset\Normal cases\Normal case (272).jpg,Normal case (272).jpg,normal,5a5422e5437ab2d6c9ef6107caf3247e,76,train
D:\skripsi\dataset_external\iqothnccd\The IQ-OTHNCCD lung cancer dataset\The IQ-OTHNCCD lung cancer dataset\Normal cases\Normal case (273).jpg,Normal case (273).jpg,normal,a904566547420691c5598d454e42f721,76,train
D:\skripsi\dataset_external\iqothnccd\The IQ-OTHNCCD lung cancer dataset\The IQ-OTHNCCD lung cancer dataset\Normal cases\Normal case (274).jpg,Normal case (274).jpg,normal,a290361ee5c6377f1ce3b3996fb12b68,76,train
D:\skripsi\dataset_external\iqothnccd\The IQ-OTHNCCD lung cancer dataset\The IQ-OTHNCCD lung cancer dataset\Normal cases\Normal case (275).jpg,Normal case (275).jpg,normal,71b89ae418264ca7b19afda991e88cc6,76,train
D:\skripsi\dataset_external\iqothnccd\The IQ-OTHNCCD lung cancer dataset\The IQ-OTHNCCD lung cancer dataset\Normal cases\Normal case (276).jpg,Normal case (276).jpg,normal,d9a2941fc0516d42eee1b0ecc124315d,76,train
D:\skripsi\dataset_external\iqothnccd\The IQ-OTHNCCD lung cancer dataset\The IQ-OTHNCCD lung cancer dataset\Normal cases\Normal case (277).jpg,Normal case (277).jpg,normal,cebfa35f0b060ab215bb27930b6ea6c2,76,train
D:\skripsi\dataset_external\iqothnccd\The IQ-OTHNCCD lung cancer dataset\The IQ-OTHNCCD lung cancer dataset\Normal cases\Normal case (278).jpg,Normal case (278).jpg,normal,d30f0288ba13bcdb8046138eca1e220a,76,train
D:\skripsi\dataset_external\iqothnccd\The IQ-OTHNCCD lung cancer dataset\The IQ-OTHNCCD lung cancer dataset\Normal cases\Normal case (279).jpg,Normal case (279).jpg,normal,3e79f8750c3a4a2bf3b1f3afe85213c7,78,train
D:\skripsi\dataset_external\iqothnccd\The IQ-OTHNCCD lung cancer dataset\The IQ-OTHNCCD lung cancer dataset\Normal cases\Normal case (28).jpg,Normal case (28).jpg,normal,9e65a386e0a5396906315dfa9ac39a6c,77,train
D:\skripsi\dataset_external\iqothnccd\The IQ-OTHNCCD lung cancer dataset\The IQ-OTHNCCD lung cancer dataset\Normal cases\Normal case (280).jpg,Normal case (280).jpg,normal,0daa3bcb697656d068d038c7549450a9,63,train
D:\skripsi\dataset_external\iqothnccd\The IQ-OTHNCCD lung cancer dataset\The IQ-OTHNCCD lung cancer dataset\Normal cases\Normal case (281).jpg,Normal case (281).jpg,normal,9de8ef97d06474bb841275a1d3abd099,63,train
D:\skripsi\dataset_external\iqothnccd\The IQ-OTHNCCD lung cancer dataset\The IQ-OTHNCCD lung cancer dataset\Normal cases\Normal case (282).jpg,Normal case (282).jpg,normal,7784478d63d428d5e3701db1f83d287c,63,train
D:\skripsi\dataset_external\iqothnccd\The IQ-OTHNCCD lung cancer dataset\The IQ-OTHNCCD lung cancer dataset\Normal cases\Normal case (283).jpg,Normal case (283).jpg,normal,7eff52d9c889d509bab3ce5ddd48dc29,63,train
D:\skripsi\dataset_external\iqothnccd\The IQ-OTHNCCD lung cancer dataset\The IQ-OTHNCCD lung cancer dataset\Normal cases\Normal case (284).jpg,Normal case (284).jpg,normal,ba03701d1dd35597d8ef3b2d02b792a5,63,train
D:\skripsi\dataset_external\iqothnccd\The IQ-OTHNCCD lung cancer dataset\The IQ-OTHNCCD lung cancer dataset\Normal cases\Normal case (285).jpg,Normal case (285).jpg,normal,cca774317a021785f60e2340a3903287,63,train
D:\skripsi\dataset_external\iqothnccd\The IQ-OTHNCCD lung cancer dataset\The IQ-OTHNCCD lung cancer dataset\Normal cases\Normal case (286).jpg,Normal case (286).jpg,normal,558a59468c911812c49d3f11c7e3278b,63,train
D:\skripsi\dataset_external\iqothnccd\The IQ-OTHNCCD lung cancer dataset\The IQ-OTHNCCD lung cancer dataset\Normal cases\Normal case (287).jpg,Normal case (287).jpg,normal,edd5cb8e8abb90f8531bf473516469a3,63,train
D:\skripsi\dataset_external\iqothnccd\The IQ-OTHNCCD lung cancer dataset\The IQ-OTHNCCD lung cancer dataset\Normal cases\Normal case (288).jpg,Normal case (288).jpg,normal,d7ce260c687acdc3418ad324f5255abd,63,train
D:\skripsi\dataset_external\iqothnccd\The IQ-OTHNCCD lung cancer dataset\The IQ-OTHNCCD lung cancer dataset\Normal cases\Normal case (289).jpg,Normal case (289).jpg,normal,f75a537abdce64e527174aad273ab95c,63,train
D:\skripsi\dataset_external\iqothnccd\The IQ-OTHNCCD lung cancer dataset\The IQ-OTHNCCD lung cancer dataset\Normal cases\Normal case (29).jpg,Normal case (29).jpg,normal,d9cd406a3494399d1c1873433be59d94,77,train
D:\skripsi\dataset_external\iqothnccd\The IQ-OTHNCCD lung cancer dataset\The IQ-OTHNCCD lung cancer dataset\Normal cases\Normal case (290).jpg,Normal case (290).jpg,normal,d9a9bf3fef349fb7a98acd42cbdd4830,63,train
D:\skripsi\dataset_external\iqothnccd\The IQ-OTHNCCD lung cancer dataset\The IQ-OTHNCCD lung cancer dataset\Normal cases\Normal case (291).jpg,Normal case (291).jpg,normal,0606a050daf2a0800b635286fb3e45cc,78,train
D:\skripsi\dataset_external\iqothnccd\The IQ-OTHNCCD lung cancer dataset\The IQ-OTHNCCD lung cancer dataset\Normal cases\Normal case (292).jpg,Normal case (292).jpg,normal,f44def4eb6c1eba59b2440dabd7e4128,63,train
D:\skripsi\dataset_external\iqothnccd\The IQ-OTHNCCD lung cancer dataset\The IQ-OTHNCCD lung cancer dataset\Normal cases\Normal case (293).jpg,Normal case (293).jpg,normal,11568fffa297cadb0ddaa82848ac60d7,78,train
D:\skripsi\dataset_external\iqothnccd\The IQ-OTHNCCD lung cancer dataset\The IQ-OTHNCCD lung cancer dataset\Normal cases\Normal case (294).jpg,Normal case (294).jpg,normal,cdaf4dd93f235a966985118f6b9315aa,63,train
D:\skripsi\dataset_external\iqothnccd\The IQ-OTHNCCD lung cancer dataset\The IQ-OTHNCCD lung cancer dataset\Normal cases\Normal case (295).jpg,Normal case (295).jpg,normal,99688edd7ff3bad214ce11543cb8ef1c,63,train
D:\skripsi\dataset_external\iqothnccd\The IQ-OTHNCCD lung cancer dataset\The IQ-OTHNCCD lung cancer dataset\Normal cases\Normal case (296).jpg,Normal case (296).jpg,normal,6e093cc06f103a7630156b7cd9aa0e06,63,train
D:\skripsi\dataset_external\iqothnccd\The IQ-OTHNCCD lung cancer dataset\The IQ-OTHNCCD lung cancer dataset\Normal cases\Normal case (297).jpg,Normal case (297).jpg,normal,8bb1aa4cfcbb1ae25dc957e3e336837e,79,val
D:\skripsi\dataset_external\iqothnccd\The IQ-OTHNCCD lung cancer dataset\The IQ-OTHNCCD lung cancer dataset\Normal cases\Normal case (298).jpg,Normal case (298).jpg,normal,4f6774503ae700a870679f14bff3a8e2,79,val
D:\skripsi\dataset_external\iqothnccd\The IQ-OTHNCCD lung cancer dataset\The IQ-OTHNCCD lung cancer dataset\Normal cases\Normal case (299).jpg,Normal case (299).jpg,normal,ee3e7b0be04ce200177b2da0b755b1e3,79,val
D:\skripsi\dataset_external\iqothnccd\The IQ-OTHNCCD lung cancer dataset\The IQ-OTHNCCD lung cancer dataset\Normal cases\Normal case (3).jpg,Normal case (3).jpg,normal,071449e798dc316083d3a6cf3f8ccf92,52,train
D:\skripsi\dataset_external\iqothnccd\The IQ-OTHNCCD lung cancer dataset\The IQ-OTHNCCD lung cancer dataset\Normal cases\Normal case (30).jpg,Normal case (30).jpg,normal,dab09d79de0d0b03b0d5f78f48051878,77,train
D:\skripsi\dataset_external\iqothnccd\The IQ-OTHNCCD lung cancer dataset\The IQ-OTHNCCD lung cancer dataset\Normal cases\Normal case (300).jpg,Normal case (300).jpg,normal,c6e30e24867224b983514f025b258aaf,79,val
D:\skripsi\dataset_external\iqothnccd\The IQ-OTHNCCD lung cancer dataset\The IQ-OTHNCCD lung cancer dataset\Normal cases\Normal case (301).jpg,Normal case (301).jpg,normal,c3d104741442d41c46bf888febaea82c,79,val
D:\skripsi\dataset_external\iqothnccd\The IQ-OTHNCCD lung cancer dataset\The IQ-OTHNCCD lung cancer dataset\Normal cases\Normal case (302).jpg,Normal case (302).jpg,normal,a767dd5893854053120cdd9cb25056b9,79,val
D:\skripsi\dataset_external\iqothnccd\The IQ-OTHNCCD lung cancer dataset\The IQ-OTHNCCD lung cancer dataset\Normal cases\Normal case (303).jpg,Normal case (303).jpg,normal,2db11a93d990e25022181a314be1c40d,79,val
D:\skripsi\dataset_external\iqothnccd\The IQ-OTHNCCD lung cancer dataset\The IQ-OTHNCCD lung cancer dataset\Normal cases\Normal case (304).jpg,Normal case (304).jpg,normal,2036538d210be1718bc829edf7daef13,79,val
D:\skripsi\dataset_external\iqothnccd\The IQ-OTHNCCD lung cancer dataset\The IQ-OTHNCCD lung cancer dataset\Normal cases\Normal case (305).jpg,Normal case (305).jpg,normal,d9b5a508989d7410df1b8ddd151e1606,79,val
D:\skripsi\dataset_external\iqothnccd\The IQ-OTHNCCD lung cancer dataset\The IQ-OTHNCCD lung cancer dataset\Normal cases\Normal case (306).jpg,Normal case (306).jpg,normal,2a5064bb4939dacea73ef0603e723643,79,val
D:\skripsi\dataset_external\iqothnccd\The IQ-OTHNCCD lung cancer dataset\The IQ-OTHNCCD lung cancer dataset\Normal cases\Normal case (307).jpg,Normal case (307).jpg,normal,0166a547727e000b58d25984aec9f4c3,79,val
D:\skripsi\dataset_external\iqothnccd\The IQ-OTHNCCD lung cancer dataset\The IQ-OTHNCCD lung cancer dataset\Normal cases\Normal case (308).jpg,Normal case (308).jpg,normal,c8365f5b72dc308a9b0e95878e6db8f5,79,val
D:\skripsi\dataset_external\iqothnccd\The IQ-OTHNCCD lung cancer dataset\The IQ-OTHNCCD lung cancer dataset\Normal cases\Normal case (309).jpg,Normal case (309).jpg,normal,8af282e1c379dcd7d650124e54722e33,79,val
D:\skripsi\dataset_external\iqothnccd\The IQ-OTHNCCD lung cancer dataset\The IQ-OTHNCCD lung cancer dataset\Normal cases\Normal case (31).jpg,Normal case (31).jpg,normal,e760afae966af741f238f3113f7f57c5,80,train
D:\skripsi\dataset_external\iqothnccd\The IQ-OTHNCCD lung cancer dataset\The IQ-OTHNCCD lung cancer dataset\Normal cases\Normal case (310).jpg,Normal case (310).jpg,normal,234f5583601d51e725d1fd7ee4053f20,79,val
D:\skripsi\dataset_external\iqothnccd\The IQ-OTHNCCD lung cancer dataset\The IQ-OTHNCCD lung cancer dataset\Normal cases\Normal case (311).jpg,Normal case (311).jpg,normal,f550df2a3996232a403bef7e30e69695,79,val
D:\skripsi\dataset_external\iqothnccd\The IQ-OTHNCCD lung cancer dataset\The IQ-OTHNCCD lung cancer dataset\Normal cases\Normal case (312).jpg,Normal case (312).jpg,normal,acaac6e5544cc0b719b7169fde9aa4cc,79,val
D:\skripsi\dataset_external\iqothnccd\The IQ-OTHNCCD lung cancer dataset\The IQ-OTHNCCD lung cancer dataset\Normal cases\Normal case (313).jpg,Normal case (313).jpg,normal,f83fb40ff014fbbc663e23cf35d320d5,81,train
D:\skripsi\dataset_external\iqothnccd\The IQ-OTHNCCD lung cancer dataset\The IQ-OTHNCCD lung cancer dataset\Normal cases\Normal case (314).jpg,Normal case (314).jpg,normal,e7f57fb4b0dd973392642676e98ce5e4,81,train
D:\skripsi\dataset_external\iqothnccd\The IQ-OTHNCCD lung cancer dataset\The IQ-OTHNCCD lung cancer dataset\Normal cases\Normal case (315).jpg,Normal case (315).jpg,normal,a6676744824a6ae34b6c3626ee967898,81,train
D:\skripsi\dataset_external\iqothnccd\The IQ-OTHNCCD lung cancer dataset\The IQ-OTHNCCD lung cancer dataset\Normal cases\Normal case (316).jpg,Normal case (316).jpg,normal,034e35e6265c7848ca74355d3a90e532,81,train
D:\skripsi\dataset_external\iqothnccd\The IQ-OTHNCCD lung cancer dataset\The IQ-OTHNCCD lung cancer dataset\Normal cases\Normal case (317).jpg,Normal case (317).jpg,normal,e9fdf60ddfef0aaa39b2b6c88f3d3c7c,82,train
D:\skripsi\dataset_external\iqothnccd\The IQ-OTHNCCD lung cancer dataset\The IQ-OTHNCCD lung cancer dataset\Normal cases\Normal case (318).jpg,Normal case (318).jpg,normal,04a11d597e2a84c9cfb123da78bf02fe,82,train
D:\skripsi\dataset_external\iqothnccd\The IQ-OTHNCCD lung cancer dataset\The IQ-OTHNCCD lung cancer dataset\Normal cases\Normal case (319).jpg,Normal case (319).jpg,normal,3c14b3270069c9aeb967a56fcd7fed2b,81,train
D:\skripsi\dataset_external\iqothnccd\The IQ-OTHNCCD lung cancer dataset\The IQ-OTHNCCD lung cancer dataset\Normal cases\Normal case (32).jpg,Normal case (32).jpg,normal,8f2cae1151090c2ed3b177ecd34d9b2f,80,train
D:\skripsi\dataset_external\iqothnccd\The IQ-OTHNCCD lung cancer dataset\The IQ-OTHNCCD lung cancer dataset\Normal cases\Normal case (320).jpg,Normal case (320).jpg,normal,e2d6ad1f0a6fd48243788d3ac25e008b,81,train
D:\skripsi\dataset_external\iqothnccd\The IQ-OTHNCCD lung cancer dataset\The IQ-OTHNCCD lung cancer dataset\Normal cases\Normal case (321).jpg,Normal case (321).jpg,normal,faecfc3fcc00acb940d894b918da80af,81,train
D:\skripsi\dataset_external\iqothnccd\The IQ-OTHNCCD lung cancer dataset\The IQ-OTHNCCD lung cancer dataset\Normal cases\Normal case (322).jpg,Normal case (322).jpg,normal,463167eb9cf27e2a8f412db606e35bd7,82,train
D:\skripsi\dataset_external\iqothnccd\The IQ-OTHNCCD lung cancer dataset\The IQ-OTHNCCD lung cancer dataset\Normal cases\Normal case (323).jpg,Normal case (323).jpg,normal,b0fa869f7f1bdd871bba1ba9c9b1ccfd,82,train
D:\skripsi\dataset_external\iqothnccd\The IQ-OTHNCCD lung cancer dataset\The IQ-OTHNCCD lung cancer dataset\Normal cases\Normal case (324).jpg,Normal case (324).jpg,normal,b56460abeb21017d9a09fc2c96025403,83,train
D:\skripsi\dataset_external\iqothnccd\The IQ-OTHNCCD lung cancer dataset\The IQ-OTHNCCD lung cancer dataset\Normal cases\Normal case (325).jpg,Normal case (325).jpg,normal,28e99dcb6ba41f5d55cad39b738050d3,83,train
D:\skripsi\dataset_external\iqothnccd\The IQ-OTHNCCD lung cancer dataset\The IQ-OTHNCCD lung cancer dataset\Normal cases\Normal case (326).jpg,Normal case (326).jpg,normal,ff8a7cb17f1d807f31f0e39d98467890,83,train
D:\skripsi\dataset_external\iqothnccd\The IQ-OTHNCCD lung cancer dataset\The IQ-OTHNCCD lung cancer dataset\Normal cases\Normal case (327).jpg,Normal case (327).jpg,normal,6ed50cee5a3ed25710fda485f97cbbfd,83,train
D:\skripsi\dataset_external\iqothnccd\The IQ-OTHNCCD lung cancer dataset\The IQ-OTHNCCD lung cancer dataset\Normal cases\Normal case (328).jpg,Normal case (328).jpg,normal,e97e0d610705dd7a642e31bb24c9d0fe,83,train
D:\skripsi\dataset_external\iqothnccd\The IQ-OTHNCCD lung cancer dataset\The IQ-OTHNCCD lung cancer dataset\Normal cases\Normal case (329).jpg,Normal case (329).jpg,normal,161255784ab642c5d6db5b0070f9b312,83,train
D:\skripsi\dataset_external\iqothnccd\The IQ-OTHNCCD lung cancer dataset\The IQ-OTHNCCD lung cancer dataset\Normal cases\Normal case (33).jpg,Normal case (33).jpg,normal,865f2b0a706804497e5c657fadae8986,84,train
D:\skripsi\dataset_external\iqothnccd\The IQ-OTHNCCD lung cancer dataset\The IQ-OTHNCCD lung cancer dataset\Normal cases\Normal case (330).jpg,Normal case (330).jpg,normal,906c263d6a7baff75728ad90492cc993,83,train
D:\skripsi\dataset_external\iqothnccd\The IQ-OTHNCCD lung cancer dataset\The IQ-OTHNCCD lung cancer dataset\Normal cases\Normal case (331).jpg,Normal case (331).jpg,normal,2d7f4e6996e2042984f02dfe5e2ec27b,83,train
D:\skripsi\dataset_external\iqothnccd\The IQ-OTHNCCD lung cancer dataset\The IQ-OTHNCCD lung cancer dataset\Normal cases\Normal case (332).jpg,Normal case (332).jpg,normal,acd7851e0ca33405e8a6a9c32f26ab8c,83,train
D:\skripsi\dataset_external\iqothnccd\The IQ-OTHNCCD lung cancer dataset\The IQ-OTHNCCD lung cancer dataset\Normal cases\Normal case (333).jpg,Normal case (333).jpg,normal,0557e45bfc6b3a1d34fb2586855d87bb,83,train
D:\skripsi\dataset_external\iqothnccd\The IQ-OTHNCCD lung cancer dataset\The IQ-OTHNCCD lung cancer dataset\Normal cases\Normal case (334).jpg,Normal case (334).jpg,normal,e4dc18d1afa6512a5a3c1ca9b84aba27,83,train
D:\skripsi\dataset_external\iqothnccd\The IQ-OTHNCCD lung cancer dataset\The IQ-OTHNCCD lung cancer dataset\Normal cases\Normal case (335).jpg,Normal case (335).jpg,normal,f33b8374b6c3ccf64cb25cc7dc93b661,83,train
D:\skripsi\dataset_external\iqothnccd\The IQ-OTHNCCD lung cancer dataset\The IQ-OTHNCCD lung cancer dataset\Normal cases\Normal case (336).jpg,Normal case (336).jpg,normal,f59ba711789585aeb4f331985c5ef33d,85,train
D:\skripsi\dataset_external\iqothnccd\The IQ-OTHNCCD lung cancer dataset\The IQ-OTHNCCD lung cancer dataset\Normal cases\Normal case (337).jpg,Normal case (337).jpg,normal,3ab4d7f0477b901bc46dddcb157eadbd,85,train
D:\skripsi\dataset_external\iqothnccd\The IQ-OTHNCCD lung cancer dataset\The IQ-OTHNCCD lung cancer dataset\Normal cases\Normal case (338).jpg,Normal case (338).jpg,normal,97d7e2d6b9d8942414385efe2b825103,85,train
D:\skripsi\dataset_external\iqothnccd\The IQ-OTHNCCD lung cancer dataset\The IQ-OTHNCCD lung cancer dataset\Normal cases\Normal case (339).jpg,Normal case (339).jpg,normal,f6f44e7acab20d2cefe6f67b3e20b36a,85,train
D:\skripsi\dataset_external\iqothnccd\The IQ-OTHNCCD lung cancer dataset\The IQ-OTHNCCD lung cancer dataset\Normal cases\Normal case (34).jpg,Normal case (34).jpg,normal,bb5eba57bc2ce64849e114d4e9d9aeb9,84,train
D:\skripsi\dataset_external\iqothnccd\The IQ-OTHNCCD lung cancer dataset\The IQ-OTHNCCD lung cancer dataset\Normal cases\Normal case (340).jpg,Normal case (340).jpg,normal,6952cf40b6898ba8804da31969affd70,85,train
D:\skripsi\dataset_external\iqothnccd\The IQ-OTHNCCD lung cancer dataset\The IQ-OTHNCCD lung cancer dataset\Normal cases\Normal case (341).jpg,Normal case (341).jpg,normal,a8301817ec3a412bce4e74f9247ed370,85,train
D:\skripsi\dataset_external\iqothnccd\The IQ-OTHNCCD lung cancer dataset\The IQ-OTHNCCD lung cancer dataset\Normal cases\Normal case (342).jpg,Normal case (342).jpg,normal,be173f6a2d6d437048faff91504bd7a0,85,train
D:\skripsi\dataset_external\iqothnccd\The IQ-OTHNCCD lung cancer dataset\The IQ-OTHNCCD lung cancer dataset\Normal cases\Normal case (343).jpg,Normal case (343).jpg,normal,346ce3fc9846c4ecead52b89184c1898,85,train
D:\skripsi\dataset_external\iqothnccd\The IQ-OTHNCCD lung cancer dataset\The IQ-OTHNCCD lung cancer dataset\Normal cases\Normal case (344).jpg,Normal case (344).jpg,normal,a4145da46408e2d3257ce4f20496aab9,86,val
D:\skripsi\dataset_external\iqothnccd\The IQ-OTHNCCD lung cancer dataset\The IQ-OTHNCCD lung cancer dataset\Normal cases\Normal case (345).jpg,Normal case (345).jpg,normal,f6b5de91f56895a9926c7706fb2df5e2,87,val
D:\skripsi\dataset_external\iqothnccd\The IQ-OTHNCCD lung cancer dataset\The IQ-OTHNCCD lung cancer dataset\Normal cases\Normal case (346).jpg,Normal case (346).jpg,normal,6e099328ccb1301b89ab479d5814e16f,87,val
D:\skripsi\dataset_external\iqothnccd\The IQ-OTHNCCD lung cancer dataset\The IQ-OTHNCCD lung cancer dataset\Normal cases\Normal case (347).jpg,Normal case (347).jpg,normal,3448730575adff19d527dcfb359d8cc1,87,val
D:\skripsi\dataset_external\iqothnccd\The IQ-OTHNCCD lung cancer dataset\The IQ-OTHNCCD lung cancer dataset\Normal cases\Normal case (348).jpg,Normal case (348).jpg,normal,8e64268d9b212211a0b81ba50c96491c,88,train
D:\skripsi\dataset_external\iqothnccd\The IQ-OTHNCCD lung cancer dataset\The IQ-OTHNCCD lung cancer dataset\Normal cases\Normal case (349).jpg,Normal case (349).jpg,normal,bcdb277c4cb0b356e33a130554fa7d23,89,train
D:\skripsi\dataset_external\iqothnccd\The IQ-OTHNCCD lung cancer dataset\The IQ-OTHNCCD lung cancer dataset\Normal cases\Normal case (35).jpg,Normal case (35).jpg,normal,2e6c5f1d8cb13b41f6d589cd1b1373dc,84,train
D:\skripsi\dataset_external\iqothnccd\The IQ-OTHNCCD lung cancer dataset\The IQ-OTHNCCD lung cancer dataset\Normal cases\Normal case (350).jpg,Normal case (350).jpg,normal,a7b85e7abca86717125df06a2be26026,87,val
D:\skripsi\dataset_external\iqothnccd\The IQ-OTHNCCD lung cancer dataset\The IQ-OTHNCCD lung cancer dataset\Normal cases\Normal case (351).jpg,Normal case (351).jpg,normal,ffe18b39027b2f33040f8d1a76627f57,88,train
D:\skripsi\dataset_external\iqothnccd\The IQ-OTHNCCD lung cancer dataset\The IQ-OTHNCCD lung cancer dataset\Normal cases\Normal case (352).jpg,Normal case (352).jpg,normal,8ef1c03ee3a68cb04f255a78c604244b,88,train
D:\skripsi\dataset_external\iqothnccd\The IQ-OTHNCCD lung cancer dataset\The IQ-OTHNCCD lung cancer dataset\Normal cases\Normal case (353).jpg,Normal case (353).jpg,normal,3912e50abe1a5c71be5f0205787484cc,88,train
D:\skripsi\dataset_external\iqothnccd\The IQ-OTHNCCD lung cancer dataset\The IQ-OTHNCCD lung cancer dataset\Normal cases\Normal case (354).jpg,Normal case (354).jpg,normal,635515f1d2bd14471646b61c2fc0bbf2,88,train
D:\skripsi\dataset_external\iqothnccd\The IQ-OTHNCCD lung cancer dataset\The IQ-OTHNCCD lung cancer dataset\Normal cases\Normal case (355).jpg,Normal case (355).jpg,normal,66604633d1c3bd6aa933b48dce2b7df4,79,val
D:\skripsi\dataset_external\iqothnccd\The IQ-OTHNCCD lung cancer dataset\The IQ-OTHNCCD lung cancer dataset\Normal cases\Normal case (356).jpg,Normal case (356).jpg,normal,f55dcf1cee5994bd67f17a060b50665d,79,val
D:\skripsi\dataset_external\iqothnccd\The IQ-OTHNCCD lung cancer dataset\The IQ-OTHNCCD lung cancer dataset\Normal cases\Normal case (357).jpg,Normal case (357).jpg,normal,dffe06e0e271415b020f45cdc73312b7,79,val
D:\skripsi\dataset_external\iqothnccd\The IQ-OTHNCCD lung cancer dataset\The IQ-OTHNCCD lung cancer dataset\Normal cases\Normal case (358).jpg,Normal case (358).jpg,normal,2edebff293a9af55dcb76d16d104af0e,90,train
D:\skripsi\dataset_external\iqothnccd\The IQ-OTHNCCD lung cancer dataset\The IQ-OTHNCCD lung cancer dataset\Normal cases\Normal case (359).jpg,Normal case (359).jpg,normal,aae0950b1564878300f90b5bea4ec9b5,90,train
D:\skripsi\dataset_external\iqothnccd\The IQ-OTHNCCD lung cancer dataset\The IQ-OTHNCCD lung cancer dataset\Normal cases\Normal case (36).jpg,Normal case (36).jpg,normal,f383a026a9c629c21378e322087e575e,84,train
D:\skripsi\dataset_external\iqothnccd\The IQ-OTHNCCD lung cancer dataset\The IQ-OTHNCCD lung cancer dataset\Normal cases\Normal case (360).jpg,Normal case (360).jpg,normal,1d4fa93acc17b1fd0fa64ae498ce6fcd,90,train
D:\skripsi\dataset_external\iqothnccd\The IQ-OTHNCCD lung cancer dataset\The IQ-OTHNCCD lung cancer dataset\Normal cases\Normal case (361).jpg,Normal case (361).jpg,normal,59d21d740906f8367b43faf212126cab,90,train
D:\skripsi\dataset_external\iqothnccd\The IQ-OTHNCCD lung cancer dataset\The IQ-OTHNCCD lung cancer dataset\Normal cases\Normal case (362).jpg,Normal case (362).jpg,normal,7cf5cd6eb4d21245ad81e1ceba0b6ed5,90,train
D:\skripsi\dataset_external\iqothnccd\The IQ-OTHNCCD lung cancer dataset\The IQ-OTHNCCD lung cancer dataset\Normal cases\Normal case (363).jpg,Normal case (363).jpg,normal,7786eb0d147bc699c2adc05f65754ecd,90,train
D:\skripsi\dataset_external\iqothnccd\The IQ-OTHNCCD lung cancer dataset\The IQ-OTHNCCD lung cancer dataset\Normal cases\Normal case (364).jpg,Normal case (364).jpg,normal,93cec45bf229ee940deee0f9e62e82f3,90,train
D:\skripsi\dataset_external\iqothnccd\The IQ-OTHNCCD lung cancer dataset\The IQ-OTHNCCD lung cancer dataset\Normal cases\Normal case (365).jpg,Normal case (365).jpg,normal,0addfa5930d6398255279d5cba620e4f,90,train
D:\skripsi\dataset_external\iqothnccd\The IQ-OTHNCCD lung cancer dataset\The IQ-OTHNCCD lung cancer dataset\Normal cases\Normal case (366).jpg,Normal case (366).jpg,normal,64182ba50663314b416009978a86ee2c,90,train
D:\skripsi\dataset_external\iqothnccd\The IQ-OTHNCCD lung cancer dataset\The IQ-OTHNCCD lung cancer dataset\Normal cases\Normal case (367).jpg,Normal case (367).jpg,normal,7e3c73f9da6ad6c7af7655870cdf65f2,90,train
D:\skripsi\dataset_external\iqothnccd\The IQ-OTHNCCD lung cancer dataset\The IQ-OTHNCCD lung cancer dataset\Normal cases\Normal case (368).jpg,Normal case (368).jpg,normal,a18f36b9ac7f98d7d0c5e83f4a18e9f7,90,train
D:\skripsi\dataset_external\iqothnccd\The IQ-OTHNCCD lung cancer dataset\The IQ-OTHNCCD lung cancer dataset\Normal cases\Normal case (369).jpg,Normal case (369).jpg,normal,f7d0d42785e311244097646dd0932991,90,train
D:\skripsi\dataset_external\iqothnccd\The IQ-OTHNCCD lung cancer dataset\The IQ-OTHNCCD lung cancer dataset\Normal cases\Normal case (37).jpg,Normal case (37).jpg,normal,e68cdf677d581029f4f6eefda485da5e,91,val
D:\skripsi\dataset_external\iqothnccd\The IQ-OTHNCCD lung cancer dataset\The IQ-OTHNCCD lung cancer dataset\Normal cases\Normal case (370).jpg,Normal case (370).jpg,normal,0f4de51c3e9f7409327143753a3d1642,90,train
D:\skripsi\dataset_external\iqothnccd\The IQ-OTHNCCD lung cancer dataset\The IQ-OTHNCCD lung cancer dataset\Normal cases\Normal case (371).jpg,Normal case (371).jpg,normal,71637d6dd5b3c951252a9f146f6d3974,90,train
D:\skripsi\dataset_external\iqothnccd\The IQ-OTHNCCD lung cancer dataset\The IQ-OTHNCCD lung cancer dataset\Normal cases\Normal case (372).jpg,Normal case (372).jpg,normal,3d9c613842efdf0a5558eab30995b35f,90,train
D:\skripsi\dataset_external\iqothnccd\The IQ-OTHNCCD lung cancer dataset\The IQ-OTHNCCD lung cancer dataset\Normal cases\Normal case (373).jpg,Normal case (373).jpg,normal,cb7708b73242514171bde015b3de8dd6,90,train
D:\skripsi\dataset_external\iqothnccd\The IQ-OTHNCCD lung cancer dataset\The IQ-OTHNCCD lung cancer dataset\Normal cases\Normal case (374).jpg,Normal case (374).jpg,normal,9a0520ae3a29e796a9fc946ab1f7ab6f,90,train
D:\skripsi\dataset_external\iqothnccd\The IQ-OTHNCCD lung cancer dataset\The IQ-OTHNCCD lung cancer dataset\Normal cases\Normal case (375).jpg,Normal case (375).jpg,normal,f667095ea02e62157988dc48ed45fbd9,90,train
D:\skripsi\dataset_external\iqothnccd\The IQ-OTHNCCD lung cancer dataset\The IQ-OTHNCCD lung cancer dataset\Normal cases\Normal case (376).jpg,Normal case (376).jpg,normal,f0db57a41fd2683794ff1d463bb75692,90,train
D:\skripsi\dataset_external\iqothnccd\The IQ-OTHNCCD lung cancer dataset\The IQ-OTHNCCD lung cancer dataset\Normal cases\Normal case (377).jpg,Normal case (377).jpg,normal,ba3793e27ea8c442531775ab5d2581db,90,train
D:\skripsi\dataset_external\iqothnccd\The IQ-OTHNCCD lung cancer dataset\The IQ-OTHNCCD lung cancer dataset\Normal cases\Normal case (378).jpg,Normal case (378).jpg,normal,39ee3644935c40ebe98fab7df0a444aa,90,train
D:\skripsi\dataset_external\iqothnccd\The IQ-OTHNCCD lung cancer dataset\The IQ-OTHNCCD lung cancer dataset\Normal cases\Normal case (379).jpg,Normal case (379).jpg,normal,e2c9679f924d2d01148d14c34d6b706f,90,train
D:\skripsi\dataset_external\iqothnccd\The IQ-OTHNCCD lung cancer dataset\The IQ-OTHNCCD lung cancer dataset\Normal cases\Normal case (38).jpg,Normal case (38).jpg,normal,b61c7df4389e19a7bda0b636a4a004f6,84,train
D:\skripsi\dataset_external\iqothnccd\The IQ-OTHNCCD lung cancer dataset\The IQ-OTHNCCD lung cancer dataset\Normal cases\Normal case (380).jpg,Normal case (380).jpg,normal,bcd6c2ed47fb6eb4d9960f027ac4605f,90,train
D:\skripsi\dataset_external\iqothnccd\The IQ-OTHNCCD lung cancer dataset\The IQ-OTHNCCD lung cancer dataset\Normal cases\Normal case (381).jpg,Normal case (381).jpg,normal,adf690adf6e5a06f51de782c301940b2,90,train
D:\skripsi\dataset_external\iqothnccd\The IQ-OTHNCCD lung cancer dataset\The IQ-OTHNCCD lung cancer dataset\Normal cases\Normal case (382).jpg,Normal case (382).jpg,normal,3af444988d912ccfff07b1cb9269dea3,90,train
D:\skripsi\dataset_external\iqothnccd\The IQ-OTHNCCD lung cancer dataset\The IQ-OTHNCCD lung cancer dataset\Normal cases\Normal case (383).jpg,Normal case (383).jpg,normal,db5b05e4c5c2c0afe2324f9ef670b6cd,90,train
D:\skripsi\dataset_external\iqothnccd\The IQ-OTHNCCD lung cancer dataset\The IQ-OTHNCCD lung cancer dataset\Normal cases\Normal case (384).jpg,Normal case (384).jpg,normal,967eb8042f87ce3a895342972d9be0b3,90,train
D:\skripsi\dataset_external\iqothnccd\The IQ-OTHNCCD lung cancer dataset\The IQ-OTHNCCD lung cancer dataset\Normal cases\Normal case (385).jpg,Normal case (385).jpg,normal,b3961903b72c0da4b971997c37d61a25,92,train
D:\skripsi\dataset_external\iqothnccd\The IQ-OTHNCCD lung cancer dataset\The IQ-OTHNCCD lung cancer dataset\Normal cases\Normal case (386).jpg,Normal case (386).jpg,normal,bb55d23ab777cc48bad15194f1d403b3,93,train
D:\skripsi\dataset_external\iqothnccd\The IQ-OTHNCCD lung cancer dataset\The IQ-OTHNCCD lung cancer dataset\Normal cases\Normal case (387).jpg,Normal case (387).jpg,normal,1447f2e0e40acadba5d1ea5dd8fac9f3,93,train
D:\skripsi\dataset_external\iqothnccd\The IQ-OTHNCCD lung cancer dataset\The IQ-OTHNCCD lung cancer dataset\Normal cases\Normal case (388).jpg,Normal case (388).jpg,normal,bd6a001e74863833ead83e3377984cf6,93,train
D:\skripsi\dataset_external\iqothnccd\The IQ-OTHNCCD lung cancer dataset\The IQ-OTHNCCD lung cancer dataset\Normal cases\Normal case (389).jpg,Normal case (389).jpg,normal,d6aae5bcca9ef921613961cc8e2ca43c,93,train
D:\skripsi\dataset_external\iqothnccd\The IQ-OTHNCCD lung cancer dataset\The IQ-OTHNCCD lung cancer dataset\Normal cases\Normal case (39).jpg,Normal case (39).jpg,normal,58587d2b888488db7df3de61bb38c7d5,94,train
D:\skripsi\dataset_external\iqothnccd\The IQ-OTHNCCD lung cancer dataset\The IQ-OTHNCCD lung cancer dataset\Normal cases\Normal case (390).jpg,Normal case (390).jpg,normal,b89e7d9300782cd2fb3b4a0b19243f31,93,train
D:\skripsi\dataset_external\iqothnccd\The IQ-OTHNCCD lung cancer dataset\The IQ-OTHNCCD lung cancer dataset\Normal cases\Normal case (391).jpg,Normal case (391).jpg,normal,3445c62dd3f64fcefe60bf89f4e6bb38,93,train
D:\skripsi\dataset_external\iqothnccd\The IQ-OTHNCCD lung cancer dataset\The IQ-OTHNCCD lung cancer dataset\Normal cases\Normal case (392).jpg,Normal case (392).jpg,normal,66aebfb29af9e68aa3220059ed4aa96f,93,train
D:\skripsi\dataset_external\iqothnccd\The IQ-OTHNCCD lung cancer dataset\The IQ-OTHNCCD lung cancer dataset\Normal cases\Normal case (393).jpg,Normal case (393).jpg,normal,9b7cec81f3759f4ccb46e60aae2f8958,93,train
D:\skripsi\dataset_external\iqothnccd\The IQ-OTHNCCD lung cancer dataset\The IQ-OTHNCCD lung cancer dataset\Normal cases\Normal case (394).jpg,Normal case (394).jpg,normal,d3897c11fb551a8506206dc0734f750b,93,train
D:\skripsi\dataset_external\iqothnccd\The IQ-OTHNCCD lung cancer dataset\The IQ-OTHNCCD lung cancer dataset\Normal cases\Normal case (395).jpg,Normal case (395).jpg,normal,be54226030f4298b0e44f2cbf3aed2ec,93,train
D:\skripsi\dataset_external\iqothnccd\The IQ-OTHNCCD lung cancer dataset\The IQ-OTHNCCD lung cancer dataset\Normal cases\Normal case (396).jpg,Normal case (396).jpg,normal,d742822a1c77e9313f79921cd6bccd99,93,train
D:\skripsi\dataset_external\iqothnccd\The IQ-OTHNCCD lung cancer dataset\The IQ-OTHNCCD lung cancer dataset\Normal cases\Normal case (397).jpg,Normal case (397).jpg,normal,e9cfaf706b3365a3f63bbd9c7c7c6dd9,93,train
D:\skripsi\dataset_external\iqothnccd\The IQ-OTHNCCD lung cancer dataset\The IQ-OTHNCCD lung cancer dataset\Normal cases\Normal case (398).jpg,Normal case (398).jpg,normal,af52cd2d6e02aea49010ef423f0f3d80,93,train
D:\skripsi\dataset_external\iqothnccd\The IQ-OTHNCCD lung cancer dataset\The IQ-OTHNCCD lung cancer dataset\Normal cases\Normal case (399).jpg,Normal case (399).jpg,normal,6abfc04c691fdd5be95289463905fae3,95,test
D:\skripsi\dataset_external\iqothnccd\The IQ-OTHNCCD lung cancer dataset\The IQ-OTHNCCD lung cancer dataset\Normal cases\Normal case (4).jpg,Normal case (4).jpg,normal,1643465cf69d5e0603d7dae5e31753c6,52,train
D:\skripsi\dataset_external\iqothnccd\The IQ-OTHNCCD lung cancer dataset\The IQ-OTHNCCD lung cancer dataset\Normal cases\Normal case (40).jpg,Normal case (40).jpg,normal,9ed949c4bffdcd16d61e4b8022030f26,94,train
D:\skripsi\dataset_external\iqothnccd\The IQ-OTHNCCD lung cancer dataset\The IQ-OTHNCCD lung cancer dataset\Normal cases\Normal case (400).jpg,Normal case (400).jpg,normal,2c9d099d1faf7a2ab74e0d27dd4431f0,96,train
D:\skripsi\dataset_external\iqothnccd\The IQ-OTHNCCD lung cancer dataset\The IQ-OTHNCCD lung cancer dataset\Normal cases\Normal case (401).jpg,Normal case (401).jpg,normal,9a4370f96c4619a337bee98a16d68f9c,96,train
D:\skripsi\dataset_external\iqothnccd\The IQ-OTHNCCD lung cancer dataset\The IQ-OTHNCCD lung cancer dataset\Normal cases\Normal case (402).jpg,Normal case (402).jpg,normal,bb7ff56f3609eca0e052c8d6a0ea360e,95,test
D:\skripsi\dataset_external\iqothnccd\The IQ-OTHNCCD lung cancer dataset\The IQ-OTHNCCD lung cancer dataset\Normal cases\Normal case (403).jpg,Normal case (403).jpg,normal,a0fe23062e1469fce0063b49c827bc5f,95,test
D:\skripsi\dataset_external\iqothnccd\The IQ-OTHNCCD lung cancer dataset\The IQ-OTHNCCD lung cancer dataset\Normal cases\Normal case (404).jpg,Normal case (404).jpg,normal,c916f5db2aee9cc85d7e5f4c7fc2c486,95,test
D:\skripsi\dataset_external\iqothnccd\The IQ-OTHNCCD lung cancer dataset\The IQ-OTHNCCD lung cancer dataset\Normal cases\Normal case (405).jpg,Normal case (405).jpg,normal,c489c953f2e891e3567aec69e6343623,95,test
D:\skripsi\dataset_external\iqothnccd\The IQ-OTHNCCD lung cancer dataset\The IQ-OTHNCCD lung cancer dataset\Normal cases\Normal case (41).jpg,Normal case (41).jpg,normal,ec13335f3729de77c972bec79aae417f,94,train
D:\skripsi\dataset_external\iqothnccd\The IQ-OTHNCCD lung cancer dataset\The IQ-OTHNCCD lung cancer dataset\Normal cases\Normal case (42).jpg,Normal case (42).jpg,normal,0b88d4e83bf61974aac8747f7ed52f4f,94,train
D:\skripsi\dataset_external\iqothnccd\The IQ-OTHNCCD lung cancer dataset\The IQ-OTHNCCD lung cancer dataset\Normal cases\Normal case (43).jpg,Normal case (43).jpg,normal,2926d23489f7f84e62e7ebd974180c34,94,train
D:\skripsi\dataset_external\iqothnccd\The IQ-OTHNCCD lung cancer dataset\The IQ-OTHNCCD lung cancer dataset\Normal cases\Normal case (44).jpg,Normal case (44).jpg,normal,9aba35ebd59f2e2721dddb4a0319c574,94,train
D:\skripsi\dataset_external\iqothnccd\The IQ-OTHNCCD lung cancer dataset\The IQ-OTHNCCD lung cancer dataset\Normal cases\Normal case (45).jpg,Normal case (45).jpg,normal,b5d146304453b548bcf9fa679cb4b85e,94,train
D:\skripsi\dataset_external\iqothnccd\The IQ-OTHNCCD lung cancer dataset\The IQ-OTHNCCD lung cancer dataset\Normal cases\Normal case (46).jpg,Normal case (46).jpg,normal,7a7d294ac2e48e7f2ef0307fbccb4704,94,train
D:\skripsi\dataset_external\iqothnccd\The IQ-OTHNCCD lung cancer dataset\The IQ-OTHNCCD lung cancer dataset\Normal cases\Normal case (47).jpg,Normal case (47).jpg,normal,17a3a1b89053d78528a8a16d98ffa7e1,94,train
D:\skripsi\dataset_external\iqothnccd\The IQ-OTHNCCD lung cancer dataset\The IQ-OTHNCCD lung cancer dataset\Normal cases\Normal case (48).jpg,Normal case (48).jpg,normal,8b0f8988f5298f3e947ff87e77f98436,97,train
D:\skripsi\dataset_external\iqothnccd\The IQ-OTHNCCD lung cancer dataset\The IQ-OTHNCCD lung cancer dataset\Normal cases\Normal case (49).jpg,Normal case (49).jpg,normal,b888aaaaa6b72d0178d141dbb527d824,97,train
D:\skripsi\dataset_external\iqothnccd\The IQ-OTHNCCD lung cancer dataset\The IQ-OTHNCCD lung cancer dataset\Normal cases\Normal case (5).jpg,Normal case (5).jpg,normal,057e96561c97aae03161b7d1572ee810,52,train
D:\skripsi\dataset_external\iqothnccd\The IQ-OTHNCCD lung cancer dataset\The IQ-OTHNCCD lung cancer dataset\Normal cases\Normal case (50).jpg,Normal case (50).jpg,normal,773d271cd3288b6aa735488964decd03,98,test
D:\skripsi\dataset_external\iqothnccd\The IQ-OTHNCCD lung cancer dataset\The IQ-OTHNCCD lung cancer dataset\Normal cases\Normal case (51).jpg,Normal case (51).jpg,normal,56195d9ec86ceab68eccf9e35b236f0f,98,test
D:\skripsi\dataset_external\iqothnccd\The IQ-OTHNCCD lung cancer dataset\The IQ-OTHNCCD lung cancer dataset\Normal cases\Normal case (52).jpg,Normal case (52).jpg,normal,ca3952af34ec3218107dfe9c5a6f701b,98,test
D:\skripsi\dataset_external\iqothnccd\The IQ-OTHNCCD lung cancer dataset\The IQ-OTHNCCD lung cancer dataset\Normal cases\Normal case (53).jpg,Normal case (53).jpg,normal,153cd763a289d0da6d96c6b1fbd41468,98,test
D:\skripsi\dataset_external\iqothnccd\The IQ-OTHNCCD lung cancer dataset\The IQ-OTHNCCD lung cancer dataset\Normal cases\Normal case (54).jpg,Normal case (54).jpg,normal,822f780951cf8ccc8a7a68ae95bf7210,98,test
D:\skripsi\dataset_external\iqothnccd\The IQ-OTHNCCD lung cancer dataset\The IQ-OTHNCCD lung cancer dataset\Normal cases\Normal case (55).jpg,Normal case (55).jpg,normal,dfc1e270f6491356fb148dee93134b5b,98,test
D:\skripsi\dataset_external\iqothnccd\The IQ-OTHNCCD lung cancer dataset\The IQ-OTHNCCD lung cancer dataset\Normal cases\Normal case (56).jpg,Normal case (56).jpg,normal,8c54d8c7aa263aa2afc5ca4be761d041,98,test
D:\skripsi\dataset_external\iqothnccd\The IQ-OTHNCCD lung cancer dataset\The IQ-OTHNCCD lung cancer dataset\Normal cases\Normal case (57).jpg,Normal case (57).jpg,normal,c016b326d8e5aa7631c7f54c5ae81cbb,98,test
D:\skripsi\dataset_external\iqothnccd\The IQ-OTHNCCD lung cancer dataset\The IQ-OTHNCCD lung cancer dataset\Normal cases\Normal case (58).jpg,Normal case (58).jpg,normal,62b9f3b0809c3d51e1c7bb22480e8b1b,98,test
D:\skripsi\dataset_external\iqothnccd\The IQ-OTHNCCD lung cancer dataset\The IQ-OTHNCCD lung cancer dataset\Normal cases\Normal case (59).jpg,Normal case (59).jpg,normal,f483d110a7147ff449ca1856f4fba556,99,train
D:\skripsi\dataset_external\iqothnccd\The IQ-OTHNCCD lung cancer dataset\The IQ-OTHNCCD lung cancer dataset\Normal cases\Normal case (6).jpg,Normal case (6).jpg,normal,6ee0039bb71037105afa7246a39f5e8e,52,train
D:\skripsi\dataset_external\iqothnccd\The IQ-OTHNCCD lung cancer dataset\The IQ-OTHNCCD lung cancer dataset\Normal cases\Normal case (60).jpg,Normal case (60).jpg,normal,cf2fd7012c4774920fa10844842b3db2,100,train
D:\skripsi\dataset_external\iqothnccd\The IQ-OTHNCCD lung cancer dataset\The IQ-OTHNCCD lung cancer dataset\Normal cases\Normal case (61).jpg,Normal case (61).jpg,normal,9f6d19268b99cd0ef1f6f65f04bd55aa,100,train
D:\skripsi\dataset_external\iqothnccd\The IQ-OTHNCCD lung cancer dataset\The IQ-OTHNCCD lung cancer dataset\Normal cases\Normal case (62).jpg,Normal case (62).jpg,normal,388e08fa57de468a316e1e2aa1e458db,99,train
D:\skripsi\dataset_external\iqothnccd\The IQ-OTHNCCD lung cancer dataset\The IQ-OTHNCCD lung cancer dataset\Normal cases\Normal case (63).jpg,Normal case (63).jpg,normal,39f153ac209be238cd77bbc6d42e0ea5,99,train
D:\skripsi\dataset_external\iqothnccd\The IQ-OTHNCCD lung cancer dataset\The IQ-OTHNCCD lung cancer dataset\Normal cases\Normal case (64).jpg,Normal case (64).jpg,normal,58452b9a816837af70327cc72d3be208,101,train
D:\skripsi\dataset_external\iqothnccd\The IQ-OTHNCCD lung cancer dataset\The IQ-OTHNCCD lung cancer dataset\Normal cases\Normal case (65).jpg,Normal case (65).jpg,normal,4990fa66d30ef64eb2692fd70c3a49a7,101,train
D:\skripsi\dataset_external\iqothnccd\The IQ-OTHNCCD lung cancer dataset\The IQ-OTHNCCD lung cancer dataset\Normal cases\Normal case (66).jpg,Normal case (66).jpg,normal,e23db6c8bd857b54352ab7e151b05443,101,train
D:\skripsi\dataset_external\iqothnccd\The IQ-OTHNCCD lung cancer dataset\The IQ-OTHNCCD lung cancer dataset\Normal cases\Normal case (67).jpg,Normal case (67).jpg,normal,9831512be19bb7d5d16460d0b8b02d15,101,train
D:\skripsi\dataset_external\iqothnccd\The IQ-OTHNCCD lung cancer dataset\The IQ-OTHNCCD lung cancer dataset\Normal cases\Normal case (68).jpg,Normal case (68).jpg,normal,780692ddbcc07397bde83b95705ccd34,101,train
D:\skripsi\dataset_external\iqothnccd\The IQ-OTHNCCD lung cancer dataset\The IQ-OTHNCCD lung cancer dataset\Normal cases\Normal case (69).jpg,Normal case (69).jpg,normal,19d1e8e8c77fac9d8076074d05dd150d,101,train
D:\skripsi\dataset_external\iqothnccd\The IQ-OTHNCCD lung cancer dataset\The IQ-OTHNCCD lung cancer dataset\Normal cases\Normal case (7).jpg,Normal case (7).jpg,normal,b1cb71025dcd65114a1dd12fee0485cb,52,train
D:\skripsi\dataset_external\iqothnccd\The IQ-OTHNCCD lung cancer dataset\The IQ-OTHNCCD lung cancer dataset\Normal cases\Normal case (70).jpg,Normal case (70).jpg,normal,5004d72b785bdf674ccbdb90acc6c789,101,train
D:\skripsi\dataset_external\iqothnccd\The IQ-OTHNCCD lung cancer dataset\The IQ-OTHNCCD lung cancer dataset\Normal cases\Normal case (71).jpg,Normal case (71).jpg,normal,a989257e701eb46bb6a8507e2e374c0e,101,train
D:\skripsi\dataset_external\iqothnccd\The IQ-OTHNCCD lung cancer dataset\The IQ-OTHNCCD lung cancer dataset\Normal cases\Normal case (72).jpg,Normal case (72).jpg,normal,68c867ab129d0891f58d392a3a092e8d,101,train
D:\skripsi\dataset_external\iqothnccd\The IQ-OTHNCCD lung cancer dataset\The IQ-OTHNCCD lung cancer dataset\Normal cases\Normal case (73).jpg,Normal case (73).jpg,normal,d1c5e3f9bcce4fd5eeec3193bef47807,99,train
D:\skripsi\dataset_external\iqothnccd\The IQ-OTHNCCD lung cancer dataset\The IQ-OTHNCCD lung cancer dataset\Normal cases\Normal case (74).jpg,Normal case (74).jpg,normal,f1ff9edfff699544dda255227169b280,99,train
D:\skripsi\dataset_external\iqothnccd\The IQ-OTHNCCD lung cancer dataset\The IQ-OTHNCCD lung cancer dataset\Normal cases\Normal case (75).jpg,Normal case (75).jpg,normal,ce47406c54018915a0ac0f171abc609b,99,train
D:\skripsi\dataset_external\iqothnccd\The IQ-OTHNCCD lung cancer dataset\The IQ-OTHNCCD lung cancer dataset\Normal cases\Normal case (76).jpg,Normal case (76).jpg,normal,f3f70fc4274df599eaf1016a3506ef48,99,train
D:\skripsi\dataset_external\iqothnccd\The IQ-OTHNCCD lung cancer dataset\The IQ-OTHNCCD lung cancer dataset\Normal cases\Normal case (77).jpg,Normal case (77).jpg,normal,492b583aefb9e299e84e0a5bc323de43,99,train
D:\skripsi\dataset_external\iqothnccd\The IQ-OTHNCCD lung cancer dataset\The IQ-OTHNCCD lung cancer dataset\Normal cases\Normal case (78).jpg,Normal case (78).jpg,normal,be3f25e9a05eb66be8029a85e8844cd4,99,train
D:\skripsi\dataset_external\iqothnccd\The IQ-OTHNCCD lung cancer dataset\The IQ-OTHNCCD lung cancer dataset\Normal cases\Normal case (79).jpg,Normal case (79).jpg,normal,e53197e6b5eda487fb48c972acadb878,99,train
D:\skripsi\dataset_external\iqothnccd\The IQ-OTHNCCD lung cancer dataset\The IQ-OTHNCCD lung cancer dataset\Normal cases\Normal case (8).jpg,Normal case (8).jpg,normal,fc020fdf0e8d6c1961393b947e620468,53,test
D:\skripsi\dataset_external\iqothnccd\The IQ-OTHNCCD lung cancer dataset\The IQ-OTHNCCD lung cancer dataset\Normal cases\Normal case (80).jpg,Normal case (80).jpg,normal,571a54c9fb90a7d49c757df29aa24e96,99,train
D:\skripsi\dataset_external\iqothnccd\The IQ-OTHNCCD lung cancer dataset\The IQ-OTHNCCD lung cancer dataset\Normal cases\Normal case (81).jpg,Normal case (81).jpg,normal,33a8f6cf03ff3d91826db2a4b1e7242f,99,train
D:\skripsi\dataset_external\iqothnccd\The IQ-OTHNCCD lung cancer dataset\The IQ-OTHNCCD lung cancer dataset\Normal cases\Normal case (82).jpg,Normal case (82).jpg,normal,3b44e94be03a1dc0a56816c8d35ed7f4,99,train
D:\skripsi\dataset_external\iqothnccd\The IQ-OTHNCCD lung cancer dataset\The IQ-OTHNCCD lung cancer dataset\Normal cases\Normal case (83).jpg,Normal case (83).jpg,normal,8c2cfc35b4ebcd29e4ea734d3b0eafde,99,train
D:\skripsi\dataset_external\iqothnccd\The IQ-OTHNCCD lung cancer dataset\The IQ-OTHNCCD lung cancer dataset\Normal cases\Normal case (84).jpg,Normal case (84).jpg,normal,740aed7682785e614114520fe92a6c11,99,train
D:\skripsi\dataset_external\iqothnccd\The IQ-OTHNCCD lung cancer dataset\The IQ-OTHNCCD lung cancer dataset\Normal cases\Normal case (85).jpg,Normal case (85).jpg,normal,675f76045d43645e0174f2e0a5a5f693,99,train
D:\skripsi\dataset_external\iqothnccd\The IQ-OTHNCCD lung cancer dataset\The IQ-OTHNCCD lung cancer dataset\Normal cases\Normal case (86).jpg,Normal case (86).jpg,normal,57f42298b2758e9057eba6b330b03dd2,99,train
D:\skripsi\dataset_external\iqothnccd\The IQ-OTHNCCD lung cancer dataset\The IQ-OTHNCCD lung cancer dataset\Normal cases\Normal case (87).jpg,Normal case (87).jpg,normal,57e72f2c573cdc3f8bfa0a9a8c351403,99,train
D:\skripsi\dataset_external\iqothnccd\The IQ-OTHNCCD lung cancer dataset\The IQ-OTHNCCD lung cancer dataset\Normal cases\Normal case (88).jpg,Normal case (88).jpg,normal,0c50aeed6ad3f98d6038e8253334e997,102,test
D:\skripsi\dataset_external\iqothnccd\The IQ-OTHNCCD lung cancer dataset\The IQ-OTHNCCD lung cancer dataset\Normal cases\Normal case (89).jpg,Normal case (89).jpg,normal,cccdd09273005c06ab4843aa4dc14622,102,test
D:\skripsi\dataset_external\iqothnccd\The IQ-OTHNCCD lung cancer dataset\The IQ-OTHNCCD lung cancer dataset\Normal cases\Normal case (9).jpg,Normal case (9).jpg,normal,c69d774dc5f78918078151b98583f5a7,53,test
D:\skripsi\dataset_external\iqothnccd\The IQ-OTHNCCD lung cancer dataset\The IQ-OTHNCCD lung cancer dataset\Normal cases\Normal case (90).jpg,Normal case (90).jpg,normal,af00791da35366026f251051b37f59dc,102,test
D:\skripsi\dataset_external\iqothnccd\The IQ-OTHNCCD lung cancer dataset\The IQ-OTHNCCD lung cancer dataset\Normal cases\Normal case (91).jpg,Normal case (91).jpg,normal,48c28a59c51704ad14f89968fed444f1,102,test
D:\skripsi\dataset_external\iqothnccd\The IQ-OTHNCCD lung cancer dataset\The IQ-OTHNCCD lung cancer dataset\Normal cases\Normal case (92).jpg,Normal case (92).jpg,normal,a4321732b738305ff53b3102dd9ae5cc,102,test
D:\skripsi\dataset_external\iqothnccd\The IQ-OTHNCCD lung cancer dataset\The IQ-OTHNCCD lung cancer dataset\Normal cases\Normal case (93).jpg,Normal case (93).jpg,normal,099f3dfcd6d99066f4a82e4758f04e99,102,test
D:\skripsi\dataset_external\iqothnccd\The IQ-OTHNCCD lung cancer dataset\The IQ-OTHNCCD lung cancer dataset\Normal cases\Normal case (94).jpg,Normal case (94).jpg,normal,5b2b2dc0ccde6e6e5228e72122c7b7f2,102,test
D:\skripsi\dataset_external\iqothnccd\The IQ-OTHNCCD lung cancer dataset\The IQ-OTHNCCD lung cancer dataset\Normal cases\Normal case (95).jpg,Normal case (95).jpg,normal,1d3ef9d5e1fd8a68f879a85906a38197,102,test
D:\skripsi\dataset_external\iqothnccd\The IQ-OTHNCCD lung cancer dataset\The IQ-OTHNCCD lung cancer dataset\Normal cases\Normal case (96).jpg,Normal case (96).jpg,normal,102ca8f516930c150147012c658869bd,102,test
D:\skripsi\dataset_external\iqothnccd\The IQ-OTHNCCD lung cancer dataset\The IQ-OTHNCCD lung cancer dataset\Normal cases\Normal case (97).jpg,Normal case (97).jpg,normal,b5bfa010b6d9c4adfc3728a8f08700a4,102,test
D:\skripsi\dataset_external\iqothnccd\The IQ-OTHNCCD lung cancer dataset\The IQ-OTHNCCD lung cancer dataset\Normal cases\Normal case (98).jpg,Normal case (98).jpg,normal,5e00a23f22f3f85ad2e6cce78cb5bc79,56,train
D:\skripsi\dataset_external\iqothnccd\The IQ-OTHNCCD lung cancer dataset\The IQ-OTHNCCD lung cancer dataset\Normal cases\Normal case (99).jpg,Normal case (99).jpg,normal,951a1e66548a21a2d2fa4c329ac4c66a,54,train
